ISO-10303-21;
HEADER;
/* Generated by software containing ST-Developer
 * from STEP Tools, Inc. (www.steptools.com) 
 */
/* OPTION: using custom renumber hook */

FILE_DESCRIPTION(
/* description */ ('STEP AP242 Edition 2',
'CAx-IF Rec.Pracs.---Representation and Presentation of Product Manufa
cturing Information (PMI)---4.0---2014-10-13',
'CAx-IF Rec.Pracs.---3D Tessellated Geometry---0.4---2014-09-14','2;1',
'CAx-IF Rec.Pracs.---User Defined Attributes---1.5---2016-08-15'),
/* implementation_level */ '2;1');

FILE_NAME(
/* name */ 'bed pt 2',
/* time_stamp */ '2026-09-07T01:31:35Z',
/* author */ (''),
/* organization */ (''),
/* preprocessor_version */ 'ST-DEVELOPER v20',
/* originating_system */ 'ONSHAPE BY PTC INC, 1.220',
/* authorisation */ '  ');

FILE_SCHEMA (('AP242_MANAGED_MODEL_BASED_3D_ENGINEERING_MIM_LF { 1 0 10303 442 3 1 4 }'));
ENDSEC;

DATA;
#10=(
BOUNDED_SURFACE()
B_SPLINE_SURFACE(3,2,((#4932,#4933,#4934),(#4935,#4936,#4937),(#4938,#4939,
#4940),(#4941,#4942,#4943),(#4944,#4945,#4946),(#4947,#4948,#4949),(#4950,
#4951,#4952),(#4953,#4954,#4955),(#4956,#4957,#4958),(#4959,#4960,#4961),
(#4962,#4963,#4964),(#4965,#4966,#4967),(#4968,#4969,#4970),(#4971,#4972,
#4973),(#4974,#4975,#4976),(#4977,#4978,#4979),(#4980,#4981,#4982),(#4983,
#4984,#4985),(#4986,#4987,#4988),(#4989,#4990,#4991),(#4992,#4993,#4994),
(#4995,#4996,#4997),(#4998,#4999,#5000),(#5001,#5002,#5003),(#5004,#5005,
#5006),(#5007,#5008,#5009),(#5010,#5011,#5012),(#5013,#5014,#5015),(#5016,
#5017,#5018),(#5019,#5020,#5021),(#5022,#5023,#5024),(#5025,#5026,#5027),
(#5028,#5029,#5030),(#5031,#5032,#5033),(#5034,#5035,#5036),(#5037,#5038,
#5039),(#5040,#5041,#5042),(#5043,#5044,#5045),(#5046,#5047,#5048),(#5049,
#5050,#5051),(#5052,#5053,#5054),(#5055,#5056,#5057),(#5058,#5059,#5060),
(#5061,#5062,#5063)),.UNSPECIFIED.,.F.,.F.,.F.)
B_SPLINE_SURFACE_WITH_KNOTS((4,1,1,1,1,1,1,1,1,1,1,1,1,1,1,1,1,1,1,1,1,
1,1,1,1,1,1,1,1,1,1,1,1,1,1,1,1,1,1,1,1,4),(3,3),(0.00963470764835139,0.00992166571872831,
0.0102086237891052,0.0103521028242937,0.0104955818594821,0.0106390608946706,
0.0107825399298591,0.0109260189650475,0.011069498000236,0.0113564560706129,
0.0116434141409898,0.0119303722113667,0.0125042883521205,0.0130782044928744,
0.0136521206336282,0.014226036774382,0.0153738690558897,0.0165217013373973,
0.017669533618905,0.0188173659004127,0.0199651981819203,0.021113030463428,
0.0222608627449356,0.0228347788856895,0.0234086950264433,0.0239826111671971,
0.024269569237574,0.024556527307951,0.0248434853783279,0.0251304434487048,
0.0252739224838932,0.0254174015190817,0.0255608805542702,0.0257043595894586,
0.0258478386246471,0.0259913176598355,0.026134796695024,0.0262782757302125,
0.0265652338005894,0.0268521918709663,0.0274261080117201,0.0280000241524739),
(0.,1.),.UNSPECIFIED.)
GEOMETRIC_REPRESENTATION_ITEM()
RATIONAL_B_SPLINE_SURFACE(((1.,0.707106781186548,1.),(1.,0.707106781186548,
1.),(1.,0.707106781186547,1.),(1.,0.707106781186547,1.),(1.,0.707106781186548,
1.),(1.,0.707106781186548,1.),(1.,0.707106781186548,1.),(1.,0.707106781186547,
1.),(1.,0.707106781186548,1.),(1.,0.707106781186547,1.),(1.,0.707106781186549,
1.),(1.,0.707106781186546,1.),(1.,0.70710678118655,1.),(1.,0.707106781186547,
1.),(1.,0.707106781186548,1.),(1.,0.707106781186546,1.),(1.,0.707106781186548,
1.),(1.,0.707106781186547,1.),(1.,0.707106781186548,1.),(1.,0.707106781186548,
1.),(1.,0.707106781186547,1.),(1.,0.707106781186547,1.),(1.,0.707106781186547,
1.),(1.,0.707106781186548,1.),(1.,0.707106781186548,1.),(1.,0.707106781186548,
1.),(1.,0.707106781186548,1.),(1.,0.707106781186548,1.),(1.,0.707106781186547,
1.),(1.,0.707106781186549,1.),(1.,0.707106781186549,1.),(1.,0.707106781186547,
1.),(1.,0.707106781186548,1.),(1.,0.707106781186547,1.),(1.,0.70710678118655,
1.),(1.,0.707106781186547,1.),(1.,0.707106781186548,1.),(1.,0.707106781186548,
1.),(1.,0.707106781186547,1.),(1.,0.707106781186548,1.),(1.,0.707106781186547,
1.),(1.,0.707106781186548,1.),(1.,0.707106781186548,1.),(1.,0.707106781186548,
1.)))
REPRESENTATION_ITEM('')
SURFACE()
);
#11=ELLIPSE('',#2332,6.46206657339576,0.00243835569799682);
#12=ELLIPSE('',#2335,6.46206657339576,0.00243835569799682);
#13=ELLIPSE('',#2368,0.00268184723467356,0.00193137);
#14=ELLIPSE('',#2371,0.00276650223646715,0.00193137);
#15=ELLIPSE('',#2408,0.00136568542494924,0.000965685424949238);
#16=ELLIPSE('',#2409,0.00136568542494924,0.000965685424949238);
#17=ELLIPSE('',#2411,0.00136568542494924,0.000965685424949238);
#18=ELLIPSE('',#2413,0.00136568542494924,0.000965685424949238);
#19=ELLIPSE('',#2416,0.00136568542494924,0.000965685424949238);
#20=ELLIPSE('',#2417,0.00136568542494924,0.000965685424949238);
#21=ELLIPSE('',#2419,0.00136568542494924,0.000965685424949238);
#22=ELLIPSE('',#2421,0.00136568542494924,0.000965685424949238);
#23=ELLIPSE('',#2430,0.00865945702679062,0.00460542269045511);
#24=TOROIDAL_SURFACE('',#2254,0.0130207216333946,0.00243836);
#25=TOROIDAL_SURFACE('',#2256,0.0130207216333946,0.00243836);
#26=TOROIDAL_SURFACE('',#2274,0.00310294372515228,0.00289705627484772);
#27=TOROIDAL_SURFACE('',#2275,0.00310294372515228,0.00289705627484772);
#28=TOROIDAL_SURFACE('',#2290,0.00310294372515228,0.00289705627484772);
#29=TOROIDAL_SURFACE('',#2291,0.00310294372515228,0.00289705627484772);
#30=TOROIDAL_SURFACE('',#2300,0.00310294,0.00289706);
#31=TOROIDAL_SURFACE('',#2305,0.00310294,0.00289706);
#32=TOROIDAL_SURFACE('',#2324,0.00310294,0.00289706);
#33=TOROIDAL_SURFACE('',#2325,0.00310294,0.00289706);
#34=TOROIDAL_SURFACE('',#2369,0.00949759120615306,0.00193137);
#35=TOROIDAL_SURFACE('',#2374,0.00736815067160692,0.00193137);
#36=TOROIDAL_SURFACE('',#2434,0.00670056622474437,0.00193137084989848);
#37=CIRCLE('',#2229,0.00605246722420791);
#38=CIRCLE('',#2230,0.00605246722420791);
#39=CIRCLE('',#2233,0.00556991085362306);
#40=CIRCLE('',#2234,0.00556991085362306);
#41=CIRCLE('',#2237,0.00587063743241293);
#42=CIRCLE('',#2238,0.00587063743241293);
#43=CIRCLE('',#2241,0.00546133732233256);
#44=CIRCLE('',#2242,0.00546133732233256);
#45=CIRCLE('',#2248,0.0177373364770205);
#46=CIRCLE('',#2249,0.0177373364770205);
#47=CIRCLE('',#2251,0.0130207216333946);
#48=CIRCLE('',#2253,0.0130207216333946);
#49=CIRCLE('',#2255,0.0154193545773858);
#50=CIRCLE('',#2268,0.006);
#51=CIRCLE('',#2269,0.006);
#52=CIRCLE('',#2271,0.00310294372515228);
#53=CIRCLE('',#2273,0.00310294372515228);
#54=CIRCLE('',#2284,0.006);
#55=CIRCLE('',#2285,0.006);
#56=CIRCLE('',#2287,0.00310294372515228);
#57=CIRCLE('',#2289,0.00310294372515228);
#58=CIRCLE('',#2297,0.006);
#59=CIRCLE('',#2298,0.006);
#60=CIRCLE('',#2299,0.006);
#61=CIRCLE('',#2301,0.00310294);
#62=CIRCLE('',#2303,0.00310294);
#63=CIRCLE('',#2307,0.00605246722420791);
#64=CIRCLE('',#2312,0.00190929336507714);
#65=CIRCLE('',#2313,0.00190929336507714);
#66=CIRCLE('',#2318,0.006);
#67=CIRCLE('',#2319,0.006);
#68=CIRCLE('',#2321,0.00310294);
#69=CIRCLE('',#2323,0.00310294);
#70=CIRCLE('',#2340,0.00774111058991709);
#71=CIRCLE('',#2341,0.00774111058991709);
#72=CIRCLE('',#2344,0.0139711037196744);
#73=CIRCLE('',#2345,0.0139711037196744);
#74=CIRCLE('',#2357,0.00543678067160692);
#75=CIRCLE('',#2358,0.00543678067160692);
#76=CIRCLE('',#2361,0.00756622120615307);
#77=CIRCLE('',#2362,0.00756622120615307);
#78=CIRCLE('',#2364,0.00736815067160692);
#79=CIRCLE('',#2365,0.00949759120615306);
#80=CIRCLE('',#2380,0.00568252316182345);
#81=CIRCLE('',#2381,0.00568252316182345);
#82=CIRCLE('',#2383,0.00543678067160692);
#83=CIRCLE('',#2384,0.00543678067160692);
#84=CIRCLE('',#2387,0.00756622120615307);
#85=CIRCLE('',#2388,0.00756622120615307);
#86=CIRCLE('',#2390,0.00515576660958654);
#87=CIRCLE('',#2391,0.00515576660958654);
#88=CIRCLE('',#2428,0.00863193707464284);
#89=CIRCLE('',#2429,0.00863193707464284);
#90=CIRCLE('',#2432,0.00670056622474437);
#91=CYLINDRICAL_SURFACE('',#2228,0.00605246722420791);
#92=CYLINDRICAL_SURFACE('',#2232,0.00556991085362306);
#93=CYLINDRICAL_SURFACE('',#2236,0.00587063743241293);
#94=CYLINDRICAL_SURFACE('',#2240,0.00546133732233256);
#95=CYLINDRICAL_SURFACE('',#2247,0.0177373364770205);
#96=CYLINDRICAL_SURFACE('',#2267,0.006);
#97=CYLINDRICAL_SURFACE('',#2283,0.006);
#98=CYLINDRICAL_SURFACE('',#2296,0.006);
#99=CYLINDRICAL_SURFACE('',#2306,0.00605246722420791);
#100=CYLINDRICAL_SURFACE('',#2311,0.00190953872429692);
#101=CYLINDRICAL_SURFACE('',#2317,0.006);
#102=CYLINDRICAL_SURFACE('',#2327,0.00971394179531049);
#103=CYLINDRICAL_SURFACE('',#2329,0.00527765847946539);
#104=CYLINDRICAL_SURFACE('',#2331,0.00243835569799682);
#105=CYLINDRICAL_SURFACE('',#2333,0.00243835569799682);
#106=CYLINDRICAL_SURFACE('',#2334,0.00243835569799682);
#107=CYLINDRICAL_SURFACE('',#2336,0.00243835569799682);
#108=CYLINDRICAL_SURFACE('',#2339,0.00774111058991709);
#109=CYLINDRICAL_SURFACE('',#2343,0.0139711037196744);
#110=CYLINDRICAL_SURFACE('',#2348,0.000965685424949238);
#111=CYLINDRICAL_SURFACE('',#2349,0.000965685424949238);
#112=CYLINDRICAL_SURFACE('',#2350,0.000965685424949238);
#113=CYLINDRICAL_SURFACE('',#2351,0.000965685424949238);
#114=CYLINDRICAL_SURFACE('',#2356,0.00543678067160692);
#115=CYLINDRICAL_SURFACE('',#2360,0.00756622120615307);
#116=CYLINDRICAL_SURFACE('',#2367,0.00193137);
#117=CYLINDRICAL_SURFACE('',#2370,0.00193137);
#118=CYLINDRICAL_SURFACE('',#2372,0.00193137);
#119=CYLINDRICAL_SURFACE('',#2373,0.00193137);
#120=CYLINDRICAL_SURFACE('',#2379,0.00568252316182345);
#121=CYLINDRICAL_SURFACE('',#2382,0.00543678067160692);
#122=CYLINDRICAL_SURFACE('',#2386,0.00756622120615307);
#123=CYLINDRICAL_SURFACE('',#2389,0.00515576660958654);
#124=CYLINDRICAL_SURFACE('',#2395,0.00386274169979696);
#125=CYLINDRICAL_SURFACE('',#2396,0.00386274169979696);
#126=CYLINDRICAL_SURFACE('',#2407,0.000965685424949238);
#127=CYLINDRICAL_SURFACE('',#2410,0.000965685424949238);
#128=CYLINDRICAL_SURFACE('',#2412,0.000965685424949238);
#129=CYLINDRICAL_SURFACE('',#2414,0.000965685424949238);
#130=CYLINDRICAL_SURFACE('',#2415,0.000965685424949238);
#131=CYLINDRICAL_SURFACE('',#2418,0.000965685424949238);
#132=CYLINDRICAL_SURFACE('',#2420,0.000965685424949238);
#133=CYLINDRICAL_SURFACE('',#2422,0.000965685424949238);
#134=CYLINDRICAL_SURFACE('',#2427,0.00863193707464284);
#135=SHAPE_REPRESENTATION_RELATIONSHIP('','',#2203,#156);
#136=SHAPE_REPRESENTATION_RELATIONSHIP('','',#2204,#157);
#137=SHAPE_REPRESENTATION_RELATIONSHIP('','',#2205,#158);
#138=SHAPE_REPRESENTATION_RELATIONSHIP('','',#2206,#159);
#139=SHAPE_REPRESENTATION_RELATIONSHIP('','',#2207,#160);
#140=SHAPE_REPRESENTATION_RELATIONSHIP('','',#2208,#161);
#141=SHAPE_REPRESENTATION_RELATIONSHIP('','',#2209,#162);
#142=SHAPE_REPRESENTATION_RELATIONSHIP('','',#2210,#163);
#143=SHAPE_REPRESENTATION_RELATIONSHIP('','',#2211,#164);
#144=SHAPE_REPRESENTATION_RELATIONSHIP('','',#2212,#165);
#145=SHAPE_REPRESENTATION_RELATIONSHIP('','',#2213,#166);
#146=SHAPE_REPRESENTATION_RELATIONSHIP('','',#2214,#167);
#147=SHAPE_REPRESENTATION_RELATIONSHIP('','',#2215,#168);
#148=SHAPE_REPRESENTATION_RELATIONSHIP('','',#2216,#169);
#149=SHAPE_REPRESENTATION_RELATIONSHIP('','',#2217,#170);
#150=SHAPE_REPRESENTATION_RELATIONSHIP('','',#2218,#171);
#151=SHAPE_REPRESENTATION_RELATIONSHIP('','',#2219,#172);
#152=SHAPE_REPRESENTATION_RELATIONSHIP('','',#2220,#173);
#153=SHAPE_REPRESENTATION_RELATIONSHIP('','',#2221,#174);
#154=SHAPE_REPRESENTATION_RELATIONSHIP('','',#2222,#175);
#155=SHAPE_REPRESENTATION_RELATIONSHIP('','',#2223,#176);
#156=ADVANCED_BREP_SHAPE_REPRESENTATION('',(#2161),#5096);
#157=ADVANCED_BREP_SHAPE_REPRESENTATION('',(#2162),#5097);
#158=ADVANCED_BREP_SHAPE_REPRESENTATION('',(#2163),#5098);
#159=ADVANCED_BREP_SHAPE_REPRESENTATION('',(#2164),#5099);
#160=ADVANCED_BREP_SHAPE_REPRESENTATION('',(#2165),#5100);
#161=ADVANCED_BREP_SHAPE_REPRESENTATION('',(#2166),#5101);
#162=ADVANCED_BREP_SHAPE_REPRESENTATION('',(#2167),#5102);
#163=ADVANCED_BREP_SHAPE_REPRESENTATION('',(#2168),#5103);
#164=ADVANCED_BREP_SHAPE_REPRESENTATION('',(#2169),#5104);
#165=ADVANCED_BREP_SHAPE_REPRESENTATION('',(#2170),#5105);
#166=ADVANCED_BREP_SHAPE_REPRESENTATION('',(#2171),#5106);
#167=ADVANCED_BREP_SHAPE_REPRESENTATION('',(#2172),#5107);
#168=ADVANCED_BREP_SHAPE_REPRESENTATION('',(#2173),#5108);
#169=ADVANCED_BREP_SHAPE_REPRESENTATION('',(#2174),#5109);
#170=ADVANCED_BREP_SHAPE_REPRESENTATION('',(#2175),#5110);
#171=ADVANCED_BREP_SHAPE_REPRESENTATION('',(#2176),#5111);
#172=ADVANCED_BREP_SHAPE_REPRESENTATION('',(#2177),#5112);
#173=ADVANCED_BREP_SHAPE_REPRESENTATION('',(#2178),#5113);
#174=ADVANCED_BREP_SHAPE_REPRESENTATION('',(#2179),#5114);
#175=ADVANCED_BREP_SHAPE_REPRESENTATION('',(#2180),#5115);
#176=ADVANCED_BREP_SHAPE_REPRESENTATION('',(#2181),#5116);
#177=PLANE('',#2225);
#178=PLANE('',#2226);
#179=PLANE('',#2231);
#180=PLANE('',#2235);
#181=PLANE('',#2239);
#182=PLANE('',#2243);
#183=PLANE('',#2244);
#184=PLANE('',#2245);
#185=PLANE('',#2250);
#186=PLANE('',#2252);
#187=PLANE('',#2258);
#188=PLANE('',#2259);
#189=PLANE('',#2261);
#190=PLANE('',#2262);
#191=PLANE('',#2264);
#192=PLANE('',#2265);
#193=PLANE('',#2270);
#194=PLANE('',#2272);
#195=PLANE('',#2277);
#196=PLANE('',#2278);
#197=PLANE('',#2280);
#198=PLANE('',#2281);
#199=PLANE('',#2286);
#200=PLANE('',#2288);
#201=PLANE('',#2293);
#202=PLANE('',#2294);
#203=PLANE('',#2302);
#204=PLANE('',#2304);
#205=PLANE('',#2308);
#206=PLANE('',#2309);
#207=PLANE('',#2314);
#208=PLANE('',#2315);
#209=PLANE('',#2320);
#210=PLANE('',#2322);
#211=PLANE('',#2328);
#212=PLANE('',#2330);
#213=PLANE('',#2338);
#214=PLANE('',#2342);
#215=PLANE('',#2346);
#216=PLANE('',#2347);
#217=PLANE('',#2353);
#218=PLANE('',#2354);
#219=PLANE('',#2355);
#220=PLANE('',#2359);
#221=PLANE('',#2363);
#222=PLANE('',#2366);
#223=PLANE('',#2376);
#224=PLANE('',#2377);
#225=PLANE('',#2385);
#226=PLANE('',#2392);
#227=PLANE('',#2393);
#228=PLANE('',#2394);
#229=PLANE('',#2397);
#230=PLANE('',#2398);
#231=PLANE('',#2399);
#232=PLANE('',#2400);
#233=PLANE('',#2401);
#234=PLANE('',#2402);
#235=PLANE('',#2403);
#236=PLANE('',#2404);
#237=PLANE('',#2405);
#238=PLANE('',#2406);
#239=PLANE('',#2424);
#240=PLANE('',#2425);
#241=PLANE('',#2431);
#242=PLANE('',#2433);
#243=LINE('',#3060,#365);
#244=LINE('',#3077,#366);
#245=LINE('',#3112,#367);
#246=LINE('',#3117,#368);
#247=LINE('',#3121,#369);
#248=LINE('',#3123,#370);
#249=LINE('',#3125,#371);
#250=LINE('',#3129,#372);
#251=LINE('',#3133,#373);
#252=LINE('',#3135,#374);
#253=LINE('',#3137,#375);
#254=LINE('',#3141,#376);
#255=LINE('',#3145,#377);
#256=LINE('',#3147,#378);
#257=LINE('',#3149,#379);
#258=LINE('',#3153,#380);
#259=LINE('',#3157,#381);
#260=LINE('',#3159,#382);
#261=LINE('',#3354,#383);
#262=LINE('',#3376,#384);
#263=LINE('',#3493,#385);
#264=LINE('',#3509,#386);
#265=LINE('',#3561,#387);
#266=LINE('',#3572,#388);
#267=LINE('',#3865,#389);
#268=LINE('',#3882,#390);
#269=LINE('',#4008,#391);
#270=LINE('',#4025,#392);
#271=LINE('',#4063,#393);
#272=LINE('',#4067,#394);
#273=LINE('',#4088,#395);
#274=LINE('',#4090,#396);
#275=LINE('',#4097,#397);
#276=LINE('',#4101,#398);
#277=LINE('',#4199,#399);
#278=LINE('',#4213,#400);
#279=LINE('',#4215,#401);
#280=LINE('',#4217,#402);
#281=LINE('',#4219,#403);
#282=LINE('',#4234,#404);
#283=LINE('',#4249,#405);
#284=LINE('',#4250,#406);
#285=LINE('',#4259,#407);
#286=LINE('',#4262,#408);
#287=LINE('',#4264,#409);
#288=LINE('',#4266,#410);
#289=LINE('',#4268,#411);
#290=LINE('',#4298,#412);
#291=LINE('',#4301,#413);
#292=LINE('',#4302,#414);
#293=LINE('',#4331,#415);
#294=LINE('',#4332,#416);
#295=LINE('',#4334,#417);
#296=LINE('',#4335,#418);
#297=LINE('',#4342,#419);
#298=LINE('',#4345,#420);
#299=LINE('',#4347,#421);
#300=LINE('',#4349,#422);
#301=LINE('',#4351,#423);
#302=LINE('',#4354,#424);
#303=LINE('',#4355,#425);
#304=LINE('',#4357,#426);
#305=LINE('',#4360,#427);
#306=LINE('',#4361,#428);
#307=LINE('',#4363,#429);
#308=LINE('',#4369,#430);
#309=LINE('',#4372,#431);
#310=LINE('',#4373,#432);
#311=LINE('',#4381,#433);
#312=LINE('',#4385,#434);
#313=LINE('',#4387,#435);
#314=LINE('',#4389,#436);
#315=LINE('',#4446,#437);
#316=LINE('',#4457,#438);
#317=LINE('',#4577,#439);
#318=LINE('',#4590,#440);
#319=LINE('',#4592,#441);
#320=LINE('',#4594,#442);
#321=LINE('',#4596,#443);
#322=LINE('',#4619,#444);
#323=LINE('',#4621,#445);
#324=LINE('',#4622,#446);
#325=LINE('',#4624,#447);
#326=LINE('',#4627,#448);
#327=LINE('',#4629,#449);
#328=LINE('',#4631,#450);
#329=LINE('',#4632,#451);
#330=LINE('',#4635,#452);
#331=LINE('',#4637,#453);
#332=LINE('',#4639,#454);
#333=LINE('',#4640,#455);
#334=LINE('',#4641,#456);
#335=LINE('',#4643,#457);
#336=LINE('',#4644,#458);
#337=LINE('',#4648,#459);
#338=LINE('',#4650,#460);
#339=LINE('',#4652,#461);
#340=LINE('',#4654,#462);
#341=LINE('',#4656,#463);
#342=LINE('',#4658,#464);
#343=LINE('',#4660,#465);
#344=LINE('',#4662,#466);
#345=LINE('',#4664,#467);
#346=LINE('',#4667,#468);
#347=LINE('',#4669,#469);
#348=LINE('',#4671,#470);
#349=LINE('',#4673,#471);
#350=LINE('',#4675,#472);
#351=LINE('',#4677,#473);
#352=LINE('',#4679,#474);
#353=LINE('',#4681,#475);
#354=LINE('',#4683,#476);
#355=LINE('',#4685,#477);
#356=LINE('',#4687,#478);
#357=LINE('',#4689,#479);
#358=LINE('',#4692,#480);
#359=LINE('',#4694,#481);
#360=LINE('',#4696,#482);
#361=LINE('',#4803,#483);
#362=LINE('',#4819,#484);
#363=LINE('',#4854,#485);
#364=LINE('',#4859,#486);
#365=VECTOR('',#2437,1.);
#366=VECTOR('',#2438,1.);
#367=VECTOR('',#2447,1.);
#368=VECTOR('',#2450,1.);
#369=VECTOR('',#2455,1.);
#370=VECTOR('',#2456,1.);
#371=VECTOR('',#2457,1.);
#372=VECTOR('',#2462,1.);
#373=VECTOR('',#2467,1.);
#374=VECTOR('',#2468,1.);
#375=VECTOR('',#2469,1.);
#376=VECTOR('',#2474,1.);
#377=VECTOR('',#2479,1.);
#378=VECTOR('',#2480,1.);
#379=VECTOR('',#2481,1.);
#380=VECTOR('',#2486,1.);
#381=VECTOR('',#2491,1.);
#382=VECTOR('',#2494,1.);
#383=VECTOR('',#2521,1.);
#384=VECTOR('',#2522,1.);
#385=VECTOR('',#2529,1.);
#386=VECTOR('',#2530,1.);
#387=VECTOR('',#2537,1.);
#388=VECTOR('',#2538,1.);
#389=VECTOR('',#2571,1.);
#390=VECTOR('',#2572,1.);
#391=VECTOR('',#2599,1.);
#392=VECTOR('',#2600,1.);
#393=VECTOR('',#2613,1.);
#394=VECTOR('',#2616,1.);
#395=VECTOR('',#2633,1.);
#396=VECTOR('',#2636,1.);
#397=VECTOR('',#2645,1.);
#398=VECTOR('',#2648,1.);
#399=VECTOR('',#2677,1.);
#400=VECTOR('',#2678,1.);
#401=VECTOR('',#2681,1.);
#402=VECTOR('',#2682,1.);
#403=VECTOR('',#2683,1.);
#404=VECTOR('',#2686,1.);
#405=VECTOR('',#2689,1.);
#406=VECTOR('',#2690,1.);
#407=VECTOR('',#2707,1.);
#408=VECTOR('',#2708,1.);
#409=VECTOR('',#2709,1.);
#410=VECTOR('',#2710,1.);
#411=VECTOR('',#2713,1.);
#412=VECTOR('',#2720,1.);
#413=VECTOR('',#2721,1.);
#414=VECTOR('',#2722,1.);
#415=VECTOR('',#2731,1.);
#416=VECTOR('',#2732,1.);
#417=VECTOR('',#2735,1.);
#418=VECTOR('',#2736,1.);
#419=VECTOR('',#2749,1.);
#420=VECTOR('',#2750,1.);
#421=VECTOR('',#2751,1.);
#422=VECTOR('',#2752,1.);
#423=VECTOR('',#2755,1.);
#424=VECTOR('',#2756,1.);
#425=VECTOR('',#2757,1.);
#426=VECTOR('',#2760,1.);
#427=VECTOR('',#2761,1.);
#428=VECTOR('',#2762,1.);
#429=VECTOR('',#2765,1.);
#430=VECTOR('',#2772,1.);
#431=VECTOR('',#2773,1.);
#432=VECTOR('',#2774,1.);
#433=VECTOR('',#2785,1.);
#434=VECTOR('',#2788,1.);
#435=VECTOR('',#2789,1.);
#436=VECTOR('',#2790,1.);
#437=VECTOR('',#2811,1.);
#438=VECTOR('',#2812,1.);
#439=VECTOR('',#2825,1.);
#440=VECTOR('',#2832,1.);
#441=VECTOR('',#2835,1.);
#442=VECTOR('',#2836,1.);
#443=VECTOR('',#2837,1.);
#444=VECTOR('',#2850,1.);
#445=VECTOR('',#2853,1.);
#446=VECTOR('',#2854,1.);
#447=VECTOR('',#2857,1.);
#448=VECTOR('',#2858,1.);
#449=VECTOR('',#2859,1.);
#450=VECTOR('',#2860,1.);
#451=VECTOR('',#2861,1.);
#452=VECTOR('',#2862,1.);
#453=VECTOR('',#2863,1.);
#454=VECTOR('',#2864,1.);
#455=VECTOR('',#2865,1.);
#456=VECTOR('',#2866,1.);
#457=VECTOR('',#2869,1.);
#458=VECTOR('',#2870,1.);
#459=VECTOR('',#2877,1.);
#460=VECTOR('',#2878,1.);
#461=VECTOR('',#2879,1.);
#462=VECTOR('',#2882,1.);
#463=VECTOR('',#2883,1.);
#464=VECTOR('',#2886,1.);
#465=VECTOR('',#2887,1.);
#466=VECTOR('',#2890,1.);
#467=VECTOR('',#2893,1.);
#468=VECTOR('',#2894,1.);
#469=VECTOR('',#2895,1.);
#470=VECTOR('',#2896,1.);
#471=VECTOR('',#2899,1.);
#472=VECTOR('',#2900,1.);
#473=VECTOR('',#2901,1.);
#474=VECTOR('',#2904,1.);
#475=VECTOR('',#2905,1.);
#476=VECTOR('',#2908,1.);
#477=VECTOR('',#2909,1.);
#478=VECTOR('',#2912,1.);
#479=VECTOR('',#2915,1.);
#480=VECTOR('',#2916,1.);
#481=VECTOR('',#2917,1.);
#482=VECTOR('',#2918,1.);
#483=VECTOR('',#2953,1.);
#484=VECTOR('',#2954,1.);
#485=VECTOR('',#2963,1.);
#486=VECTOR('',#2966,1.);
#487=ORIENTED_EDGE('',*,*,#1005,.F.);
#488=ORIENTED_EDGE('',*,*,#1006,.F.);
#489=ORIENTED_EDGE('',*,*,#1007,.T.);
#490=ORIENTED_EDGE('',*,*,#1008,.T.);
#491=ORIENTED_EDGE('',*,*,#1009,.F.);
#492=ORIENTED_EDGE('',*,*,#1008,.F.);
#493=ORIENTED_EDGE('',*,*,#1010,.T.);
#494=ORIENTED_EDGE('',*,*,#1006,.T.);
#495=ORIENTED_EDGE('',*,*,#1007,.F.);
#496=ORIENTED_EDGE('',*,*,#1010,.F.);
#497=ORIENTED_EDGE('',*,*,#1005,.T.);
#498=ORIENTED_EDGE('',*,*,#1009,.T.);
#499=ORIENTED_EDGE('',*,*,#1011,.F.);
#500=ORIENTED_EDGE('',*,*,#1012,.F.);
#501=ORIENTED_EDGE('',*,*,#1013,.F.);
#502=ORIENTED_EDGE('',*,*,#1014,.T.);
#503=ORIENTED_EDGE('',*,*,#1015,.F.);
#504=ORIENTED_EDGE('',*,*,#1016,.F.);
#505=ORIENTED_EDGE('',*,*,#1017,.T.);
#506=ORIENTED_EDGE('',*,*,#1013,.T.);
#507=ORIENTED_EDGE('',*,*,#1018,.F.);
#508=ORIENTED_EDGE('',*,*,#1019,.F.);
#509=ORIENTED_EDGE('',*,*,#1020,.T.);
#510=ORIENTED_EDGE('',*,*,#1016,.T.);
#511=ORIENTED_EDGE('',*,*,#1021,.T.);
#512=ORIENTED_EDGE('',*,*,#1022,.F.);
#513=ORIENTED_EDGE('',*,*,#1023,.F.);
#514=ORIENTED_EDGE('',*,*,#1019,.T.);
#515=ORIENTED_EDGE('',*,*,#1024,.F.);
#516=ORIENTED_EDGE('',*,*,#1025,.F.);
#517=ORIENTED_EDGE('',*,*,#1026,.T.);
#518=ORIENTED_EDGE('',*,*,#1022,.T.);
#519=ORIENTED_EDGE('',*,*,#1027,.F.);
#520=ORIENTED_EDGE('',*,*,#1028,.F.);
#521=ORIENTED_EDGE('',*,*,#1029,.T.);
#522=ORIENTED_EDGE('',*,*,#1025,.T.);
#523=ORIENTED_EDGE('',*,*,#1030,.F.);
#524=ORIENTED_EDGE('',*,*,#1031,.F.);
#525=ORIENTED_EDGE('',*,*,#1032,.T.);
#526=ORIENTED_EDGE('',*,*,#1028,.T.);
#527=ORIENTED_EDGE('',*,*,#1033,.F.);
#528=ORIENTED_EDGE('',*,*,#1014,.F.);
#529=ORIENTED_EDGE('',*,*,#1017,.F.);
#530=ORIENTED_EDGE('',*,*,#1020,.F.);
#531=ORIENTED_EDGE('',*,*,#1023,.T.);
#532=ORIENTED_EDGE('',*,*,#1026,.F.);
#533=ORIENTED_EDGE('',*,*,#1029,.F.);
#534=ORIENTED_EDGE('',*,*,#1032,.F.);
#535=ORIENTED_EDGE('',*,*,#1012,.T.);
#536=ORIENTED_EDGE('',*,*,#1034,.T.);
#537=ORIENTED_EDGE('',*,*,#1030,.T.);
#538=ORIENTED_EDGE('',*,*,#1027,.T.);
#539=ORIENTED_EDGE('',*,*,#1024,.T.);
#540=ORIENTED_EDGE('',*,*,#1021,.F.);
#541=ORIENTED_EDGE('',*,*,#1018,.T.);
#542=ORIENTED_EDGE('',*,*,#1015,.T.);
#543=ORIENTED_EDGE('',*,*,#1011,.T.);
#544=ORIENTED_EDGE('',*,*,#1033,.T.);
#545=ORIENTED_EDGE('',*,*,#1031,.T.);
#546=ORIENTED_EDGE('',*,*,#1034,.F.);
#547=ORIENTED_EDGE('',*,*,#1035,.T.);
#548=ORIENTED_EDGE('',*,*,#1036,.T.);
#549=ORIENTED_EDGE('',*,*,#1037,.T.);
#550=ORIENTED_EDGE('',*,*,#1038,.F.);
#551=ORIENTED_EDGE('',*,*,#1039,.T.);
#552=ORIENTED_EDGE('',*,*,#1040,.T.);
#553=ORIENTED_EDGE('',*,*,#1035,.F.);
#554=ORIENTED_EDGE('',*,*,#1041,.T.);
#555=ORIENTED_EDGE('',*,*,#1038,.T.);
#556=ORIENTED_EDGE('',*,*,#1042,.T.);
#557=ORIENTED_EDGE('',*,*,#1043,.F.);
#558=ORIENTED_EDGE('',*,*,#1039,.F.);
#559=ORIENTED_EDGE('',*,*,#1042,.F.);
#560=ORIENTED_EDGE('',*,*,#1037,.F.);
#561=ORIENTED_EDGE('',*,*,#1040,.F.);
#562=ORIENTED_EDGE('',*,*,#1043,.T.);
#563=ORIENTED_EDGE('',*,*,#1036,.F.);
#564=ORIENTED_EDGE('',*,*,#1041,.F.);
#565=ORIENTED_EDGE('',*,*,#1044,.T.);
#566=ORIENTED_EDGE('',*,*,#1045,.F.);
#567=ORIENTED_EDGE('',*,*,#1046,.F.);
#568=ORIENTED_EDGE('',*,*,#1047,.T.);
#569=ORIENTED_EDGE('',*,*,#1048,.T.);
#570=ORIENTED_EDGE('',*,*,#1047,.F.);
#571=ORIENTED_EDGE('',*,*,#1049,.F.);
#572=ORIENTED_EDGE('',*,*,#1045,.T.);
#573=ORIENTED_EDGE('',*,*,#1046,.T.);
#574=ORIENTED_EDGE('',*,*,#1049,.T.);
#575=ORIENTED_EDGE('',*,*,#1044,.F.);
#576=ORIENTED_EDGE('',*,*,#1048,.F.);
#577=ORIENTED_EDGE('',*,*,#1050,.F.);
#578=ORIENTED_EDGE('',*,*,#1051,.F.);
#579=ORIENTED_EDGE('',*,*,#1052,.T.);
#580=ORIENTED_EDGE('',*,*,#1053,.T.);
#581=ORIENTED_EDGE('',*,*,#1054,.F.);
#582=ORIENTED_EDGE('',*,*,#1053,.F.);
#583=ORIENTED_EDGE('',*,*,#1055,.T.);
#584=ORIENTED_EDGE('',*,*,#1051,.T.);
#585=ORIENTED_EDGE('',*,*,#1052,.F.);
#586=ORIENTED_EDGE('',*,*,#1055,.F.);
#587=ORIENTED_EDGE('',*,*,#1050,.T.);
#588=ORIENTED_EDGE('',*,*,#1054,.T.);
#589=ORIENTED_EDGE('',*,*,#1056,.T.);
#590=ORIENTED_EDGE('',*,*,#1057,.F.);
#591=ORIENTED_EDGE('',*,*,#1058,.F.);
#592=ORIENTED_EDGE('',*,*,#1059,.T.);
#593=ORIENTED_EDGE('',*,*,#1060,.T.);
#594=ORIENTED_EDGE('',*,*,#1059,.F.);
#595=ORIENTED_EDGE('',*,*,#1061,.F.);
#596=ORIENTED_EDGE('',*,*,#1057,.T.);
#597=ORIENTED_EDGE('',*,*,#1058,.T.);
#598=ORIENTED_EDGE('',*,*,#1061,.T.);
#599=ORIENTED_EDGE('',*,*,#1056,.F.);
#600=ORIENTED_EDGE('',*,*,#1060,.F.);
#601=ORIENTED_EDGE('',*,*,#1062,.T.);
#602=ORIENTED_EDGE('',*,*,#1063,.T.);
#603=ORIENTED_EDGE('',*,*,#1064,.T.);
#604=ORIENTED_EDGE('',*,*,#1065,.T.);
#605=ORIENTED_EDGE('',*,*,#1065,.F.);
#606=ORIENTED_EDGE('',*,*,#1062,.F.);
#607=ORIENTED_EDGE('',*,*,#1063,.F.);
#608=ORIENTED_EDGE('',*,*,#1064,.F.);
#609=ORIENTED_EDGE('',*,*,#1066,.F.);
#610=ORIENTED_EDGE('',*,*,#1067,.T.);
#611=ORIENTED_EDGE('',*,*,#1066,.T.);
#612=ORIENTED_EDGE('',*,*,#1067,.F.);
#613=ORIENTED_EDGE('',*,*,#1068,.T.);
#614=ORIENTED_EDGE('',*,*,#1069,.F.);
#615=ORIENTED_EDGE('',*,*,#1070,.F.);
#616=ORIENTED_EDGE('',*,*,#1071,.T.);
#617=ORIENTED_EDGE('',*,*,#1072,.T.);
#618=ORIENTED_EDGE('',*,*,#1071,.F.);
#619=ORIENTED_EDGE('',*,*,#1073,.F.);
#620=ORIENTED_EDGE('',*,*,#1069,.T.);
#621=ORIENTED_EDGE('',*,*,#1070,.T.);
#622=ORIENTED_EDGE('',*,*,#1073,.T.);
#623=ORIENTED_EDGE('',*,*,#1068,.F.);
#624=ORIENTED_EDGE('',*,*,#1072,.F.);
#625=ORIENTED_EDGE('',*,*,#1074,.T.);
#626=ORIENTED_EDGE('',*,*,#1075,.T.);
#627=ORIENTED_EDGE('',*,*,#1076,.T.);
#628=ORIENTED_EDGE('',*,*,#1077,.T.);
#629=ORIENTED_EDGE('',*,*,#1074,.F.);
#630=ORIENTED_EDGE('',*,*,#1077,.F.);
#631=ORIENTED_EDGE('',*,*,#1076,.F.);
#632=ORIENTED_EDGE('',*,*,#1075,.F.);
#633=ORIENTED_EDGE('',*,*,#1078,.T.);
#634=ORIENTED_EDGE('',*,*,#1079,.F.);
#635=ORIENTED_EDGE('',*,*,#1080,.F.);
#636=ORIENTED_EDGE('',*,*,#1081,.T.);
#637=ORIENTED_EDGE('',*,*,#1082,.T.);
#638=ORIENTED_EDGE('',*,*,#1081,.F.);
#639=ORIENTED_EDGE('',*,*,#1083,.F.);
#640=ORIENTED_EDGE('',*,*,#1079,.T.);
#641=ORIENTED_EDGE('',*,*,#1080,.T.);
#642=ORIENTED_EDGE('',*,*,#1083,.T.);
#643=ORIENTED_EDGE('',*,*,#1078,.F.);
#644=ORIENTED_EDGE('',*,*,#1082,.F.);
#645=ORIENTED_EDGE('',*,*,#1084,.T.);
#646=ORIENTED_EDGE('',*,*,#1085,.F.);
#647=ORIENTED_EDGE('',*,*,#1086,.T.);
#648=ORIENTED_EDGE('',*,*,#1087,.T.);
#649=ORIENTED_EDGE('',*,*,#1088,.F.);
#650=ORIENTED_EDGE('',*,*,#1089,.F.);
#651=ORIENTED_EDGE('',*,*,#1087,.F.);
#652=ORIENTED_EDGE('',*,*,#1090,.T.);
#653=ORIENTED_EDGE('',*,*,#1091,.F.);
#654=ORIENTED_EDGE('',*,*,#1092,.T.);
#655=ORIENTED_EDGE('',*,*,#1089,.T.);
#656=ORIENTED_EDGE('',*,*,#1092,.F.);
#657=ORIENTED_EDGE('',*,*,#1084,.F.);
#658=ORIENTED_EDGE('',*,*,#1093,.F.);
#659=ORIENTED_EDGE('',*,*,#1094,.F.);
#660=ORIENTED_EDGE('',*,*,#1090,.F.);
#661=ORIENTED_EDGE('',*,*,#1086,.F.);
#662=ORIENTED_EDGE('',*,*,#1088,.T.);
#663=ORIENTED_EDGE('',*,*,#1091,.T.);
#664=ORIENTED_EDGE('',*,*,#1094,.T.);
#665=ORIENTED_EDGE('',*,*,#1095,.T.);
#666=ORIENTED_EDGE('',*,*,#1085,.T.);
#667=ORIENTED_EDGE('',*,*,#1095,.F.);
#668=ORIENTED_EDGE('',*,*,#1093,.T.);
#669=ORIENTED_EDGE('',*,*,#1096,.T.);
#670=ORIENTED_EDGE('',*,*,#1097,.F.);
#671=ORIENTED_EDGE('',*,*,#1098,.F.);
#672=ORIENTED_EDGE('',*,*,#1099,.T.);
#673=ORIENTED_EDGE('',*,*,#1100,.T.);
#674=ORIENTED_EDGE('',*,*,#1099,.F.);
#675=ORIENTED_EDGE('',*,*,#1101,.F.);
#676=ORIENTED_EDGE('',*,*,#1097,.T.);
#677=ORIENTED_EDGE('',*,*,#1098,.T.);
#678=ORIENTED_EDGE('',*,*,#1101,.T.);
#679=ORIENTED_EDGE('',*,*,#1096,.F.);
#680=ORIENTED_EDGE('',*,*,#1100,.F.);
#681=ORIENTED_EDGE('',*,*,#1102,.T.);
#682=ORIENTED_EDGE('',*,*,#1103,.T.);
#683=ORIENTED_EDGE('',*,*,#1104,.T.);
#684=ORIENTED_EDGE('',*,*,#1105,.T.);
#685=ORIENTED_EDGE('',*,*,#1105,.F.);
#686=ORIENTED_EDGE('',*,*,#1102,.F.);
#687=ORIENTED_EDGE('',*,*,#1103,.F.);
#688=ORIENTED_EDGE('',*,*,#1104,.F.);
#689=ORIENTED_EDGE('',*,*,#1106,.T.);
#690=ORIENTED_EDGE('',*,*,#1107,.T.);
#691=ORIENTED_EDGE('',*,*,#1108,.F.);
#692=ORIENTED_EDGE('',*,*,#1109,.T.);
#693=ORIENTED_EDGE('',*,*,#1110,.T.);
#694=ORIENTED_EDGE('',*,*,#1111,.T.);
#695=ORIENTED_EDGE('',*,*,#1108,.T.);
#696=ORIENTED_EDGE('',*,*,#1112,.T.);
#697=ORIENTED_EDGE('',*,*,#1113,.F.);
#698=ORIENTED_EDGE('',*,*,#1114,.T.);
#699=ORIENTED_EDGE('',*,*,#1113,.T.);
#700=ORIENTED_EDGE('',*,*,#1115,.T.);
#701=ORIENTED_EDGE('',*,*,#1116,.T.);
#702=ORIENTED_EDGE('',*,*,#1117,.F.);
#703=ORIENTED_EDGE('',*,*,#1118,.T.);
#704=ORIENTED_EDGE('',*,*,#1119,.T.);
#705=ORIENTED_EDGE('',*,*,#1117,.T.);
#706=ORIENTED_EDGE('',*,*,#1120,.T.);
#707=ORIENTED_EDGE('',*,*,#1111,.F.);
#708=ORIENTED_EDGE('',*,*,#1121,.T.);
#709=ORIENTED_EDGE('',*,*,#1122,.F.);
#710=ORIENTED_EDGE('',*,*,#1106,.F.);
#711=ORIENTED_EDGE('',*,*,#1120,.F.);
#712=ORIENTED_EDGE('',*,*,#1116,.F.);
#713=ORIENTED_EDGE('',*,*,#1107,.F.);
#714=ORIENTED_EDGE('',*,*,#1122,.T.);
#715=ORIENTED_EDGE('',*,*,#1115,.F.);
#716=ORIENTED_EDGE('',*,*,#1112,.F.);
#717=ORIENTED_EDGE('',*,*,#1121,.F.);
#718=ORIENTED_EDGE('',*,*,#1110,.F.);
#719=ORIENTED_EDGE('',*,*,#1123,.F.);
#720=ORIENTED_EDGE('',*,*,#1118,.F.);
#721=ORIENTED_EDGE('',*,*,#1109,.F.);
#722=ORIENTED_EDGE('',*,*,#1114,.F.);
#723=ORIENTED_EDGE('',*,*,#1119,.F.);
#724=ORIENTED_EDGE('',*,*,#1123,.T.);
#725=ORIENTED_EDGE('',*,*,#1124,.T.);
#726=ORIENTED_EDGE('',*,*,#1125,.T.);
#727=ORIENTED_EDGE('',*,*,#1126,.F.);
#728=ORIENTED_EDGE('',*,*,#1127,.T.);
#729=ORIENTED_EDGE('',*,*,#1128,.F.);
#730=ORIENTED_EDGE('',*,*,#1129,.T.);
#731=ORIENTED_EDGE('',*,*,#1130,.T.);
#732=ORIENTED_EDGE('',*,*,#1131,.T.);
#733=ORIENTED_EDGE('',*,*,#1126,.T.);
#734=ORIENTED_EDGE('',*,*,#1132,.T.);
#735=ORIENTED_EDGE('',*,*,#1133,.F.);
#736=ORIENTED_EDGE('',*,*,#1134,.T.);
#737=ORIENTED_EDGE('',*,*,#1135,.F.);
#738=ORIENTED_EDGE('',*,*,#1136,.T.);
#739=ORIENTED_EDGE('',*,*,#1128,.T.);
#740=ORIENTED_EDGE('',*,*,#1137,.T.);
#741=ORIENTED_EDGE('',*,*,#1138,.T.);
#742=ORIENTED_EDGE('',*,*,#1139,.T.);
#743=ORIENTED_EDGE('',*,*,#1135,.T.);
#744=ORIENTED_EDGE('',*,*,#1140,.T.);
#745=ORIENTED_EDGE('',*,*,#1141,.F.);
#746=ORIENTED_EDGE('',*,*,#1142,.T.);
#747=ORIENTED_EDGE('',*,*,#1124,.F.);
#748=ORIENTED_EDGE('',*,*,#1143,.T.);
#749=ORIENTED_EDGE('',*,*,#1130,.F.);
#750=ORIENTED_EDGE('',*,*,#1144,.T.);
#751=ORIENTED_EDGE('',*,*,#1138,.F.);
#752=ORIENTED_EDGE('',*,*,#1145,.T.);
#753=ORIENTED_EDGE('',*,*,#1141,.T.);
#754=ORIENTED_EDGE('',*,*,#1146,.T.);
#755=ORIENTED_EDGE('',*,*,#1133,.T.);
#756=ORIENTED_EDGE('',*,*,#1147,.T.);
#757=ORIENTED_EDGE('',*,*,#1129,.F.);
#758=ORIENTED_EDGE('',*,*,#1136,.F.);
#759=ORIENTED_EDGE('',*,*,#1139,.F.);
#760=ORIENTED_EDGE('',*,*,#1144,.F.);
#761=ORIENTED_EDGE('',*,*,#1134,.F.);
#762=ORIENTED_EDGE('',*,*,#1146,.F.);
#763=ORIENTED_EDGE('',*,*,#1140,.F.);
#764=ORIENTED_EDGE('',*,*,#1137,.F.);
#765=ORIENTED_EDGE('',*,*,#1132,.F.);
#766=ORIENTED_EDGE('',*,*,#1125,.F.);
#767=ORIENTED_EDGE('',*,*,#1142,.F.);
#768=ORIENTED_EDGE('',*,*,#1147,.F.);
#769=ORIENTED_EDGE('',*,*,#1131,.F.);
#770=ORIENTED_EDGE('',*,*,#1145,.F.);
#771=ORIENTED_EDGE('',*,*,#1143,.F.);
#772=ORIENTED_EDGE('',*,*,#1127,.F.);
#773=ORIENTED_EDGE('',*,*,#1148,.F.);
#774=ORIENTED_EDGE('',*,*,#1149,.T.);
#775=ORIENTED_EDGE('',*,*,#1150,.T.);
#776=ORIENTED_EDGE('',*,*,#1151,.T.);
#777=ORIENTED_EDGE('',*,*,#1152,.F.);
#778=ORIENTED_EDGE('',*,*,#1153,.T.);
#779=ORIENTED_EDGE('',*,*,#1148,.T.);
#780=ORIENTED_EDGE('',*,*,#1154,.T.);
#781=ORIENTED_EDGE('',*,*,#1155,.F.);
#782=ORIENTED_EDGE('',*,*,#1156,.T.);
#783=ORIENTED_EDGE('',*,*,#1152,.T.);
#784=ORIENTED_EDGE('',*,*,#1157,.T.);
#785=ORIENTED_EDGE('',*,*,#1158,.F.);
#786=ORIENTED_EDGE('',*,*,#1159,.T.);
#787=ORIENTED_EDGE('',*,*,#1155,.T.);
#788=ORIENTED_EDGE('',*,*,#1160,.F.);
#789=ORIENTED_EDGE('',*,*,#1161,.F.);
#790=ORIENTED_EDGE('',*,*,#1162,.T.);
#791=ORIENTED_EDGE('',*,*,#1158,.T.);
#792=ORIENTED_EDGE('',*,*,#1163,.F.);
#793=ORIENTED_EDGE('',*,*,#1150,.F.);
#794=ORIENTED_EDGE('',*,*,#1164,.T.);
#795=ORIENTED_EDGE('',*,*,#1161,.T.);
#796=ORIENTED_EDGE('',*,*,#1165,.F.);
#797=ORIENTED_EDGE('',*,*,#1166,.T.);
#798=ORIENTED_EDGE('',*,*,#1167,.T.);
#799=ORIENTED_EDGE('',*,*,#1168,.T.);
#800=ORIENTED_EDGE('',*,*,#1169,.T.);
#801=ORIENTED_EDGE('',*,*,#1170,.T.);
#802=ORIENTED_EDGE('',*,*,#1171,.T.);
#803=ORIENTED_EDGE('',*,*,#1151,.F.);
#804=ORIENTED_EDGE('',*,*,#1165,.T.);
#805=ORIENTED_EDGE('',*,*,#1163,.T.);
#806=ORIENTED_EDGE('',*,*,#1160,.T.);
#807=ORIENTED_EDGE('',*,*,#1157,.F.);
#808=ORIENTED_EDGE('',*,*,#1154,.F.);
#809=ORIENTED_EDGE('',*,*,#1172,.F.);
#810=ORIENTED_EDGE('',*,*,#1169,.F.);
#811=ORIENTED_EDGE('',*,*,#1173,.F.);
#812=ORIENTED_EDGE('',*,*,#1149,.F.);
#813=ORIENTED_EDGE('',*,*,#1173,.T.);
#814=ORIENTED_EDGE('',*,*,#1168,.F.);
#815=ORIENTED_EDGE('',*,*,#1174,.F.);
#816=ORIENTED_EDGE('',*,*,#1164,.F.);
#817=ORIENTED_EDGE('',*,*,#1172,.T.);
#818=ORIENTED_EDGE('',*,*,#1153,.F.);
#819=ORIENTED_EDGE('',*,*,#1175,.F.);
#820=ORIENTED_EDGE('',*,*,#1170,.F.);
#821=ORIENTED_EDGE('',*,*,#1174,.T.);
#822=ORIENTED_EDGE('',*,*,#1167,.F.);
#823=ORIENTED_EDGE('',*,*,#1176,.F.);
#824=ORIENTED_EDGE('',*,*,#1162,.F.);
#825=ORIENTED_EDGE('',*,*,#1175,.T.);
#826=ORIENTED_EDGE('',*,*,#1156,.F.);
#827=ORIENTED_EDGE('',*,*,#1177,.F.);
#828=ORIENTED_EDGE('',*,*,#1171,.F.);
#829=ORIENTED_EDGE('',*,*,#1176,.T.);
#830=ORIENTED_EDGE('',*,*,#1166,.F.);
#831=ORIENTED_EDGE('',*,*,#1177,.T.);
#832=ORIENTED_EDGE('',*,*,#1159,.F.);
#833=ORIENTED_EDGE('',*,*,#1178,.T.);
#834=ORIENTED_EDGE('',*,*,#1179,.F.);
#835=ORIENTED_EDGE('',*,*,#1180,.F.);
#836=ORIENTED_EDGE('',*,*,#1181,.T.);
#837=ORIENTED_EDGE('',*,*,#1182,.T.);
#838=ORIENTED_EDGE('',*,*,#1181,.F.);
#839=ORIENTED_EDGE('',*,*,#1183,.F.);
#840=ORIENTED_EDGE('',*,*,#1179,.T.);
#841=ORIENTED_EDGE('',*,*,#1180,.T.);
#842=ORIENTED_EDGE('',*,*,#1183,.T.);
#843=ORIENTED_EDGE('',*,*,#1178,.F.);
#844=ORIENTED_EDGE('',*,*,#1182,.F.);
#845=ORIENTED_EDGE('',*,*,#1184,.F.);
#846=ORIENTED_EDGE('',*,*,#1185,.T.);
#847=ORIENTED_EDGE('',*,*,#1186,.T.);
#848=ORIENTED_EDGE('',*,*,#1187,.T.);
#849=ORIENTED_EDGE('',*,*,#1188,.T.);
#850=ORIENTED_EDGE('',*,*,#1189,.T.);
#851=ORIENTED_EDGE('',*,*,#1190,.F.);
#852=ORIENTED_EDGE('',*,*,#1191,.F.);
#853=ORIENTED_EDGE('',*,*,#1192,.F.);
#854=ORIENTED_EDGE('',*,*,#1193,.F.);
#855=ORIENTED_EDGE('',*,*,#1194,.T.);
#856=ORIENTED_EDGE('',*,*,#1191,.T.);
#857=ORIENTED_EDGE('',*,*,#1195,.F.);
#858=ORIENTED_EDGE('',*,*,#1196,.T.);
#859=ORIENTED_EDGE('',*,*,#1197,.T.);
#860=ORIENTED_EDGE('',*,*,#1193,.T.);
#861=ORIENTED_EDGE('',*,*,#1198,.T.);
#862=ORIENTED_EDGE('',*,*,#1199,.T.);
#863=ORIENTED_EDGE('',*,*,#1200,.F.);
#864=ORIENTED_EDGE('',*,*,#1201,.F.);
#865=ORIENTED_EDGE('',*,*,#1202,.T.);
#866=ORIENTED_EDGE('',*,*,#1187,.F.);
#867=ORIENTED_EDGE('',*,*,#1203,.F.);
#868=ORIENTED_EDGE('',*,*,#1201,.T.);
#869=ORIENTED_EDGE('',*,*,#1204,.T.);
#870=ORIENTED_EDGE('',*,*,#1205,.T.);
#871=ORIENTED_EDGE('',*,*,#1206,.F.);
#872=ORIENTED_EDGE('',*,*,#1207,.F.);
#873=ORIENTED_EDGE('',*,*,#1208,.T.);
#874=ORIENTED_EDGE('',*,*,#1209,.T.);
#875=ORIENTED_EDGE('',*,*,#1210,.F.);
#876=ORIENTED_EDGE('',*,*,#1211,.F.);
#877=ORIENTED_EDGE('',*,*,#1186,.F.);
#878=ORIENTED_EDGE('',*,*,#1212,.T.);
#879=ORIENTED_EDGE('',*,*,#1188,.F.);
#880=ORIENTED_EDGE('',*,*,#1194,.F.);
#881=ORIENTED_EDGE('',*,*,#1197,.F.);
#882=ORIENTED_EDGE('',*,*,#1213,.T.);
#883=ORIENTED_EDGE('',*,*,#1198,.F.);
#884=ORIENTED_EDGE('',*,*,#1203,.T.);
#885=ORIENTED_EDGE('',*,*,#1190,.T.);
#886=ORIENTED_EDGE('',*,*,#1214,.T.);
#887=ORIENTED_EDGE('',*,*,#1184,.T.);
#888=ORIENTED_EDGE('',*,*,#1202,.F.);
#889=ORIENTED_EDGE('',*,*,#1200,.T.);
#890=ORIENTED_EDGE('',*,*,#1215,.T.);
#891=ORIENTED_EDGE('',*,*,#1195,.T.);
#892=ORIENTED_EDGE('',*,*,#1192,.T.);
#893=ORIENTED_EDGE('',*,*,#1189,.F.);
#894=ORIENTED_EDGE('',*,*,#1212,.F.);
#895=ORIENTED_EDGE('',*,*,#1185,.F.);
#896=ORIENTED_EDGE('',*,*,#1214,.F.);
#897=ORIENTED_EDGE('',*,*,#1199,.F.);
#898=ORIENTED_EDGE('',*,*,#1213,.F.);
#899=ORIENTED_EDGE('',*,*,#1196,.F.);
#900=ORIENTED_EDGE('',*,*,#1215,.F.);
#901=ORIENTED_EDGE('',*,*,#1216,.F.);
#902=ORIENTED_EDGE('',*,*,#1217,.T.);
#903=ORIENTED_EDGE('',*,*,#1218,.T.);
#904=ORIENTED_EDGE('',*,*,#1208,.F.);
#905=ORIENTED_EDGE('',*,*,#1219,.F.);
#906=ORIENTED_EDGE('',*,*,#1220,.T.);
#907=ORIENTED_EDGE('',*,*,#1216,.T.);
#908=ORIENTED_EDGE('',*,*,#1211,.T.);
#909=ORIENTED_EDGE('',*,*,#1221,.F.);
#910=ORIENTED_EDGE('',*,*,#1222,.T.);
#911=ORIENTED_EDGE('',*,*,#1219,.T.);
#912=ORIENTED_EDGE('',*,*,#1210,.T.);
#913=ORIENTED_EDGE('',*,*,#1218,.F.);
#914=ORIENTED_EDGE('',*,*,#1223,.T.);
#915=ORIENTED_EDGE('',*,*,#1221,.T.);
#916=ORIENTED_EDGE('',*,*,#1209,.F.);
#917=ORIENTED_EDGE('',*,*,#1224,.T.);
#918=ORIENTED_EDGE('',*,*,#1225,.T.);
#919=ORIENTED_EDGE('',*,*,#1226,.T.);
#920=ORIENTED_EDGE('',*,*,#1227,.T.);
#921=ORIENTED_EDGE('',*,*,#1228,.F.);
#922=ORIENTED_EDGE('',*,*,#1229,.T.);
#923=ORIENTED_EDGE('',*,*,#1230,.T.);
#924=ORIENTED_EDGE('',*,*,#1204,.F.);
#925=ORIENTED_EDGE('',*,*,#1231,.F.);
#926=ORIENTED_EDGE('',*,*,#1232,.T.);
#927=ORIENTED_EDGE('',*,*,#1228,.T.);
#928=ORIENTED_EDGE('',*,*,#1207,.T.);
#929=ORIENTED_EDGE('',*,*,#1233,.F.);
#930=ORIENTED_EDGE('',*,*,#1234,.T.);
#931=ORIENTED_EDGE('',*,*,#1231,.T.);
#932=ORIENTED_EDGE('',*,*,#1206,.T.);
#933=ORIENTED_EDGE('',*,*,#1230,.F.);
#934=ORIENTED_EDGE('',*,*,#1235,.T.);
#935=ORIENTED_EDGE('',*,*,#1233,.T.);
#936=ORIENTED_EDGE('',*,*,#1205,.F.);
#937=ORIENTED_EDGE('',*,*,#1236,.T.);
#938=ORIENTED_EDGE('',*,*,#1237,.T.);
#939=ORIENTED_EDGE('',*,*,#1238,.T.);
#940=ORIENTED_EDGE('',*,*,#1239,.T.);
#941=ORIENTED_EDGE('',*,*,#1240,.F.);
#942=ORIENTED_EDGE('',*,*,#1224,.F.);
#943=ORIENTED_EDGE('',*,*,#1241,.F.);
#944=ORIENTED_EDGE('',*,*,#1220,.F.);
#945=ORIENTED_EDGE('',*,*,#1241,.T.);
#946=ORIENTED_EDGE('',*,*,#1227,.F.);
#947=ORIENTED_EDGE('',*,*,#1242,.F.);
#948=ORIENTED_EDGE('',*,*,#1217,.F.);
#949=ORIENTED_EDGE('',*,*,#1240,.T.);
#950=ORIENTED_EDGE('',*,*,#1222,.F.);
#951=ORIENTED_EDGE('',*,*,#1243,.F.);
#952=ORIENTED_EDGE('',*,*,#1225,.F.);
#953=ORIENTED_EDGE('',*,*,#1242,.T.);
#954=ORIENTED_EDGE('',*,*,#1226,.F.);
#955=ORIENTED_EDGE('',*,*,#1243,.T.);
#956=ORIENTED_EDGE('',*,*,#1223,.F.);
#957=ORIENTED_EDGE('',*,*,#1244,.F.);
#958=ORIENTED_EDGE('',*,*,#1236,.F.);
#959=ORIENTED_EDGE('',*,*,#1245,.F.);
#960=ORIENTED_EDGE('',*,*,#1232,.F.);
#961=ORIENTED_EDGE('',*,*,#1245,.T.);
#962=ORIENTED_EDGE('',*,*,#1239,.F.);
#963=ORIENTED_EDGE('',*,*,#1246,.F.);
#964=ORIENTED_EDGE('',*,*,#1229,.F.);
#965=ORIENTED_EDGE('',*,*,#1244,.T.);
#966=ORIENTED_EDGE('',*,*,#1234,.F.);
#967=ORIENTED_EDGE('',*,*,#1247,.F.);
#968=ORIENTED_EDGE('',*,*,#1237,.F.);
#969=ORIENTED_EDGE('',*,*,#1246,.T.);
#970=ORIENTED_EDGE('',*,*,#1238,.F.);
#971=ORIENTED_EDGE('',*,*,#1247,.T.);
#972=ORIENTED_EDGE('',*,*,#1235,.F.);
#973=ORIENTED_EDGE('',*,*,#1248,.T.);
#974=ORIENTED_EDGE('',*,*,#1249,.F.);
#975=ORIENTED_EDGE('',*,*,#1250,.F.);
#976=ORIENTED_EDGE('',*,*,#1251,.T.);
#977=ORIENTED_EDGE('',*,*,#1252,.T.);
#978=ORIENTED_EDGE('',*,*,#1251,.F.);
#979=ORIENTED_EDGE('',*,*,#1253,.F.);
#980=ORIENTED_EDGE('',*,*,#1249,.T.);
#981=ORIENTED_EDGE('',*,*,#1250,.T.);
#982=ORIENTED_EDGE('',*,*,#1253,.T.);
#983=ORIENTED_EDGE('',*,*,#1248,.F.);
#984=ORIENTED_EDGE('',*,*,#1252,.F.);
#985=ORIENTED_EDGE('',*,*,#1254,.F.);
#986=ORIENTED_EDGE('',*,*,#1255,.T.);
#987=ORIENTED_EDGE('',*,*,#1256,.T.);
#988=ORIENTED_EDGE('',*,*,#1257,.T.);
#989=ORIENTED_EDGE('',*,*,#1256,.F.);
#990=ORIENTED_EDGE('',*,*,#1258,.T.);
#991=ORIENTED_EDGE('',*,*,#1254,.T.);
#992=ORIENTED_EDGE('',*,*,#1259,.T.);
#993=ORIENTED_EDGE('',*,*,#1260,.T.);
#994=ORIENTED_EDGE('',*,*,#1261,.T.);
#995=ORIENTED_EDGE('',*,*,#1257,.F.);
#996=ORIENTED_EDGE('',*,*,#1259,.F.);
#997=ORIENTED_EDGE('',*,*,#1262,.F.);
#998=ORIENTED_EDGE('',*,*,#1258,.F.);
#999=ORIENTED_EDGE('',*,*,#1263,.F.);
#1000=ORIENTED_EDGE('',*,*,#1260,.F.);
#1001=ORIENTED_EDGE('',*,*,#1263,.T.);
#1002=ORIENTED_EDGE('',*,*,#1255,.F.);
#1003=ORIENTED_EDGE('',*,*,#1262,.T.);
#1004=ORIENTED_EDGE('',*,*,#1261,.F.);
#1005=EDGE_CURVE('',#1264,#1265,#1437,.T.);
#1006=EDGE_CURVE('',#1266,#1264,#243,.T.);
#1007=EDGE_CURVE('',#1266,#1267,#1438,.T.);
#1008=EDGE_CURVE('',#1267,#1265,#244,.T.);
#1009=EDGE_CURVE('',#1265,#1264,#1439,.T.);
#1010=EDGE_CURVE('',#1267,#1266,#1440,.T.);
#1011=EDGE_CURVE('',#1268,#1269,#245,.T.);
#1012=EDGE_CURVE('',#1270,#1268,#37,.T.);
#1013=EDGE_CURVE('',#1271,#1270,#246,.T.);
#1014=EDGE_CURVE('',#1271,#1269,#38,.T.);
#1015=EDGE_CURVE('',#1272,#1270,#247,.T.);
#1016=EDGE_CURVE('',#1273,#1272,#248,.T.);
#1017=EDGE_CURVE('',#1273,#1271,#249,.T.);
#1018=EDGE_CURVE('',#1274,#1272,#39,.T.);
#1019=EDGE_CURVE('',#1275,#1274,#250,.T.);
#1020=EDGE_CURVE('',#1275,#1273,#40,.T.);
#1021=EDGE_CURVE('',#1274,#1276,#251,.T.);
#1022=EDGE_CURVE('',#1277,#1276,#252,.T.);
#1023=EDGE_CURVE('',#1275,#1277,#253,.T.);
#1024=EDGE_CURVE('',#1278,#1276,#41,.T.);
#1025=EDGE_CURVE('',#1279,#1278,#254,.T.);
#1026=EDGE_CURVE('',#1279,#1277,#42,.T.);
#1027=EDGE_CURVE('',#1280,#1278,#255,.T.);
#1028=EDGE_CURVE('',#1281,#1280,#256,.T.);
#1029=EDGE_CURVE('',#1281,#1279,#257,.T.);
#1030=EDGE_CURVE('',#1282,#1280,#43,.T.);
#1031=EDGE_CURVE('',#1283,#1282,#258,.T.);
#1032=EDGE_CURVE('',#1283,#1281,#44,.T.);
#1033=EDGE_CURVE('',#1269,#1283,#259,.T.);
#1034=EDGE_CURVE('',#1268,#1282,#260,.T.);
#1035=EDGE_CURVE('',#1284,#1285,#45,.T.);
#1036=EDGE_CURVE('',#1285,#1286,#1441,.T.);
#1037=EDGE_CURVE('',#1286,#1287,#1442,.T.);
#1038=EDGE_CURVE('',#1288,#1287,#46,.T.);
#1039=EDGE_CURVE('',#1288,#1289,#1443,.T.);
#1040=EDGE_CURVE('',#1289,#1284,#1444,.T.);
#1041=EDGE_CURVE('',#1284,#1285,#47,.T.);
#1042=EDGE_CURVE('',#1287,#1288,#48,.F.);
#1043=EDGE_CURVE('',#1289,#1286,#49,.T.);
#1044=EDGE_CURVE('',#1290,#1291,#1445,.T.);
#1045=EDGE_CURVE('',#1292,#1291,#261,.T.);
#1046=EDGE_CURVE('',#1293,#1292,#1446,.T.);
#1047=EDGE_CURVE('',#1293,#1290,#262,.T.);
#1048=EDGE_CURVE('',#1291,#1290,#1447,.T.);
#1049=EDGE_CURVE('',#1292,#1293,#1448,.T.);
#1050=EDGE_CURVE('',#1294,#1295,#1449,.T.);
#1051=EDGE_CURVE('',#1296,#1294,#263,.T.);
#1052=EDGE_CURVE('',#1296,#1297,#1450,.T.);
#1053=EDGE_CURVE('',#1297,#1295,#264,.T.);
#1054=EDGE_CURVE('',#1295,#1294,#1451,.T.);
#1055=EDGE_CURVE('',#1297,#1296,#1452,.T.);
#1056=EDGE_CURVE('',#1298,#1299,#1453,.T.);
#1057=EDGE_CURVE('',#1300,#1299,#265,.T.);
#1058=EDGE_CURVE('',#1301,#1300,#1454,.T.);
#1059=EDGE_CURVE('',#1301,#1298,#266,.T.);
#1060=EDGE_CURVE('',#1299,#1298,#1455,.T.);
#1061=EDGE_CURVE('',#1300,#1301,#1456,.T.);
#1062=EDGE_CURVE('',#1302,#1302,#50,.T.);
#1063=EDGE_CURVE('',#1303,#1303,#51,.F.);
#1064=EDGE_CURVE('',#1304,#1304,#52,.T.);
#1065=EDGE_CURVE('',#1305,#1305,#53,.F.);
#1066=EDGE_CURVE('',#1306,#1306,#1457,.T.);
#1067=EDGE_CURVE('',#1307,#1307,#1458,.T.);
#1068=EDGE_CURVE('',#1308,#1309,#1459,.T.);
#1069=EDGE_CURVE('',#1310,#1309,#267,.T.);
#1070=EDGE_CURVE('',#1311,#1310,#1460,.T.);
#1071=EDGE_CURVE('',#1311,#1308,#268,.T.);
#1072=EDGE_CURVE('',#1309,#1308,#1461,.T.);
#1073=EDGE_CURVE('',#1310,#1311,#1462,.T.);
#1074=EDGE_CURVE('',#1312,#1312,#54,.T.);
#1075=EDGE_CURVE('',#1313,#1313,#55,.F.);
#1076=EDGE_CURVE('',#1314,#1314,#56,.T.);
#1077=EDGE_CURVE('',#1315,#1315,#57,.F.);
#1078=EDGE_CURVE('',#1316,#1317,#1463,.T.);
#1079=EDGE_CURVE('',#1318,#1317,#269,.T.);
#1080=EDGE_CURVE('',#1319,#1318,#1464,.T.);
#1081=EDGE_CURVE('',#1319,#1316,#270,.T.);
#1082=EDGE_CURVE('',#1317,#1316,#1465,.T.);
#1083=EDGE_CURVE('',#1318,#1319,#1466,.T.);
#1084=EDGE_CURVE('',#1320,#1320,#58,.F.);
#1085=EDGE_CURVE('',#1321,#1322,#59,.F.);
#1086=EDGE_CURVE('',#1321,#1323,#271,.F.);
#1087=EDGE_CURVE('',#1323,#1324,#60,.T.);
#1088=EDGE_CURVE('',#1322,#1324,#272,.T.);
#1089=EDGE_CURVE('',#1325,#1325,#61,.F.);
#1090=EDGE_CURVE('',#1323,#1326,#1467,.T.);
#1091=EDGE_CURVE('',#1324,#1326,#1468,.T.);
#1092=EDGE_CURVE('',#1327,#1327,#62,.T.);
#1093=EDGE_CURVE('',#1328,#1321,#63,.T.);
#1094=EDGE_CURVE('',#1326,#1328,#273,.T.);
#1095=EDGE_CURVE('',#1328,#1322,#274,.T.);
#1096=EDGE_CURVE('',#1329,#1330,#64,.T.);
#1097=EDGE_CURVE('',#1331,#1330,#275,.T.);
#1098=EDGE_CURVE('',#1332,#1331,#65,.T.);
#1099=EDGE_CURVE('',#1332,#1329,#276,.T.);
#1100=EDGE_CURVE('',#1330,#1329,#1469,.T.);
#1101=EDGE_CURVE('',#1331,#1332,#1470,.T.);
#1102=EDGE_CURVE('',#1333,#1333,#66,.T.);
#1103=EDGE_CURVE('',#1334,#1334,#67,.F.);
#1104=EDGE_CURVE('',#1335,#1335,#68,.T.);
#1105=EDGE_CURVE('',#1336,#1336,#69,.F.);
#1106=EDGE_CURVE('',#1337,#1338,#1471,.T.);
#1107=EDGE_CURVE('',#1338,#1339,#1472,.T.);
#1108=EDGE_CURVE('',#1340,#1339,#277,.T.);
#1109=EDGE_CURVE('',#1340,#1341,#1473,.T.);
#1110=EDGE_CURVE('',#1341,#1342,#1474,.T.);
#1111=EDGE_CURVE('',#1342,#1337,#278,.T.);
#1112=EDGE_CURVE('',#1339,#1343,#279,.T.);
#1113=EDGE_CURVE('',#1344,#1343,#280,.T.);
#1114=EDGE_CURVE('',#1344,#1340,#281,.F.);
#1115=EDGE_CURVE('',#1343,#1345,#1475,.T.);
#1116=EDGE_CURVE('',#1345,#1346,#1476,.T.);
#1117=EDGE_CURVE('',#1347,#1346,#282,.T.);
#1118=EDGE_CURVE('',#1347,#1348,#1477,.T.);
#1119=EDGE_CURVE('',#1348,#1344,#1478,.T.);
#1120=EDGE_CURVE('',#1346,#1337,#283,.T.);
#1121=EDGE_CURVE('',#1342,#1347,#284,.F.);
#1122=EDGE_CURVE('',#1338,#1345,#11,.F.);
#1123=EDGE_CURVE('',#1348,#1341,#12,.T.);
#1124=EDGE_CURVE('',#1349,#1350,#285,.T.);
#1125=EDGE_CURVE('',#1350,#1351,#286,.F.);
#1126=EDGE_CURVE('',#1352,#1351,#287,.T.);
#1127=EDGE_CURVE('',#1352,#1349,#288,.T.);
#1128=EDGE_CURVE('',#1353,#1354,#289,.T.);
#1129=EDGE_CURVE('',#1353,#1355,#1479,.T.);
#1130=EDGE_CURVE('',#1355,#1356,#70,.T.);
#1131=EDGE_CURVE('',#1356,#1352,#1480,.T.);
#1132=EDGE_CURVE('',#1351,#1357,#1481,.T.);
#1133=EDGE_CURVE('',#1358,#1357,#71,.T.);
#1134=EDGE_CURVE('',#1358,#1354,#1482,.T.);
#1135=EDGE_CURVE('',#1359,#1360,#290,.T.);
#1136=EDGE_CURVE('',#1359,#1353,#291,.F.);
#1137=EDGE_CURVE('',#1354,#1360,#292,.T.);
#1138=EDGE_CURVE('',#1361,#1362,#72,.T.);
#1139=EDGE_CURVE('',#1362,#1359,#1483,.T.);
#1140=EDGE_CURVE('',#1360,#1363,#1484,.T.);
#1141=EDGE_CURVE('',#1364,#1363,#73,.T.);
#1142=EDGE_CURVE('',#1364,#1350,#1485,.T.);
#1143=EDGE_CURVE('',#1349,#1361,#1486,.T.);
#1144=EDGE_CURVE('',#1355,#1362,#293,.T.);
#1145=EDGE_CURVE('',#1361,#1356,#294,.F.);
#1146=EDGE_CURVE('',#1363,#1358,#295,.F.);
#1147=EDGE_CURVE('',#1357,#1364,#296,.T.);
#1148=EDGE_CURVE('',#1365,#1366,#297,.T.);
#1149=EDGE_CURVE('',#1365,#1367,#298,.F.);
#1150=EDGE_CURVE('',#1367,#1368,#299,.T.);
#1151=EDGE_CURVE('',#1368,#1366,#300,.F.);
#1152=EDGE_CURVE('',#1369,#1370,#301,.T.);
#1153=EDGE_CURVE('',#1369,#1365,#302,.F.);
#1154=EDGE_CURVE('',#1366,#1370,#303,.T.);
#1155=EDGE_CURVE('',#1371,#1372,#304,.T.);
#1156=EDGE_CURVE('',#1371,#1369,#305,.F.);
#1157=EDGE_CURVE('',#1370,#1372,#306,.F.);
#1158=EDGE_CURVE('',#1373,#1374,#307,.T.);
#1159=EDGE_CURVE('',#1373,#1371,#74,.T.);
#1160=EDGE_CURVE('',#1374,#1372,#75,.T.);
#1161=EDGE_CURVE('',#1375,#1376,#308,.T.);
#1162=EDGE_CURVE('',#1375,#1373,#309,.T.);
#1163=EDGE_CURVE('',#1376,#1374,#310,.T.);
#1164=EDGE_CURVE('',#1367,#1375,#76,.T.);
#1165=EDGE_CURVE('',#1368,#1376,#77,.T.);
#1166=EDGE_CURVE('',#1377,#1378,#78,.F.);
#1167=EDGE_CURVE('',#1378,#1379,#311,.F.);
#1168=EDGE_CURVE('',#1379,#1380,#79,.F.);
#1169=EDGE_CURVE('',#1380,#1381,#312,.T.);
#1170=EDGE_CURVE('',#1381,#1382,#313,.T.);
#1171=EDGE_CURVE('',#1382,#1377,#314,.T.);
#1172=EDGE_CURVE('',#1381,#1365,#13,.F.);
#1173=EDGE_CURVE('',#1367,#1380,#1487,.T.);
#1174=EDGE_CURVE('',#1375,#1379,#1488,.T.);
#1175=EDGE_CURVE('',#1382,#1369,#14,.F.);
#1176=EDGE_CURVE('',#1373,#1378,#1489,.T.);
#1177=EDGE_CURVE('',#1377,#1371,#1490,.F.);
#1178=EDGE_CURVE('',#1383,#1384,#1491,.T.);
#1179=EDGE_CURVE('',#1385,#1384,#315,.T.);
#1180=EDGE_CURVE('',#1386,#1385,#1492,.T.);
#1181=EDGE_CURVE('',#1386,#1383,#316,.T.);
#1182=EDGE_CURVE('',#1384,#1383,#1493,.T.);
#1183=EDGE_CURVE('',#1385,#1386,#1494,.T.);
#1184=EDGE_CURVE('',#1387,#1388,#80,.T.);
#1185=EDGE_CURVE('',#1387,#1389,#1495,.T.);
#1186=EDGE_CURVE('',#1389,#1390,#81,.T.);
#1187=EDGE_CURVE('',#1390,#1388,#317,.T.);
#1188=EDGE_CURVE('',#1391,#1392,#82,.T.);
#1189=EDGE_CURVE('',#1392,#1393,#1496,.T.);
#1190=EDGE_CURVE('',#1394,#1393,#83,.T.);
#1191=EDGE_CURVE('',#1391,#1394,#318,.T.);
#1192=EDGE_CURVE('',#1395,#1394,#319,.T.);
#1193=EDGE_CURVE('',#1396,#1395,#320,.T.);
#1194=EDGE_CURVE('',#1396,#1391,#321,.T.);
#1195=EDGE_CURVE('',#1397,#1395,#84,.T.);
#1196=EDGE_CURVE('',#1397,#1398,#1497,.T.);
#1197=EDGE_CURVE('',#1398,#1396,#85,.T.);
#1198=EDGE_CURVE('',#1399,#1400,#86,.T.);
#1199=EDGE_CURVE('',#1400,#1401,#1498,.T.);
#1200=EDGE_CURVE('',#1402,#1401,#87,.T.);
#1201=EDGE_CURVE('',#1399,#1402,#322,.T.);
#1202=EDGE_CURVE('',#1402,#1388,#323,.T.);
#1203=EDGE_CURVE('',#1399,#1390,#324,.T.);
#1204=EDGE_CURVE('',#1403,#1404,#325,.T.);
#1205=EDGE_CURVE('',#1404,#1405,#326,.T.);
#1206=EDGE_CURVE('',#1406,#1405,#327,.T.);
#1207=EDGE_CURVE('',#1403,#1406,#328,.T.);
#1208=EDGE_CURVE('',#1407,#1408,#329,.T.);
#1209=EDGE_CURVE('',#1408,#1409,#330,.T.);
#1210=EDGE_CURVE('',#1410,#1409,#331,.T.);
#1211=EDGE_CURVE('',#1407,#1410,#332,.T.);
#1212=EDGE_CURVE('',#1389,#1392,#333,.F.);
#1213=EDGE_CURVE('',#1398,#1400,#334,.F.);
#1214=EDGE_CURVE('',#1393,#1387,#335,.T.);
#1215=EDGE_CURVE('',#1401,#1397,#336,.T.);
#1216=EDGE_CURVE('',#1411,#1407,#337,.T.);
#1217=EDGE_CURVE('',#1411,#1412,#338,.T.);
#1218=EDGE_CURVE('',#1412,#1408,#339,.T.);
#1219=EDGE_CURVE('',#1413,#1410,#340,.T.);
#1220=EDGE_CURVE('',#1413,#1411,#341,.F.);
#1221=EDGE_CURVE('',#1414,#1409,#342,.T.);
#1222=EDGE_CURVE('',#1414,#1413,#343,.F.);
#1223=EDGE_CURVE('',#1412,#1414,#344,.T.);
#1224=EDGE_CURVE('',#1415,#1416,#345,.T.);
#1225=EDGE_CURVE('',#1416,#1417,#346,.T.);
#1226=EDGE_CURVE('',#1417,#1418,#347,.F.);
#1227=EDGE_CURVE('',#1418,#1415,#348,.F.);
#1228=EDGE_CURVE('',#1419,#1403,#349,.T.);
#1229=EDGE_CURVE('',#1419,#1420,#350,.T.);
#1230=EDGE_CURVE('',#1420,#1404,#351,.T.);
#1231=EDGE_CURVE('',#1421,#1406,#352,.T.);
#1232=EDGE_CURVE('',#1421,#1419,#353,.F.);
#1233=EDGE_CURVE('',#1422,#1405,#354,.T.);
#1234=EDGE_CURVE('',#1422,#1421,#355,.F.);
#1235=EDGE_CURVE('',#1420,#1422,#356,.T.);
#1236=EDGE_CURVE('',#1423,#1424,#357,.T.);
#1237=EDGE_CURVE('',#1424,#1425,#358,.T.);
#1238=EDGE_CURVE('',#1425,#1426,#359,.F.);
#1239=EDGE_CURVE('',#1426,#1423,#360,.F.);
#1240=EDGE_CURVE('',#1416,#1413,#15,.F.);
#1241=EDGE_CURVE('',#1411,#1415,#16,.T.);
#1242=EDGE_CURVE('',#1412,#1418,#17,.T.);
#1243=EDGE_CURVE('',#1417,#1414,#18,.F.);
#1244=EDGE_CURVE('',#1424,#1421,#19,.F.);
#1245=EDGE_CURVE('',#1419,#1423,#20,.T.);
#1246=EDGE_CURVE('',#1420,#1426,#21,.T.);
#1247=EDGE_CURVE('',#1425,#1422,#22,.F.);
#1248=EDGE_CURVE('',#1427,#1428,#1499,.T.);
#1249=EDGE_CURVE('',#1429,#1428,#361,.T.);
#1250=EDGE_CURVE('',#1430,#1429,#1500,.T.);
#1251=EDGE_CURVE('',#1430,#1427,#362,.T.);
#1252=EDGE_CURVE('',#1428,#1427,#1501,.T.);
#1253=EDGE_CURVE('',#1429,#1430,#1502,.T.);
#1254=EDGE_CURVE('',#1431,#1432,#363,.T.);
#1255=EDGE_CURVE('',#1431,#1433,#88,.F.);
#1256=EDGE_CURVE('',#1433,#1434,#364,.T.);
#1257=EDGE_CURVE('',#1434,#1432,#89,.T.);
#1258=EDGE_CURVE('',#1433,#1431,#1503,.T.);
#1259=EDGE_CURVE('',#1432,#1434,#23,.T.);
#1260=EDGE_CURVE('',#1435,#1436,#1504,.T.);
#1261=EDGE_CURVE('',#1436,#1435,#90,.T.);
#1262=EDGE_CURVE('',#1431,#1435,#1505,.T.);
#1263=EDGE_CURVE('',#1436,#1433,#1506,.F.);
#1264=VERTEX_POINT('',#3058);
#1265=VERTEX_POINT('',#3059);
#1266=VERTEX_POINT('',#3061);
#1267=VERTEX_POINT('',#3076);
#1268=VERTEX_POINT('',#3113);
#1269=VERTEX_POINT('',#3114);
#1270=VERTEX_POINT('',#3116);
#1271=VERTEX_POINT('',#3118);
#1272=VERTEX_POINT('',#3122);
#1273=VERTEX_POINT('',#3124);
#1274=VERTEX_POINT('',#3128);
#1275=VERTEX_POINT('',#3130);
#1276=VERTEX_POINT('',#3134);
#1277=VERTEX_POINT('',#3136);
#1278=VERTEX_POINT('',#3140);
#1279=VERTEX_POINT('',#3142);
#1280=VERTEX_POINT('',#3146);
#1281=VERTEX_POINT('',#3148);
#1282=VERTEX_POINT('',#3152);
#1283=VERTEX_POINT('',#3154);
#1284=VERTEX_POINT('',#3164);
#1285=VERTEX_POINT('',#3165);
#1286=VERTEX_POINT('',#3175);
#1287=VERTEX_POINT('',#3184);
#1288=VERTEX_POINT('',#3186);
#1289=VERTEX_POINT('',#3196);
#1290=VERTEX_POINT('',#3352);
#1291=VERTEX_POINT('',#3353);
#1292=VERTEX_POINT('',#3355);
#1293=VERTEX_POINT('',#3375);
#1294=VERTEX_POINT('',#3491);
#1295=VERTEX_POINT('',#3492);
#1296=VERTEX_POINT('',#3494);
#1297=VERTEX_POINT('',#3508);
#1298=VERTEX_POINT('',#3559);
#1299=VERTEX_POINT('',#3560);
#1300=VERTEX_POINT('',#3562);
#1301=VERTEX_POINT('',#3571);
#1302=VERTEX_POINT('',#3706);
#1303=VERTEX_POINT('',#3708);
#1304=VERTEX_POINT('',#3711);
#1305=VERTEX_POINT('',#3714);
#1306=VERTEX_POINT('',#3760);
#1307=VERTEX_POINT('',#3775);
#1308=VERTEX_POINT('',#3863);
#1309=VERTEX_POINT('',#3864);
#1310=VERTEX_POINT('',#3866);
#1311=VERTEX_POINT('',#3881);
#1312=VERTEX_POINT('',#3916);
#1313=VERTEX_POINT('',#3918);
#1314=VERTEX_POINT('',#3921);
#1315=VERTEX_POINT('',#3924);
#1316=VERTEX_POINT('',#4006);
#1317=VERTEX_POINT('',#4007);
#1318=VERTEX_POINT('',#4009);
#1319=VERTEX_POINT('',#4024);
#1320=VERTEX_POINT('',#4059);
#1321=VERTEX_POINT('',#4061);
#1322=VERTEX_POINT('',#4062);
#1323=VERTEX_POINT('',#4064);
#1324=VERTEX_POINT('',#4066);
#1325=VERTEX_POINT('',#4070);
#1326=VERTEX_POINT('',#4075);
#1327=VERTEX_POINT('',#4082);
#1328=VERTEX_POINT('',#4087);
#1329=VERTEX_POINT('',#4095);
#1330=VERTEX_POINT('',#4096);
#1331=VERTEX_POINT('',#4098);
#1332=VERTEX_POINT('',#4100);
#1333=VERTEX_POINT('',#4173);
#1334=VERTEX_POINT('',#4175);
#1335=VERTEX_POINT('',#4178);
#1336=VERTEX_POINT('',#4181);
#1337=VERTEX_POINT('',#4191);
#1338=VERTEX_POINT('',#4192);
#1339=VERTEX_POINT('',#4198);
#1340=VERTEX_POINT('',#4200);
#1341=VERTEX_POINT('',#4206);
#1342=VERTEX_POINT('',#4212);
#1343=VERTEX_POINT('',#4216);
#1344=VERTEX_POINT('',#4218);
#1345=VERTEX_POINT('',#4227);
#1346=VERTEX_POINT('',#4233);
#1347=VERTEX_POINT('',#4235);
#1348=VERTEX_POINT('',#4241);
#1349=VERTEX_POINT('',#4260);
#1350=VERTEX_POINT('',#4261);
#1351=VERTEX_POINT('',#4263);
#1352=VERTEX_POINT('',#4265);
#1353=VERTEX_POINT('',#4269);
#1354=VERTEX_POINT('',#4270);
#1355=VERTEX_POINT('',#4276);
#1356=VERTEX_POINT('',#4278);
#1357=VERTEX_POINT('',#4289);
#1358=VERTEX_POINT('',#4291);
#1359=VERTEX_POINT('',#4299);
#1360=VERTEX_POINT('',#4300);
#1361=VERTEX_POINT('',#4305);
#1362=VERTEX_POINT('',#4306);
#1363=VERTEX_POINT('',#4317);
#1364=VERTEX_POINT('',#4319);
#1365=VERTEX_POINT('',#4343);
#1366=VERTEX_POINT('',#4344);
#1367=VERTEX_POINT('',#4346);
#1368=VERTEX_POINT('',#4348);
#1369=VERTEX_POINT('',#4352);
#1370=VERTEX_POINT('',#4353);
#1371=VERTEX_POINT('',#4358);
#1372=VERTEX_POINT('',#4359);
#1373=VERTEX_POINT('',#4364);
#1374=VERTEX_POINT('',#4365);
#1375=VERTEX_POINT('',#4370);
#1376=VERTEX_POINT('',#4371);
#1377=VERTEX_POINT('',#4379);
#1378=VERTEX_POINT('',#4380);
#1379=VERTEX_POINT('',#4382);
#1380=VERTEX_POINT('',#4384);
#1381=VERTEX_POINT('',#4386);
#1382=VERTEX_POINT('',#4388);
#1383=VERTEX_POINT('',#4444);
#1384=VERTEX_POINT('',#4445);
#1385=VERTEX_POINT('',#4447);
#1386=VERTEX_POINT('',#4456);
#1387=VERTEX_POINT('',#4567);
#1388=VERTEX_POINT('',#4568);
#1389=VERTEX_POINT('',#4574);
#1390=VERTEX_POINT('',#4576);
#1391=VERTEX_POINT('',#4580);
#1392=VERTEX_POINT('',#4581);
#1393=VERTEX_POINT('',#4587);
#1394=VERTEX_POINT('',#4589);
#1395=VERTEX_POINT('',#4593);
#1396=VERTEX_POINT('',#4595);
#1397=VERTEX_POINT('',#4599);
#1398=VERTEX_POINT('',#4605);
#1399=VERTEX_POINT('',#4609);
#1400=VERTEX_POINT('',#4610);
#1401=VERTEX_POINT('',#4616);
#1402=VERTEX_POINT('',#4618);
#1403=VERTEX_POINT('',#4625);
#1404=VERTEX_POINT('',#4626);
#1405=VERTEX_POINT('',#4628);
#1406=VERTEX_POINT('',#4630);
#1407=VERTEX_POINT('',#4633);
#1408=VERTEX_POINT('',#4634);
#1409=VERTEX_POINT('',#4636);
#1410=VERTEX_POINT('',#4638);
#1411=VERTEX_POINT('',#4649);
#1412=VERTEX_POINT('',#4651);
#1413=VERTEX_POINT('',#4655);
#1414=VERTEX_POINT('',#4659);
#1415=VERTEX_POINT('',#4665);
#1416=VERTEX_POINT('',#4666);
#1417=VERTEX_POINT('',#4668);
#1418=VERTEX_POINT('',#4670);
#1419=VERTEX_POINT('',#4674);
#1420=VERTEX_POINT('',#4676);
#1421=VERTEX_POINT('',#4680);
#1422=VERTEX_POINT('',#4684);
#1423=VERTEX_POINT('',#4690);
#1424=VERTEX_POINT('',#4691);
#1425=VERTEX_POINT('',#4693);
#1426=VERTEX_POINT('',#4695);
#1427=VERTEX_POINT('',#4801);
#1428=VERTEX_POINT('',#4802);
#1429=VERTEX_POINT('',#4804);
#1430=VERTEX_POINT('',#4818);
#1431=VERTEX_POINT('',#4855);
#1432=VERTEX_POINT('',#4856);
#1433=VERTEX_POINT('',#4858);
#1434=VERTEX_POINT('',#4860);
#1435=VERTEX_POINT('',#4928);
#1436=VERTEX_POINT('',#4929);
#1437=B_SPLINE_CURVE_WITH_KNOTS('',3,(#3044,#3045,#3046,#3047,#3048,#3049,
#3050,#3051,#3052,#3053,#3054,#3055,#3056,#3057),.UNSPECIFIED.,.F.,.F.,
(4,1,1,1,1,1,1,1,1,1,1,4),(0.0170587108108452,0.0689565803204548,0.143884073608518,
0.240237648245763,0.34488227864205,0.445176721194603,0.519186360531116,
0.621506856236478,0.717337356239644,0.810494902533571,0.895917246256741,
0.924415525604251),.UNSPECIFIED.);
#1438=B_SPLINE_CURVE_WITH_KNOTS('',3,(#3062,#3063,#3064,#3065,#3066,#3067,
#3068,#3069,#3070,#3071,#3072,#3073,#3074,#3075),.UNSPECIFIED.,.F.,.F.,
(4,1,1,1,1,1,1,1,1,1,1,4),(0.0170587108108452,0.0689565803204548,0.143884073608518,
0.240237648245763,0.34488227864205,0.445176721194603,0.519186360531116,
0.621506856236478,0.717337356239644,0.810494902533571,0.895917246256741,
0.924415525604251),.UNSPECIFIED.);
#1439=B_SPLINE_CURVE_WITH_KNOTS('',3,(#3092,#3093,#3094,#3095,#3096,#3097,
#3098,#3099),.UNSPECIFIED.,.F.,.F.,(4,1,3,4),(0.924415525604251,0.955058816962863,
1.,1.01705871081084),.UNSPECIFIED.);
#1440=B_SPLINE_CURVE_WITH_KNOTS('',3,(#3100,#3101,#3102,#3103,#3104,#3105,
#3106,#3107),.UNSPECIFIED.,.F.,.F.,(4,1,3,4),(0.924415525604251,0.955058816962863,
1.,1.01705871081084),.UNSPECIFIED.);
#1441=B_SPLINE_CURVE_WITH_KNOTS('',3,(#3166,#3167,#3168,#3169,#3170,#3171,
#3172,#3173,#3174),.UNSPECIFIED.,.F.,.F.,(4,1,1,1,1,1,4),(0.,0.00204689942883599,
0.00409379885767198,0.00511724857208998,0.00614069828650797,0.00716414800092597,
0.00818759771534396),.UNSPECIFIED.);
#1442=B_SPLINE_CURVE_WITH_KNOTS('',3,(#3176,#3177,#3178,#3179,#3180,#3181,
#3182,#3183),.UNSPECIFIED.,.F.,.F.,(4,1,1,1,1,4),(0.00045563325237269,0.00149608482235227,
0.00253653639233186,0.00461743953229102,0.00669834267225019,0.00877924581220936),
 .UNSPECIFIED.);
#1443=B_SPLINE_CURVE_WITH_KNOTS('',3,(#3187,#3188,#3189,#3190,#3191,#3192,
#3193,#3194,#3195),.UNSPECIFIED.,.F.,.F.,(4,1,1,1,1,1,4),(0.,0.00204689942883599,
0.00409379885767198,0.00511724857208997,0.00614069828650797,0.00716414800092596,
0.00818759771534396),.UNSPECIFIED.);
#1444=B_SPLINE_CURVE_WITH_KNOTS('',3,(#3197,#3198,#3199,#3200,#3201,#3202,
#3203,#3204),.UNSPECIFIED.,.F.,.F.,(4,1,1,1,1,4),(0.000455633252372629,
0.00149608482235208,0.00253653639233152,0.00461743953229042,0.00669834267224931,
0.00877924581220821),.UNSPECIFIED.);
#1445=B_SPLINE_CURVE_WITH_KNOTS('',3,(#3333,#3334,#3335,#3336,#3337,#3338,
#3339,#3340,#3341,#3342,#3343,#3344,#3345,#3346,#3347,#3348,#3349,#3350,
#3351),.UNSPECIFIED.,.F.,.F.,(4,1,1,1,1,1,1,1,1,1,1,1,1,1,1,1,4),(0.0376407262173448,
0.0437173493897913,0.0972011581864294,0.165836986137447,0.225133783559278,
0.284790122724486,0.349071731902359,0.408949244666904,0.463845563833263,
0.502584566321669,0.563877209194427,0.622962497063854,0.687289059366286,
0.751483107721007,0.817023396841312,0.885494263006303,0.933080136421607),
 .UNSPECIFIED.);
#1446=B_SPLINE_CURVE_WITH_KNOTS('',3,(#3356,#3357,#3358,#3359,#3360,#3361,
#3362,#3363,#3364,#3365,#3366,#3367,#3368,#3369,#3370,#3371,#3372,#3373,
#3374),.UNSPECIFIED.,.F.,.F.,(4,1,1,1,1,1,1,1,1,1,1,1,1,1,1,1,4),(0.0376407262173448,
0.0437173493897913,0.0972011581864294,0.165836986137447,0.225133783559278,
0.284790122724486,0.349071731902359,0.408949244666904,0.463845563833263,
0.502584566321669,0.563877209194427,0.622962497063854,0.687289059366286,
0.751483107721007,0.817023396841312,0.885494263006303,0.933080136421607),
 .UNSPECIFIED.);
#1447=B_SPLINE_CURVE_WITH_KNOTS('',3,(#3399,#3400,#3401,#3402,#3403,#3404,
#3405,#3406),.UNSPECIFIED.,.F.,.F.,(4,1,3,4),(0.933080136421607,0.939712827447024,
1.,1.03764072621734),.UNSPECIFIED.);
#1448=B_SPLINE_CURVE_WITH_KNOTS('',3,(#3407,#3408,#3409,#3410,#3411,#3412,
#3413,#3414),.UNSPECIFIED.,.F.,.F.,(4,1,3,4),(0.933080136421607,0.939712827447024,
1.,1.03764072621734),.UNSPECIFIED.);
#1449=B_SPLINE_CURVE_WITH_KNOTS('',3,(#3478,#3479,#3480,#3481,#3482,#3483,
#3484,#3485,#3486,#3487,#3488,#3489,#3490),.UNSPECIFIED.,.F.,.F.,(4,1,1,
1,1,1,1,1,1,1,4),(0.0275029789190196,0.079671127803563,0.198926141828118,
0.282509114238428,0.386002014042513,0.497706115970365,0.566280949778528,
0.699222984590397,0.751454964096121,0.869315459090306,0.951015578801999),
 .UNSPECIFIED.);
#1450=B_SPLINE_CURVE_WITH_KNOTS('',3,(#3495,#3496,#3497,#3498,#3499,#3500,
#3501,#3502,#3503,#3504,#3505,#3506,#3507),.UNSPECIFIED.,.F.,.F.,(4,1,1,
1,1,1,1,1,1,1,4),(0.0275029789190196,0.079671127803563,0.198926141828118,
0.282509114238428,0.386002014042513,0.497706115970365,0.566280949778528,
0.699222984590397,0.751454964096121,0.869315459090306,0.951015578801999),
 .UNSPECIFIED.);
#1451=B_SPLINE_CURVE_WITH_KNOTS('',3,(#3520,#3521,#3522,#3523,#3524,#3525,
#3526),.UNSPECIFIED.,.F.,.F.,(4,3,4),(0.951015578801999,1.,1.02750297891902),
 .PIECEWISE_BEZIER_KNOTS.);
#1452=B_SPLINE_CURVE_WITH_KNOTS('',3,(#3527,#3528,#3529,#3530,#3531,#3532,
#3533),.UNSPECIFIED.,.F.,.F.,(4,3,4),(0.951015578801999,1.,1.02750297891902),
 .PIECEWISE_BEZIER_KNOTS.);
#1453=B_SPLINE_CURVE_WITH_KNOTS('',3,(#3551,#3552,#3553,#3554,#3555,#3556,
#3557,#3558),.UNSPECIFIED.,.F.,.F.,(4,3,1,4),(0.985630451614921,1.,1.0531543056768,
1.0678095741981),.UNSPECIFIED.);
#1454=B_SPLINE_CURVE_WITH_KNOTS('',3,(#3563,#3564,#3565,#3566,#3567,#3568,
#3569,#3570),.UNSPECIFIED.,.F.,.F.,(4,3,1,4),(0.985630451614921,1.,1.0531543056768,
1.0678095741981),.UNSPECIFIED.);
#1455=B_SPLINE_CURVE_WITH_KNOTS('',3,(#3667,#3668,#3669,#3670,#3671,#3672,
#3673,#3674,#3675,#3676,#3677,#3678,#3679,#3680,#3681,#3682,#3683),
 .UNSPECIFIED.,.F.,.F.,(4,1,1,1,1,1,1,1,1,1,1,1,1,1,4),(0.0678095741981045,
0.12344002740994,0.197668647177249,0.271421657183925,0.335787980293868,
0.405214169601395,0.471959711683048,0.520289864987212,0.590742630784752,
0.660598211934212,0.712179433255042,0.781016628305287,0.852486001223159,
0.921178406100551,0.985630451614921),.UNSPECIFIED.);
#1456=B_SPLINE_CURVE_WITH_KNOTS('',3,(#3684,#3685,#3686,#3687,#3688,#3689,
#3690,#3691,#3692,#3693,#3694,#3695,#3696,#3697,#3698,#3699,#3700),
 .UNSPECIFIED.,.F.,.F.,(4,1,1,1,1,1,1,1,1,1,1,1,1,1,4),(0.0678095741981045,
0.12344002740994,0.197668647177249,0.271421657183925,0.335787980293868,
0.405214169601395,0.471959711683048,0.520289864987212,0.590742630784752,
0.660598211934212,0.712179433255042,0.781016628305287,0.852486001223159,
0.921178406100551,0.985630451614921),.UNSPECIFIED.);
#1457=B_SPLINE_CURVE_WITH_KNOTS('',3,(#3746,#3747,#3748,#3749,#3750,#3751,
#3752,#3753,#3754,#3755,#3756,#3757,#3758,#3759),.UNSPECIFIED.,.T.,.F.,
(1,3,1,1,1,1,1,1,1,1,1,1,3,1),(-0.0732127948926292,0.,0.092950173445705,
0.144265981436737,0.263177589196857,0.36730984061571,0.468261305527937,
0.521602057691682,0.593759805667549,0.732385446235403,0.832001118591655,
0.926787205107371,1.,1.0929501734457),.UNSPECIFIED.);
#1458=B_SPLINE_CURVE_WITH_KNOTS('',3,(#3761,#3762,#3763,#3764,#3765,#3766,
#3767,#3768,#3769,#3770,#3771,#3772,#3773,#3774),.UNSPECIFIED.,.T.,.F.,
(1,3,1,1,1,1,1,1,1,1,1,1,3,1),(-0.0732127948926292,0.,0.092950173445705,
0.144265981436737,0.263177589196857,0.36730984061571,0.468261305527937,
0.521602057691682,0.593759805667549,0.732385446235403,0.832001118591655,
0.926787205107371,1.,1.0929501734457),.UNSPECIFIED.);
#1459=B_SPLINE_CURVE_WITH_KNOTS('',3,(#3849,#3850,#3851,#3852,#3853,#3854,
#3855,#3856,#3857,#3858,#3859,#3860,#3861,#3862),.UNSPECIFIED.,.F.,.F.,
(4,1,1,1,1,1,1,1,1,1,1,4),(0.0451519902317624,0.057523714430428,0.165275433156606,
0.259871968315551,0.362269094098701,0.459671553375766,0.545624106911724,
0.655816063086317,0.736726154048161,0.829772563358143,0.943498589125075,
0.944612220669482),.UNSPECIFIED.);
#1460=B_SPLINE_CURVE_WITH_KNOTS('',3,(#3867,#3868,#3869,#3870,#3871,#3872,
#3873,#3874,#3875,#3876,#3877,#3878,#3879,#3880),.UNSPECIFIED.,.F.,.F.,
(4,1,1,1,1,1,1,1,1,1,1,4),(0.0451519902317624,0.057523714430428,0.165275433156606,
0.259871968315551,0.362269094098701,0.459671553375766,0.545624106911724,
0.655816063086317,0.736726154048161,0.829772563358143,0.943498589125075,
0.944612220669482),.UNSPECIFIED.);
#1461=B_SPLINE_CURVE_WITH_KNOTS('',3,(#3897,#3898,#3899,#3900,#3901,#3902,
#3903),.UNSPECIFIED.,.F.,.F.,(4,3,4),(0.944612220669482,1.,1.04515199023176),
 .PIECEWISE_BEZIER_KNOTS.);
#1462=B_SPLINE_CURVE_WITH_KNOTS('',3,(#3904,#3905,#3906,#3907,#3908,#3909,
#3910),.UNSPECIFIED.,.F.,.F.,(4,3,4),(0.944612220669482,1.,1.04515199023176),
 .PIECEWISE_BEZIER_KNOTS.);
#1463=B_SPLINE_CURVE_WITH_KNOTS('',3,(#3992,#3993,#3994,#3995,#3996,#3997,
#3998,#3999,#4000,#4001,#4002,#4003,#4004,#4005),.UNSPECIFIED.,.F.,.F.,
(4,1,1,1,1,1,1,1,1,1,1,4),(0.0385300871995021,0.107371231908429,0.187990205382586,
0.28482858852052,0.369721191082787,0.478576333477878,0.558251881555305,
0.60684792881261,0.718042412965588,0.810303028695504,0.903709687180899,
0.91093036820489),.UNSPECIFIED.);
#1464=B_SPLINE_CURVE_WITH_KNOTS('',3,(#4010,#4011,#4012,#4013,#4014,#4015,
#4016,#4017,#4018,#4019,#4020,#4021,#4022,#4023),.UNSPECIFIED.,.F.,.F.,
(4,1,1,1,1,1,1,1,1,1,1,4),(0.0385300871995021,0.107371231908429,0.187990205382586,
0.28482858852052,0.369721191082787,0.478576333477878,0.558251881555305,
0.60684792881261,0.718042412965588,0.810303028695504,0.903709687180899,
0.91093036820489),.UNSPECIFIED.);
#1465=B_SPLINE_CURVE_WITH_KNOTS('',3,(#4040,#4041,#4042,#4043,#4044,#4045,
#4046),.UNSPECIFIED.,.F.,.F.,(4,3,4),(0.91093036820489,1.,1.0385300871995),
 .PIECEWISE_BEZIER_KNOTS.);
#1466=B_SPLINE_CURVE_WITH_KNOTS('',3,(#4047,#4048,#4049,#4050,#4051,#4052,
#4053),.UNSPECIFIED.,.F.,.F.,(4,3,4),(0.91093036820489,1.,1.0385300871995),
 .PIECEWISE_BEZIER_KNOTS.);
#1467=B_SPLINE_CURVE_WITH_KNOTS('',3,(#4071,#4072,#4073,#4074),
 .UNSPECIFIED.,.F.,.F.,(4,4),(1.99272335777817E-7,0.000486800026204362),
 .UNSPECIFIED.);
#1468=B_SPLINE_CURVE_WITH_KNOTS('',3,(#4076,#4077,#4078,#4079),
 .UNSPECIFIED.,.F.,.F.,(4,4),(1.98213002349022E-7,0.000489395985948675),
 .UNSPECIFIED.);
#1469=B_SPLINE_CURVE_WITH_KNOTS('',3,(#4144,#4145,#4146,#4147,#4148,#4149,
#4150,#4151,#4152,#4153,#4154,#4155),.UNSPECIFIED.,.F.,.F.,(4,1,1,1,1,1,
3,4),(0.0575827407336967,0.136595883021527,0.284029577414419,0.451442234743671,
0.598563782675829,0.823154326300561,1.,1.0513992509213),.UNSPECIFIED.);
#1470=B_SPLINE_CURVE_WITH_KNOTS('',3,(#4156,#4157,#4158,#4159,#4160,#4161,
#4162,#4163,#4164,#4165,#4166,#4167),.UNSPECIFIED.,.F.,.F.,(4,1,1,1,1,1,
3,4),(0.0575827407336967,0.136595883021527,0.284029577414419,0.451442234743671,
0.598563782675829,0.823154326300561,1.,1.0513992509213),.UNSPECIFIED.);
#1471=B_SPLINE_CURVE_WITH_KNOTS('',3,(#4186,#4187,#4188,#4189,#4190),
 .UNSPECIFIED.,.F.,.F.,(4,1,4),(0.,0.0017470420633928,0.0034940841267856),
 .UNSPECIFIED.);
#1472=B_SPLINE_CURVE_WITH_KNOTS('',3,(#4193,#4194,#4195,#4196,#4197),
 .UNSPECIFIED.,.F.,.F.,(4,1,4),(0.000470342592032633,0.00230410511150737,
0.0041378676309821),.UNSPECIFIED.);
#1473=B_SPLINE_CURVE_WITH_KNOTS('',3,(#4201,#4202,#4203,#4204,#4205),
 .UNSPECIFIED.,.F.,.F.,(4,1,4),(0.,0.00183593840161328,0.00367187680322657),
 .UNSPECIFIED.);
#1474=B_SPLINE_CURVE_WITH_KNOTS('',3,(#4207,#4208,#4209,#4210,#4211),
 .UNSPECIFIED.,.F.,.F.,(4,1,4),(0.00048215654921697,0.00222837724819838,
0.00397459794717979),.UNSPECIFIED.);
#1475=B_SPLINE_CURVE_WITH_KNOTS('',3,(#4221,#4222,#4223,#4224,#4225,#4226),
 .UNSPECIFIED.,.F.,.F.,(4,1,1,4),(0.,0.000953292073922437,0.00190658414784487,
0.00381316829568975),.UNSPECIFIED.);
#1476=B_SPLINE_CURVE_WITH_KNOTS('',3,(#4228,#4229,#4230,#4231,#4232),
 .UNSPECIFIED.,.F.,.F.,(4,1,4),(0.000498607806765133,0.00221891799857606,
0.00393922819038699),.UNSPECIFIED.);
#1477=B_SPLINE_CURVE_WITH_KNOTS('',3,(#4236,#4237,#4238,#4239,#4240),
 .UNSPECIFIED.,.F.,.F.,(4,1,4),(0.,0.00172053043580708,0.00344106087161417),
 .UNSPECIFIED.);
#1478=B_SPLINE_CURVE_WITH_KNOTS('',3,(#4242,#4243,#4244,#4245,#4246,#4247),
 .UNSPECIFIED.,.F.,.F.,(4,1,1,4),(0.000476274175690273,0.0023708490984095,
0.00331813655976911,0.00426542402112873),.UNSPECIFIED.);
#1479=B_SPLINE_CURVE_WITH_KNOTS('',3,(#4271,#4272,#4273,#4274,#4275),
 .UNSPECIFIED.,.F.,.F.,(4,1,4),(0.,0.000755173554301035,0.00151034710860207),
 .UNSPECIFIED.);
#1480=B_SPLINE_CURVE_WITH_KNOTS('',3,(#4279,#4280,#4281,#4282,#4283),
 .UNSPECIFIED.,.F.,.F.,(4,1,4),(0.,0.000765236184475373,0.00153047236895075),
 .UNSPECIFIED.);
#1481=B_SPLINE_CURVE_WITH_KNOTS('',3,(#4284,#4285,#4286,#4287,#4288),
 .UNSPECIFIED.,.F.,.F.,(4,1,4),(0.,0.000765228389009187,0.00153045677801837),
 .UNSPECIFIED.);
#1482=B_SPLINE_CURVE_WITH_KNOTS('',3,(#4292,#4293,#4294,#4295,#4296),
 .UNSPECIFIED.,.F.,.F.,(4,1,4),(0.,0.00075518709537741,0.00151037419075482),
 .UNSPECIFIED.);
#1483=B_SPLINE_CURVE_WITH_KNOTS('',3,(#4307,#4308,#4309,#4310,#4311),
 .UNSPECIFIED.,.F.,.F.,(4,1,4),(0.,0.00075471561096634,0.00150943122193268),
 .UNSPECIFIED.);
#1484=B_SPLINE_CURVE_WITH_KNOTS('',3,(#4312,#4313,#4314,#4315,#4316),
 .UNSPECIFIED.,.F.,.F.,(4,1,4),(0.,0.000754716195142327,0.00150943239028465),
 .UNSPECIFIED.);
#1485=B_SPLINE_CURVE_WITH_KNOTS('',3,(#4320,#4321,#4322,#4323,#4324),
 .UNSPECIFIED.,.F.,.F.,(4,1,4),(0.,0.000754480994339547,0.00150896198867909),
 .UNSPECIFIED.);
#1486=B_SPLINE_CURVE_WITH_KNOTS('',3,(#4325,#4326,#4327,#4328,#4329),
 .UNSPECIFIED.,.F.,.F.,(4,1,4),(0.,0.000754480861492645,0.00150896172298529),
 .UNSPECIFIED.);
#1487=B_SPLINE_CURVE_WITH_KNOTS('',3,(#4393,#4394,#4395,#4396,#4397),
 .UNSPECIFIED.,.F.,.F.,(4,1,4),(0.,0.00163573155131275,0.0032714631026255),
 .UNSPECIFIED.);
#1488=B_SPLINE_CURVE_WITH_KNOTS('',3,(#4399,#4400,#4401,#4402,#4403,#4404),
 .UNSPECIFIED.,.F.,.F.,(4,1,1,4),(0.,0.000895623987771681,0.00179124797554336,
0.00358249595108672),.UNSPECIFIED.);
#1489=B_SPLINE_CURVE_WITH_KNOTS('',3,(#4408,#4409,#4410,#4411,#4412,#4413),
 .UNSPECIFIED.,.F.,.F.,(4,1,1,4),(0.,0.000910491402636343,0.00182098280527269,
0.00364196561054537),.UNSPECIFIED.);
#1490=B_SPLINE_CURVE_WITH_KNOTS('',3,(#4415,#4416,#4417,#4418,#4419),
 .UNSPECIFIED.,.F.,.F.,(4,1,4),(0.,0.00163968476207683,0.00327936952415366),
 .UNSPECIFIED.);
#1491=B_SPLINE_CURVE_WITH_KNOTS('',3,(#4436,#4437,#4438,#4439,#4440,#4441,
#4442,#4443),.UNSPECIFIED.,.F.,.F.,(4,3,1,4),(0.980649639392229,1.,1.0500486272674,
1.07271224372974),.UNSPECIFIED.);
#1492=B_SPLINE_CURVE_WITH_KNOTS('',3,(#4448,#4449,#4450,#4451,#4452,#4453,
#4454,#4455),.UNSPECIFIED.,.F.,.F.,(4,3,1,4),(0.980649639392229,1.,1.0500486272674,
1.07271224372974),.UNSPECIFIED.);
#1493=B_SPLINE_CURVE_WITH_KNOTS('',3,(#4532,#4533,#4534,#4535,#4536,#4537,
#4538,#4539,#4540,#4541,#4542,#4543,#4544,#4545,#4546),.UNSPECIFIED.,.F.,
 .F.,(4,1,1,1,1,1,1,1,1,1,1,1,4),(0.0727122437297409,0.123255047424813,
0.209278053433357,0.301204732520223,0.394639105997302,0.469255176002582,
0.511606269629258,0.57106798024892,0.646621246929124,0.728975148939867,
0.835751206873782,0.919650866412913,0.980649639392229),.UNSPECIFIED.);
#1494=B_SPLINE_CURVE_WITH_KNOTS('',3,(#4547,#4548,#4549,#4550,#4551,#4552,
#4553,#4554,#4555,#4556,#4557,#4558,#4559,#4560,#4561),.UNSPECIFIED.,.F.,
 .F.,(4,1,1,1,1,1,1,1,1,1,1,1,4),(0.0727122437297409,0.123255047424813,
0.209278053433357,0.301204732520223,0.394639105997302,0.469255176002582,
0.511606269629258,0.57106798024892,0.646621246929124,0.728975148939867,
0.835751206873782,0.919650866412913,0.980649639392229),.UNSPECIFIED.);
#1495=B_SPLINE_CURVE_WITH_KNOTS('',3,(#4569,#4570,#4571,#4572,#4573),
 .UNSPECIFIED.,.F.,.F.,(4,1,4),(0.,0.00233137892234078,0.00466275784468155),
 .UNSPECIFIED.);
#1496=B_SPLINE_CURVE_WITH_KNOTS('',3,(#4582,#4583,#4584,#4585,#4586),
 .UNSPECIFIED.,.F.,.F.,(4,1,4),(0.,0.00230153365088298,0.00460306730176596),
 .UNSPECIFIED.);
#1497=B_SPLINE_CURVE_WITH_KNOTS('',3,(#4600,#4601,#4602,#4603,#4604),
 .UNSPECIFIED.,.F.,.F.,(4,1,4),(0.,0.00231368674526436,0.00462737349052872),
 .UNSPECIFIED.);
#1498=B_SPLINE_CURVE_WITH_KNOTS('',3,(#4611,#4612,#4613,#4614,#4615),
 .UNSPECIFIED.,.F.,.F.,(4,1,4),(1.0842021724855E-19,0.00232267401961159,
0.00464534803922318),.UNSPECIFIED.);
#1499=B_SPLINE_CURVE_WITH_KNOTS('',3,(#4788,#4789,#4790,#4791,#4792,#4793,
#4794,#4795,#4796,#4797,#4798,#4799,#4800),.UNSPECIFIED.,.F.,.F.,(4,1,1,
1,1,1,1,1,1,1,4),(0.0393168069910444,0.0721468488393973,0.176009045998776,
0.284348882656462,0.382162100629474,0.464772466069879,0.555767700506972,
0.662776073742057,0.771781992690578,0.880438035296374,0.934763720037936),
 .UNSPECIFIED.);
#1500=B_SPLINE_CURVE_WITH_KNOTS('',3,(#4805,#4806,#4807,#4808,#4809,#4810,
#4811,#4812,#4813,#4814,#4815,#4816,#4817),.UNSPECIFIED.,.F.,.F.,(4,1,1,
1,1,1,1,1,1,1,4),(0.0393168069910444,0.0721468488393973,0.176009045998776,
0.284348882656462,0.382162100629474,0.464772466069879,0.555767700506972,
0.662776073742057,0.771781992690578,0.880438035296374,0.934763720037936),
 .UNSPECIFIED.);
#1501=B_SPLINE_CURVE_WITH_KNOTS('',3,(#4834,#4835,#4836,#4837,#4838,#4839,
#4840,#4841),.UNSPECIFIED.,.F.,.F.,(4,1,3,4),(0.934763720037936,0.949302283173574,
1.,1.03931680699104),.UNSPECIFIED.);
#1502=B_SPLINE_CURVE_WITH_KNOTS('',3,(#4842,#4843,#4844,#4845,#4846,#4847,
#4848,#4849),.UNSPECIFIED.,.F.,.F.,(4,1,3,4),(0.934763720037936,0.949302283173574,
1.,1.03931680699104),.UNSPECIFIED.);
#1503=B_SPLINE_CURVE_WITH_KNOTS('',3,(#4884,#4885,#4886,#4887,#4888,#4889,
#4890,#4891,#4892,#4893,#4894,#4895,#4896,#4897,#4898,#4899),
 .UNSPECIFIED.,.F.,.F.,(4,1,1,1,1,1,1,1,1,1,1,1,1,4),(1.09713545893022E-17,
0.00155770824638289,0.00311541649276576,0.00467312473914864,0.00623083298553151,
0.00934624947829727,0.012461665971063,0.0155770824638288,0.0171347907102116,
0.0186924989565945,0.0202502072029774,0.0218079154493603,0.0233656236957432,
0.024923331942126),.UNSPECIFIED.);
#1504=B_SPLINE_CURVE_WITH_KNOTS('',3,(#4902,#4903,#4904,#4905,#4906,#4907,
#4908,#4909,#4910,#4911,#4912,#4913,#4914,#4915,#4916,#4917,#4918,#4919,
#4920,#4921,#4922,#4923,#4924,#4925,#4926,#4927),.UNSPECIFIED.,.F.,.F.,
(4,1,1,1,1,1,1,1,1,1,1,1,1,1,1,1,1,1,1,1,1,1,1,4),(0.,0.00058287304183509,
0.00116574608367018,0.00174861912550527,0.00233149216734036,0.00291436520917545,
0.00349723825101054,0.00408011129284563,0.00466298433468072,0.0058287304183509,
0.00699447650202108,0.00816022258569126,0.00932596866936144,0.0116574608367018,
0.012823206920372,0.0139889530040422,0.0151546990877123,0.0157375721295474,
0.0163204451713825,0.0169033182132176,0.0174861912550527,0.0177776277759702,
0.0180690642968878,0.0186519373387229),.UNSPECIFIED.);
#1505=B_SPLINE_CURVE_WITH_KNOTS('',3,(#5064,#5065,#5066,#5067,#5068),
 .UNSPECIFIED.,.F.,.F.,(4,1,4),(0.,0.00172768895410526,0.00345537790821051),
 .UNSPECIFIED.);
#1506=B_SPLINE_CURVE_WITH_KNOTS('',3,(#5069,#5070,#5071,#5072,#5073),
 .UNSPECIFIED.,.F.,.F.,(4,1,4),(0.,0.0016394149431069,0.00327882988621379),
 .UNSPECIFIED.);
#1507=EDGE_LOOP('',(#487,#488,#489,#490));
#1508=EDGE_LOOP('',(#491,#492,#493,#494));
#1509=EDGE_LOOP('',(#495,#496));
#1510=EDGE_LOOP('',(#497,#498));
#1511=EDGE_LOOP('',(#499,#500,#501,#502));
#1512=EDGE_LOOP('',(#503,#504,#505,#506));
#1513=EDGE_LOOP('',(#507,#508,#509,#510));
#1514=EDGE_LOOP('',(#511,#512,#513,#514));
#1515=EDGE_LOOP('',(#515,#516,#517,#518));
#1516=EDGE_LOOP('',(#519,#520,#521,#522));
#1517=EDGE_LOOP('',(#523,#524,#525,#526));
#1518=EDGE_LOOP('',(#527,#528,#529,#530,#531,#532,#533,#534));
#1519=EDGE_LOOP('',(#535,#536,#537,#538,#539,#540,#541,#542));
#1520=EDGE_LOOP('',(#543,#544,#545,#546));
#1521=EDGE_LOOP('',(#547,#548,#549,#550,#551,#552));
#1522=EDGE_LOOP('',(#553,#554));
#1523=EDGE_LOOP('',(#555,#556));
#1524=EDGE_LOOP('',(#557,#558,#559,#560));
#1525=EDGE_LOOP('',(#561,#562,#563,#564));
#1526=EDGE_LOOP('',(#565,#566,#567,#568));
#1527=EDGE_LOOP('',(#569,#570,#571,#572));
#1528=EDGE_LOOP('',(#573,#574));
#1529=EDGE_LOOP('',(#575,#576));
#1530=EDGE_LOOP('',(#577,#578,#579,#580));
#1531=EDGE_LOOP('',(#581,#582,#583,#584));
#1532=EDGE_LOOP('',(#585,#586));
#1533=EDGE_LOOP('',(#587,#588));
#1534=EDGE_LOOP('',(#589,#590,#591,#592));
#1535=EDGE_LOOP('',(#593,#594,#595,#596));
#1536=EDGE_LOOP('',(#597,#598));
#1537=EDGE_LOOP('',(#599,#600));
#1538=EDGE_LOOP('',(#601));
#1539=EDGE_LOOP('',(#602));
#1540=EDGE_LOOP('',(#603));
#1541=EDGE_LOOP('',(#604));
#1542=EDGE_LOOP('',(#605));
#1543=EDGE_LOOP('',(#606));
#1544=EDGE_LOOP('',(#607));
#1545=EDGE_LOOP('',(#608));
#1546=EDGE_LOOP('',(#609));
#1547=EDGE_LOOP('',(#610));
#1548=EDGE_LOOP('',(#611));
#1549=EDGE_LOOP('',(#612));
#1550=EDGE_LOOP('',(#613,#614,#615,#616));
#1551=EDGE_LOOP('',(#617,#618,#619,#620));
#1552=EDGE_LOOP('',(#621,#622));
#1553=EDGE_LOOP('',(#623,#624));
#1554=EDGE_LOOP('',(#625));
#1555=EDGE_LOOP('',(#626));
#1556=EDGE_LOOP('',(#627));
#1557=EDGE_LOOP('',(#628));
#1558=EDGE_LOOP('',(#629));
#1559=EDGE_LOOP('',(#630));
#1560=EDGE_LOOP('',(#631));
#1561=EDGE_LOOP('',(#632));
#1562=EDGE_LOOP('',(#633,#634,#635,#636));
#1563=EDGE_LOOP('',(#637,#638,#639,#640));
#1564=EDGE_LOOP('',(#641,#642));
#1565=EDGE_LOOP('',(#643,#644));
#1566=EDGE_LOOP('',(#645));
#1567=EDGE_LOOP('',(#646,#647,#648,#649));
#1568=EDGE_LOOP('',(#650));
#1569=EDGE_LOOP('',(#651,#652,#653));
#1570=EDGE_LOOP('',(#654));
#1571=EDGE_LOOP('',(#655));
#1572=EDGE_LOOP('',(#656));
#1573=EDGE_LOOP('',(#657));
#1574=EDGE_LOOP('',(#658,#659,#660,#661));
#1575=EDGE_LOOP('',(#662,#663,#664,#665));
#1576=EDGE_LOOP('',(#666,#667,#668));
#1577=EDGE_LOOP('',(#669,#670,#671,#672));
#1578=EDGE_LOOP('',(#673,#674,#675,#676));
#1579=EDGE_LOOP('',(#677,#678));
#1580=EDGE_LOOP('',(#679,#680));
#1581=EDGE_LOOP('',(#681));
#1582=EDGE_LOOP('',(#682));
#1583=EDGE_LOOP('',(#683));
#1584=EDGE_LOOP('',(#684));
#1585=EDGE_LOOP('',(#685));
#1586=EDGE_LOOP('',(#686));
#1587=EDGE_LOOP('',(#687));
#1588=EDGE_LOOP('',(#688));
#1589=EDGE_LOOP('',(#689,#690,#691,#692,#693,#694));
#1590=EDGE_LOOP('',(#695,#696,#697,#698));
#1591=EDGE_LOOP('',(#699,#700,#701,#702,#703,#704));
#1592=EDGE_LOOP('',(#705,#706,#707,#708));
#1593=EDGE_LOOP('',(#709,#710,#711,#712));
#1594=EDGE_LOOP('',(#713,#714,#715,#716));
#1595=EDGE_LOOP('',(#717,#718,#719,#720));
#1596=EDGE_LOOP('',(#721,#722,#723,#724));
#1597=EDGE_LOOP('',(#725,#726,#727,#728));
#1598=EDGE_LOOP('',(#729,#730,#731,#732,#733,#734,#735,#736));
#1599=EDGE_LOOP('',(#737,#738,#739,#740));
#1600=EDGE_LOOP('',(#741,#742,#743,#744,#745,#746,#747,#748));
#1601=EDGE_LOOP('',(#749,#750,#751,#752));
#1602=EDGE_LOOP('',(#753,#754,#755,#756));
#1603=EDGE_LOOP('',(#757,#758,#759,#760));
#1604=EDGE_LOOP('',(#761,#762,#763,#764));
#1605=EDGE_LOOP('',(#765,#766,#767,#768));
#1606=EDGE_LOOP('',(#769,#770,#771,#772));
#1607=EDGE_LOOP('',(#773,#774,#775,#776));
#1608=EDGE_LOOP('',(#777,#778,#779,#780));
#1609=EDGE_LOOP('',(#781,#782,#783,#784));
#1610=EDGE_LOOP('',(#785,#786,#787,#788));
#1611=EDGE_LOOP('',(#789,#790,#791,#792));
#1612=EDGE_LOOP('',(#793,#794,#795,#796));
#1613=EDGE_LOOP('',(#797,#798,#799,#800,#801,#802));
#1614=EDGE_LOOP('',(#803,#804,#805,#806,#807,#808));
#1615=EDGE_LOOP('',(#809,#810,#811,#812));
#1616=EDGE_LOOP('',(#813,#814,#815,#816));
#1617=EDGE_LOOP('',(#817,#818,#819,#820));
#1618=EDGE_LOOP('',(#821,#822,#823,#824));
#1619=EDGE_LOOP('',(#825,#826,#827,#828));
#1620=EDGE_LOOP('',(#829,#830,#831,#832));
#1621=EDGE_LOOP('',(#833,#834,#835,#836));
#1622=EDGE_LOOP('',(#837,#838,#839,#840));
#1623=EDGE_LOOP('',(#841,#842));
#1624=EDGE_LOOP('',(#843,#844));
#1625=EDGE_LOOP('',(#845,#846,#847,#848));
#1626=EDGE_LOOP('',(#849,#850,#851,#852));
#1627=EDGE_LOOP('',(#853,#854,#855,#856));
#1628=EDGE_LOOP('',(#857,#858,#859,#860));
#1629=EDGE_LOOP('',(#861,#862,#863,#864));
#1630=EDGE_LOOP('',(#865,#866,#867,#868));
#1631=EDGE_LOOP('',(#869,#870,#871,#872));
#1632=EDGE_LOOP('',(#873,#874,#875,#876));
#1633=EDGE_LOOP('',(#877,#878,#879,#880,#881,#882,#883,#884));
#1634=EDGE_LOOP('',(#885,#886,#887,#888,#889,#890,#891,#892));
#1635=EDGE_LOOP('',(#893,#894,#895,#896));
#1636=EDGE_LOOP('',(#897,#898,#899,#900));
#1637=EDGE_LOOP('',(#901,#902,#903,#904));
#1638=EDGE_LOOP('',(#905,#906,#907,#908));
#1639=EDGE_LOOP('',(#909,#910,#911,#912));
#1640=EDGE_LOOP('',(#913,#914,#915,#916));
#1641=EDGE_LOOP('',(#917,#918,#919,#920));
#1642=EDGE_LOOP('',(#921,#922,#923,#924));
#1643=EDGE_LOOP('',(#925,#926,#927,#928));
#1644=EDGE_LOOP('',(#929,#930,#931,#932));
#1645=EDGE_LOOP('',(#933,#934,#935,#936));
#1646=EDGE_LOOP('',(#937,#938,#939,#940));
#1647=EDGE_LOOP('',(#941,#942,#943,#944));
#1648=EDGE_LOOP('',(#945,#946,#947,#948));
#1649=EDGE_LOOP('',(#949,#950,#951,#952));
#1650=EDGE_LOOP('',(#953,#954,#955,#956));
#1651=EDGE_LOOP('',(#957,#958,#959,#960));
#1652=EDGE_LOOP('',(#961,#962,#963,#964));
#1653=EDGE_LOOP('',(#965,#966,#967,#968));
#1654=EDGE_LOOP('',(#969,#970,#971,#972));
#1655=EDGE_LOOP('',(#973,#974,#975,#976));
#1656=EDGE_LOOP('',(#977,#978,#979,#980));
#1657=EDGE_LOOP('',(#981,#982));
#1658=EDGE_LOOP('',(#983,#984));
#1659=EDGE_LOOP('',(#985,#986,#987,#988));
#1660=EDGE_LOOP('',(#989,#990,#991,#992));
#1661=EDGE_LOOP('',(#993,#994));
#1662=EDGE_LOOP('',(#995,#996));
#1663=EDGE_LOOP('',(#997,#998,#999,#1000));
#1664=EDGE_LOOP('',(#1001,#1002,#1003,#1004));
#1665=FACE_BOUND('',#1507,.T.);
#1666=FACE_BOUND('',#1508,.T.);
#1667=FACE_BOUND('',#1509,.T.);
#1668=FACE_BOUND('',#1510,.T.);
#1669=FACE_BOUND('',#1511,.T.);
#1670=FACE_BOUND('',#1512,.T.);
#1671=FACE_BOUND('',#1513,.T.);
#1672=FACE_BOUND('',#1514,.T.);
#1673=FACE_BOUND('',#1515,.T.);
#1674=FACE_BOUND('',#1516,.T.);
#1675=FACE_BOUND('',#1517,.T.);
#1676=FACE_BOUND('',#1518,.T.);
#1677=FACE_BOUND('',#1519,.T.);
#1678=FACE_BOUND('',#1520,.T.);
#1679=FACE_BOUND('',#1521,.T.);
#1680=FACE_BOUND('',#1522,.T.);
#1681=FACE_BOUND('',#1523,.T.);
#1682=FACE_BOUND('',#1524,.T.);
#1683=FACE_BOUND('',#1525,.T.);
#1684=FACE_BOUND('',#1526,.T.);
#1685=FACE_BOUND('',#1527,.T.);
#1686=FACE_BOUND('',#1528,.T.);
#1687=FACE_BOUND('',#1529,.T.);
#1688=FACE_BOUND('',#1530,.T.);
#1689=FACE_BOUND('',#1531,.T.);
#1690=FACE_BOUND('',#1532,.T.);
#1691=FACE_BOUND('',#1533,.T.);
#1692=FACE_BOUND('',#1534,.T.);
#1693=FACE_BOUND('',#1535,.T.);
#1694=FACE_BOUND('',#1536,.T.);
#1695=FACE_BOUND('',#1537,.T.);
#1696=FACE_BOUND('',#1538,.T.);
#1697=FACE_BOUND('',#1539,.T.);
#1698=FACE_BOUND('',#1540,.T.);
#1699=FACE_BOUND('',#1541,.T.);
#1700=FACE_BOUND('',#1542,.T.);
#1701=FACE_BOUND('',#1543,.T.);
#1702=FACE_BOUND('',#1544,.T.);
#1703=FACE_BOUND('',#1545,.T.);
#1704=FACE_BOUND('',#1546,.T.);
#1705=FACE_BOUND('',#1547,.T.);
#1706=FACE_BOUND('',#1548,.T.);
#1707=FACE_BOUND('',#1549,.T.);
#1708=FACE_BOUND('',#1550,.T.);
#1709=FACE_BOUND('',#1551,.T.);
#1710=FACE_BOUND('',#1552,.T.);
#1711=FACE_BOUND('',#1553,.T.);
#1712=FACE_BOUND('',#1554,.T.);
#1713=FACE_BOUND('',#1555,.T.);
#1714=FACE_BOUND('',#1556,.T.);
#1715=FACE_BOUND('',#1557,.T.);
#1716=FACE_BOUND('',#1558,.T.);
#1717=FACE_BOUND('',#1559,.T.);
#1718=FACE_BOUND('',#1560,.T.);
#1719=FACE_BOUND('',#1561,.T.);
#1720=FACE_BOUND('',#1562,.T.);
#1721=FACE_BOUND('',#1563,.T.);
#1722=FACE_BOUND('',#1564,.T.);
#1723=FACE_BOUND('',#1565,.T.);
#1724=FACE_BOUND('',#1566,.T.);
#1725=FACE_BOUND('',#1567,.T.);
#1726=FACE_BOUND('',#1568,.T.);
#1727=FACE_BOUND('',#1569,.T.);
#1728=FACE_BOUND('',#1570,.T.);
#1729=FACE_BOUND('',#1571,.T.);
#1730=FACE_BOUND('',#1572,.T.);
#1731=FACE_BOUND('',#1573,.T.);
#1732=FACE_BOUND('',#1574,.T.);
#1733=FACE_BOUND('',#1575,.T.);
#1734=FACE_BOUND('',#1576,.T.);
#1735=FACE_BOUND('',#1577,.T.);
#1736=FACE_BOUND('',#1578,.T.);
#1737=FACE_BOUND('',#1579,.T.);
#1738=FACE_BOUND('',#1580,.T.);
#1739=FACE_BOUND('',#1581,.T.);
#1740=FACE_BOUND('',#1582,.T.);
#1741=FACE_BOUND('',#1583,.T.);
#1742=FACE_BOUND('',#1584,.T.);
#1743=FACE_BOUND('',#1585,.T.);
#1744=FACE_BOUND('',#1586,.T.);
#1745=FACE_BOUND('',#1587,.T.);
#1746=FACE_BOUND('',#1588,.T.);
#1747=FACE_BOUND('',#1589,.T.);
#1748=FACE_BOUND('',#1590,.T.);
#1749=FACE_BOUND('',#1591,.T.);
#1750=FACE_BOUND('',#1592,.T.);
#1751=FACE_BOUND('',#1593,.T.);
#1752=FACE_BOUND('',#1594,.T.);
#1753=FACE_BOUND('',#1595,.T.);
#1754=FACE_BOUND('',#1596,.T.);
#1755=FACE_BOUND('',#1597,.T.);
#1756=FACE_BOUND('',#1598,.T.);
#1757=FACE_BOUND('',#1599,.T.);
#1758=FACE_BOUND('',#1600,.T.);
#1759=FACE_BOUND('',#1601,.T.);
#1760=FACE_BOUND('',#1602,.T.);
#1761=FACE_BOUND('',#1603,.T.);
#1762=FACE_BOUND('',#1604,.T.);
#1763=FACE_BOUND('',#1605,.T.);
#1764=FACE_BOUND('',#1606,.T.);
#1765=FACE_BOUND('',#1607,.T.);
#1766=FACE_BOUND('',#1608,.T.);
#1767=FACE_BOUND('',#1609,.T.);
#1768=FACE_BOUND('',#1610,.T.);
#1769=FACE_BOUND('',#1611,.T.);
#1770=FACE_BOUND('',#1612,.T.);
#1771=FACE_BOUND('',#1613,.T.);
#1772=FACE_BOUND('',#1614,.T.);
#1773=FACE_BOUND('',#1615,.T.);
#1774=FACE_BOUND('',#1616,.T.);
#1775=FACE_BOUND('',#1617,.T.);
#1776=FACE_BOUND('',#1618,.T.);
#1777=FACE_BOUND('',#1619,.T.);
#1778=FACE_BOUND('',#1620,.T.);
#1779=FACE_BOUND('',#1621,.T.);
#1780=FACE_BOUND('',#1622,.T.);
#1781=FACE_BOUND('',#1623,.T.);
#1782=FACE_BOUND('',#1624,.T.);
#1783=FACE_BOUND('',#1625,.T.);
#1784=FACE_BOUND('',#1626,.T.);
#1785=FACE_BOUND('',#1627,.T.);
#1786=FACE_BOUND('',#1628,.T.);
#1787=FACE_BOUND('',#1629,.T.);
#1788=FACE_BOUND('',#1630,.T.);
#1789=FACE_BOUND('',#1631,.T.);
#1790=FACE_BOUND('',#1632,.T.);
#1791=FACE_BOUND('',#1633,.T.);
#1792=FACE_BOUND('',#1634,.T.);
#1793=FACE_BOUND('',#1635,.T.);
#1794=FACE_BOUND('',#1636,.T.);
#1795=FACE_BOUND('',#1637,.T.);
#1796=FACE_BOUND('',#1638,.T.);
#1797=FACE_BOUND('',#1639,.T.);
#1798=FACE_BOUND('',#1640,.T.);
#1799=FACE_BOUND('',#1641,.T.);
#1800=FACE_BOUND('',#1642,.T.);
#1801=FACE_BOUND('',#1643,.T.);
#1802=FACE_BOUND('',#1644,.T.);
#1803=FACE_BOUND('',#1645,.T.);
#1804=FACE_BOUND('',#1646,.T.);
#1805=FACE_BOUND('',#1647,.T.);
#1806=FACE_BOUND('',#1648,.T.);
#1807=FACE_BOUND('',#1649,.T.);
#1808=FACE_BOUND('',#1650,.T.);
#1809=FACE_BOUND('',#1651,.T.);
#1810=FACE_BOUND('',#1652,.T.);
#1811=FACE_BOUND('',#1653,.T.);
#1812=FACE_BOUND('',#1654,.T.);
#1813=FACE_BOUND('',#1655,.T.);
#1814=FACE_BOUND('',#1656,.T.);
#1815=FACE_BOUND('',#1657,.T.);
#1816=FACE_BOUND('',#1658,.T.);
#1817=FACE_BOUND('',#1659,.T.);
#1818=FACE_BOUND('',#1660,.T.);
#1819=FACE_BOUND('',#1661,.T.);
#1820=FACE_BOUND('',#1662,.T.);
#1821=FACE_BOUND('',#1663,.T.);
#1822=FACE_BOUND('',#1664,.T.);
#1823=B_SPLINE_SURFACE_WITH_KNOTS('',3,1,((#2980,#2981),(#2982,#2983),(#2984,
#2985),(#2986,#2987),(#2988,#2989),(#2990,#2991),(#2992,#2993),(#2994,#2995),
(#2996,#2997),(#2998,#2999),(#3000,#3001),(#3002,#3003),(#3004,#3005),(#3006,
#3007),(#3008,#3009),(#3010,#3011),(#3012,#3013),(#3014,#3015),(#3016,#3017),
(#3018,#3019),(#3020,#3021),(#3022,#3023),(#3024,#3025),(#3026,#3027),(#3028,
#3029),(#3030,#3031),(#3032,#3033),(#3034,#3035),(#3036,#3037),(#3038,#3039),
(#3040,#3041),(#3042,#3043)),.SURF_OF_LINEAR_EXTRUSION.,.F.,.F.,.F.,(4,
1,1,1,1,1,1,1,1,1,1,1,1,1,1,1,1,1,1,1,1,1,1,1,1,1,1,1,1,4),(2,2),(0.0170587108108452,
0.0737685117354331,0.102123412197727,0.130478312660021,0.158833213122315,
0.187188113584609,0.215543014046903,0.243897914509197,0.300607715433785,
0.328962615896078,0.357317516358372,0.385672416820666,0.41402731728296,
0.442382217745254,0.470737118207548,0.499092018669842,0.527446919132136,
0.55580181959443,0.584156720056724,0.612511620519018,0.640866520981312,
0.669221421443606,0.6975763219059,0.725931222368194,0.754286122830487,0.810995923755075,
0.839350824217369,0.867705724679663,0.896060625141957,0.924415525604251),
(0.,1.),.UNSPECIFIED.);
#1824=B_SPLINE_SURFACE_WITH_KNOTS('',3,1,((#3078,#3079),(#3080,#3081),(#3082,
#3083),(#3084,#3085),(#3086,#3087),(#3088,#3089),(#3090,#3091)),
 .SURF_OF_LINEAR_EXTRUSION.,.F.,.F.,.F.,(4,1,1,1,4),(2,2),(0.924415525604251,
0.947576321905899,0.970737118207547,0.993897914509196,1.01705871081084),
(0.,1.),.UNSPECIFIED.);
#1825=B_SPLINE_SURFACE_WITH_KNOTS('',3,1,((#3213,#3214),(#3215,#3216),(#3217,
#3218),(#3219,#3220),(#3221,#3222),(#3223,#3224),(#3225,#3226),(#3227,#3228),
(#3229,#3230),(#3231,#3232),(#3233,#3234),(#3235,#3236),(#3237,#3238),(#3239,
#3240),(#3241,#3242),(#3243,#3244),(#3245,#3246),(#3247,#3248),(#3249,#3250),
(#3251,#3252),(#3253,#3254),(#3255,#3256),(#3257,#3258),(#3259,#3260),(#3261,
#3262),(#3263,#3264),(#3265,#3266),(#3267,#3268),(#3269,#3270),(#3271,#3272),
(#3273,#3274),(#3275,#3276),(#3277,#3278),(#3279,#3280),(#3281,#3282),(#3283,
#3284),(#3285,#3286),(#3287,#3288),(#3289,#3290),(#3291,#3292),(#3293,#3294),
(#3295,#3296),(#3297,#3298),(#3299,#3300),(#3301,#3302),(#3303,#3304),(#3305,
#3306),(#3307,#3308),(#3309,#3310),(#3311,#3312),(#3313,#3314),(#3315,#3316),
(#3317,#3318),(#3319,#3320),(#3321,#3322),(#3323,#3324),(#3325,#3326),(#3327,
#3328),(#3329,#3330),(#3331,#3332)),.SURF_OF_LINEAR_EXTRUSION.,.F.,.F.,
 .F.,(4,1,1,1,1,1,1,1,1,1,1,1,1,1,1,1,1,1,1,1,1,1,1,1,1,1,1,1,1,1,1,1,1,
1,1,1,1,1,1,1,1,1,1,1,1,1,1,1,1,1,1,1,1,1,1,1,1,4),(2,2),(0.0376407262173448,
0.0516319670017864,0.065623207786228,0.0936056893551112,0.107596930139553,
0.121588170923994,0.135579411708436,0.149570652492878,0.163561893277319,
0.177553134061761,0.205535615630644,0.219526856415086,0.233518097199527,
0.247509337983969,0.26150057876841,0.275491819552852,0.289483060337294,
0.303474301121735,0.317465541906177,0.331456782690618,0.34544802347506,
0.359439264259501,0.373430505043943,0.387421745828385,0.401412986612826,
0.415404227397268,0.429395468181709,0.457377949750593,0.471369190535034,
0.485360431319476,0.499351672103918,0.513342912888359,0.541325394457242,
0.555316635241684,0.569307876026125,0.597290357595009,0.625272839163892,
0.639264079948333,0.653255320732775,0.667246561517217,0.681237802301658,
0.6952290430861,0.709220283870541,0.723211524654983,0.737202765439425,0.751194006223866,
0.765185247008308,0.779176487792749,0.793167728577191,0.807158969361633,
0.821150210146074,0.835141450930516,0.849132691714957,0.863123932499399,
0.87711517328384,0.891106414068282,0.905097654852724,0.933080136421607),
(0.,1.),.UNSPECIFIED.);
#1826=B_SPLINE_SURFACE_WITH_KNOTS('',3,1,((#3377,#3378),(#3379,#3380),(#3381,
#3382),(#3383,#3384),(#3385,#3386),(#3387,#3388),(#3389,#3390),(#3391,#3392),
(#3393,#3394),(#3395,#3396),(#3397,#3398)),.SURF_OF_LINEAR_EXTRUSION.,.F.,
 .F.,.F.,(4,1,1,1,1,1,1,1,4),(2,2),(0.933080136421607,0.946150210146074,
0.959220283870541,0.972290357595008,0.985360431319475,0.998430505043943,
1.01150057876841,1.02457065249288,1.03764072621734),(0.,1.),
 .UNSPECIFIED.);
#1827=B_SPLINE_SURFACE_WITH_KNOTS('',3,1,((#3418,#3419),(#3420,#3421),(#3422,
#3423),(#3424,#3425),(#3426,#3427),(#3428,#3429),(#3430,#3431),(#3432,#3433),
(#3434,#3435),(#3436,#3437),(#3438,#3439),(#3440,#3441),(#3442,#3443),(#3444,
#3445),(#3446,#3447),(#3448,#3449),(#3450,#3451),(#3452,#3453),(#3454,#3455),
(#3456,#3457),(#3458,#3459),(#3460,#3461),(#3462,#3463),(#3464,#3465),(#3466,
#3467),(#3468,#3469),(#3470,#3471),(#3472,#3473),(#3474,#3475),(#3476,#3477)),
 .SURF_OF_LINEAR_EXTRUSION.,.F.,.F.,.F.,(4,1,1,1,1,1,1,1,1,1,1,1,1,1,1,
1,1,1,1,1,1,1,1,1,1,1,1,4),(2,2),(0.0275029789190196,0.0852225164117058,
0.142942053904392,0.200661591397078,0.229521360143421,0.258381128889764,
0.287240897636108,0.316100666382451,0.373820203875137,0.40267997262148,
0.431539741367823,0.460399510114166,0.489259278860509,0.518119047606852,
0.546978816353196,0.575838585099539,0.604698353845882,0.633558122592225,
0.662417891338568,0.691277660084911,0.720137428831254,0.748997197577597,
0.77785696632394,0.806716735070284,0.835576503816627,0.86443627256297,0.893296041309313,
0.951015578801999),(0.,1.),.UNSPECIFIED.);
#1828=B_SPLINE_SURFACE_WITH_KNOTS('',3,1,((#3510,#3511),(#3512,#3513),(#3514,
#3515),(#3516,#3517),(#3518,#3519)),.SURF_OF_LINEAR_EXTRUSION.,.F.,.F.,
 .F.,(4,1,4),(2,2),(0.951015578801999,0.989259278860509,1.02750297891902),
(0.,1.),.UNSPECIFIED.);
#1829=B_SPLINE_SURFACE_WITH_KNOTS('',3,1,((#3537,#3538),(#3539,#3540),(#3541,
#3542),(#3543,#3544),(#3545,#3546),(#3547,#3548),(#3549,#3550)),
 .SURF_OF_LINEAR_EXTRUSION.,.F.,.F.,.F.,(4,1,1,1,4),(2,2),(0.985630451614921,
1.00617523226072,1.02672001290651,1.04726479355231,1.0678095741981),(0.,
1.),.UNSPECIFIED.);
#1830=B_SPLINE_SURFACE_WITH_KNOTS('',3,1,((#3573,#3574),(#3575,#3576),(#3577,
#3578),(#3579,#3580),(#3581,#3582),(#3583,#3584),(#3585,#3586),(#3587,#3588),
(#3589,#3590),(#3591,#3592),(#3593,#3594),(#3595,#3596),(#3597,#3598),(#3599,
#3600),(#3601,#3602),(#3603,#3604),(#3605,#3606),(#3607,#3608),(#3609,#3610),
(#3611,#3612),(#3613,#3614),(#3615,#3616),(#3617,#3618),(#3619,#3620),(#3621,
#3622),(#3623,#3624),(#3625,#3626),(#3627,#3628),(#3629,#3630),(#3631,#3632),
(#3633,#3634),(#3635,#3636),(#3637,#3638),(#3639,#3640),(#3641,#3642),(#3643,
#3644),(#3645,#3646),(#3647,#3648),(#3649,#3650),(#3651,#3652),(#3653,#3654),
(#3655,#3656),(#3657,#3658),(#3659,#3660),(#3661,#3662),(#3663,#3664),(#3665,
#3666)),.SURF_OF_LINEAR_EXTRUSION.,.F.,.F.,.F.,(4,1,1,1,1,1,1,1,1,1,1,1,
1,1,1,1,1,1,1,1,1,1,1,1,1,1,1,1,1,1,1,1,1,1,1,1,1,1,1,1,1,1,1,1,4),(2,2),
(0.0678095741981045,0.09649147661738,0.125173379036656,0.153855281455931,
0.168196232665569,0.182537183875207,0.196878135084844,0.211219086294482,
0.22556003750412,0.239900988713758,0.268582891133033,0.297264793552309,
0.311605744761946,0.325946695971584,0.340287647181222,0.35462859839086,
0.383310500810135,0.397651452019773,0.411992403229411,0.440674305648686,
0.469356208067962,0.498038110487237,0.526720012906513,0.555401915325788,
0.584083817745064,0.612765720164339,0.641447622583615,0.655788573793253,
0.67012952500289,0.698811427422166,0.713152378631804,0.727493329841441,
0.756175232260717,0.770516183470355,0.784857134679992,0.813539037099268,
0.827879988308906,0.842220939518543,0.856561890728181,0.870902841937819,
0.899584744357095,0.913925695566732,0.92826664677637,0.956948549195646,
0.985630451614921),(0.,1.),.UNSPECIFIED.);
#1831=B_SPLINE_SURFACE_WITH_KNOTS('',3,1,((#3718,#3719),(#3720,#3721),(#3722,
#3723),(#3724,#3725),(#3726,#3727),(#3728,#3729),(#3730,#3731),(#3732,#3733),
(#3734,#3735),(#3736,#3737),(#3738,#3739),(#3740,#3741),(#3742,#3743),(#3744,
#3745)),.SURF_OF_LINEAR_EXTRUSION.,.T.,.F.,.F.,(1,3,1,1,1,1,1,1,1,1,1,1,
3,1),(2,2),(-0.0732127948926292,0.,0.092950173445705,0.144265981436737,
0.263177589196857,0.36730984061571,0.468261305527937,0.521602057691682,
0.593759805667549,0.732385446235403,0.832001118591655,0.926787205107371,
1.,1.0929501734457),(0.,1.),.UNSPECIFIED.);
#1832=B_SPLINE_SURFACE_WITH_KNOTS('',3,1,((#3779,#3780),(#3781,#3782),(#3783,
#3784),(#3785,#3786),(#3787,#3788),(#3789,#3790),(#3791,#3792),(#3793,#3794),
(#3795,#3796),(#3797,#3798),(#3799,#3800),(#3801,#3802),(#3803,#3804),(#3805,
#3806),(#3807,#3808),(#3809,#3810),(#3811,#3812),(#3813,#3814),(#3815,#3816),
(#3817,#3818),(#3819,#3820),(#3821,#3822),(#3823,#3824),(#3825,#3826),(#3827,
#3828),(#3829,#3830),(#3831,#3832),(#3833,#3834),(#3835,#3836),(#3837,#3838),
(#3839,#3840),(#3841,#3842),(#3843,#3844),(#3845,#3846),(#3847,#3848)),
 .SURF_OF_LINEAR_EXTRUSION.,.F.,.F.,.F.,(4,1,1,1,1,1,1,1,1,1,1,1,1,1,1,
1,1,1,1,1,1,1,1,1,1,1,1,1,1,1,1,1,4),(2,2),(0.0451519902317624,0.0732601224329411,
0.10136825463412,0.129476386835299,0.157584519036477,0.185692651237656,
0.213800783438835,0.241908915640014,0.255962981740603,0.270017047841192,
0.298125180042371,0.32623331224355,0.354341444444729,0.382449576645907,
0.410557708847086,0.438665841048265,0.466773973249443,0.494882105450622,
0.522990237651801,0.55109836985298,0.579206502054158,0.607314634255337,
0.635422766456516,0.663530898657695,0.691639030858873,0.719747163060052,
0.747855295261231,0.77596342746241,0.804071559663588,0.832179691864767,
0.860287824065946,0.888395956267125,0.944612220669482),(0.,1.),
 .UNSPECIFIED.);
#1833=B_SPLINE_SURFACE_WITH_KNOTS('',3,1,((#3883,#3884),(#3885,#3886),(#3887,
#3888),(#3889,#3890),(#3891,#3892),(#3893,#3894),(#3895,#3896)),
 .SURF_OF_LINEAR_EXTRUSION.,.F.,.F.,.F.,(4,1,1,1,4),(2,2),(0.944612220669482,
0.969747163060052,0.994882105450622,1.02001704784119,1.04515199023176),
(0.,1.),.UNSPECIFIED.);
#1834=B_SPLINE_SURFACE_WITH_KNOTS('',3,1,((#3928,#3929),(#3930,#3931),(#3932,
#3933),(#3934,#3935),(#3936,#3937),(#3938,#3939),(#3940,#3941),(#3942,#3943),
(#3944,#3945),(#3946,#3947),(#3948,#3949),(#3950,#3951),(#3952,#3953),(#3954,
#3955),(#3956,#3957),(#3958,#3959),(#3960,#3961),(#3962,#3963),(#3964,#3965),
(#3966,#3967),(#3968,#3969),(#3970,#3971),(#3972,#3973),(#3974,#3975),(#3976,
#3977),(#3978,#3979),(#3980,#3981),(#3982,#3983),(#3984,#3985),(#3986,#3987),
(#3988,#3989),(#3990,#3991)),.SURF_OF_LINEAR_EXTRUSION.,.F.,.F.,.F.,(4,
1,1,1,1,1,1,1,1,1,1,1,1,1,1,1,1,1,1,1,1,1,1,1,1,1,1,1,1,4),(2,2),(0.0385300871995021,
0.0657925959809205,0.0930551047623389,0.120317613543757,0.147580122325176,
0.174842631106594,0.202105139888012,0.229367648669431,0.256630157450849,
0.283892666232267,0.311155175013686,0.338417683795104,0.365680192576523,
0.420205210139359,0.447467718920778,0.474730227702196,0.501992736483614,
0.529255245265033,0.556517754046451,0.58378026282787,0.611042771609288,
0.638305280390706,0.665567789172125,0.692830297953543,0.720092806734961,
0.74735531551638,0.801880333079217,0.829142841860635,0.856405350642053,
0.91093036820489),(0.,1.),.UNSPECIFIED.);
#1835=B_SPLINE_SURFACE_WITH_KNOTS('',3,1,((#4026,#4027),(#4028,#4029),(#4030,
#4031),(#4032,#4033),(#4034,#4035),(#4036,#4037),(#4038,#4039)),
 .SURF_OF_LINEAR_EXTRUSION.,.F.,.F.,.F.,(4,1,1,1,4),(2,2),(0.91093036820489,
0.942830297953543,0.974730227702196,1.00663015745085,1.0385300871995),(0.,
1.),.UNSPECIFIED.);
#1836=B_SPLINE_SURFACE_WITH_KNOTS('',3,1,((#4102,#4103),(#4104,#4105),(#4106,
#4107),(#4108,#4109),(#4110,#4111),(#4112,#4113),(#4114,#4115),(#4116,#4117),
(#4118,#4119),(#4120,#4121),(#4122,#4123),(#4124,#4125),(#4126,#4127),(#4128,
#4129),(#4130,#4131),(#4132,#4133),(#4134,#4135),(#4136,#4137),(#4138,#4139),
(#4140,#4141),(#4142,#4143)),.SURF_OF_LINEAR_EXTRUSION.,.F.,.F.,.F.,(4,
1,1,1,1,1,1,1,1,1,1,1,1,1,1,1,1,1,4),(2,2),(0.0575827407336967,0.119696272620422,
0.150753038563785,0.181809804507147,0.243923336393873,0.274980102337235,
0.306036868280598,0.368150400167323,0.430263932054049,0.492377463940774,
0.554490995827499,0.616604527714225,0.67871805960095,0.740831591487675,
0.802945123374401,0.865058655261126,0.927172187147851,0.989285719034577,
1.0513992509213),(0.,1.),.UNSPECIFIED.);
#1837=B_SPLINE_SURFACE_WITH_KNOTS('',3,1,((#4422,#4423),(#4424,#4425),(#4426,
#4427),(#4428,#4429),(#4430,#4431),(#4432,#4433),(#4434,#4435)),
 .SURF_OF_LINEAR_EXTRUSION.,.F.,.F.,.F.,(4,1,1,1,4),(2,2),(0.980649639392229,
1.00366529047661,1.02668094156098,1.04969659264536,1.07271224372974),(0.,
1.),.UNSPECIFIED.);
#1838=B_SPLINE_SURFACE_WITH_KNOTS('',3,1,((#4458,#4459),(#4460,#4461),(#4462,
#4463),(#4464,#4465),(#4466,#4467),(#4468,#4469),(#4470,#4471),(#4472,#4473),
(#4474,#4475),(#4476,#4477),(#4478,#4479),(#4480,#4481),(#4482,#4483),(#4484,
#4485),(#4486,#4487),(#4488,#4489),(#4490,#4491),(#4492,#4493),(#4494,#4495),
(#4496,#4497),(#4498,#4499),(#4500,#4501),(#4502,#4503),(#4504,#4505),(#4506,
#4507),(#4508,#4509),(#4510,#4511),(#4512,#4513),(#4514,#4515),(#4516,#4517),
(#4518,#4519),(#4520,#4521),(#4522,#4523),(#4524,#4525),(#4526,#4527),(#4528,
#4529),(#4530,#4531)),.SURF_OF_LINEAR_EXTRUSION.,.F.,.F.,.F.,(4,1,1,1,1,
1,1,1,1,1,1,1,1,1,1,1,1,1,1,1,1,1,1,1,1,1,1,1,1,1,1,1,1,1,4),(2,2),(0.0727122437297409,
0.101085287344194,0.129458330958646,0.157831374573099,0.186204418187552,
0.214577461802005,0.242950505416457,0.27132354903091,0.299696592645363,
0.328069636259816,0.356442679874268,0.384815723488721,0.413188767103174,
0.441561810717627,0.469934854332079,0.498307897946532,0.512494419753759,
0.526680941560985,0.555053985175438,0.569240506982664,0.583427028789891,
0.611800072404343,0.640173116018796,0.668546159633249,0.696919203247702,
0.725292246862154,0.753665290476607,0.78203833409106,0.810411377705513,
0.838784421319965,0.867157464934418,0.895530508548871,0.923903552163324,
0.952276595777776,0.980649639392229),(0.,1.),.UNSPECIFIED.);
#1839=B_SPLINE_SURFACE_WITH_KNOTS('',3,1,((#4714,#4715),(#4716,#4717),(#4718,
#4719),(#4720,#4721),(#4722,#4723),(#4724,#4725),(#4726,#4727),(#4728,#4729),
(#4730,#4731),(#4732,#4733),(#4734,#4735),(#4736,#4737),(#4738,#4739),(#4740,
#4741),(#4742,#4743),(#4744,#4745),(#4746,#4747),(#4748,#4749),(#4750,#4751),
(#4752,#4753),(#4754,#4755),(#4756,#4757),(#4758,#4759),(#4760,#4761),(#4762,
#4763),(#4764,#4765),(#4766,#4767),(#4768,#4769),(#4770,#4771),(#4772,#4773),
(#4774,#4775),(#4776,#4777),(#4778,#4779),(#4780,#4781),(#4782,#4783),(#4784,
#4785),(#4786,#4787)),.SURF_OF_LINEAR_EXTRUSION.,.F.,.F.,.F.,(4,1,1,1,1,
1,1,1,1,1,1,1,1,1,1,1,1,1,1,1,1,1,1,1,1,1,1,1,1,1,1,1,1,1,4),(2,2),(0.0393168069910444,
0.0672995230237598,0.0952822390564751,0.12326495508919,0.151247671121906,
0.179230387154621,0.207213103187337,0.235195819220052,0.263178535252767,
0.291161251285483,0.319143967318198,0.347126683350913,0.375109399383629,
0.389100757399986,0.403092115416344,0.431074831449059,0.459057547481775,
0.473048905498132,0.48704026351449,0.515022979547206,0.543005695579921,
0.556997053596279,0.570988411612636,0.598971127645352,0.626953843678067,
0.654936559710782,0.66892791772714,0.682919275743498,0.710901991776213,
0.738884707808928,0.766867423841644,0.794850139874359,0.822832855907075,
0.878798287972505,0.934763720037936),(0.,1.),.UNSPECIFIED.);
#1840=B_SPLINE_SURFACE_WITH_KNOTS('',3,1,((#4820,#4821),(#4822,#4823),(#4824,
#4825),(#4826,#4827),(#4828,#4829),(#4830,#4831),(#4832,#4833)),
 .SURF_OF_LINEAR_EXTRUSION.,.F.,.F.,.F.,(4,1,1,1,4),(2,2),(0.934763720037936,
0.960901991776213,0.98704026351449,1.01317853525277,1.03931680699104),(0.,
1.),.UNSPECIFIED.);
#1841=B_SPLINE_SURFACE_WITH_KNOTS('',3,1,((#4862,#4863),(#4864,#4865),(#4866,
#4867),(#4868,#4869),(#4870,#4871),(#4872,#4873),(#4874,#4875),(#4876,#4877),
(#4878,#4879),(#4880,#4881),(#4882,#4883)),.SURF_OF_LINEAR_EXTRUSION.,.F.,
 .F.,.F.,(4,1,1,1,1,1,1,1,4),(2,2),(5.76232922487462,6.24058904602542,6.71884886717623,
7.19710868832704,7.67536850947784,8.15362833062865,8.63188815177945,9.11014797293026,
9.58840779408107),(0.,1.),.UNSPECIFIED.);
#1842=ADVANCED_FACE('',(#1665),#1823,.T.);
#1843=ADVANCED_FACE('',(#1666),#1824,.T.);
#1844=ADVANCED_FACE('',(#1667),#177,.T.);
#1845=ADVANCED_FACE('',(#1668),#178,.F.);
#1846=ADVANCED_FACE('',(#1669),#91,.F.);
#1847=ADVANCED_FACE('',(#1670),#179,.T.);
#1848=ADVANCED_FACE('',(#1671),#92,.F.);
#1849=ADVANCED_FACE('',(#1672),#180,.F.);
#1850=ADVANCED_FACE('',(#1673),#93,.F.);
#1851=ADVANCED_FACE('',(#1674),#181,.T.);
#1852=ADVANCED_FACE('',(#1675),#94,.F.);
#1853=ADVANCED_FACE('',(#1676),#182,.T.);
#1854=ADVANCED_FACE('',(#1677),#183,.F.);
#1855=ADVANCED_FACE('',(#1678),#184,.F.);
#1856=ADVANCED_FACE('',(#1679),#95,.F.);
#1857=ADVANCED_FACE('',(#1680),#185,.T.);
#1858=ADVANCED_FACE('',(#1681),#186,.F.);
#1859=ADVANCED_FACE('',(#1682),#24,.T.);
#1860=ADVANCED_FACE('',(#1683),#25,.T.);
#1861=ADVANCED_FACE('',(#1684),#1825,.F.);
#1862=ADVANCED_FACE('',(#1685),#1826,.F.);
#1863=ADVANCED_FACE('',(#1686),#187,.T.);
#1864=ADVANCED_FACE('',(#1687),#188,.F.);
#1865=ADVANCED_FACE('',(#1688),#1827,.T.);
#1866=ADVANCED_FACE('',(#1689),#1828,.T.);
#1867=ADVANCED_FACE('',(#1690),#189,.T.);
#1868=ADVANCED_FACE('',(#1691),#190,.F.);
#1869=ADVANCED_FACE('',(#1692),#1829,.F.);
#1870=ADVANCED_FACE('',(#1693),#1830,.F.);
#1871=ADVANCED_FACE('',(#1694),#191,.T.);
#1872=ADVANCED_FACE('',(#1695),#192,.F.);
#1873=ADVANCED_FACE('',(#1696,#1697),#96,.T.);
#1874=ADVANCED_FACE('',(#1698),#193,.T.);
#1875=ADVANCED_FACE('',(#1699),#194,.F.);
#1876=ADVANCED_FACE('',(#1700,#1701),#26,.T.);
#1877=ADVANCED_FACE('',(#1702,#1703),#27,.T.);
#1878=ADVANCED_FACE('',(#1704,#1705),#1831,.F.);
#1879=ADVANCED_FACE('',(#1706),#195,.T.);
#1880=ADVANCED_FACE('',(#1707),#196,.F.);
#1881=ADVANCED_FACE('',(#1708),#1832,.F.);
#1882=ADVANCED_FACE('',(#1709),#1833,.F.);
#1883=ADVANCED_FACE('',(#1710),#197,.T.);
#1884=ADVANCED_FACE('',(#1711),#198,.F.);
#1885=ADVANCED_FACE('',(#1712,#1713),#97,.T.);
#1886=ADVANCED_FACE('',(#1714),#199,.T.);
#1887=ADVANCED_FACE('',(#1715),#200,.F.);
#1888=ADVANCED_FACE('',(#1716,#1717),#28,.T.);
#1889=ADVANCED_FACE('',(#1718,#1719),#29,.T.);
#1890=ADVANCED_FACE('',(#1720),#1834,.F.);
#1891=ADVANCED_FACE('',(#1721),#1835,.F.);
#1892=ADVANCED_FACE('',(#1722),#201,.T.);
#1893=ADVANCED_FACE('',(#1723),#202,.F.);
#1894=ADVANCED_FACE('',(#1724,#1725),#98,.T.);
#1895=ADVANCED_FACE('',(#1726,#1727),#30,.T.);
#1896=ADVANCED_FACE('',(#1728),#203,.T.);
#1897=ADVANCED_FACE('',(#1729),#204,.F.);
#1898=ADVANCED_FACE('',(#1730,#1731),#31,.T.);
#1899=ADVANCED_FACE('',(#1732),#99,.T.);
#1900=ADVANCED_FACE('',(#1733),#205,.F.);
#1901=ADVANCED_FACE('',(#1734),#206,.F.);
#1902=ADVANCED_FACE('',(#1735),#100,.T.);
#1903=ADVANCED_FACE('',(#1736),#1836,.F.);
#1904=ADVANCED_FACE('',(#1737),#207,.T.);
#1905=ADVANCED_FACE('',(#1738),#208,.F.);
#1906=ADVANCED_FACE('',(#1739,#1740),#101,.T.);
#1907=ADVANCED_FACE('',(#1741),#209,.T.);
#1908=ADVANCED_FACE('',(#1742),#210,.F.);
#1909=ADVANCED_FACE('',(#1743,#1744),#32,.T.);
#1910=ADVANCED_FACE('',(#1745,#1746),#33,.T.);
#1911=ADVANCED_FACE('',(#1747),#102,.F.);
#1912=ADVANCED_FACE('',(#1748),#211,.F.);
#1913=ADVANCED_FACE('',(#1749),#103,.F.);
#1914=ADVANCED_FACE('',(#1750),#212,.F.);
#1915=ADVANCED_FACE('',(#1751),#104,.T.);
#1916=ADVANCED_FACE('',(#1752),#105,.T.);
#1917=ADVANCED_FACE('',(#1753),#106,.T.);
#1918=ADVANCED_FACE('',(#1754),#107,.T.);
#1919=ADVANCED_FACE('',(#1755),#213,.T.);
#1920=ADVANCED_FACE('',(#1756),#108,.F.);
#1921=ADVANCED_FACE('',(#1757),#214,.F.);
#1922=ADVANCED_FACE('',(#1758),#109,.F.);
#1923=ADVANCED_FACE('',(#1759),#215,.T.);
#1924=ADVANCED_FACE('',(#1760),#216,.F.);
#1925=ADVANCED_FACE('',(#1761),#110,.T.);
#1926=ADVANCED_FACE('',(#1762),#111,.T.);
#1927=ADVANCED_FACE('',(#1763),#112,.T.);
#1928=ADVANCED_FACE('',(#1764),#113,.T.);
#1929=ADVANCED_FACE('',(#1765),#217,.F.);
#1930=ADVANCED_FACE('',(#1766),#218,.F.);
#1931=ADVANCED_FACE('',(#1767),#219,.F.);
#1932=ADVANCED_FACE('',(#1768),#114,.F.);
#1933=ADVANCED_FACE('',(#1769),#220,.T.);
#1934=ADVANCED_FACE('',(#1770),#115,.F.);
#1935=ADVANCED_FACE('',(#1771),#221,.T.);
#1936=ADVANCED_FACE('',(#1772),#222,.F.);
#1937=ADVANCED_FACE('',(#1773),#116,.T.);
#1938=ADVANCED_FACE('',(#1774),#34,.T.);
#1939=ADVANCED_FACE('',(#1775),#117,.T.);
#1940=ADVANCED_FACE('',(#1776),#118,.T.);
#1941=ADVANCED_FACE('',(#1777),#119,.T.);
#1942=ADVANCED_FACE('',(#1778),#35,.T.);
#1943=ADVANCED_FACE('',(#1779),#1837,.F.);
#1944=ADVANCED_FACE('',(#1780),#1838,.F.);
#1945=ADVANCED_FACE('',(#1781),#223,.T.);
#1946=ADVANCED_FACE('',(#1782),#224,.F.);
#1947=ADVANCED_FACE('',(#1783),#120,.F.);
#1948=ADVANCED_FACE('',(#1784),#121,.F.);
#1949=ADVANCED_FACE('',(#1785),#225,.T.);
#1950=ADVANCED_FACE('',(#1786),#122,.F.);
#1951=ADVANCED_FACE('',(#1787),#123,.F.);
#1952=ADVANCED_FACE('',(#1788),#226,.F.);
#1953=ADVANCED_FACE('',(#1789,#1790,#1791),#227,.T.);
#1954=ADVANCED_FACE('',(#1792),#228,.F.);
#1955=ADVANCED_FACE('',(#1793),#124,.T.);
#1956=ADVANCED_FACE('',(#1794),#125,.T.);
#1957=ADVANCED_FACE('',(#1795),#229,.T.);
#1958=ADVANCED_FACE('',(#1796),#230,.F.);
#1959=ADVANCED_FACE('',(#1797),#231,.F.);
#1960=ADVANCED_FACE('',(#1798),#232,.T.);
#1961=ADVANCED_FACE('',(#1799),#233,.T.);
#1962=ADVANCED_FACE('',(#1800),#234,.T.);
#1963=ADVANCED_FACE('',(#1801),#235,.F.);
#1964=ADVANCED_FACE('',(#1802),#236,.F.);
#1965=ADVANCED_FACE('',(#1803),#237,.T.);
#1966=ADVANCED_FACE('',(#1804),#238,.T.);
#1967=ADVANCED_FACE('',(#1805),#126,.T.);
#1968=ADVANCED_FACE('',(#1806),#127,.T.);
#1969=ADVANCED_FACE('',(#1807),#128,.T.);
#1970=ADVANCED_FACE('',(#1808),#129,.T.);
#1971=ADVANCED_FACE('',(#1809),#130,.T.);
#1972=ADVANCED_FACE('',(#1810),#131,.T.);
#1973=ADVANCED_FACE('',(#1811),#132,.T.);
#1974=ADVANCED_FACE('',(#1812),#133,.T.);
#1975=ADVANCED_FACE('',(#1813),#1839,.F.);
#1976=ADVANCED_FACE('',(#1814),#1840,.F.);
#1977=ADVANCED_FACE('',(#1815),#239,.T.);
#1978=ADVANCED_FACE('',(#1816),#240,.F.);
#1979=ADVANCED_FACE('',(#1817),#134,.T.);
#1980=ADVANCED_FACE('',(#1818),#1841,.F.);
#1981=ADVANCED_FACE('',(#1819),#241,.T.);
#1982=ADVANCED_FACE('',(#1820),#242,.F.);
#1983=ADVANCED_FACE('',(#1821),#10,.T.);
#1984=ADVANCED_FACE('',(#1822),#36,.T.);
#1985=CLOSED_SHELL('',(#1842,#1843,#1844,#1845));
#1986=CLOSED_SHELL('',(#1846,#1847,#1848,#1849,#1850,#1851,#1852,#1853,
#1854,#1855));
#1987=CLOSED_SHELL('',(#1856,#1857,#1858,#1859,#1860));
#1988=CLOSED_SHELL('',(#1861,#1862,#1863,#1864));
#1989=CLOSED_SHELL('',(#1865,#1866,#1867,#1868));
#1990=CLOSED_SHELL('',(#1869,#1870,#1871,#1872));
#1991=CLOSED_SHELL('',(#1873,#1874,#1875,#1876,#1877));
#1992=CLOSED_SHELL('',(#1878,#1879,#1880));
#1993=CLOSED_SHELL('',(#1881,#1882,#1883,#1884));
#1994=CLOSED_SHELL('',(#1885,#1886,#1887,#1888,#1889));
#1995=CLOSED_SHELL('',(#1890,#1891,#1892,#1893));
#1996=CLOSED_SHELL('',(#1894,#1895,#1896,#1897,#1898,#1899,#1900,#1901));
#1997=CLOSED_SHELL('',(#1902,#1903,#1904,#1905));
#1998=CLOSED_SHELL('',(#1906,#1907,#1908,#1909,#1910));
#1999=CLOSED_SHELL('',(#1911,#1912,#1913,#1914,#1915,#1916,#1917,#1918));
#2000=CLOSED_SHELL('',(#1919,#1920,#1921,#1922,#1923,#1924,#1925,#1926,
#1927,#1928));
#2001=CLOSED_SHELL('',(#1929,#1930,#1931,#1932,#1933,#1934,#1935,#1936,
#1937,#1938,#1939,#1940,#1941,#1942));
#2002=CLOSED_SHELL('',(#1943,#1944,#1945,#1946));
#2003=CLOSED_SHELL('',(#1947,#1948,#1949,#1950,#1951,#1952,#1953,#1954,
#1955,#1956,#1957,#1958,#1959,#1960,#1961,#1962,#1963,#1964,#1965,#1966,
#1967,#1968,#1969,#1970,#1971,#1972,#1973,#1974));
#2004=CLOSED_SHELL('',(#1975,#1976,#1977,#1978));
#2005=CLOSED_SHELL('',(#1979,#1980,#1981,#1982,#1983,#1984));
#2006=STYLED_ITEM('',(#2027),#2161);
#2007=STYLED_ITEM('',(#2028),#2162);
#2008=STYLED_ITEM('',(#2029),#2163);
#2009=STYLED_ITEM('',(#2030),#2164);
#2010=STYLED_ITEM('',(#2031),#2165);
#2011=STYLED_ITEM('',(#2032),#2166);
#2012=STYLED_ITEM('',(#2033),#2167);
#2013=STYLED_ITEM('',(#2034),#2168);
#2014=STYLED_ITEM('',(#2035),#2169);
#2015=STYLED_ITEM('',(#2036),#2170);
#2016=STYLED_ITEM('',(#2037),#2171);
#2017=STYLED_ITEM('',(#2038),#2172);
#2018=STYLED_ITEM('',(#2039),#2173);
#2019=STYLED_ITEM('',(#2040),#2174);
#2020=STYLED_ITEM('',(#2041),#2175);
#2021=STYLED_ITEM('',(#2042),#2176);
#2022=STYLED_ITEM('',(#2043),#2177);
#2023=STYLED_ITEM('',(#2044),#2178);
#2024=STYLED_ITEM('',(#2045),#2179);
#2025=STYLED_ITEM('',(#2046),#2180);
#2026=STYLED_ITEM('',(#2047),#2181);
#2027=PRESENTATION_STYLE_ASSIGNMENT((#2048));
#2028=PRESENTATION_STYLE_ASSIGNMENT((#2049));
#2029=PRESENTATION_STYLE_ASSIGNMENT((#2050));
#2030=PRESENTATION_STYLE_ASSIGNMENT((#2051));
#2031=PRESENTATION_STYLE_ASSIGNMENT((#2052));
#2032=PRESENTATION_STYLE_ASSIGNMENT((#2053));
#2033=PRESENTATION_STYLE_ASSIGNMENT((#2054));
#2034=PRESENTATION_STYLE_ASSIGNMENT((#2055));
#2035=PRESENTATION_STYLE_ASSIGNMENT((#2056));
#2036=PRESENTATION_STYLE_ASSIGNMENT((#2057));
#2037=PRESENTATION_STYLE_ASSIGNMENT((#2058));
#2038=PRESENTATION_STYLE_ASSIGNMENT((#2059));
#2039=PRESENTATION_STYLE_ASSIGNMENT((#2060));
#2040=PRESENTATION_STYLE_ASSIGNMENT((#2061));
#2041=PRESENTATION_STYLE_ASSIGNMENT((#2062));
#2042=PRESENTATION_STYLE_ASSIGNMENT((#2063));
#2043=PRESENTATION_STYLE_ASSIGNMENT((#2064));
#2044=PRESENTATION_STYLE_ASSIGNMENT((#2065));
#2045=PRESENTATION_STYLE_ASSIGNMENT((#2066));
#2046=PRESENTATION_STYLE_ASSIGNMENT((#2067));
#2047=PRESENTATION_STYLE_ASSIGNMENT((#2068));
#2048=SURFACE_STYLE_USAGE(.BOTH.,#2069);
#2049=SURFACE_STYLE_USAGE(.BOTH.,#2070);
#2050=SURFACE_STYLE_USAGE(.BOTH.,#2071);
#2051=SURFACE_STYLE_USAGE(.BOTH.,#2072);
#2052=SURFACE_STYLE_USAGE(.BOTH.,#2073);
#2053=SURFACE_STYLE_USAGE(.BOTH.,#2074);
#2054=SURFACE_STYLE_USAGE(.BOTH.,#2075);
#2055=SURFACE_STYLE_USAGE(.BOTH.,#2076);
#2056=SURFACE_STYLE_USAGE(.BOTH.,#2077);
#2057=SURFACE_STYLE_USAGE(.BOTH.,#2078);
#2058=SURFACE_STYLE_USAGE(.BOTH.,#2079);
#2059=SURFACE_STYLE_USAGE(.BOTH.,#2080);
#2060=SURFACE_STYLE_USAGE(.BOTH.,#2081);
#2061=SURFACE_STYLE_USAGE(.BOTH.,#2082);
#2062=SURFACE_STYLE_USAGE(.BOTH.,#2083);
#2063=SURFACE_STYLE_USAGE(.BOTH.,#2084);
#2064=SURFACE_STYLE_USAGE(.BOTH.,#2085);
#2065=SURFACE_STYLE_USAGE(.BOTH.,#2086);
#2066=SURFACE_STYLE_USAGE(.BOTH.,#2087);
#2067=SURFACE_STYLE_USAGE(.BOTH.,#2088);
#2068=SURFACE_STYLE_USAGE(.BOTH.,#2089);
#2069=SURFACE_SIDE_STYLE('',(#2090));
#2070=SURFACE_SIDE_STYLE('',(#2091));
#2071=SURFACE_SIDE_STYLE('',(#2092));
#2072=SURFACE_SIDE_STYLE('',(#2093));
#2073=SURFACE_SIDE_STYLE('',(#2094));
#2074=SURFACE_SIDE_STYLE('',(#2095));
#2075=SURFACE_SIDE_STYLE('',(#2096));
#2076=SURFACE_SIDE_STYLE('',(#2097));
#2077=SURFACE_SIDE_STYLE('',(#2098));
#2078=SURFACE_SIDE_STYLE('',(#2099));
#2079=SURFACE_SIDE_STYLE('',(#2100));
#2080=SURFACE_SIDE_STYLE('',(#2101));
#2081=SURFACE_SIDE_STYLE('',(#2102));
#2082=SURFACE_SIDE_STYLE('',(#2103));
#2083=SURFACE_SIDE_STYLE('',(#2104));
#2084=SURFACE_SIDE_STYLE('',(#2105));
#2085=SURFACE_SIDE_STYLE('',(#2106));
#2086=SURFACE_SIDE_STYLE('',(#2107));
#2087=SURFACE_SIDE_STYLE('',(#2108));
#2088=SURFACE_SIDE_STYLE('',(#2109));
#2089=SURFACE_SIDE_STYLE('',(#2110));
#2090=SURFACE_STYLE_FILL_AREA(#2111);
#2091=SURFACE_STYLE_FILL_AREA(#2112);
#2092=SURFACE_STYLE_FILL_AREA(#2113);
#2093=SURFACE_STYLE_FILL_AREA(#2114);
#2094=SURFACE_STYLE_FILL_AREA(#2115);
#2095=SURFACE_STYLE_FILL_AREA(#2116);
#2096=SURFACE_STYLE_FILL_AREA(#2117);
#2097=SURFACE_STYLE_FILL_AREA(#2118);
#2098=SURFACE_STYLE_FILL_AREA(#2119);
#2099=SURFACE_STYLE_FILL_AREA(#2120);
#2100=SURFACE_STYLE_FILL_AREA(#2121);
#2101=SURFACE_STYLE_FILL_AREA(#2122);
#2102=SURFACE_STYLE_FILL_AREA(#2123);
#2103=SURFACE_STYLE_FILL_AREA(#2124);
#2104=SURFACE_STYLE_FILL_AREA(#2125);
#2105=SURFACE_STYLE_FILL_AREA(#2126);
#2106=SURFACE_STYLE_FILL_AREA(#2127);
#2107=SURFACE_STYLE_FILL_AREA(#2128);
#2108=SURFACE_STYLE_FILL_AREA(#2129);
#2109=SURFACE_STYLE_FILL_AREA(#2130);
#2110=SURFACE_STYLE_FILL_AREA(#2131);
#2111=FILL_AREA_STYLE('',(#2132));
#2112=FILL_AREA_STYLE('',(#2133));
#2113=FILL_AREA_STYLE('',(#2134));
#2114=FILL_AREA_STYLE('',(#2135));
#2115=FILL_AREA_STYLE('',(#2136));
#2116=FILL_AREA_STYLE('',(#2137));
#2117=FILL_AREA_STYLE('',(#2138));
#2118=FILL_AREA_STYLE('',(#2139));
#2119=FILL_AREA_STYLE('',(#2140));
#2120=FILL_AREA_STYLE('',(#2141));
#2121=FILL_AREA_STYLE('',(#2142));
#2122=FILL_AREA_STYLE('',(#2143));
#2123=FILL_AREA_STYLE('',(#2144));
#2124=FILL_AREA_STYLE('',(#2145));
#2125=FILL_AREA_STYLE('',(#2146));
#2126=FILL_AREA_STYLE('',(#2147));
#2127=FILL_AREA_STYLE('',(#2148));
#2128=FILL_AREA_STYLE('',(#2149));
#2129=FILL_AREA_STYLE('',(#2150));
#2130=FILL_AREA_STYLE('',(#2151));
#2131=FILL_AREA_STYLE('',(#2152));
#2132=FILL_AREA_STYLE_COLOUR('',#2153);
#2133=FILL_AREA_STYLE_COLOUR('',#2154);
#2134=FILL_AREA_STYLE_COLOUR('',#2153);
#2135=FILL_AREA_STYLE_COLOUR('',#2155);
#2136=FILL_AREA_STYLE_COLOUR('',#2156);
#2137=FILL_AREA_STYLE_COLOUR('',#2157);
#2138=FILL_AREA_STYLE_COLOUR('',#2156);
#2139=FILL_AREA_STYLE_COLOUR('',#2155);
#2140=FILL_AREA_STYLE_COLOUR('',#2158);
#2141=FILL_AREA_STYLE_COLOUR('',#2155);
#2142=FILL_AREA_STYLE_COLOUR('',#2154);
#2143=FILL_AREA_STYLE_COLOUR('',#2157);
#2144=FILL_AREA_STYLE_COLOUR('',#2159);
#2145=FILL_AREA_STYLE_COLOUR('',#2158);
#2146=FILL_AREA_STYLE_COLOUR('',#2160);
#2147=FILL_AREA_STYLE_COLOUR('',#2159);
#2148=FILL_AREA_STYLE_COLOUR('',#2154);
#2149=FILL_AREA_STYLE_COLOUR('',#2160);
#2150=FILL_AREA_STYLE_COLOUR('',#2157);
#2151=FILL_AREA_STYLE_COLOUR('',#2156);
#2152=FILL_AREA_STYLE_COLOUR('',#2158);
#2153=COLOUR_RGB('',0.980392156862745,0.713725490196078,0.00392156862745098);
#2154=COLOUR_RGB('',0.768627450980392,0.886274509803922,0.952941176470588);
#2155=COLOUR_RGB('',0.647058823529412,0.647058823529412,0.647058823529412);
#2156=COLOUR_RGB('',0.615686274509804,0.811764705882353,0.929411764705882);
#2157=COLOUR_RGB('',0.231372549019608,0.380392156862745,0.705882352941177);
#2158=COLOUR_RGB('',0.917647058823529,0.917647058823529,0.917647058823529);
#2159=COLOUR_RGB('',0.972549019607843,0.529411764705882,0.00392156862745098);
#2160=COLOUR_RGB('',0.498039215686275,0.498039215686275,0.498039215686275);
#2161=MANIFOLD_SOLID_BREP('Part 16',#1985);
#2162=MANIFOLD_SOLID_BREP('Part 5',#1986);
#2163=MANIFOLD_SOLID_BREP('Part 8',#1987);
#2164=MANIFOLD_SOLID_BREP('Part 10',#1988);
#2165=MANIFOLD_SOLID_BREP('Part 17',#1989);
#2166=MANIFOLD_SOLID_BREP('Part 11',#1990);
#2167=MANIFOLD_SOLID_BREP('Part 1',#1991);
#2168=MANIFOLD_SOLID_BREP('Part 18',#1992);
#2169=MANIFOLD_SOLID_BREP('Part 12',#1993);
#2170=MANIFOLD_SOLID_BREP('Part 2',#1994);
#2171=MANIFOLD_SOLID_BREP('Part 13',#1995);
#2172=MANIFOLD_SOLID_BREP('Part 3',#1996);
#2173=MANIFOLD_SOLID_BREP('Part 14',#1997);
#2174=MANIFOLD_SOLID_BREP('Part 4',#1998);
#2175=MANIFOLD_SOLID_BREP('Part 7',#1999);
#2176=MANIFOLD_SOLID_BREP('Part 6',#2000);
#2177=MANIFOLD_SOLID_BREP('Part 21',#2001);
#2178=MANIFOLD_SOLID_BREP('Part 15',#2002);
#2179=MANIFOLD_SOLID_BREP('Part 19',#2003);
#2180=MANIFOLD_SOLID_BREP('Part 9',#2004);
#2181=MANIFOLD_SOLID_BREP('Part 20',#2005);
#2182=SHAPE_DEFINITION_REPRESENTATION(#5201,#2203);
#2183=SHAPE_DEFINITION_REPRESENTATION(#5202,#2204);
#2184=SHAPE_DEFINITION_REPRESENTATION(#5203,#2205);
#2185=SHAPE_DEFINITION_REPRESENTATION(#5204,#2206);
#2186=SHAPE_DEFINITION_REPRESENTATION(#5205,#2207);
#2187=SHAPE_DEFINITION_REPRESENTATION(#5206,#2208);
#2188=SHAPE_DEFINITION_REPRESENTATION(#5207,#2209);
#2189=SHAPE_DEFINITION_REPRESENTATION(#5208,#2210);
#2190=SHAPE_DEFINITION_REPRESENTATION(#5209,#2211);
#2191=SHAPE_DEFINITION_REPRESENTATION(#5210,#2212);
#2192=SHAPE_DEFINITION_REPRESENTATION(#5211,#2213);
#2193=SHAPE_DEFINITION_REPRESENTATION(#5212,#2214);
#2194=SHAPE_DEFINITION_REPRESENTATION(#5213,#2215);
#2195=SHAPE_DEFINITION_REPRESENTATION(#5214,#2216);
#2196=SHAPE_DEFINITION_REPRESENTATION(#5215,#2217);
#2197=SHAPE_DEFINITION_REPRESENTATION(#5216,#2218);
#2198=SHAPE_DEFINITION_REPRESENTATION(#5217,#2219);
#2199=SHAPE_DEFINITION_REPRESENTATION(#5218,#2220);
#2200=SHAPE_DEFINITION_REPRESENTATION(#5219,#2221);
#2201=SHAPE_DEFINITION_REPRESENTATION(#5220,#2222);
#2202=SHAPE_DEFINITION_REPRESENTATION(#5221,#2223);
#2203=SHAPE_REPRESENTATION('Part 16',(#2224),#5096);
#2204=SHAPE_REPRESENTATION('Part 5',(#2227),#5097);
#2205=SHAPE_REPRESENTATION('Part 8',(#2246),#5098);
#2206=SHAPE_REPRESENTATION('Part 10',(#2257),#5099);
#2207=SHAPE_REPRESENTATION('Part 17',(#2260),#5100);
#2208=SHAPE_REPRESENTATION('Part 11',(#2263),#5101);
#2209=SHAPE_REPRESENTATION('Part 1',(#2266),#5102);
#2210=SHAPE_REPRESENTATION('Part 18',(#2276),#5103);
#2211=SHAPE_REPRESENTATION('Part 12',(#2279),#5104);
#2212=SHAPE_REPRESENTATION('Part 2',(#2282),#5105);
#2213=SHAPE_REPRESENTATION('Part 13',(#2292),#5106);
#2214=SHAPE_REPRESENTATION('Part 3',(#2295),#5107);
#2215=SHAPE_REPRESENTATION('Part 14',(#2310),#5108);
#2216=SHAPE_REPRESENTATION('Part 4',(#2316),#5109);
#2217=SHAPE_REPRESENTATION('Part 7',(#2326),#5110);
#2218=SHAPE_REPRESENTATION('Part 6',(#2337),#5111);
#2219=SHAPE_REPRESENTATION('Part 21',(#2352),#5112);
#2220=SHAPE_REPRESENTATION('Part 15',(#2375),#5113);
#2221=SHAPE_REPRESENTATION('Part 19',(#2378),#5114);
#2222=SHAPE_REPRESENTATION('Part 9',(#2423),#5115);
#2223=SHAPE_REPRESENTATION('Part 20',(#2426),#5116);
#2224=AXIS2_PLACEMENT_3D('',#2979,#2435,#2436);
#2225=AXIS2_PLACEMENT_3D('',#3108,#2439,#2440);
#2226=AXIS2_PLACEMENT_3D('',#3109,#2441,#2442);
#2227=AXIS2_PLACEMENT_3D('',#3110,#2443,#2444);
#2228=AXIS2_PLACEMENT_3D('',#3111,#2445,#2446);
#2229=AXIS2_PLACEMENT_3D('',#3115,#2448,#2449);
#2230=AXIS2_PLACEMENT_3D('',#3119,#2451,#2452);
#2231=AXIS2_PLACEMENT_3D('',#3120,#2453,#2454);
#2232=AXIS2_PLACEMENT_3D('',#3126,#2458,#2459);
#2233=AXIS2_PLACEMENT_3D('',#3127,#2460,#2461);
#2234=AXIS2_PLACEMENT_3D('',#3131,#2463,#2464);
#2235=AXIS2_PLACEMENT_3D('',#3132,#2465,#2466);
#2236=AXIS2_PLACEMENT_3D('',#3138,#2470,#2471);
#2237=AXIS2_PLACEMENT_3D('',#3139,#2472,#2473);
#2238=AXIS2_PLACEMENT_3D('',#3143,#2475,#2476);
#2239=AXIS2_PLACEMENT_3D('',#3144,#2477,#2478);
#2240=AXIS2_PLACEMENT_3D('',#3150,#2482,#2483);
#2241=AXIS2_PLACEMENT_3D('',#3151,#2484,#2485);
#2242=AXIS2_PLACEMENT_3D('',#3155,#2487,#2488);
#2243=AXIS2_PLACEMENT_3D('',#3156,#2489,#2490);
#2244=AXIS2_PLACEMENT_3D('',#3158,#2492,#2493);
#2245=AXIS2_PLACEMENT_3D('',#3160,#2495,#2496);
#2246=AXIS2_PLACEMENT_3D('',#3161,#2497,#2498);
#2247=AXIS2_PLACEMENT_3D('',#3162,#2499,#2500);
#2248=AXIS2_PLACEMENT_3D('',#3163,#2501,#2502);
#2249=AXIS2_PLACEMENT_3D('',#3185,#2503,#2504);
#2250=AXIS2_PLACEMENT_3D('',#3205,#2505,#2506);
#2251=AXIS2_PLACEMENT_3D('',#3206,#2507,#2508);
#2252=AXIS2_PLACEMENT_3D('',#3207,#2509,#2510);
#2253=AXIS2_PLACEMENT_3D('',#3208,#2511,#2512);
#2254=AXIS2_PLACEMENT_3D('',#3209,#2513,#2514);
#2255=AXIS2_PLACEMENT_3D('',#3210,#2515,#2516);
#2256=AXIS2_PLACEMENT_3D('',#3211,#2517,#2518);
#2257=AXIS2_PLACEMENT_3D('',#3212,#2519,#2520);
#2258=AXIS2_PLACEMENT_3D('',#3415,#2523,#2524);
#2259=AXIS2_PLACEMENT_3D('',#3416,#2525,#2526);
#2260=AXIS2_PLACEMENT_3D('',#3417,#2527,#2528);
#2261=AXIS2_PLACEMENT_3D('',#3534,#2531,#2532);
#2262=AXIS2_PLACEMENT_3D('',#3535,#2533,#2534);
#2263=AXIS2_PLACEMENT_3D('',#3536,#2535,#2536);
#2264=AXIS2_PLACEMENT_3D('',#3701,#2539,#2540);
#2265=AXIS2_PLACEMENT_3D('',#3702,#2541,#2542);
#2266=AXIS2_PLACEMENT_3D('',#3703,#2543,#2544);
#2267=AXIS2_PLACEMENT_3D('',#3704,#2545,#2546);
#2268=AXIS2_PLACEMENT_3D('',#3705,#2547,#2548);
#2269=AXIS2_PLACEMENT_3D('',#3707,#2549,#2550);
#2270=AXIS2_PLACEMENT_3D('',#3709,#2551,#2552);
#2271=AXIS2_PLACEMENT_3D('',#3710,#2553,#2554);
#2272=AXIS2_PLACEMENT_3D('',#3712,#2555,#2556);
#2273=AXIS2_PLACEMENT_3D('',#3713,#2557,#2558);
#2274=AXIS2_PLACEMENT_3D('',#3715,#2559,#2560);
#2275=AXIS2_PLACEMENT_3D('',#3716,#2561,#2562);
#2276=AXIS2_PLACEMENT_3D('',#3717,#2563,#2564);
#2277=AXIS2_PLACEMENT_3D('',#3776,#2565,#2566);
#2278=AXIS2_PLACEMENT_3D('',#3777,#2567,#2568);
#2279=AXIS2_PLACEMENT_3D('',#3778,#2569,#2570);
#2280=AXIS2_PLACEMENT_3D('',#3911,#2573,#2574);
#2281=AXIS2_PLACEMENT_3D('',#3912,#2575,#2576);
#2282=AXIS2_PLACEMENT_3D('',#3913,#2577,#2578);
#2283=AXIS2_PLACEMENT_3D('',#3914,#2579,#2580);
#2284=AXIS2_PLACEMENT_3D('',#3915,#2581,#2582);
#2285=AXIS2_PLACEMENT_3D('',#3917,#2583,#2584);
#2286=AXIS2_PLACEMENT_3D('',#3919,#2585,#2586);
#2287=AXIS2_PLACEMENT_3D('',#3920,#2587,#2588);
#2288=AXIS2_PLACEMENT_3D('',#3922,#2589,#2590);
#2289=AXIS2_PLACEMENT_3D('',#3923,#2591,#2592);
#2290=AXIS2_PLACEMENT_3D('',#3925,#2593,#2594);
#2291=AXIS2_PLACEMENT_3D('',#3926,#2595,#2596);
#2292=AXIS2_PLACEMENT_3D('',#3927,#2597,#2598);
#2293=AXIS2_PLACEMENT_3D('',#4054,#2601,#2602);
#2294=AXIS2_PLACEMENT_3D('',#4055,#2603,#2604);
#2295=AXIS2_PLACEMENT_3D('',#4056,#2605,#2606);
#2296=AXIS2_PLACEMENT_3D('',#4057,#2607,#2608);
#2297=AXIS2_PLACEMENT_3D('',#4058,#2609,#2610);
#2298=AXIS2_PLACEMENT_3D('',#4060,#2611,#2612);
#2299=AXIS2_PLACEMENT_3D('',#4065,#2614,#2615);
#2300=AXIS2_PLACEMENT_3D('',#4068,#2617,#2618);
#2301=AXIS2_PLACEMENT_3D('',#4069,#2619,#2620);
#2302=AXIS2_PLACEMENT_3D('',#4080,#2621,#2622);
#2303=AXIS2_PLACEMENT_3D('',#4081,#2623,#2624);
#2304=AXIS2_PLACEMENT_3D('',#4083,#2625,#2626);
#2305=AXIS2_PLACEMENT_3D('',#4084,#2627,#2628);
#2306=AXIS2_PLACEMENT_3D('',#4085,#2629,#2630);
#2307=AXIS2_PLACEMENT_3D('',#4086,#2631,#2632);
#2308=AXIS2_PLACEMENT_3D('',#4089,#2634,#2635);
#2309=AXIS2_PLACEMENT_3D('',#4091,#2637,#2638);
#2310=AXIS2_PLACEMENT_3D('',#4092,#2639,#2640);
#2311=AXIS2_PLACEMENT_3D('',#4093,#2641,#2642);
#2312=AXIS2_PLACEMENT_3D('',#4094,#2643,#2644);
#2313=AXIS2_PLACEMENT_3D('',#4099,#2646,#2647);
#2314=AXIS2_PLACEMENT_3D('',#4168,#2649,#2650);
#2315=AXIS2_PLACEMENT_3D('',#4169,#2651,#2652);
#2316=AXIS2_PLACEMENT_3D('',#4170,#2653,#2654);
#2317=AXIS2_PLACEMENT_3D('',#4171,#2655,#2656);
#2318=AXIS2_PLACEMENT_3D('',#4172,#2657,#2658);
#2319=AXIS2_PLACEMENT_3D('',#4174,#2659,#2660);
#2320=AXIS2_PLACEMENT_3D('',#4176,#2661,#2662);
#2321=AXIS2_PLACEMENT_3D('',#4177,#2663,#2664);
#2322=AXIS2_PLACEMENT_3D('',#4179,#2665,#2666);
#2323=AXIS2_PLACEMENT_3D('',#4180,#2667,#2668);
#2324=AXIS2_PLACEMENT_3D('',#4182,#2669,#2670);
#2325=AXIS2_PLACEMENT_3D('',#4183,#2671,#2672);
#2326=AXIS2_PLACEMENT_3D('',#4184,#2673,#2674);
#2327=AXIS2_PLACEMENT_3D('',#4185,#2675,#2676);
#2328=AXIS2_PLACEMENT_3D('',#4214,#2679,#2680);
#2329=AXIS2_PLACEMENT_3D('',#4220,#2684,#2685);
#2330=AXIS2_PLACEMENT_3D('',#4248,#2687,#2688);
#2331=AXIS2_PLACEMENT_3D('',#4251,#2691,#2692);
#2332=AXIS2_PLACEMENT_3D('',#4252,#2693,#2694);
#2333=AXIS2_PLACEMENT_3D('',#4253,#2695,#2696);
#2334=AXIS2_PLACEMENT_3D('',#4254,#2697,#2698);
#2335=AXIS2_PLACEMENT_3D('',#4255,#2699,#2700);
#2336=AXIS2_PLACEMENT_3D('',#4256,#2701,#2702);
#2337=AXIS2_PLACEMENT_3D('',#4257,#2703,#2704);
#2338=AXIS2_PLACEMENT_3D('',#4258,#2705,#2706);
#2339=AXIS2_PLACEMENT_3D('',#4267,#2711,#2712);
#2340=AXIS2_PLACEMENT_3D('',#4277,#2714,#2715);
#2341=AXIS2_PLACEMENT_3D('',#4290,#2716,#2717);
#2342=AXIS2_PLACEMENT_3D('',#4297,#2718,#2719);
#2343=AXIS2_PLACEMENT_3D('',#4303,#2723,#2724);
#2344=AXIS2_PLACEMENT_3D('',#4304,#2725,#2726);
#2345=AXIS2_PLACEMENT_3D('',#4318,#2727,#2728);
#2346=AXIS2_PLACEMENT_3D('',#4330,#2729,#2730);
#2347=AXIS2_PLACEMENT_3D('',#4333,#2733,#2734);
#2348=AXIS2_PLACEMENT_3D('',#4336,#2737,#2738);
#2349=AXIS2_PLACEMENT_3D('',#4337,#2739,#2740);
#2350=AXIS2_PLACEMENT_3D('',#4338,#2741,#2742);
#2351=AXIS2_PLACEMENT_3D('',#4339,#2743,#2744);
#2352=AXIS2_PLACEMENT_3D('',#4340,#2745,#2746);
#2353=AXIS2_PLACEMENT_3D('',#4341,#2747,#2748);
#2354=AXIS2_PLACEMENT_3D('',#4350,#2753,#2754);
#2355=AXIS2_PLACEMENT_3D('',#4356,#2758,#2759);
#2356=AXIS2_PLACEMENT_3D('',#4362,#2763,#2764);
#2357=AXIS2_PLACEMENT_3D('',#4366,#2766,#2767);
#2358=AXIS2_PLACEMENT_3D('',#4367,#2768,#2769);
#2359=AXIS2_PLACEMENT_3D('',#4368,#2770,#2771);
#2360=AXIS2_PLACEMENT_3D('',#4374,#2775,#2776);
#2361=AXIS2_PLACEMENT_3D('',#4375,#2777,#2778);
#2362=AXIS2_PLACEMENT_3D('',#4376,#2779,#2780);
#2363=AXIS2_PLACEMENT_3D('',#4377,#2781,#2782);
#2364=AXIS2_PLACEMENT_3D('',#4378,#2783,#2784);
#2365=AXIS2_PLACEMENT_3D('',#4383,#2786,#2787);
#2366=AXIS2_PLACEMENT_3D('',#4390,#2791,#2792);
#2367=AXIS2_PLACEMENT_3D('',#4391,#2793,#2794);
#2368=AXIS2_PLACEMENT_3D('',#4392,#2795,#2796);
#2369=AXIS2_PLACEMENT_3D('',#4398,#2797,#2798);
#2370=AXIS2_PLACEMENT_3D('',#4405,#2799,#2800);
#2371=AXIS2_PLACEMENT_3D('',#4406,#2801,#2802);
#2372=AXIS2_PLACEMENT_3D('',#4407,#2803,#2804);
#2373=AXIS2_PLACEMENT_3D('',#4414,#2805,#2806);
#2374=AXIS2_PLACEMENT_3D('',#4420,#2807,#2808);
#2375=AXIS2_PLACEMENT_3D('',#4421,#2809,#2810);
#2376=AXIS2_PLACEMENT_3D('',#4562,#2813,#2814);
#2377=AXIS2_PLACEMENT_3D('',#4563,#2815,#2816);
#2378=AXIS2_PLACEMENT_3D('',#4564,#2817,#2818);
#2379=AXIS2_PLACEMENT_3D('',#4565,#2819,#2820);
#2380=AXIS2_PLACEMENT_3D('',#4566,#2821,#2822);
#2381=AXIS2_PLACEMENT_3D('',#4575,#2823,#2824);
#2382=AXIS2_PLACEMENT_3D('',#4578,#2826,#2827);
#2383=AXIS2_PLACEMENT_3D('',#4579,#2828,#2829);
#2384=AXIS2_PLACEMENT_3D('',#4588,#2830,#2831);
#2385=AXIS2_PLACEMENT_3D('',#4591,#2833,#2834);
#2386=AXIS2_PLACEMENT_3D('',#4597,#2838,#2839);
#2387=AXIS2_PLACEMENT_3D('',#4598,#2840,#2841);
#2388=AXIS2_PLACEMENT_3D('',#4606,#2842,#2843);
#2389=AXIS2_PLACEMENT_3D('',#4607,#2844,#2845);
#2390=AXIS2_PLACEMENT_3D('',#4608,#2846,#2847);
#2391=AXIS2_PLACEMENT_3D('',#4617,#2848,#2849);
#2392=AXIS2_PLACEMENT_3D('',#4620,#2851,#2852);
#2393=AXIS2_PLACEMENT_3D('',#4623,#2855,#2856);
#2394=AXIS2_PLACEMENT_3D('',#4642,#2867,#2868);
#2395=AXIS2_PLACEMENT_3D('',#4645,#2871,#2872);
#2396=AXIS2_PLACEMENT_3D('',#4646,#2873,#2874);
#2397=AXIS2_PLACEMENT_3D('',#4647,#2875,#2876);
#2398=AXIS2_PLACEMENT_3D('',#4653,#2880,#2881);
#2399=AXIS2_PLACEMENT_3D('',#4657,#2884,#2885);
#2400=AXIS2_PLACEMENT_3D('',#4661,#2888,#2889);
#2401=AXIS2_PLACEMENT_3D('',#4663,#2891,#2892);
#2402=AXIS2_PLACEMENT_3D('',#4672,#2897,#2898);
#2403=AXIS2_PLACEMENT_3D('',#4678,#2902,#2903);
#2404=AXIS2_PLACEMENT_3D('',#4682,#2906,#2907);
#2405=AXIS2_PLACEMENT_3D('',#4686,#2910,#2911);
#2406=AXIS2_PLACEMENT_3D('',#4688,#2913,#2914);
#2407=AXIS2_PLACEMENT_3D('',#4697,#2919,#2920);
#2408=AXIS2_PLACEMENT_3D('',#4698,#2921,#2922);
#2409=AXIS2_PLACEMENT_3D('',#4699,#2923,#2924);
#2410=AXIS2_PLACEMENT_3D('',#4700,#2925,#2926);
#2411=AXIS2_PLACEMENT_3D('',#4701,#2927,#2928);
#2412=AXIS2_PLACEMENT_3D('',#4702,#2929,#2930);
#2413=AXIS2_PLACEMENT_3D('',#4703,#2931,#2932);
#2414=AXIS2_PLACEMENT_3D('',#4704,#2933,#2934);
#2415=AXIS2_PLACEMENT_3D('',#4705,#2935,#2936);
#2416=AXIS2_PLACEMENT_3D('',#4706,#2937,#2938);
#2417=AXIS2_PLACEMENT_3D('',#4707,#2939,#2940);
#2418=AXIS2_PLACEMENT_3D('',#4708,#2941,#2942);
#2419=AXIS2_PLACEMENT_3D('',#4709,#2943,#2944);
#2420=AXIS2_PLACEMENT_3D('',#4710,#2945,#2946);
#2421=AXIS2_PLACEMENT_3D('',#4711,#2947,#2948);
#2422=AXIS2_PLACEMENT_3D('',#4712,#2949,#2950);
#2423=AXIS2_PLACEMENT_3D('',#4713,#2951,#2952);
#2424=AXIS2_PLACEMENT_3D('',#4850,#2955,#2956);
#2425=AXIS2_PLACEMENT_3D('',#4851,#2957,#2958);
#2426=AXIS2_PLACEMENT_3D('',#4852,#2959,#2960);
#2427=AXIS2_PLACEMENT_3D('',#4853,#2961,#2962);
#2428=AXIS2_PLACEMENT_3D('',#4857,#2964,#2965);
#2429=AXIS2_PLACEMENT_3D('',#4861,#2967,#2968);
#2430=AXIS2_PLACEMENT_3D('',#4900,#2969,#2970);
#2431=AXIS2_PLACEMENT_3D('',#4901,#2971,#2972);
#2432=AXIS2_PLACEMENT_3D('',#4930,#2973,#2974);
#2433=AXIS2_PLACEMENT_3D('',#4931,#2975,#2976);
#2434=AXIS2_PLACEMENT_3D('',#5074,#2977,#2978);
#2435=DIRECTION('',(0.,0.,1.));
#2436=DIRECTION('',(1.,0.,0.));
#2437=DIRECTION('',(-1.,0.,0.));
#2438=DIRECTION('',(-1.,0.,0.));
#2439=DIRECTION('',(1.,0.,0.));
#2440=DIRECTION('',(0.,1.,0.));
#2441=DIRECTION('',(1.,0.,0.));
#2442=DIRECTION('',(0.,1.,0.));
#2443=DIRECTION('',(0.,0.,1.));
#2444=DIRECTION('',(1.,0.,0.));
#2445=DIRECTION('',(0.,0.,-1.));
#2446=DIRECTION('',(-1.,0.,0.));
#2447=DIRECTION('',(0.,0.,1.));
#2448=DIRECTION('',(0.,0.,1.));
#2449=DIRECTION('',(1.,0.,0.));
#2450=DIRECTION('',(0.,0.,-1.));
#2451=DIRECTION('',(0.,0.,1.));
#2452=DIRECTION('',(1.,0.,0.));
#2453=DIRECTION('',(0.0372725543411765,-0.999305136929099,0.));
#2454=DIRECTION('',(0.999305136929099,0.0372725543411765,0.));
#2455=DIRECTION('',(-0.999305136929099,-0.0372725543411765,0.));
#2456=DIRECTION('',(0.,0.,-1.));
#2457=DIRECTION('',(-0.999305136929099,-0.0372725543411765,0.));
#2458=DIRECTION('',(0.,0.,-1.));
#2459=DIRECTION('',(-1.,0.,0.));
#2460=DIRECTION('',(0.,0.,1.));
#2461=DIRECTION('',(1.,0.,0.));
#2462=DIRECTION('',(0.,0.,-1.));
#2463=DIRECTION('',(0.,0.,1.));
#2464=DIRECTION('',(1.,0.,0.));
#2465=DIRECTION('',(-0.999935093649293,0.0113933528243183,0.));
#2466=DIRECTION('',(-0.0113933528243183,-0.999935093649293,0.));
#2467=DIRECTION('',(0.0113933528243183,0.999935093649293,0.));
#2468=DIRECTION('',(0.,0.,-1.));
#2469=DIRECTION('',(0.0113933528243183,0.999935093649293,0.));
#2470=DIRECTION('',(0.,0.,-1.));
#2471=DIRECTION('',(-1.,0.,0.));
#2472=DIRECTION('',(0.,0.,1.));
#2473=DIRECTION('',(1.,0.,0.));
#2474=DIRECTION('',(0.,0.,-1.));
#2475=DIRECTION('',(0.,0.,1.));
#2476=DIRECTION('',(1.,0.,0.));
#2477=DIRECTION('',(-0.0252372897043531,0.999681488879522,0.));
#2478=DIRECTION('',(-0.999681488879522,-0.0252372897043531,0.));
#2479=DIRECTION('',(0.999681488879522,0.0252372897043531,0.));
#2480=DIRECTION('',(0.,0.,-1.));
#2481=DIRECTION('',(0.999681488879522,0.0252372897043531,0.));
#2482=DIRECTION('',(0.,0.,-1.));
#2483=DIRECTION('',(-1.,0.,0.));
#2484=DIRECTION('',(0.,0.,1.));
#2485=DIRECTION('',(1.,0.,0.));
#2486=DIRECTION('',(0.,0.,-1.));
#2487=DIRECTION('',(0.,0.,1.));
#2488=DIRECTION('',(1.,0.,0.));
#2489=DIRECTION('',(0.,0.,1.));
#2490=DIRECTION('',(1.,0.,0.));
#2491=DIRECTION('',(-0.000293428170223981,0.999999956949954,0.));
#2492=DIRECTION('',(0.,0.,1.));
#2493=DIRECTION('',(1.,0.,0.));
#2494=DIRECTION('',(-0.000293428170223981,0.999999956949954,0.));
#2495=DIRECTION('',(0.999999956949954,0.000293428170223981,0.));
#2496=DIRECTION('',(-0.000293428170223981,0.999999956949954,0.));
#2497=DIRECTION('',(0.,0.,1.));
#2498=DIRECTION('',(1.,0.,0.));
#2499=DIRECTION('',(-1.,0.,0.));
#2500=DIRECTION('',(0.,0.,1.));
#2501=DIRECTION('',(1.,0.,0.));
#2502=DIRECTION('',(0.,0.,-1.));
#2503=DIRECTION('',(1.,0.,0.));
#2504=DIRECTION('',(0.,0.,-1.));
#2505=DIRECTION('',(1.,0.,0.));
#2506=DIRECTION('',(0.,1.,0.));
#2507=DIRECTION('',(1.,0.,0.));
#2508=DIRECTION('',(0.,0.,-1.));
#2509=DIRECTION('',(1.,0.,0.));
#2510=DIRECTION('',(0.,1.,0.));
#2511=DIRECTION('',(1.,0.,0.));
#2512=DIRECTION('',(0.,0.,-1.));
#2513=DIRECTION('',(1.,0.,0.));
#2514=DIRECTION('',(0.,0.,-1.));
#2515=DIRECTION('',(1.,0.,0.));
#2516=DIRECTION('',(0.,0.,-1.));
#2517=DIRECTION('',(1.,0.,0.));
#2518=DIRECTION('',(0.,0.,-1.));
#2519=DIRECTION('',(0.,0.,1.));
#2520=DIRECTION('',(1.,0.,0.));
#2521=DIRECTION('',(-1.,0.,0.));
#2522=DIRECTION('',(-1.,0.,0.));
#2523=DIRECTION('',(1.,0.,0.));
#2524=DIRECTION('',(0.,1.,0.));
#2525=DIRECTION('',(1.,0.,0.));
#2526=DIRECTION('',(0.,1.,0.));
#2527=DIRECTION('',(0.,0.,1.));
#2528=DIRECTION('',(1.,0.,0.));
#2529=DIRECTION('',(-1.,0.,0.));
#2530=DIRECTION('',(-1.,0.,0.));
#2531=DIRECTION('',(1.,0.,0.));
#2532=DIRECTION('',(0.,1.,0.));
#2533=DIRECTION('',(1.,0.,0.));
#2534=DIRECTION('',(0.,1.,0.));
#2535=DIRECTION('',(0.,0.,1.));
#2536=DIRECTION('',(1.,0.,0.));
#2537=DIRECTION('',(-1.,0.,0.));
#2538=DIRECTION('',(-1.,0.,0.));
#2539=DIRECTION('',(1.,0.,0.));
#2540=DIRECTION('',(0.,1.,0.));
#2541=DIRECTION('',(1.,0.,0.));
#2542=DIRECTION('',(0.,1.,0.));
#2543=DIRECTION('',(0.,0.,1.));
#2544=DIRECTION('',(1.,0.,0.));
#2545=DIRECTION('',(0.,0.,-1.));
#2546=DIRECTION('',(-1.,0.,0.));
#2547=DIRECTION('',(0.,0.,1.));
#2548=DIRECTION('',(1.,0.,0.));
#2549=DIRECTION('',(0.,0.,1.));
#2550=DIRECTION('',(1.,0.,0.));
#2551=DIRECTION('',(0.,0.,1.));
#2552=DIRECTION('',(1.,0.,0.));
#2553=DIRECTION('',(0.,0.,1.));
#2554=DIRECTION('',(1.,0.,0.));
#2555=DIRECTION('',(0.,0.,1.));
#2556=DIRECTION('',(1.,0.,0.));
#2557=DIRECTION('',(0.,0.,1.));
#2558=DIRECTION('',(1.,0.,0.));
#2559=DIRECTION('',(0.,0.,1.));
#2560=DIRECTION('',(1.,0.,0.));
#2561=DIRECTION('',(0.,0.,1.));
#2562=DIRECTION('',(1.,0.,0.));
#2563=DIRECTION('',(0.,0.,1.));
#2564=DIRECTION('',(1.,0.,0.));
#2565=DIRECTION('',(1.,0.,0.));
#2566=DIRECTION('',(0.,1.,0.));
#2567=DIRECTION('',(1.,0.,0.));
#2568=DIRECTION('',(0.,1.,0.));
#2569=DIRECTION('',(0.,0.,1.));
#2570=DIRECTION('',(1.,0.,0.));
#2571=DIRECTION('',(-1.,0.,0.));
#2572=DIRECTION('',(-1.,0.,0.));
#2573=DIRECTION('',(1.,0.,0.));
#2574=DIRECTION('',(0.,1.,0.));
#2575=DIRECTION('',(1.,0.,0.));
#2576=DIRECTION('',(0.,1.,0.));
#2577=DIRECTION('',(0.,0.,1.));
#2578=DIRECTION('',(1.,0.,0.));
#2579=DIRECTION('',(0.,0.,-1.));
#2580=DIRECTION('',(-1.,0.,0.));
#2581=DIRECTION('',(0.,0.,1.));
#2582=DIRECTION('',(1.,0.,0.));
#2583=DIRECTION('',(0.,0.,1.));
#2584=DIRECTION('',(1.,0.,0.));
#2585=DIRECTION('',(0.,0.,1.));
#2586=DIRECTION('',(1.,0.,0.));
#2587=DIRECTION('',(0.,0.,1.));
#2588=DIRECTION('',(1.,0.,0.));
#2589=DIRECTION('',(0.,0.,1.));
#2590=DIRECTION('',(1.,0.,0.));
#2591=DIRECTION('',(0.,0.,1.));
#2592=DIRECTION('',(1.,0.,0.));
#2593=DIRECTION('',(0.,0.,1.));
#2594=DIRECTION('',(1.,0.,0.));
#2595=DIRECTION('',(0.,0.,1.));
#2596=DIRECTION('',(1.,0.,0.));
#2597=DIRECTION('',(0.,0.,1.));
#2598=DIRECTION('',(1.,0.,0.));
#2599=DIRECTION('',(-1.,0.,0.));
#2600=DIRECTION('',(-1.,0.,0.));
#2601=DIRECTION('',(1.,0.,0.));
#2602=DIRECTION('',(0.,1.,0.));
#2603=DIRECTION('',(1.,0.,0.));
#2604=DIRECTION('',(0.,1.,0.));
#2605=DIRECTION('',(0.,0.,1.));
#2606=DIRECTION('',(1.,0.,0.));
#2607=DIRECTION('',(0.,0.,-1.));
#2608=DIRECTION('',(-1.,0.,0.));
#2609=DIRECTION('',(0.,0.,1.));
#2610=DIRECTION('',(1.,0.,0.));
#2611=DIRECTION('',(0.,0.,1.));
#2612=DIRECTION('',(1.,0.,0.));
#2613=DIRECTION('',(0.,0.,1.));
#2614=DIRECTION('',(0.,0.,1.));
#2615=DIRECTION('',(1.,0.,0.));
#2616=DIRECTION('',(0.,0.,-1.));
#2617=DIRECTION('',(0.,0.,1.));
#2618=DIRECTION('',(1.,0.,0.));
#2619=DIRECTION('',(0.,0.,1.));
#2620=DIRECTION('',(1.,0.,0.));
#2621=DIRECTION('',(0.,0.,1.));
#2622=DIRECTION('',(1.,0.,0.));
#2623=DIRECTION('',(0.,0.,1.));
#2624=DIRECTION('',(1.,0.,0.));
#2625=DIRECTION('',(0.,0.,1.));
#2626=DIRECTION('',(1.,0.,0.));
#2627=DIRECTION('',(0.,0.,1.));
#2628=DIRECTION('',(1.,0.,0.));
#2629=DIRECTION('',(0.,0.,1.));
#2630=DIRECTION('',(1.,0.,0.));
#2631=DIRECTION('',(0.,0.,1.));
#2632=DIRECTION('',(1.,0.,0.));
#2633=DIRECTION('',(0.,0.,1.));
#2634=DIRECTION('',(0.999999956949954,0.000293428170223981,0.));
#2635=DIRECTION('',(-0.000293428170223981,0.999999956949954,0.));
#2636=DIRECTION('',(-0.000293428170223981,0.999999956949954,0.));
#2637=DIRECTION('',(0.,0.,1.));
#2638=DIRECTION('',(1.,0.,0.));
#2639=DIRECTION('',(0.,0.,1.));
#2640=DIRECTION('',(1.,0.,0.));
#2641=DIRECTION('',(-1.,0.,0.));
#2642=DIRECTION('',(0.,-0.534368536128757,0.845251600173351));
#2643=DIRECTION('',(1.,1.47478335225043E-14,-2.33232152751608E-14));
#2644=DIRECTION('',(2.7484191852402E-14,-0.512701604111472,0.858566867018244));
#2645=DIRECTION('',(-1.,0.,0.));
#2646=DIRECTION('',(1.,1.32112689357694E-13,-2.08931887505246E-13));
#2647=DIRECTION('',(2.47130584590194E-13,-0.512701604111472,0.858566867018244));
#2648=DIRECTION('',(-1.,0.,0.));
#2649=DIRECTION('',(1.,0.,0.));
#2650=DIRECTION('',(0.,1.,0.));
#2651=DIRECTION('',(1.,0.,0.));
#2652=DIRECTION('',(0.,1.,0.));
#2653=DIRECTION('',(0.,0.,1.));
#2654=DIRECTION('',(1.,0.,0.));
#2655=DIRECTION('',(0.,0.,-1.));
#2656=DIRECTION('',(-1.,0.,0.));
#2657=DIRECTION('',(0.,0.,1.));
#2658=DIRECTION('',(1.,0.,0.));
#2659=DIRECTION('',(0.,0.,1.));
#2660=DIRECTION('',(1.,0.,0.));
#2661=DIRECTION('',(0.,0.,1.));
#2662=DIRECTION('',(1.,0.,0.));
#2663=DIRECTION('',(0.,0.,1.));
#2664=DIRECTION('',(1.,0.,0.));
#2665=DIRECTION('',(0.,0.,1.));
#2666=DIRECTION('',(1.,0.,0.));
#2667=DIRECTION('',(0.,0.,1.));
#2668=DIRECTION('',(1.,0.,0.));
#2669=DIRECTION('',(0.,0.,1.));
#2670=DIRECTION('',(1.,0.,0.));
#2671=DIRECTION('',(0.,0.,1.));
#2672=DIRECTION('',(1.,0.,0.));
#2673=DIRECTION('',(0.,0.,1.));
#2674=DIRECTION('',(1.,0.,0.));
#2675=DIRECTION('',(0.,0.,-1.));
#2676=DIRECTION('',(-1.,0.,0.));
#2677=DIRECTION('',(0.,0.,-1.));
#2678=DIRECTION('',(0.,0.,-1.));
#2679=DIRECTION('',(0.999999956949954,0.00029342817022339,0.));
#2680=DIRECTION('',(-0.00029342817022339,0.999999956949954,0.));
#2681=DIRECTION('',(0.00029342817022339,-0.999999956949954,0.));
#2682=DIRECTION('',(0.,0.,-1.));
#2683=DIRECTION('',(0.00029342817022339,-0.999999956949954,0.));
#2684=DIRECTION('',(0.,0.,-1.));
#2685=DIRECTION('',(-1.,0.,0.));
#2686=DIRECTION('',(0.,0.,-1.));
#2687=DIRECTION('',(-0.999999893629152,0.00046123929168069,0.));
#2688=DIRECTION('',(-0.00046123929168069,-0.999999893629152,0.));
#2689=DIRECTION('',(0.00046123929168069,0.999999893629152,0.));
#2690=DIRECTION('',(0.00046123929168069,0.999999893629152,0.));
#2691=DIRECTION('',(0.00046123929168069,0.999999893629152,0.));
#2692=DIRECTION('',(-0.999999893629152,0.00046123929168069,0.));
#2693=DIRECTION('',(0.999999996479928,-8.39055666801538E-5,0.));
#2694=DIRECTION('',(-8.39055667019185E-5,-0.999999996479928,0.));
#2695=DIRECTION('',(0.00029342817022339,-0.999999956949954,0.));
#2696=DIRECTION('',(0.999999956949954,0.00029342817022339,0.));
#2697=DIRECTION('',(-0.00046123929168069,-0.999999893629152,0.));
#2698=DIRECTION('',(0.999999893629152,-0.00046123929168069,0.));
#2699=DIRECTION('',(-0.999999996479928,8.39055666801538E-5,0.));
#2700=DIRECTION('',(8.39055667019185E-5,0.999999996479928,0.));
#2701=DIRECTION('',(-0.00029342817022339,0.999999956949954,0.));
#2702=DIRECTION('',(-0.999999956949954,-0.00029342817022339,0.));
#2703=DIRECTION('',(0.,0.,1.));
#2704=DIRECTION('',(1.,0.,0.));
#2705=DIRECTION('',(0.999929179084149,-0.0119011266735333,0.));
#2706=DIRECTION('',(0.0119011266735333,0.999929179084149,0.));
#2707=DIRECTION('',(0.,0.,-1.));
#2708=DIRECTION('',(-0.0119011266735333,-0.999929179084149,0.));
#2709=DIRECTION('',(0.,0.,-1.));
#2710=DIRECTION('',(-0.0119011266735333,-0.999929179084149,0.));
#2711=DIRECTION('',(0.,0.,-1.));
#2712=DIRECTION('',(-1.,0.,0.));
#2713=DIRECTION('',(0.,0.,-1.));
#2714=DIRECTION('',(0.,0.,1.));
#2715=DIRECTION('',(1.,0.,0.));
#2716=DIRECTION('',(0.,0.,1.));
#2717=DIRECTION('',(1.,0.,0.));
#2718=DIRECTION('',(0.999985102727416,-0.00545841764974828,0.));
#2719=DIRECTION('',(0.00545841764974828,0.999985102727416,0.));
#2720=DIRECTION('',(0.,0.,-1.));
#2721=DIRECTION('',(-0.00545841764974828,-0.999985102727416,0.));
#2722=DIRECTION('',(-0.00545841764974828,-0.999985102727416,0.));
#2723=DIRECTION('',(0.,0.,-1.));
#2724=DIRECTION('',(-1.,0.,0.));
#2725=DIRECTION('',(0.,0.,1.));
#2726=DIRECTION('',(1.,0.,0.));
#2727=DIRECTION('',(0.,0.,1.));
#2728=DIRECTION('',(1.,0.,0.));
#2729=DIRECTION('',(0.,0.,1.));
#2730=DIRECTION('',(1.,0.,0.));
#2731=DIRECTION('',(-0.00545841764974828,-0.999985102727416,0.));
#2732=DIRECTION('',(-0.0119011266735333,-0.999929179084149,0.));
#2733=DIRECTION('',(0.,0.,1.));
#2734=DIRECTION('',(1.,0.,0.));
#2735=DIRECTION('',(-0.00545841764974828,-0.999985102727416,0.));
#2736=DIRECTION('',(-0.0119011266735333,-0.999929179084149,0.));
#2737=DIRECTION('',(0.00545841764974828,0.999985102727416,0.));
#2738=DIRECTION('',(-0.999985102727416,0.00545841764974828,0.));
#2739=DIRECTION('',(-0.00545841764974828,-0.999985102727416,0.));
#2740=DIRECTION('',(0.999985102727416,-0.00545841764974828,0.));
#2741=DIRECTION('',(0.0119011266735333,0.999929179084149,0.));
#2742=DIRECTION('',(-0.999929179084149,0.0119011266735333,0.));
#2743=DIRECTION('',(-0.0119011266735333,-0.999929179084149,0.));
#2744=DIRECTION('',(0.999929179084149,-0.0119011266735333,0.));
#2745=DIRECTION('',(0.,0.,1.));
#2746=DIRECTION('',(1.,0.,0.));
#2747=DIRECTION('',(-0.0372725543411765,0.999305136929098,0.));
#2748=DIRECTION('',(-0.999305136929098,-0.0372725543411765,0.));
#2749=DIRECTION('',(0.,0.,-1.));
#2750=DIRECTION('',(0.999305136929098,0.0372725543411765,0.));
#2751=DIRECTION('',(0.,0.,-1.));
#2752=DIRECTION('',(-0.999305136929098,-0.0372725543411765,0.));
#2753=DIRECTION('',(-1.,0.,0.));
#2754=DIRECTION('',(0.,0.,1.));
#2755=DIRECTION('',(0.,0.,-1.));
#2756=DIRECTION('',(0.,1.,0.));
#2757=DIRECTION('',(0.,1.,0.));
#2758=DIRECTION('',(0.0252372897043531,-0.999681488879522,0.));
#2759=DIRECTION('',(0.999681488879522,0.0252372897043531,0.));
#2760=DIRECTION('',(0.,0.,-1.));
#2761=DIRECTION('',(-0.999681488879522,-0.0252372897043531,0.));
#2762=DIRECTION('',(0.999681488879522,0.0252372897043531,0.));
#2763=DIRECTION('',(0.,0.,-1.));
#2764=DIRECTION('',(-1.,0.,0.));
#2765=DIRECTION('',(0.,0.,-1.));
#2766=DIRECTION('',(0.,0.,1.));
#2767=DIRECTION('',(1.,0.,0.));
#2768=DIRECTION('',(0.,0.,1.));
#2769=DIRECTION('',(1.,0.,0.));
#2770=DIRECTION('',(-0.999404103105097,0.0345172231892431,0.));
#2771=DIRECTION('',(-0.0345172231892431,-0.999404103105097,0.));
#2772=DIRECTION('',(0.,0.,-1.));
#2773=DIRECTION('',(0.0345172231892431,0.999404103105097,0.));
#2774=DIRECTION('',(0.0345172231892431,0.999404103105097,0.));
#2775=DIRECTION('',(0.,0.,-1.));
#2776=DIRECTION('',(-1.,0.,0.));
#2777=DIRECTION('',(0.,0.,1.));
#2778=DIRECTION('',(1.,0.,0.));
#2779=DIRECTION('',(0.,0.,1.));
#2780=DIRECTION('',(1.,0.,0.));
#2781=DIRECTION('',(0.,0.,1.));
#2782=DIRECTION('',(1.,0.,0.));
#2783=DIRECTION('',(0.,0.,1.));
#2784=DIRECTION('',(1.,0.,0.));
#2785=DIRECTION('',(0.0345172231892431,0.999404103105097,0.));
#2786=DIRECTION('',(0.,0.,1.));
#2787=DIRECTION('',(1.,0.,0.));
#2788=DIRECTION('',(0.999305136929098,0.0372725543411765,0.));
#2789=DIRECTION('',(0.,1.,0.));
#2790=DIRECTION('',(-0.999681488879522,-0.0252372897043531,0.));
#2791=DIRECTION('',(0.,0.,1.));
#2792=DIRECTION('',(1.,0.,0.));
#2793=DIRECTION('',(-0.999305136929098,-0.0372725543411765,0.));
#2794=DIRECTION('',(0.0372725543411765,-0.999305136929098,0.));
#2795=DIRECTION('',(-0.693803807159785,-0.720164062676407,0.));
#2796=DIRECTION('',(0.720164062676407,-0.693803807159785,0.));
#2797=DIRECTION('',(0.,0.,1.));
#2798=DIRECTION('',(1.,0.,0.));
#2799=DIRECTION('',(0.,-1.,0.));
#2800=DIRECTION('',(0.,0.,-1.));
#2801=DIRECTION('',(0.715973913527704,-0.698127033674978,0.));
#2802=DIRECTION('',(-0.698127033674978,-0.715973913527704,0.));
#2803=DIRECTION('',(0.0345172231892431,0.999404103105097,0.));
#2804=DIRECTION('',(-0.999404103105097,0.0345172231892431,0.));
#2805=DIRECTION('',(0.999681488879522,0.0252372897043531,0.));
#2806=DIRECTION('',(-0.0252372897043531,0.999681488879522,0.));
#2807=DIRECTION('',(0.,0.,1.));
#2808=DIRECTION('',(1.,0.,0.));
#2809=DIRECTION('',(0.,0.,1.));
#2810=DIRECTION('',(1.,0.,0.));
#2811=DIRECTION('',(-1.,0.,0.));
#2812=DIRECTION('',(-1.,0.,0.));
#2813=DIRECTION('',(1.,0.,0.));
#2814=DIRECTION('',(0.,1.,0.));
#2815=DIRECTION('',(1.,0.,0.));
#2816=DIRECTION('',(0.,1.,0.));
#2817=DIRECTION('',(0.,0.,1.));
#2818=DIRECTION('',(1.,0.,0.));
#2819=DIRECTION('',(0.,0.,-1.));
#2820=DIRECTION('',(-1.,0.,0.));
#2821=DIRECTION('',(0.,0.,1.));
#2822=DIRECTION('',(1.,0.,0.));
#2823=DIRECTION('',(0.,0.,1.));
#2824=DIRECTION('',(1.,0.,0.));
#2825=DIRECTION('',(0.,0.,-1.));
#2826=DIRECTION('',(0.,0.,-1.));
#2827=DIRECTION('',(-1.,0.,0.));
#2828=DIRECTION('',(0.,0.,1.));
#2829=DIRECTION('',(1.,0.,0.));
#2830=DIRECTION('',(0.,0.,1.));
#2831=DIRECTION('',(1.,0.,0.));
#2832=DIRECTION('',(0.,0.,-1.));
#2833=DIRECTION('',(-0.999404103105097,0.0345172231892431,0.));
#2834=DIRECTION('',(-0.0345172231892431,-0.999404103105097,0.));
#2835=DIRECTION('',(0.0345172231892431,0.999404103105097,0.));
#2836=DIRECTION('',(0.,0.,-1.));
#2837=DIRECTION('',(0.0345172231892431,0.999404103105097,0.));
#2838=DIRECTION('',(0.,0.,-1.));
#2839=DIRECTION('',(-1.,0.,0.));
#2840=DIRECTION('',(0.,0.,1.));
#2841=DIRECTION('',(1.,0.,0.));
#2842=DIRECTION('',(0.,0.,1.));
#2843=DIRECTION('',(1.,0.,0.));
#2844=DIRECTION('',(0.,0.,-1.));
#2845=DIRECTION('',(-1.,0.,0.));
#2846=DIRECTION('',(0.,0.,1.));
#2847=DIRECTION('',(1.,0.,0.));
#2848=DIRECTION('',(0.,0.,1.));
#2849=DIRECTION('',(1.,0.,0.));
#2850=DIRECTION('',(0.,0.,-1.));
#2851=DIRECTION('',(-1.,0.,0.));
#2852=DIRECTION('',(0.,0.,1.));
#2853=DIRECTION('',(0.,1.,0.));
#2854=DIRECTION('',(0.,1.,0.));
#2855=DIRECTION('',(0.,0.,1.));
#2856=DIRECTION('',(1.,0.,0.));
#2857=DIRECTION('',(1.,0.,0.));
#2858=DIRECTION('',(7.54406432666777E-17,-1.,0.));
#2859=DIRECTION('',(1.,0.,0.));
#2860=DIRECTION('',(0.,-1.,0.));
#2861=DIRECTION('',(1.,0.,0.));
#2862=DIRECTION('',(0.,-1.,0.));
#2863=DIRECTION('',(1.,0.,0.));
#2864=DIRECTION('',(0.,-1.,0.));
#2865=DIRECTION('',(0.999681488879522,0.0252372897043531,0.));
#2866=DIRECTION('',(-0.999305136929098,-0.0372725543411765,0.));
#2867=DIRECTION('',(0.,0.,1.));
#2868=DIRECTION('',(1.,0.,0.));
#2869=DIRECTION('',(0.999681488879522,0.0252372897043531,0.));
#2870=DIRECTION('',(-0.999305136929098,-0.0372725543411765,0.));
#2871=DIRECTION('',(0.999681488879522,0.0252372897043531,0.));
#2872=DIRECTION('',(-0.0252372897043531,0.999681488879522,0.));
#2873=DIRECTION('',(-0.999305136929098,-0.0372725543411765,0.));
#2874=DIRECTION('',(0.0372725543411765,-0.999305136929098,0.));
#2875=DIRECTION('',(0.,1.,0.));
#2876=DIRECTION('',(0.,0.,1.));
#2877=DIRECTION('',(0.,0.,-1.));
#2878=DIRECTION('',(1.,0.,0.));
#2879=DIRECTION('',(0.,0.,-1.));
#2880=DIRECTION('',(1.,0.,0.));
#2881=DIRECTION('',(0.,0.,-1.));
#2882=DIRECTION('',(0.,0.,-1.));
#2883=DIRECTION('',(0.,-1.,0.));
#2884=DIRECTION('',(0.,1.,0.));
#2885=DIRECTION('',(0.,0.,1.));
#2886=DIRECTION('',(0.,0.,-1.));
#2887=DIRECTION('',(1.,0.,0.));
#2888=DIRECTION('',(1.,0.,0.));
#2889=DIRECTION('',(0.,0.,-1.));
#2890=DIRECTION('',(0.,-1.,0.));
#2891=DIRECTION('',(0.,0.,1.));
#2892=DIRECTION('',(1.,0.,0.));
#2893=DIRECTION('',(0.,-1.,0.));
#2894=DIRECTION('',(1.,0.,0.));
#2895=DIRECTION('',(0.,-1.,0.));
#2896=DIRECTION('',(1.,0.,0.));
#2897=DIRECTION('',(0.,1.,0.));
#2898=DIRECTION('',(0.,0.,1.));
#2899=DIRECTION('',(0.,0.,-1.));
#2900=DIRECTION('',(1.,0.,0.));
#2901=DIRECTION('',(0.,0.,-1.));
#2902=DIRECTION('',(1.,0.,0.));
#2903=DIRECTION('',(0.,0.,-1.));
#2904=DIRECTION('',(0.,0.,-1.));
#2905=DIRECTION('',(0.,-1.,0.));
#2906=DIRECTION('',(0.,1.,0.));
#2907=DIRECTION('',(0.,0.,1.));
#2908=DIRECTION('',(0.,0.,-1.));
#2909=DIRECTION('',(1.,0.,0.));
#2910=DIRECTION('',(1.,7.54406432666777E-17,0.));
#2911=DIRECTION('',(-7.54406432666777E-17,1.,0.));
#2912=DIRECTION('',(7.54406432666777E-17,-1.,0.));
#2913=DIRECTION('',(0.,0.,1.));
#2914=DIRECTION('',(1.,0.,0.));
#2915=DIRECTION('',(0.,-1.,0.));
#2916=DIRECTION('',(1.,0.,0.));
#2917=DIRECTION('',(7.54406432666777E-17,-1.,0.));
#2918=DIRECTION('',(1.,0.,0.));
#2919=DIRECTION('',(0.,1.,0.));
#2920=DIRECTION('',(0.,0.,1.));
#2921=DIRECTION('',(-0.707106781186548,0.707106781186548,0.));
#2922=DIRECTION('',(-0.707106781186548,-0.707106781186548,0.));
#2923=DIRECTION('',(0.707106781186548,0.707106781186548,0.));
#2924=DIRECTION('',(0.707106781186548,-0.707106781186548,0.));
#2925=DIRECTION('',(1.,0.,0.));
#2926=DIRECTION('',(0.,0.,-1.));
#2927=DIRECTION('',(0.707106781186548,-0.707106781186548,0.));
#2928=DIRECTION('',(0.707106781186548,0.707106781186548,0.));
#2929=DIRECTION('',(-1.,0.,0.));
#2930=DIRECTION('',(0.,0.,1.));
#2931=DIRECTION('',(-0.707106781186548,-0.707106781186548,0.));
#2932=DIRECTION('',(-0.707106781186548,0.707106781186548,0.));
#2933=DIRECTION('',(0.,-1.,0.));
#2934=DIRECTION('',(0.,0.,-1.));
#2935=DIRECTION('',(0.,1.,0.));
#2936=DIRECTION('',(0.,0.,1.));
#2937=DIRECTION('',(-0.707106781186548,0.707106781186548,0.));
#2938=DIRECTION('',(-0.707106781186548,-0.707106781186548,0.));
#2939=DIRECTION('',(0.707106781186548,0.707106781186548,0.));
#2940=DIRECTION('',(0.707106781186548,-0.707106781186548,0.));
#2941=DIRECTION('',(1.,0.,0.));
#2942=DIRECTION('',(0.,0.,-1.));
#2943=DIRECTION('',(0.707106781186548,-0.707106781186548,0.));
#2944=DIRECTION('',(0.707106781186548,0.707106781186548,0.));
#2945=DIRECTION('',(-1.,0.,0.));
#2946=DIRECTION('',(0.,0.,1.));
#2947=DIRECTION('',(-0.707106781186548,-0.707106781186548,0.));
#2948=DIRECTION('',(-0.707106781186548,0.707106781186548,0.));
#2949=DIRECTION('',(7.54406432666777E-17,-1.,0.));
#2950=DIRECTION('',(1.,7.54406432666777E-17,0.));
#2951=DIRECTION('',(0.,0.,1.));
#2952=DIRECTION('',(1.,0.,0.));
#2953=DIRECTION('',(-1.,0.,0.));
#2954=DIRECTION('',(-1.,0.,0.));
#2955=DIRECTION('',(1.,0.,0.));
#2956=DIRECTION('',(0.,1.,0.));
#2957=DIRECTION('',(1.,0.,0.));
#2958=DIRECTION('',(0.,1.,0.));
#2959=DIRECTION('',(0.,0.,1.));
#2960=DIRECTION('',(1.,0.,0.));
#2961=DIRECTION('',(0.,0.,-1.));
#2962=DIRECTION('',(-1.,0.,0.));
#2963=DIRECTION('',(0.,0.,-1.));
#2964=DIRECTION('',(0.,0.,1.));
#2965=DIRECTION('',(1.,0.,0.));
#2966=DIRECTION('',(0.,0.,-1.));
#2967=DIRECTION('',(0.,0.,1.));
#2968=DIRECTION('',(1.,0.,0.));
#2969=DIRECTION('',(0.,0.,1.));
#2970=DIRECTION('',(-0.927015277320235,0.375023566745994,0.));
#2971=DIRECTION('',(0.,0.,1.));
#2972=DIRECTION('',(1.,0.,0.));
#2973=DIRECTION('',(0.,0.,1.));
#2974=DIRECTION('',(1.,0.,0.));
#2975=DIRECTION('',(0.,0.,1.));
#2976=DIRECTION('',(1.,0.,0.));
#2977=DIRECTION('',(0.,0.,1.));
#2978=DIRECTION('',(1.,0.,0.));
#2979=CARTESIAN_POINT('',(0.,0.,0.));
#2980=CARTESIAN_POINT('',(0.0064,-0.0162304116965173,0.0299863556747093));
#2981=CARTESIAN_POINT('',(0.0038,-0.0162304116965173,0.0299863556747093));
#2982=CARTESIAN_POINT('',(0.0064,-0.0160242105682147,0.0296666434214595));
#2983=CARTESIAN_POINT('',(0.0038,-0.0160242105682147,0.0296666434214595));
#2984=CARTESIAN_POINT('',(0.0064,-0.0159331161641955,0.0288437217285566));
#2985=CARTESIAN_POINT('',(0.0038,-0.0159331161641955,0.0288437217285566));
#2986=CARTESIAN_POINT('',(0.0064,-0.0164012086209405,0.02809620582814));
#2987=CARTESIAN_POINT('',(0.0038,-0.0164012086209405,0.02809620582814));
#2988=CARTESIAN_POINT('',(0.0064,-0.0167555280907656,0.0275471971286648));
#2989=CARTESIAN_POINT('',(0.0038,-0.0167555280907656,0.0275471971286648));
#2990=CARTESIAN_POINT('',(0.0064,-0.0168038962850489,0.0268816790614345));
#2991=CARTESIAN_POINT('',(0.00380000000000001,-0.0168038962850489,0.0268816790614345));
#2992=CARTESIAN_POINT('',(0.0064,-0.0165450089904898,0.026072461031399));
#2993=CARTESIAN_POINT('',(0.0038,-0.0165450089904898,0.026072461031399));
#2994=CARTESIAN_POINT('',(0.0064,-0.0162595833188031,0.025198932182714));
#2995=CARTESIAN_POINT('',(0.0038,-0.0162595833188031,0.025198932182714));
#2996=CARTESIAN_POINT('',(0.0064,-0.0161611299503117,0.0240287338530319));
#2997=CARTESIAN_POINT('',(0.0038,-0.0161611299503117,0.0240287338530319));
#2998=CARTESIAN_POINT('',(0.0064,-0.0168429864830754,0.0229494021314783));
#2999=CARTESIAN_POINT('',(0.00380000000000001,-0.0168429864830754,0.0229494021314783));
#3000=CARTESIAN_POINT('',(0.0064,-0.0173071269940796,0.021792998403285));
#3001=CARTESIAN_POINT('',(0.0038,-0.0173071269940796,0.021792998403285));
#3002=CARTESIAN_POINT('',(0.0064,-0.0172630384333535,0.0208316068844646));
#3003=CARTESIAN_POINT('',(0.00380000000000001,-0.0172630384333535,0.0208316068844646));
#3004=CARTESIAN_POINT('',(0.0064,-0.0168241848845593,0.0198157974316966));
#3005=CARTESIAN_POINT('',(0.0038,-0.0168241848845593,0.0198157974316966));
#3006=CARTESIAN_POINT('',(0.0064,-0.0163833530384666,0.0189171936473721));
#3007=CARTESIAN_POINT('',(0.00380000000000001,-0.0163833530384666,0.0189171936473721));
#3008=CARTESIAN_POINT('',(0.0064,-0.0162426555005653,0.0182778423763688));
#3009=CARTESIAN_POINT('',(0.0038,-0.0162426555005653,0.0182778423763688));
#3010=CARTESIAN_POINT('',(0.0064,-0.0167727095155775,0.0180600351994225));
#3011=CARTESIAN_POINT('',(0.0038,-0.0167727095155775,0.0180600351994225));
#3012=CARTESIAN_POINT('',(0.0064,-0.0175987814609047,0.01823277297834));
#3013=CARTESIAN_POINT('',(0.00380000000000001,-0.0175987814609047,0.01823277297834));
#3014=CARTESIAN_POINT('',(0.0064,-0.0182326447964925,0.0187539081691521));
#3015=CARTESIAN_POINT('',(0.0038,-0.0182326447964925,0.0187539081691521));
#3016=CARTESIAN_POINT('',(0.0064,-0.0183850189729572,0.0195611983619488));
#3017=CARTESIAN_POINT('',(0.0038,-0.0183850189729572,0.0195611983619488));
#3018=CARTESIAN_POINT('',(0.0064,-0.0182337227782467,0.02052407477262));
#3019=CARTESIAN_POINT('',(0.00380000000000001,-0.0182337227782467,0.02052407477262));
#3020=CARTESIAN_POINT('',(0.0064,-0.017884992967686,0.0215283026524014));
#3021=CARTESIAN_POINT('',(0.0038,-0.017884992967686,0.0215283026524014));
#3022=CARTESIAN_POINT('',(0.0064,-0.0174635424443139,0.0224349764957447));
#3023=CARTESIAN_POINT('',(0.0038,-0.0174635424443139,0.0224349764957447));
#3024=CARTESIAN_POINT('',(0.0064,-0.0170920432274155,0.0232393641965769));
#3025=CARTESIAN_POINT('',(0.0038,-0.0170920432274155,0.0232393641965769));
#3026=CARTESIAN_POINT('',(0.0064,-0.0168859450578317,0.0239932917573441));
#3027=CARTESIAN_POINT('',(0.00380000000000001,-0.0168859450578317,0.0239932917573441));
#3028=CARTESIAN_POINT('',(0.0064,-0.0169935373506797,0.0247395348077878));
#3029=CARTESIAN_POINT('',(0.0038,-0.0169935373506797,0.0247395348077878));
#3030=CARTESIAN_POINT('',(0.0064,-0.0175727029122196,0.0257588569199738));
#3031=CARTESIAN_POINT('',(0.00380000000000001,-0.0175727029122196,0.0257588569199738));
#3032=CARTESIAN_POINT('',(0.0064,-0.01817349466383,0.0267651101756925));
#3033=CARTESIAN_POINT('',(0.0038,-0.01817349466383,0.0267651101756925));
#3034=CARTESIAN_POINT('',(0.0064,-0.0177179296180907,0.0276862504073578));
#3035=CARTESIAN_POINT('',(0.0038,-0.0177179296180907,0.0276862504073578));
#3036=CARTESIAN_POINT('',(0.0064,-0.0171967861416908,0.0283379459610561));
#3037=CARTESIAN_POINT('',(0.0038,-0.0171967861416908,0.0283379459610561));
#3038=CARTESIAN_POINT('',(0.0064,-0.0168377544407259,0.028954084029356));
#3039=CARTESIAN_POINT('',(0.00380000000000001,-0.0168377544407259,0.028954084029356));
#3040=CARTESIAN_POINT('',(0.0064,-0.0169335016173509,0.0293433097499712));
#3041=CARTESIAN_POINT('',(0.0038,-0.0169335016173509,0.0293433097499712));
#3042=CARTESIAN_POINT('',(0.0064,-0.0169821604678586,0.0295194537979413));
#3043=CARTESIAN_POINT('',(0.0038,-0.0169821604678586,0.0295194537979413));
#3044=CARTESIAN_POINT('',(0.0038,-0.0162304116965173,0.0299863556747093));
#3045=CARTESIAN_POINT('',(0.0038,-0.0160417071150356,0.0296937715970144));
#3046=CARTESIAN_POINT('',(0.0038,-0.0158593504491621,0.0284880764472837));
#3047=CARTESIAN_POINT('',(0.0038,-0.0173742021288574,0.027303747027675));
#3048=CARTESIAN_POINT('',(0.0038,-0.0153944145534641,0.0242556228878562));
#3049=CARTESIAN_POINT('',(0.0038,-0.0183407842693099,0.0215278397442619));
#3050=CARTESIAN_POINT('',(0.0038,-0.0152634814410441,0.0177697480635893));
#3051=CARTESIAN_POINT('',(0.0038,-0.0189344124987711,0.0183188556496578));
#3052=CARTESIAN_POINT('',(0.0038,-0.0178488694767411,0.0219892834057964));
#3053=CARTESIAN_POINT('',(0.0038,-0.0162724107736129,0.0244552830094789));
#3054=CARTESIAN_POINT('',(0.0038,-0.0188523803805906,0.0269813205074954));
#3055=CARTESIAN_POINT('',(0.0038,-0.0167417222520895,0.0285602269928062));
#3056=CARTESIAN_POINT('',(0.0038,-0.0169332555698731,0.029342419063112));
#3057=CARTESIAN_POINT('',(0.0038,-0.0169821604678586,0.0295194537979412));
#3058=CARTESIAN_POINT('',(0.0038,-0.0162304116965173,0.0299863556747093));
#3059=CARTESIAN_POINT('',(0.0038,-0.0169821604730391,0.0295194538166944));
#3060=CARTESIAN_POINT('',(0.0064,-0.0162304116965173,0.0299863556747093));
#3061=CARTESIAN_POINT('',(0.0064,-0.0162304116965173,0.0299863556747093));
#3062=CARTESIAN_POINT('',(0.0064,-0.0162304116965173,0.0299863556747093));
#3063=CARTESIAN_POINT('',(0.0064,-0.0160417071150356,0.0296937715970144));
#3064=CARTESIAN_POINT('',(0.0064,-0.0158593504491621,0.0284880764472837));
#3065=CARTESIAN_POINT('',(0.0064,-0.0173742021288574,0.027303747027675));
#3066=CARTESIAN_POINT('',(0.0064,-0.0153944145534641,0.0242556228878562));
#3067=CARTESIAN_POINT('',(0.0064,-0.0183407842693099,0.0215278397442619));
#3068=CARTESIAN_POINT('',(0.0064,-0.0152634814410441,0.0177697480635893));
#3069=CARTESIAN_POINT('',(0.0064,-0.0189344124987711,0.0183188556496578));
#3070=CARTESIAN_POINT('',(0.0064,-0.0178488694767411,0.0219892834057964));
#3071=CARTESIAN_POINT('',(0.0064,-0.0162724107736129,0.0244552830094789));
#3072=CARTESIAN_POINT('',(0.0064,-0.0188523803805906,0.0269813205074954));
#3073=CARTESIAN_POINT('',(0.0064,-0.0167417222520895,0.0285602269928062));
#3074=CARTESIAN_POINT('',(0.0064,-0.0169332555698731,0.029342419063112));
#3075=CARTESIAN_POINT('',(0.0064,-0.0169821604678586,0.0295194537979412));
#3076=CARTESIAN_POINT('',(0.0064,-0.0169821604730391,0.0295194538166944));
#3077=CARTESIAN_POINT('',(0.0064,-0.0169821604730391,0.0295194538166944));
#3078=CARTESIAN_POINT('',(0.0064,-0.0169821604678586,0.0295194537979412));
#3079=CARTESIAN_POINT('',(0.0038,-0.0169821604678586,0.0295194537979412));
#3080=CARTESIAN_POINT('',(0.0064,-0.0170219058983312,0.0296633314468932));
#3081=CARTESIAN_POINT('',(0.0038,-0.0170219058983312,0.0296633314468932));
#3082=CARTESIAN_POINT('',(0.0064,-0.0171101157197658,0.0299256138727735));
#3083=CARTESIAN_POINT('',(0.0038,-0.0171101157197658,0.0299256138727735));
#3084=CARTESIAN_POINT('',(0.0064,-0.016932456306759,0.0302076828010274));
#3085=CARTESIAN_POINT('',(0.0038,-0.016932456306759,0.0302076828010274));
#3086=CARTESIAN_POINT('',(0.0064,-0.0165333721625262,0.0302902365354815));
#3087=CARTESIAN_POINT('',(0.0038,-0.0165333721625262,0.0302902365354815));
#3088=CARTESIAN_POINT('',(0.0064,-0.0163146261048193,0.0301169290544766));
#3089=CARTESIAN_POINT('',(0.0038,-0.0163146261048193,0.0301169290544766));
#3090=CARTESIAN_POINT('',(0.0064,-0.0162304116965173,0.0299863556747093));
#3091=CARTESIAN_POINT('',(0.0038,-0.0162304116965173,0.0299863556747093));
#3092=CARTESIAN_POINT('',(0.0038,-0.0169821604678586,0.0295194537979412));
#3093=CARTESIAN_POINT('',(0.0038,-0.0170347463457482,0.0297098136050655));
#3094=CARTESIAN_POINT('',(0.0038,-0.0171672807001539,0.0301262009587498));
#3095=CARTESIAN_POINT('',(0.0038,-0.0166740013213029,0.030311414444324));
#3096=CARTESIAN_POINT('',(0.0038,-0.0164513171371298,0.0301994891840252));
#3097=CARTESIAN_POINT('',(0.0038,-0.0163667909888791,0.0301570047517331));
#3098=CARTESIAN_POINT('',(0.0038,-0.0162924384601319,0.0300825273907434));
#3099=CARTESIAN_POINT('',(0.0038,-0.0162304116965173,0.0299863556747093));
#3100=CARTESIAN_POINT('',(0.0064,-0.0169821604678586,0.0295194537979412));
#3101=CARTESIAN_POINT('',(0.0064,-0.0170347463457482,0.0297098136050655));
#3102=CARTESIAN_POINT('',(0.0064,-0.0171672807001539,0.0301262009587498));
#3103=CARTESIAN_POINT('',(0.0064,-0.0166740013213029,0.030311414444324));
#3104=CARTESIAN_POINT('',(0.0064,-0.0164513171371298,0.0301994891840252));
#3105=CARTESIAN_POINT('',(0.0064,-0.0163667909888791,0.0301570047517331));
#3106=CARTESIAN_POINT('',(0.0064,-0.0162924384601319,0.0300825273907434));
#3107=CARTESIAN_POINT('',(0.0064,-0.0162304116965173,0.0299863556747093));
#3108=CARTESIAN_POINT('',(0.0064,-0.00605304009021168,0.0258959052999895));
#3109=CARTESIAN_POINT('',(0.0038,-0.00605304009021168,0.0258959052999895));
#3110=CARTESIAN_POINT('',(0.,0.,0.));
#3111=CARTESIAN_POINT('',(-0.0506861890806995,-0.0293425668540525,0.0142));
#3112=CARTESIAN_POINT('',(-0.0476735635768106,-0.0240931433549024,-0.0108));
#3113=CARTESIAN_POINT('',(-0.0476735635768106,-0.0240931433549024,0.0106));
#3114=CARTESIAN_POINT('',(-0.0476735635768106,-0.0240931433549024,0.0142));
#3115=CARTESIAN_POINT('',(-0.0506861890806995,-0.0293425668540525,0.0106));
#3116=CARTESIAN_POINT('',(-0.0446538364805626,-0.0298355999236661,0.0106));
#3117=CARTESIAN_POINT('',(-0.0446538364805626,-0.0298355999236661,0.0142));
#3118=CARTESIAN_POINT('',(-0.0446538364805626,-0.0298355999236661,0.0142));
#3119=CARTESIAN_POINT('',(-0.0506861890806995,-0.0293425668540525,0.0142));
#3120=CARTESIAN_POINT('',(-0.0226182447550471,-0.0290137060299219,0.0142));
#3121=CARTESIAN_POINT('',(-0.0226182447550471,-0.0290137060299219,0.0106));
#3122=CARTESIAN_POINT('',(-0.000582653029531498,-0.0281918121361777,0.0106));
#3123=CARTESIAN_POINT('',(-0.000582653029531498,-0.0281918121361777,0.0142));
#3124=CARTESIAN_POINT('',(-0.000582653029531498,-0.0281918121361777,0.0142));
#3125=CARTESIAN_POINT('',(-0.0226182447550471,-0.0290137060299219,0.0142));
#3126=CARTESIAN_POINT('',(0.00483427547240618,-0.0268953583104657,0.0142));
#3127=CARTESIAN_POINT('',(0.00483427547240618,-0.0268953583104657,0.0106));
#3128=CARTESIAN_POINT('',(0.00596118130525805,-0.021440636487935,0.0106));
#3129=CARTESIAN_POINT('',(0.00596118130525805,-0.021440636487935,0.0142));
#3130=CARTESIAN_POINT('',(0.00596118130525805,-0.021440636487935,0.0142));
#3131=CARTESIAN_POINT('',(0.00483427547240618,-0.0268953583104657,0.0142));
#3132=CARTESIAN_POINT('',(0.00613208990090545,-0.00644088134742983,0.0142));
#3133=CARTESIAN_POINT('',(0.00613208990090545,-0.00644088134742983,0.0106));
#3134=CARTESIAN_POINT('',(0.00630299849655286,0.00855887379307532,0.0106));
#3135=CARTESIAN_POINT('',(0.00630299849655286,0.00855887379307532,0.0142));
#3136=CARTESIAN_POINT('',(0.00630299849655286,0.00855887379307532,0.0142));
#3137=CARTESIAN_POINT('',(0.00613208990090545,-0.00644088134742983,0.0142));
#3138=CARTESIAN_POINT('',(0.00493128362291926,0.0142670067775371,0.0142));
#3139=CARTESIAN_POINT('',(0.00493128362291926,0.0142670067775371,0.0106));
#3140=CARTESIAN_POINT('',(-8.67361737988404E-19,0.0174524150234572,0.0106));
#3141=CARTESIAN_POINT('',(-8.67361737988404E-19,0.0174524150234572,0.0142));
#3142=CARTESIAN_POINT('',(-8.67361737988404E-19,0.0174524150234572,0.0142));
#3143=CARTESIAN_POINT('',(0.00493128362291926,0.0142670067775371,0.0142));
#3144=CARTESIAN_POINT('',(-0.022363706243759,0.0168878358653802,0.0142));
#3145=CARTESIAN_POINT('',(-0.022363706243759,0.0168878358653802,0.0106));
#3146=CARTESIAN_POINT('',(-0.044727412487518,0.0163232567073032,0.0106));
#3147=CARTESIAN_POINT('',(-0.044727412487518,0.0163232567073032,0.0142));
#3148=CARTESIAN_POINT('',(-0.044727412487518,0.0163232567073032,0.0142));
#3149=CARTESIAN_POINT('',(-0.022363706243759,0.0168878358653802,0.0142));
#3150=CARTESIAN_POINT('',(-0.0501757140589507,0.0159461422219984,0.0142));
#3151=CARTESIAN_POINT('',(-0.0501757140589507,0.0159461422219984,0.0106));
#3152=CARTESIAN_POINT('',(-0.0476838862491574,0.0110864097690084,0.0106));
#3153=CARTESIAN_POINT('',(-0.0476838862491574,0.0110864097690084,0.0142));
#3154=CARTESIAN_POINT('',(-0.0476838862491574,0.0110864097690084,0.0142));
#3155=CARTESIAN_POINT('',(-0.0501757140589507,0.0159461422219984,0.0142));
#3156=CARTESIAN_POINT('',(-0.0218444466467501,-0.00619159245010445,0.0142));
#3157=CARTESIAN_POINT('',(-0.047678724912984,-0.00650336679294698,0.0142));
#3158=CARTESIAN_POINT('',(-0.0218444466467501,-0.00619159245010445,0.0106));
#3159=CARTESIAN_POINT('',(-0.0476788141720213,-0.00619917298162263,0.0106));
#3160=CARTESIAN_POINT('',(-0.047678724912984,-0.00650336679294698,-0.0108));
#3161=CARTESIAN_POINT('',(0.,0.,0.));
#3162=CARTESIAN_POINT('',(0.0071,-0.00642206474374256,0.0156450315404311));
#3163=CARTESIAN_POINT('',(0.0071,-0.00642206474374256,0.0156450315404311));
#3164=CARTESIAN_POINT('',(0.0071,0.00369173086196277,0.0302163816407154));
#3165=CARTESIAN_POINT('',(0.0071,-0.0157245586082101,0.0307472404252461));
#3166=CARTESIAN_POINT('',(0.0071,-0.0157245586082101,0.0307472404252461));
#3167=CARTESIAN_POINT('',(0.0071,-0.0163139713855373,0.0303841803731342));
#3168=CARTESIAN_POINT('',(0.0070603320690632,-0.0174377326444797,0.0295969533014698));
#3169=CARTESIAN_POINT('',(0.00687413908082982,-0.0187056794904619,0.0284719137364669));
#3170=CARTESIAN_POINT('',(0.00659241637536846,-0.0196395216903352,0.0274880659305709));
#3171=CARTESIAN_POINT('',(0.00628846787297797,-0.0202865881056956,0.0267221306913271));
#3172=CARTESIAN_POINT('',(0.00585926120692696,-0.0208531021803393,0.0259719191916116));
#3173=CARTESIAN_POINT('',(0.00540605575181254,-0.0211672089033417,0.0255050929681569));
#3174=CARTESIAN_POINT('',(0.00510000000000001,-0.0212572492620149,0.0253677063579827));
#3175=CARTESIAN_POINT('',(0.0051,-0.0212572492620149,0.0253677063579828));
#3176=CARTESIAN_POINT('',(0.00509999999999999,-0.0212572492620149,0.0253677063579827));
#3177=CARTESIAN_POINT('',(0.0047940737144278,-0.0211672469917836,0.0255050348515301));
#3178=CARTESIAN_POINT('',(0.00434157295350608,-0.0208540375342225,0.0259705538782143));
#3179=CARTESIAN_POINT('',(0.00377063325745037,-0.0200991387943418,0.0269705771788359));
#3180=CARTESIAN_POINT('',(0.00336879226169445,-0.0189782429690549,0.0282292368268409));
#3181=CARTESIAN_POINT('',(0.00313893286896774,-0.0174428914065009,0.0295937446508929));
#3182=CARTESIAN_POINT('',(0.0031,-0.0163126787931143,0.0303849765701128));
#3183=CARTESIAN_POINT('',(0.0031,-0.0157245586082101,0.0307472404252461));
#3184=CARTESIAN_POINT('',(0.0031,-0.0157245586082101,0.0307472404252461));
#3185=CARTESIAN_POINT('',(0.0031,-0.00642206474374256,0.0156450315404311));
#3186=CARTESIAN_POINT('',(0.0031,0.00369173086196277,0.0302163816407154));
#3187=CARTESIAN_POINT('',(0.0031,0.00369173086196277,0.0302163816407154));
#3188=CARTESIAN_POINT('',(0.0031,0.00426042515016402,0.0298216579017746));
#3189=CARTESIAN_POINT('',(0.0031396679309368,0.00533949275045071,0.0289742035115725));
#3190=CARTESIAN_POINT('',(0.00332586091917019,0.00654407213867224,0.0277815628596871));
#3191=CARTESIAN_POINT('',(0.00360758362463154,0.0074227608624634,0.0267481588311906));
#3192=CARTESIAN_POINT('',(0.00391153212702203,0.00802700917509739,0.0259480115239516));
#3193=CARTESIAN_POINT('',(0.00434073879307304,0.0085516846468495,0.0251679659224535));
#3194=CARTESIAN_POINT('',(0.00479394424818748,0.00883981428724395,0.0246846740161831));
#3195=CARTESIAN_POINT('',(0.00509999999999999,0.00892221319679288,0.0245425727616134));
#3196=CARTESIAN_POINT('',(0.0051,0.00892221319679286,0.0245425727616134));
#3197=CARTESIAN_POINT('',(0.00510000000000001,0.00892221319679287,0.0245425727616134));
#3198=CARTESIAN_POINT('',(0.0054059262855722,0.00883984914323656,0.0246846139051901));
#3199=CARTESIAN_POINT('',(0.00585842704649392,0.00855254400135601,0.0251665515401177));
#3200=CARTESIAN_POINT('',(0.00642936674254962,0.00785341525248284,0.0262063292575933));
#3201=CARTESIAN_POINT('',(0.00683120773830555,0.0068029683289113,0.0275243553656126));
#3202=CARTESIAN_POINT('',(0.00706106713103226,0.00534446848191324,0.0289707177748459));
#3203=CARTESIAN_POINT('',(0.0071,0.00425917799374632,0.0298225235377665));
#3204=CARTESIAN_POINT('',(0.0071,0.00369173086196277,0.0302163816407154));
#3205=CARTESIAN_POINT('',(0.0071,-0.00617023524477534,0.0308563368028626));
#3206=CARTESIAN_POINT('',(0.0071,-0.00625345248321929,0.021812066077562));
#3207=CARTESIAN_POINT('',(0.0031,-0.00617023524477534,0.0308563368028626));
#3208=CARTESIAN_POINT('',(0.0031,-0.00625345248321929,0.021812066077562));
#3209=CARTESIAN_POINT('',(0.00553836,-0.00625345248321929,0.021812066077562));
#3210=CARTESIAN_POINT('',(0.0051,-0.00625345248321929,0.021812066077562));
#3211=CARTESIAN_POINT('',(0.00466164,-0.00625345248321929,0.021812066077562));
#3212=CARTESIAN_POINT('',(0.,0.,0.));
#3213=CARTESIAN_POINT('',(0.0064,-0.0030617441066107,0.0323101768884077));
#3214=CARTESIAN_POINT('',(0.0038,-0.0030617441066107,0.0323101768884077));
#3215=CARTESIAN_POINT('',(0.0064,-0.00297989140768466,0.0321619071794809));
#3216=CARTESIAN_POINT('',(0.0038,-0.00297989140768466,0.0321619071794809));
#3217=CARTESIAN_POINT('',(0.0064,-0.00300076450072695,0.0318804027625421));
#3218=CARTESIAN_POINT('',(0.0038,-0.00300076450072695,0.0318804027625421));
#3219=CARTESIAN_POINT('',(0.0064,-0.00366635734038477,0.0313800587845024));
#3220=CARTESIAN_POINT('',(0.0038,-0.00366635734038477,0.0313800587845024));
#3221=CARTESIAN_POINT('',(0.0064,-0.00459272038028568,0.0308709200208682));
#3222=CARTESIAN_POINT('',(0.00380000000000001,-0.00459272038028568,0.0308709200208682));
#3223=CARTESIAN_POINT('',(0.0064,-0.00448352553200653,0.0301656549648166));
#3224=CARTESIAN_POINT('',(0.0038,-0.00448352553200653,0.0301656549648166));
#3225=CARTESIAN_POINT('',(0.0064,-0.00397686039110928,0.0295554912465243));
#3226=CARTESIAN_POINT('',(0.0038,-0.00397686039110928,0.0295554912465243));
#3227=CARTESIAN_POINT('',(0.0064,-0.00331305900549369,0.0289080269754137));
#3228=CARTESIAN_POINT('',(0.0038,-0.00331305900549369,0.0289080269754137));
#3229=CARTESIAN_POINT('',(0.0064,-0.00271894406982923,0.0282607250672737));
#3230=CARTESIAN_POINT('',(0.0038,-0.00271894406982923,0.0282607250672737));
#3231=CARTESIAN_POINT('',(0.0064,-0.00241915786008962,0.0276512020785088));
#3232=CARTESIAN_POINT('',(0.0038,-0.00241915786008962,0.0276512020785088));
#3233=CARTESIAN_POINT('',(0.0064,-0.00277744656974574,0.0269468145881072));
#3234=CARTESIAN_POINT('',(0.0038,-0.00277744656974574,0.0269468145881072));
#3235=CARTESIAN_POINT('',(0.0064,-0.00382559364674091,0.026371129542315));
#3236=CARTESIAN_POINT('',(0.00380000000000001,-0.00382559364674091,0.026371129542315));
#3237=CARTESIAN_POINT('',(0.0064,-0.0044397680425743,0.0258255133786019));
#3238=CARTESIAN_POINT('',(0.0038,-0.0044397680425743,0.0258255133786019));
#3239=CARTESIAN_POINT('',(0.0064,-0.00435030628271359,0.0254051095663704));
#3240=CARTESIAN_POINT('',(0.0038,-0.00435030628271359,0.0254051095663704));
#3241=CARTESIAN_POINT('',(0.0064,-0.00378161956682481,0.024965206616737));
#3242=CARTESIAN_POINT('',(0.0038,-0.00378161956682481,0.024965206616737));
#3243=CARTESIAN_POINT('',(0.0064,-0.00308130902389079,0.0245098810741391));
#3244=CARTESIAN_POINT('',(0.0038,-0.00308130902389079,0.0245098810741391));
#3245=CARTESIAN_POINT('',(0.0064,-0.00251945169301773,0.0240405478833904));
#3246=CARTESIAN_POINT('',(0.0038,-0.00251945169301773,0.0240405478833904));
#3247=CARTESIAN_POINT('',(0.0064,-0.00243652166444525,0.0235585584481532));
#3248=CARTESIAN_POINT('',(0.0038,-0.00243652166444525,0.0235585584481532));
#3249=CARTESIAN_POINT('',(0.0064,-0.00294704423179166,0.0230685214803385));
#3250=CARTESIAN_POINT('',(0.0038,-0.00294704423179166,0.0230685214803385));
#3251=CARTESIAN_POINT('',(0.0064,-0.00370537268612996,0.0225822681455909));
#3252=CARTESIAN_POINT('',(0.0038,-0.00370537268612996,0.0225822681455909));
#3253=CARTESIAN_POINT('',(0.0064,-0.00443860236175885,0.0221106002716184));
#3254=CARTESIAN_POINT('',(0.00380000000000001,-0.00443860236175885,0.0221106002716184));
#3255=CARTESIAN_POINT('',(0.0064,-0.00487280990713527,0.0216638711675163));
#3256=CARTESIAN_POINT('',(0.0038,-0.00487280990713527,0.0216638711675163));
#3257=CARTESIAN_POINT('',(0.0064,-0.00466540467085743,0.0212552575547676));
#3258=CARTESIAN_POINT('',(0.0038,-0.00466540467085743,0.0212552575547676));
#3259=CARTESIAN_POINT('',(0.0064,-0.00399248647984387,0.020877559290559));
#3260=CARTESIAN_POINT('',(0.0038,-0.00399248647984387,0.020877559290559));
#3261=CARTESIAN_POINT('',(0.0064,-0.00320379422638256,0.0205167606122038));
#3262=CARTESIAN_POINT('',(0.0038,-0.00320379422638256,0.0205167606122038));
#3263=CARTESIAN_POINT('',(0.0064,-0.00258618469799081,0.0201613622532302));
#3264=CARTESIAN_POINT('',(0.0038,-0.00258618469799081,0.0201613622532302));
#3265=CARTESIAN_POINT('',(0.0064,-0.0025147803819599,0.0197962075718568));
#3266=CARTESIAN_POINT('',(0.0038,-0.0025147803819599,0.0197962075718568));
#3267=CARTESIAN_POINT('',(0.0064,-0.00317954154340415,0.0192958774110573));
#3268=CARTESIAN_POINT('',(0.0038,-0.00317954154340415,0.0192958774110573));
#3269=CARTESIAN_POINT('',(0.0064,-0.0042673740285732,0.0188138447820334));
#3270=CARTESIAN_POINT('',(0.0038,-0.0042673740285732,0.0188138447820334));
#3271=CARTESIAN_POINT('',(0.0064,-0.00448799706409865,0.0183995354870112));
#3272=CARTESIAN_POINT('',(0.0038,-0.00448799706409865,0.0183995354870112));
#3273=CARTESIAN_POINT('',(0.0064,-0.0041470188915469,0.0181696646219617));
#3274=CARTESIAN_POINT('',(0.0038,-0.0041470188915469,0.0181696646219617));
#3275=CARTESIAN_POINT('',(0.0064,-0.00351171789185767,0.0180980932722867));
#3276=CARTESIAN_POINT('',(0.0038,-0.00351171789185767,0.0180980932722867));
#3277=CARTESIAN_POINT('',(0.0064,-0.00247151086772785,0.0183315784619776));
#3278=CARTESIAN_POINT('',(0.00380000000000001,-0.00247151086772785,0.0183315784619776));
#3279=CARTESIAN_POINT('',(0.0064,-0.00145048498951642,0.0189617135110663));
#3280=CARTESIAN_POINT('',(0.0038,-0.00145048498951642,0.0189617135110663));
#3281=CARTESIAN_POINT('',(0.0064,-0.00101395485686187,0.0196794614004366));
#3282=CARTESIAN_POINT('',(0.0038,-0.00101395485686187,0.0196794614004366));
#3283=CARTESIAN_POINT('',(0.0064,-0.00120872577782586,0.0203463385491885));
#3284=CARTESIAN_POINT('',(0.0038,-0.00120872577782586,0.0203463385491885));
#3285=CARTESIAN_POINT('',(0.0064,-0.00258263729580305,0.0209940212427769));
#3286=CARTESIAN_POINT('',(0.0038,-0.00258263729580305,0.0209940212427769));
#3287=CARTESIAN_POINT('',(0.0064,-0.00344033515125626,0.021577004029308));
#3288=CARTESIAN_POINT('',(0.0038,-0.00344033515125626,0.021577004029308));
#3289=CARTESIAN_POINT('',(0.0064,-0.00281369671972257,0.0220902089669984));
#3290=CARTESIAN_POINT('',(0.0038,-0.00281369671972257,0.0220902089669984));
#3291=CARTESIAN_POINT('',(0.0064,-0.00203840228364149,0.0224959602467664));
#3292=CARTESIAN_POINT('',(0.00380000000000001,-0.00203840228364149,0.0224959602467664));
#3293=CARTESIAN_POINT('',(0.0064,-0.001231609550652,0.022922856541437));
#3294=CARTESIAN_POINT('',(0.0038,-0.001231609550652,0.022922856541437));
#3295=CARTESIAN_POINT('',(0.0064,-0.000668492620600939,0.0233700813158819));
#3296=CARTESIAN_POINT('',(0.0038,-0.000668492620600939,0.0233700813158819));
#3297=CARTESIAN_POINT('',(0.0064,-0.000696063886033332,0.02383841471296));
#3298=CARTESIAN_POINT('',(0.0038,-0.000696063886033332,0.02383841471296));
#3299=CARTESIAN_POINT('',(0.0064,-0.00126720302961099,0.024321469132751));
#3300=CARTESIAN_POINT('',(0.0038,-0.00126720302961099,0.024321469132751));
#3301=CARTESIAN_POINT('',(0.0064,-0.00203958199674048,0.0248075775427706));
#3302=CARTESIAN_POINT('',(0.0038,-0.00203958199674048,0.0248075775427706));
#3303=CARTESIAN_POINT('',(0.0064,-0.00273687556239786,0.0252862343783196));
#3304=CARTESIAN_POINT('',(0.0038,-0.00273687556239786,0.0252862343783196));
#3305=CARTESIAN_POINT('',(0.0064,-0.00306728765731945,0.0257467287786329));
#3306=CARTESIAN_POINT('',(0.0038,-0.00306728765731945,0.0257467287786329));
#3307=CARTESIAN_POINT('',(0.0064,-0.00273490275963197,0.0261780095994249));
#3308=CARTESIAN_POINT('',(0.0038,-0.00273490275963197,0.0261780095994249));
#3309=CARTESIAN_POINT('',(0.0064,-0.00201104660725297,0.0265964629706077));
#3310=CARTESIAN_POINT('',(0.0038,-0.00201104660725297,0.0265964629706077));
#3311=CARTESIAN_POINT('',(0.0064,-0.00118033426295795,0.0270191691178782));
#3312=CARTESIAN_POINT('',(0.0038,-0.00118033426295795,0.0270191691178782));
#3313=CARTESIAN_POINT('',(0.0064,-0.000512919334340126,0.0274622797223979));
#3314=CARTESIAN_POINT('',(0.0038,-0.000512919334340126,0.0274622797223979));
#3315=CARTESIAN_POINT('',(0.0064,-0.000323516952652885,0.0279449667906812));
#3316=CARTESIAN_POINT('',(0.0038,-0.000323516952652885,0.0279449667906812));
#3317=CARTESIAN_POINT('',(0.0064,-0.00074918015369089,0.0284743040247341));
#3318=CARTESIAN_POINT('',(0.0038,-0.00074918015369089,0.0284743040247341));
#3319=CARTESIAN_POINT('',(0.0064,-0.00147420190496277,0.0290265048061674));
#3320=CARTESIAN_POINT('',(0.0038,-0.00147420190496277,0.0290265048061674));
#3321=CARTESIAN_POINT('',(0.0064,-0.00224905267999424,0.0295823298784262));
#3322=CARTESIAN_POINT('',(0.0038,-0.00224905267999424,0.0295823298784262));
#3323=CARTESIAN_POINT('',(0.0064,-0.00282272165088466,0.0301222970419109));
#3324=CARTESIAN_POINT('',(0.0038,-0.00282272165088466,0.0301222970419109));
#3325=CARTESIAN_POINT('',(0.0064,-0.00288394568942083,0.0306233485073653));
#3326=CARTESIAN_POINT('',(0.0038,-0.00288394568942083,0.0306233485073653));
#3327=CARTESIAN_POINT('',(0.0064,-0.00224213489431197,0.0312312718499182));
#3328=CARTESIAN_POINT('',(0.0038,-0.00224213489431197,0.0312312718499182));
#3329=CARTESIAN_POINT('',(0.0064,-0.00154342615806716,0.0316487873883327));
#3330=CARTESIAN_POINT('',(0.0038,-0.00154342615806716,0.0316487873883327));
#3331=CARTESIAN_POINT('',(0.0064,-0.00142149196100576,0.0319306507470504));
#3332=CARTESIAN_POINT('',(0.0038,-0.00142149196100576,0.0319306507470504));
#3333=CARTESIAN_POINT('',(0.0038,-0.0030617441066107,0.0323101768884077));
#3334=CARTESIAN_POINT('',(0.0038,-0.00302619414969949,0.0322457809450516));
#3335=CARTESIAN_POINT('',(0.0038,-0.00281045217165419,0.0316206337122174));
#3336=CARTESIAN_POINT('',(0.0038,-0.00631553215948283,0.0307008124418887));
#3337=CARTESIAN_POINT('',(0.0038,-0.000514386290914398,0.027407382866296));
#3338=CARTESIAN_POINT('',(0.0038,-0.00623961407357524,0.0257097875187314));
#3339=CARTESIAN_POINT('',(0.0038,-0.000402489451298182,0.0237023146683058));
#3340=CARTESIAN_POINT('',(0.0038,-0.00697590324149909,0.0214762402202314));
#3341=CARTESIAN_POINT('',(0.0038,-0.000706284801634323,0.0200484733462114));
#3342=CARTESIAN_POINT('',(0.0038,-0.00532064505527722,0.0186070781314973));
#3343=CARTESIAN_POINT('',(0.0038,-0.00313707932002032,0.0177022299473232));
#3344=CARTESIAN_POINT('',(0.0038,0.000533434165832747,0.0201970697517421));
#3345=CARTESIAN_POINT('',(0.0038,-0.00529654023883728,0.0216236313621448));
#3346=CARTESIAN_POINT('',(0.0038,0.00164410959868335,0.0235013291026528));
#3347=CARTESIAN_POINT('',(0.0038,-0.00533287692983881,0.0258698586520102));
#3348=CARTESIAN_POINT('',(0.0038,0.00206635658121085,0.0276502555384302));
#3349=CARTESIAN_POINT('',(0.0038,-0.00458335606263109,0.0303085353701614));
#3350=CARTESIAN_POINT('',(0.0038,-0.00162884831187398,0.0314513253492891));
#3351=CARTESIAN_POINT('',(0.0038,-0.00142149196100576,0.0319306507470504));
#3352=CARTESIAN_POINT('',(0.0038,-0.00306174410696172,0.0323101768890436));
#3353=CARTESIAN_POINT('',(0.0038,-0.00142149196100576,0.0319306507470504));
#3354=CARTESIAN_POINT('',(0.0064,-0.00142149196100576,0.0319306507470504));
#3355=CARTESIAN_POINT('',(0.0064,-0.00142149196100576,0.0319306507470504));
#3356=CARTESIAN_POINT('',(0.0064,-0.0030617441066107,0.0323101768884077));
#3357=CARTESIAN_POINT('',(0.0064,-0.00302619414969949,0.0322457809450516));
#3358=CARTESIAN_POINT('',(0.0064,-0.00281045217165419,0.0316206337122174));
#3359=CARTESIAN_POINT('',(0.0064,-0.00631553215948283,0.0307008124418887));
#3360=CARTESIAN_POINT('',(0.0064,-0.000514386290914398,0.027407382866296));
#3361=CARTESIAN_POINT('',(0.0064,-0.00623961407357524,0.0257097875187314));
#3362=CARTESIAN_POINT('',(0.0064,-0.000402489451298182,0.0237023146683058));
#3363=CARTESIAN_POINT('',(0.0064,-0.00697590324149909,0.0214762402202314));
#3364=CARTESIAN_POINT('',(0.0064,-0.000706284801634323,0.0200484733462114));
#3365=CARTESIAN_POINT('',(0.0064,-0.00532064505527722,0.0186070781314973));
#3366=CARTESIAN_POINT('',(0.0064,-0.00313707932002032,0.0177022299473232));
#3367=CARTESIAN_POINT('',(0.0064,0.000533434165832747,0.0201970697517421));
#3368=CARTESIAN_POINT('',(0.0064,-0.00529654023883728,0.0216236313621448));
#3369=CARTESIAN_POINT('',(0.0064,0.00164410959868335,0.0235013291026528));
#3370=CARTESIAN_POINT('',(0.0064,-0.00533287692983881,0.0258698586520102));
#3371=CARTESIAN_POINT('',(0.0064,0.00206635658121085,0.0276502555384302));
#3372=CARTESIAN_POINT('',(0.0064,-0.00458335606263109,0.0303085353701614));
#3373=CARTESIAN_POINT('',(0.0064,-0.00162884831187398,0.0314513253492891));
#3374=CARTESIAN_POINT('',(0.0064,-0.00142149196100576,0.0319306507470504));
#3375=CARTESIAN_POINT('',(0.0064,-0.00306174410696172,0.0323101768890436));
#3376=CARTESIAN_POINT('',(0.0064,-0.00306174410696172,0.0323101768890436));
#3377=CARTESIAN_POINT('',(0.0064,-0.00142149196100576,0.0319306507470504));
#3378=CARTESIAN_POINT('',(0.0038,-0.00142149196100576,0.0319306507470504));
#3379=CARTESIAN_POINT('',(0.0064,-0.00136453886550551,0.0320623036481557));
#3380=CARTESIAN_POINT('',(0.0038,-0.00136453886550551,0.0320623036481557));
#3381=CARTESIAN_POINT('',(0.0064,-0.00143009446743704,0.0323306700936777));
#3382=CARTESIAN_POINT('',(0.0038,-0.00143009446743704,0.0323306700936777));
#3383=CARTESIAN_POINT('',(0.0064,-0.00202672661295499,0.0327225912456104));
#3384=CARTESIAN_POINT('',(0.0038,-0.00202672661295499,0.0327225912456104));
#3385=CARTESIAN_POINT('',(0.0064,-0.00282429875918556,0.033046583391214));
#3386=CARTESIAN_POINT('',(0.0038,-0.00282429875918556,0.033046583391214));
#3387=CARTESIAN_POINT('',(0.0064,-0.00357262559103107,0.0332507729795951));
#3388=CARTESIAN_POINT('',(0.0038,-0.00357262559103107,0.0332507729795951));
#3389=CARTESIAN_POINT('',(0.0064,-0.00402035927492865,0.0332845041082082));
#3390=CARTESIAN_POINT('',(0.0038,-0.00402035927492865,0.0332845041082082));
#3391=CARTESIAN_POINT('',(0.0064,-0.00387362862436609,0.033086823342031));
#3392=CARTESIAN_POINT('',(0.0038,-0.00387362862436609,0.033086823342031));
#3393=CARTESIAN_POINT('',(0.0064,-0.00341586672069546,0.0327312711634193));
#3394=CARTESIAN_POINT('',(0.0038,-0.00341586672069546,0.0327312711634193));
#3395=CARTESIAN_POINT('',(0.0064,-0.00313820771880866,0.0324486846917281));
#3396=CARTESIAN_POINT('',(0.0038,-0.00313820771880866,0.0324486846917281));
#3397=CARTESIAN_POINT('',(0.0064,-0.0030617441066107,0.0323101768884077));
#3398=CARTESIAN_POINT('',(0.0038,-0.0030617441066107,0.0323101768884077));
#3399=CARTESIAN_POINT('',(0.0038,-0.00142149196100576,0.0319306507470504));
#3400=CARTESIAN_POINT('',(0.0038,-0.0013925898833773,0.0319974608534078));
#3401=CARTESIAN_POINT('',(0.0038,-0.00129779552030471,0.0326736429434247));
#3402=CARTESIAN_POINT('',(0.0038,-0.00379933656573193,0.0333998319931934));
#3403=CARTESIAN_POINT('',(0.0038,-0.00393620041906721,0.033234688373949));
#3404=CARTESIAN_POINT('',(0.0038,-0.00402165234215943,0.0331315797772891));
#3405=CARTESIAN_POINT('',(0.0038,-0.00328195295569661,0.0327090678521204));
#3406=CARTESIAN_POINT('',(0.0038,-0.0030617441066107,0.0323101768884077));
#3407=CARTESIAN_POINT('',(0.0064,-0.00142149196100576,0.0319306507470504));
#3408=CARTESIAN_POINT('',(0.0064,-0.0013925898833773,0.0319974608534078));
#3409=CARTESIAN_POINT('',(0.0064,-0.00129779552030471,0.0326736429434247));
#3410=CARTESIAN_POINT('',(0.0064,-0.00379933656573193,0.0333998319931934));
#3411=CARTESIAN_POINT('',(0.0064,-0.00393620041906721,0.033234688373949));
#3412=CARTESIAN_POINT('',(0.0064,-0.00402165234215943,0.0331315797772891));
#3413=CARTESIAN_POINT('',(0.0064,-0.00328195295569661,0.0327090678521204));
#3414=CARTESIAN_POINT('',(0.0064,-0.0030617441066107,0.0323101768884077));
#3415=CARTESIAN_POINT('',(0.0064,-0.00605304009021168,0.0258959052999895));
#3416=CARTESIAN_POINT('',(0.0038,-0.00605304009021168,0.0258959052999895));
#3417=CARTESIAN_POINT('',(0.,0.,0.));
#3418=CARTESIAN_POINT('',(0.0064,-0.0181562472178082,0.0286871315282618));
#3419=CARTESIAN_POINT('',(0.0038,-0.0181562472178082,0.0286871315282618));
#3420=CARTESIAN_POINT('',(0.0064,-0.0180728596902589,0.0284168761963365));
#3421=CARTESIAN_POINT('',(0.0038,-0.0180728596902589,0.0284168761963365));
#3422=CARTESIAN_POINT('',(0.0064,-0.0180781988408265,0.027396280057678));
#3423=CARTESIAN_POINT('',(0.00380000000000001,-0.0180781988408265,0.027396280057678));
#3424=CARTESIAN_POINT('',(0.0064,-0.0186995419871957,0.0257802556379928));
#3425=CARTESIAN_POINT('',(0.0038,-0.0186995419871957,0.0257802556379928));
#3426=CARTESIAN_POINT('',(0.0064,-0.0188986250424737,0.0246363075095101));
#3427=CARTESIAN_POINT('',(0.0038,-0.0188986250424737,0.0246363075095101));
#3428=CARTESIAN_POINT('',(0.0064,-0.0184308717974051,0.0240298348795844));
#3429=CARTESIAN_POINT('',(0.0038,-0.0184308717974051,0.0240298348795844));
#3430=CARTESIAN_POINT('',(0.0064,-0.0180317296965079,0.0236407936200184));
#3431=CARTESIAN_POINT('',(0.0038,-0.0180317296965079,0.0236407936200184));
#3432=CARTESIAN_POINT('',(0.0064,-0.017848714446228,0.0232349684417911));
#3433=CARTESIAN_POINT('',(0.0038,-0.017848714446228,0.0232349684417911));
#3434=CARTESIAN_POINT('',(0.0064,-0.0181472157770586,0.0225760249722939));
#3435=CARTESIAN_POINT('',(0.0038,-0.0181472157770586,0.0225760249722939));
#3436=CARTESIAN_POINT('',(0.0064,-0.0188031971605865,0.0217618602356143));
#3437=CARTESIAN_POINT('',(0.0038,-0.0188031971605865,0.0217618602356143));
#3438=CARTESIAN_POINT('',(0.0064,-0.0189487737679708,0.0207918348063681));
#3439=CARTESIAN_POINT('',(0.0038,-0.0189487737679708,0.0207918348063681));
#3440=CARTESIAN_POINT('',(0.0064,-0.018808294332649,0.0200260278798209));
#3441=CARTESIAN_POINT('',(0.0038,-0.018808294332649,0.0200260278798209));
#3442=CARTESIAN_POINT('',(0.0064,-0.0186374212961348,0.0192953225031497));
#3443=CARTESIAN_POINT('',(0.0038,-0.0186374212961348,0.0192953225031497));
#3444=CARTESIAN_POINT('',(0.0064,-0.0185919509195416,0.0186673914583674));
#3445=CARTESIAN_POINT('',(0.0038,-0.0185919509195416,0.0186673914583674));
#3446=CARTESIAN_POINT('',(0.0064,-0.0188966741014548,0.0182038849095215));
#3447=CARTESIAN_POINT('',(0.0038,-0.0188966741014548,0.0182038849095215));
#3448=CARTESIAN_POINT('',(0.0064,-0.0194066075440975,0.0180249764742088));
#3449=CARTESIAN_POINT('',(0.0038,-0.0194066075440975,0.0180249764742088));
#3450=CARTESIAN_POINT('',(0.0064,-0.0198041583044345,0.0183117645189202));
#3451=CARTESIAN_POINT('',(0.0038,-0.0198041583044345,0.0183117645189202));
#3452=CARTESIAN_POINT('',(0.0064,-0.0199282145827134,0.0190965646727994));
#3453=CARTESIAN_POINT('',(0.0038,-0.0199282145827134,0.0190965646727994));
#3454=CARTESIAN_POINT('',(0.0064,-0.0198672503056746,0.0201119806701971));
#3455=CARTESIAN_POINT('',(0.0038,-0.0198672503056746,0.0201119806701971));
#3456=CARTESIAN_POINT('',(0.0064,-0.0196680837005395,0.0211350264518617));
#3457=CARTESIAN_POINT('',(0.0038,-0.0196680837005395,0.0211350264518617));
#3458=CARTESIAN_POINT('',(0.0064,-0.0193910784868184,0.0219518016785926));
#3459=CARTESIAN_POINT('',(0.00380000000000001,-0.0193910784868184,0.0219518016785926));
#3460=CARTESIAN_POINT('',(0.0064,-0.0190840721143859,0.0222676529245862));
#3461=CARTESIAN_POINT('',(0.0038,-0.0190840721143859,0.0222676529245862));
#3462=CARTESIAN_POINT('',(0.0064,-0.0188630330987964,0.0223588601984125));
#3463=CARTESIAN_POINT('',(0.0038,-0.0188630330987964,0.0223588601984125));
#3464=CARTESIAN_POINT('',(0.0064,-0.0188832142297125,0.0227350223781948));
#3465=CARTESIAN_POINT('',(0.0038,-0.0188832142297125,0.0227350223781948));
#3466=CARTESIAN_POINT('',(0.0064,-0.0190500814893681,0.0233655975490149));
#3467=CARTESIAN_POINT('',(0.0038,-0.0190500814893681,0.0233655975490149));
#3468=CARTESIAN_POINT('',(0.0064,-0.0192502023249495,0.0241956997745428));
#3469=CARTESIAN_POINT('',(0.0038,-0.0192502023249495,0.0241956997745428));
#3470=CARTESIAN_POINT('',(0.0064,-0.0193796065366711,0.0251746102691389));
#3471=CARTESIAN_POINT('',(0.0038,-0.0193796065366711,0.0251746102691389));
#3472=CARTESIAN_POINT('',(0.0064,-0.0192937578924954,0.0266204351703256));
#3473=CARTESIAN_POINT('',(0.0038,-0.0192937578924954,0.0266204351703256));
#3474=CARTESIAN_POINT('',(0.0064,-0.0190049346346124,0.0276704903333492));
#3475=CARTESIAN_POINT('',(0.0038,-0.0190049346346124,0.0276704903333492));
#3476=CARTESIAN_POINT('',(0.0064,-0.0188042393143979,0.0281672260987765));
#3477=CARTESIAN_POINT('',(0.0038,-0.0188042393143979,0.0281672260987765));
#3478=CARTESIAN_POINT('',(0.0038,-0.0181562472178082,0.0286871315282618));
#3479=CARTESIAN_POINT('',(0.0038,-0.0180808797921275,0.0284428689959345));
#3480=CARTESIAN_POINT('',(0.0038,-0.0180500510176482,0.026981513941171));
#3481=CARTESIAN_POINT('',(0.0038,-0.0194456419748515,0.0244585544592528));
#3482=CARTESIAN_POINT('',(0.0038,-0.0171896821721322,0.0233368467632412));
#3483=CARTESIAN_POINT('',(0.0038,-0.0196354453944668,0.0213098105479256));
#3484=CARTESIAN_POINT('',(0.0038,-0.0180279487257973,0.0184980225892049));
#3485=CARTESIAN_POINT('',(0.0038,-0.0203987009578994,0.0175321201131974));
#3486=CARTESIAN_POINT('',(0.0038,-0.0195920280820595,0.0223026321431381));
#3487=CARTESIAN_POINT('',(0.0038,-0.0185333918349768,0.0222548903691672));
#3488=CARTESIAN_POINT('',(0.0038,-0.019736611410811,0.0247547276124058));
#3489=CARTESIAN_POINT('',(0.0038,-0.0190883169837517,0.0274641128504136));
#3490=CARTESIAN_POINT('',(0.0038,-0.0188042393143979,0.0281672260987765));
#3491=CARTESIAN_POINT('',(0.0038,-0.0181562472178082,0.0286871315282618));
#3492=CARTESIAN_POINT('',(0.0038,-0.0188042393143979,0.0281672260987765));
#3493=CARTESIAN_POINT('',(0.0064,-0.0181562472178082,0.0286871315282618));
#3494=CARTESIAN_POINT('',(0.0064,-0.0181562472178082,0.0286871315282618));
#3495=CARTESIAN_POINT('',(0.0064,-0.0181562472178082,0.0286871315282618));
#3496=CARTESIAN_POINT('',(0.0064,-0.0180808797921275,0.0284428689959345));
#3497=CARTESIAN_POINT('',(0.0064,-0.0180500510176482,0.026981513941171));
#3498=CARTESIAN_POINT('',(0.0064,-0.0194456419748515,0.0244585544592528));
#3499=CARTESIAN_POINT('',(0.0064,-0.0171896821721322,0.0233368467632412));
#3500=CARTESIAN_POINT('',(0.0064,-0.0196354453944668,0.0213098105479256));
#3501=CARTESIAN_POINT('',(0.0064,-0.0180279487257973,0.0184980225892049));
#3502=CARTESIAN_POINT('',(0.0064,-0.0203987009578994,0.0175321201131974));
#3503=CARTESIAN_POINT('',(0.0064,-0.0195920280820595,0.0223026321431381));
#3504=CARTESIAN_POINT('',(0.0064,-0.0185333918349768,0.0222548903691672));
#3505=CARTESIAN_POINT('',(0.0064,-0.019736611410811,0.0247547276124058));
#3506=CARTESIAN_POINT('',(0.0064,-0.0190883169837517,0.0274641128504136));
#3507=CARTESIAN_POINT('',(0.0064,-0.0188042393143979,0.0281672260987765));
#3508=CARTESIAN_POINT('',(0.0064,-0.0188042393143979,0.0281672260987765));
#3509=CARTESIAN_POINT('',(0.0064,-0.0188042393143979,0.0281672260987765));
#3510=CARTESIAN_POINT('',(0.0064,-0.0188042393143979,0.0281672260987765));
#3511=CARTESIAN_POINT('',(0.0038,-0.0188042393143979,0.0281672260987765));
#3512=CARTESIAN_POINT('',(0.0064,-0.0186712629954105,0.0284963523261608));
#3513=CARTESIAN_POINT('',(0.0038,-0.0186712629954105,0.0284963523261608));
#3514=CARTESIAN_POINT('',(0.0064,-0.0183959490756416,0.0289856825847915));
#3515=CARTESIAN_POINT('',(0.0038,-0.0183959490756416,0.0289856825847915));
#3516=CARTESIAN_POINT('',(0.0064,-0.018211497965315,0.0288661967859255));
#3517=CARTESIAN_POINT('',(0.0038,-0.018211497965315,0.0288661967859255));
#3518=CARTESIAN_POINT('',(0.0064,-0.0181562472178082,0.0286871315282618));
#3519=CARTESIAN_POINT('',(0.0038,-0.0181562472178082,0.0286871315282618));
#3520=CARTESIAN_POINT('',(0.0038,-0.0188042393143979,0.0281672260987765));
#3521=CARTESIAN_POINT('',(0.0038,-0.0186339166727949,0.0285887872376003));
#3522=CARTESIAN_POINT('',(0.0038,-0.0184568840713081,0.028864361666311));
#3523=CARTESIAN_POINT('',(0.0038,-0.0183269868974092,0.0288801182703872));
#3524=CARTESIAN_POINT('',(0.0038,-0.0182540543374644,0.0288889650330751));
#3525=CARTESIAN_POINT('',(0.0038,-0.0181959808246928,0.0288159064114222));
#3526=CARTESIAN_POINT('',(0.0038,-0.0181562472178082,0.0286871315282618));
#3527=CARTESIAN_POINT('',(0.0064,-0.0188042393143979,0.0281672260987765));
#3528=CARTESIAN_POINT('',(0.0064,-0.0186339166727949,0.0285887872376003));
#3529=CARTESIAN_POINT('',(0.0064,-0.0184568840713081,0.028864361666311));
#3530=CARTESIAN_POINT('',(0.0064,-0.0183269868974092,0.0288801182703872));
#3531=CARTESIAN_POINT('',(0.0064,-0.0182540543374644,0.0288889650330751));
#3532=CARTESIAN_POINT('',(0.0064,-0.0181959808246928,0.0288159064114222));
#3533=CARTESIAN_POINT('',(0.0064,-0.0181562472178082,0.0286871315282618));
#3534=CARTESIAN_POINT('',(0.0064,-0.00605304009021168,0.0258959052999895));
#3535=CARTESIAN_POINT('',(0.0038,-0.00605304009021168,0.0258959052999895));
#3536=CARTESIAN_POINT('',(0.,0.,0.));
#3537=CARTESIAN_POINT('',(0.0064,-0.0101560698813081,0.0322839864937201));
#3538=CARTESIAN_POINT('',(0.0038,-0.0101560698813081,0.0322839864937201));
#3539=CARTESIAN_POINT('',(0.0064,-0.0104188714468233,0.0325183737858708));
#3540=CARTESIAN_POINT('',(0.0038,-0.0104188714468233,0.0325183737858708));
#3541=CARTESIAN_POINT('',(0.0064,-0.0110177718293251,0.0328433374238526));
#3542=CARTESIAN_POINT('',(0.0038,-0.0110177718293251,0.0328433374238526));
#3543=CARTESIAN_POINT('',(0.0064,-0.0119173437890925,0.0327991361720968));
#3544=CARTESIAN_POINT('',(0.0038,-0.0119173437890925,0.0327991361720968));
#3545=CARTESIAN_POINT('',(0.0064,-0.0124558503824371,0.032406629496601));
#3546=CARTESIAN_POINT('',(0.0038,-0.0124558503824371,0.032406629496601));
#3547=CARTESIAN_POINT('',(0.0064,-0.0122852173355135,0.0320131026446817));
#3548=CARTESIAN_POINT('',(0.0038,-0.0122852173355135,0.0320131026446817));
#3549=CARTESIAN_POINT('',(0.0064,-0.0121068171104917,0.0317997252023169));
#3550=CARTESIAN_POINT('',(0.0038,-0.0121068171104917,0.0317997252023169));
#3551=CARTESIAN_POINT('',(0.0038,-0.0101560698813081,0.0322839864937201));
#3552=CARTESIAN_POINT('',(0.0038,-0.01033988006047,0.0324479229987369));
#3553=CARTESIAN_POINT('',(0.0038,-0.010539528374872,0.0325798849908656));
#3554=CARTESIAN_POINT('',(0.0038,-0.0107472832650653,0.0326668507902821));
#3555=CARTESIAN_POINT('',(0.0038,-0.0115157880672517,0.0329885454296499));
#3556=CARTESIAN_POINT('',(0.0038,-0.0126376865973452,0.0326134842534484));
#3557=CARTESIAN_POINT('',(0.0038,-0.0122340758652592,0.0319519343579247));
#3558=CARTESIAN_POINT('',(0.0038,-0.0121068171104917,0.0317997252023169));
#3559=CARTESIAN_POINT('',(0.0038,-0.0101560698813081,0.0322839864937201));
#3560=CARTESIAN_POINT('',(0.0038,-0.0121068171090266,0.0317997252005646));
#3561=CARTESIAN_POINT('',(0.0064,-0.0121068171090266,0.0317997252005646));
#3562=CARTESIAN_POINT('',(0.0064,-0.0121068171090266,0.0317997252005646));
#3563=CARTESIAN_POINT('',(0.0064,-0.0101560698813081,0.0322839864937201));
#3564=CARTESIAN_POINT('',(0.0064,-0.01033988006047,0.0324479229987369));
#3565=CARTESIAN_POINT('',(0.0064,-0.010539528374872,0.0325798849908656));
#3566=CARTESIAN_POINT('',(0.0064,-0.0107472832650653,0.0326668507902821));
#3567=CARTESIAN_POINT('',(0.0064,-0.0115157880672517,0.0329885454296499));
#3568=CARTESIAN_POINT('',(0.0064,-0.0126376865973452,0.0326134842534484));
#3569=CARTESIAN_POINT('',(0.0064,-0.0122340758652592,0.0319519343579247));
#3570=CARTESIAN_POINT('',(0.0064,-0.0121068171104917,0.0317997252023169));
#3571=CARTESIAN_POINT('',(0.0064,-0.0101560698813081,0.0322839864937201));
#3572=CARTESIAN_POINT('',(0.0064,-0.0101560698813081,0.0322839864937201));
#3573=CARTESIAN_POINT('',(0.0064,-0.0121068171104917,0.0317997252023169));
#3574=CARTESIAN_POINT('',(0.0038,-0.0121068171104917,0.0317997252023169));
#3575=CARTESIAN_POINT('',(0.0064,-0.0118577583381511,0.0315018358704281));
#3576=CARTESIAN_POINT('',(0.0038,-0.0118577583381511,0.0315018358704281));
#3577=CARTESIAN_POINT('',(0.0064,-0.0110485997794942,0.0308348413383028));
#3578=CARTESIAN_POINT('',(0.0038,-0.0110485997794942,0.0308348413383028));
#3579=CARTESIAN_POINT('',(0.0064,-0.0103458390926256,0.0298117440536287));
#3580=CARTESIAN_POINT('',(0.0038,-0.0103458390926256,0.0298117440536287));
#3581=CARTESIAN_POINT('',(0.0064,-0.0112569382404526,0.0290847480184015));
#3582=CARTESIAN_POINT('',(0.00380000000000001,-0.0112569382404526,0.0290847480184015));
#3583=CARTESIAN_POINT('',(0.0064,-0.0121186565324712,0.0285081578226899));
#3584=CARTESIAN_POINT('',(0.0038,-0.0121186565324712,0.0285081578226899));
#3585=CARTESIAN_POINT('',(0.0064,-0.0126610695514708,0.0280629668897033));
#3586=CARTESIAN_POINT('',(0.0038,-0.0126610695514708,0.0280629668897033));
#3587=CARTESIAN_POINT('',(0.0064,-0.0129221151590472,0.0275890109854397));
#3588=CARTESIAN_POINT('',(0.0038,-0.0129221151590472,0.0275890109854397));
#3589=CARTESIAN_POINT('',(0.0064,-0.0127128768175832,0.0270688560365393));
#3590=CARTESIAN_POINT('',(0.0038,-0.0127128768175832,0.0270688560365393));
#3591=CARTESIAN_POINT('',(0.0064,-0.0122069512719712,0.0265295737583925));
#3592=CARTESIAN_POINT('',(0.0038,-0.0122069512719712,0.0265295737583925));
#3593=CARTESIAN_POINT('',(0.0064,-0.0113988990179354,0.0258252778866744));
#3594=CARTESIAN_POINT('',(0.0038,-0.0113988990179354,0.0258252778866744));
#3595=CARTESIAN_POINT('',(0.0064,-0.0105711420717163,0.025038059677496));
#3596=CARTESIAN_POINT('',(0.0038,-0.0105711420717163,0.025038059677496));
#3597=CARTESIAN_POINT('',(0.0064,-0.0113970931241432,0.0245958392620744));
#3598=CARTESIAN_POINT('',(0.0038,-0.0113970931241432,0.0245958392620744));
#3599=CARTESIAN_POINT('',(0.0064,-0.0123025724199319,0.0242931353773308));
#3600=CARTESIAN_POINT('',(0.00380000000000001,-0.0123025724199319,0.0242931353773308));
#3601=CARTESIAN_POINT('',(0.0064,-0.0128722001994895,0.0240445422129673));
#3602=CARTESIAN_POINT('',(0.0038,-0.0128722001994895,0.0240445422129673));
#3603=CARTESIAN_POINT('',(0.0064,-0.0130933274604508,0.0237258962733671));
#3604=CARTESIAN_POINT('',(0.0038,-0.0130933274604508,0.0237258962733671));
#3605=CARTESIAN_POINT('',(0.0064,-0.0127805170766325,0.0231752685767891));
#3606=CARTESIAN_POINT('',(0.0038,-0.0127805170766325,0.0231752685767891));
#3607=CARTESIAN_POINT('',(0.0064,-0.0119868255085724,0.0225057269090937));
#3608=CARTESIAN_POINT('',(0.00380000000000001,-0.0119868255085724,0.0225057269090937));
#3609=CARTESIAN_POINT('',(0.0064,-0.011384124230118,0.0218223781650404));
#3610=CARTESIAN_POINT('',(0.0038,-0.011384124230118,0.0218223781650404));
#3611=CARTESIAN_POINT('',(0.0064,-0.0111833426735295,0.0211733752309246));
#3612=CARTESIAN_POINT('',(0.0038,-0.0111833426735295,0.0211733752309246));
#3613=CARTESIAN_POINT('',(0.0064,-0.0117606749343406,0.0204362821899497));
#3614=CARTESIAN_POINT('',(0.0038,-0.0117606749343406,0.0204362821899497));
#3615=CARTESIAN_POINT('',(0.0064,-0.0128059192648197,0.0195398351472498));
#3616=CARTESIAN_POINT('',(0.0038,-0.0128059192648197,0.0195398351472498));
#3617=CARTESIAN_POINT('',(0.0064,-0.0132951921204682,0.0184440503953096));
#3618=CARTESIAN_POINT('',(0.0038,-0.0132951921204682,0.0184440503953096));
#3619=CARTESIAN_POINT('',(0.0064,-0.0129991146566399,0.0178645628940171));
#3620=CARTESIAN_POINT('',(0.0038,-0.0129991146566399,0.0178645628940171));
#3621=CARTESIAN_POINT('',(0.0064,-0.0119353273805997,0.0183321454330038));
#3622=CARTESIAN_POINT('',(0.0038,-0.0119353273805997,0.0183321454330038));
#3623=CARTESIAN_POINT('',(0.0064,-0.0107395163440578,0.0193834671942819));
#3624=CARTESIAN_POINT('',(0.00380000000000001,-0.0107395163440578,0.0193834671942819));
#3625=CARTESIAN_POINT('',(0.0064,-0.0100318745153058,0.0206740983086952));
#3626=CARTESIAN_POINT('',(0.0038,-0.0100318745153058,0.0206740983086952));
#3627=CARTESIAN_POINT('',(0.0064,-0.00997628120129321,0.0217152471735378));
#3628=CARTESIAN_POINT('',(0.0038,-0.00997628120129321,0.0217152471735378));
#3629=CARTESIAN_POINT('',(0.0064,-0.0102475381687846,0.0224100990666314));
#3630=CARTESIAN_POINT('',(0.0038,-0.0102475381687846,0.0224100990666314));
#3631=CARTESIAN_POINT('',(0.0064,-0.0107617200037332,0.0229604971510647));
#3632=CARTESIAN_POINT('',(0.0038,-0.0107617200037332,0.0229604971510647));
#3633=CARTESIAN_POINT('',(0.0064,-0.0114051566831505,0.0233364890594981));
#3634=CARTESIAN_POINT('',(0.0038,-0.0114051566831505,0.0233364890594981));
#3635=CARTESIAN_POINT('',(0.0064,-0.0114824487577161,0.0237159251862132));
#3636=CARTESIAN_POINT('',(0.00380000000000001,-0.0114824487577161,0.0237159251862132));
#3637=CARTESIAN_POINT('',(0.0064,-0.0109836884710245,0.0241495219556945));
#3638=CARTESIAN_POINT('',(0.0038,-0.0109836884710245,0.0241495219556945));
#3639=CARTESIAN_POINT('',(0.0064,-0.0100342825332385,0.024652008745846));
#3640=CARTESIAN_POINT('',(0.0038,-0.0100342825332385,0.024652008745846));
#3641=CARTESIAN_POINT('',(0.0064,-0.00939057281770557,0.0252043474417057));
#3642=CARTESIAN_POINT('',(0.0038,-0.00939057281770557,0.0252043474417057));
#3643=CARTESIAN_POINT('',(0.0064,-0.00923997357595154,0.0257841630611174));
#3644=CARTESIAN_POINT('',(0.0038,-0.00923997357595154,0.0257841630611174));
#3645=CARTESIAN_POINT('',(0.0064,-0.0100113129384608,0.0263901486226705));
#3646=CARTESIAN_POINT('',(0.0038,-0.0100113129384608,0.0263901486226705));
#3647=CARTESIAN_POINT('',(0.0064,-0.0108748775246917,0.026959088431072));
#3648=CARTESIAN_POINT('',(0.0038,-0.0108748775246917,0.026959088431072));
#3649=CARTESIAN_POINT('',(0.0064,-0.0113905808917137,0.0273531154981688));
#3650=CARTESIAN_POINT('',(0.0038,-0.0113905808917137,0.0273531154981688));
#3651=CARTESIAN_POINT('',(0.00640000000000001,-0.0115574192076219,0.0276953931118162));
#3652=CARTESIAN_POINT('',(0.00380000000000001,-0.0115574192076219,0.0276953931118162));
#3653=CARTESIAN_POINT('',(0.0064,-0.0111780310915902,0.0280826597695554));
#3654=CARTESIAN_POINT('',(0.0038,-0.0111780310915902,0.0280826597695554));
#3655=CARTESIAN_POINT('',(0.0064,-0.0102866025995858,0.0284702823086489));
#3656=CARTESIAN_POINT('',(0.00380000000000001,-0.0102866025995858,0.0284702823086489));
#3657=CARTESIAN_POINT('',(0.0064,-0.00950404090936141,0.0290324068951691));
#3658=CARTESIAN_POINT('',(0.0038,-0.00950404090936141,0.0290324068951691));
#3659=CARTESIAN_POINT('',(0.0064,-0.00903925867550428,0.0297883698738447));
#3660=CARTESIAN_POINT('',(0.0038,-0.00903925867550428,0.0297883698738447));
#3661=CARTESIAN_POINT('',(0.0064,-0.00918371353618715,0.0310488068345289));
#3662=CARTESIAN_POINT('',(0.0038,-0.00918371353618715,0.0310488068345289));
#3663=CARTESIAN_POINT('',(0.0064,-0.00978918113288607,0.0319567659914578));
#3664=CARTESIAN_POINT('',(0.0038,-0.00978918113288607,0.0319567659914578));
#3665=CARTESIAN_POINT('',(0.0064,-0.0101560698813081,0.0322839864937201));
#3666=CARTESIAN_POINT('',(0.0038,-0.0101560698813081,0.0322839864937201));
#3667=CARTESIAN_POINT('',(0.0038,-0.0121068171104917,0.0317997252023169));
#3668=CARTESIAN_POINT('',(0.0038,-0.0116237510927933,0.0312219490737428));
#3669=CARTESIAN_POINT('',(0.0038,-0.00914973402208464,0.0295627000779361));
#3670=CARTESIAN_POINT('',(0.0038,-0.0149354673911368,0.0277635290574554));
#3671=CARTESIAN_POINT('',(0.0038,-0.00896787908451019,0.0247153677248503));
#3672=CARTESIAN_POINT('',(0.0038,-0.0147467774803231,0.0241324387066217));
#3673=CARTESIAN_POINT('',(0.0038,-0.00993566858054459,0.0214603563262674));
#3674=CARTESIAN_POINT('',(0.0038,-0.0130320998893891,0.0197402512488739));
#3675=CARTESIAN_POINT('',(0.0038,-0.0134625361985266,0.0172827842402224));
#3676=CARTESIAN_POINT('',(0.0038,-0.0100299736739007,0.0195365232873124));
#3677=CARTESIAN_POINT('',(0.0038,-0.00974564627450438,0.0226873808011665));
#3678=CARTESIAN_POINT('',(0.0038,-0.0126177243650998,0.0237089090964718));
#3679=CARTESIAN_POINT('',(0.0038,-0.00737771535666678,0.0254843490917283));
#3680=CARTESIAN_POINT('',(0.0038,-0.0133460196794306,0.0278117034134442));
#3681=CARTESIAN_POINT('',(0.0038,-0.008286715278325,0.0287008314470229));
#3682=CARTESIAN_POINT('',(0.0038,-0.00933162211747653,0.0315486785494719));
#3683=CARTESIAN_POINT('',(0.0038,-0.0101560698813081,0.0322839864937201));
#3684=CARTESIAN_POINT('',(0.0064,-0.0121068171104917,0.0317997252023169));
#3685=CARTESIAN_POINT('',(0.0064,-0.0116237510927933,0.0312219490737428));
#3686=CARTESIAN_POINT('',(0.0064,-0.00914973402208464,0.0295627000779361));
#3687=CARTESIAN_POINT('',(0.0064,-0.0149354673911368,0.0277635290574554));
#3688=CARTESIAN_POINT('',(0.0064,-0.00896787908451019,0.0247153677248503));
#3689=CARTESIAN_POINT('',(0.0064,-0.0147467774803231,0.0241324387066217));
#3690=CARTESIAN_POINT('',(0.0064,-0.00993566858054459,0.0214603563262674));
#3691=CARTESIAN_POINT('',(0.0064,-0.0130320998893891,0.0197402512488739));
#3692=CARTESIAN_POINT('',(0.0064,-0.0134625361985266,0.0172827842402224));
#3693=CARTESIAN_POINT('',(0.0064,-0.0100299736739007,0.0195365232873124));
#3694=CARTESIAN_POINT('',(0.0064,-0.00974564627450438,0.0226873808011665));
#3695=CARTESIAN_POINT('',(0.0064,-0.0126177243650998,0.0237089090964718));
#3696=CARTESIAN_POINT('',(0.0064,-0.00737771535666678,0.0254843490917283));
#3697=CARTESIAN_POINT('',(0.0064,-0.0133460196794306,0.0278117034134442));
#3698=CARTESIAN_POINT('',(0.0064,-0.008286715278325,0.0287008314470229));
#3699=CARTESIAN_POINT('',(0.0064,-0.00933162211747653,0.0315486785494719));
#3700=CARTESIAN_POINT('',(0.0064,-0.0101560698813081,0.0322839864937201));
#3701=CARTESIAN_POINT('',(0.0064,-0.00605304009021168,0.0258959052999895));
#3702=CARTESIAN_POINT('',(0.0038,-0.00605304009021168,0.0258959052999895));
#3703=CARTESIAN_POINT('',(0.,0.,0.));
#3704=CARTESIAN_POINT('',(-0.0430150654266021,0.0148839231711764,0.0355));
#3705=CARTESIAN_POINT('',(-0.0430150654266021,0.0148839231711764,0.00289705627484772));
#3706=CARTESIAN_POINT('',(-0.0370150654266021,0.0148839231711764,0.00289705627484772));
#3707=CARTESIAN_POINT('',(-0.0430150654266021,0.0148839231711764,0.0326029437251523));
#3708=CARTESIAN_POINT('',(-0.0370150654266021,0.0148839231711764,0.0326029437251523));
#3709=CARTESIAN_POINT('',(-0.0193434218783629,-0.00646268447365322,0.0355));
#3710=CARTESIAN_POINT('',(-0.0430150654266021,0.0148839231711764,0.0355));
#3711=CARTESIAN_POINT('',(-0.0399121217014498,0.0148839231711764,0.0355));
#3712=CARTESIAN_POINT('',(-0.0193434218783629,-0.00646268447365322,0.));
#3713=CARTESIAN_POINT('',(-0.0430150654266021,0.0148839231711764,0.));
#3714=CARTESIAN_POINT('',(-0.0399121217014498,0.0148839231711764,0.));
#3715=CARTESIAN_POINT('',(-0.0430150654266021,0.0148839231711764,0.00289705627484772));
#3716=CARTESIAN_POINT('',(-0.0430150654266021,0.0148839231711764,0.0326029437251523));
#3717=CARTESIAN_POINT('',(0.,0.,0.));
#3718=CARTESIAN_POINT('',(0.0064,-0.020058464283477,0.0267777639249627));
#3719=CARTESIAN_POINT('',(0.0038,-0.020058464283477,0.0267777639249627));
#3720=CARTESIAN_POINT('',(0.0064,-0.0201598488366998,0.0266906639388169));
#3721=CARTESIAN_POINT('',(0.0038,-0.0201598488366998,0.0266906639388169));
#3722=CARTESIAN_POINT('',(0.0064,-0.0211742556252146,0.0249836126801202));
#3723=CARTESIAN_POINT('',(0.0038,-0.0211742556252146,0.0249836126801202));
#3724=CARTESIAN_POINT('',(0.0064,-0.0196659805237793,0.0253969509939537));
#3725=CARTESIAN_POINT('',(0.0038,-0.0196659805237793,0.0253969509939537));
#3726=CARTESIAN_POINT('',(0.0064,-0.0216259821508115,0.0223080034518855));
#3727=CARTESIAN_POINT('',(0.0038,-0.0216259821508115,0.0223080034518855));
#3728=CARTESIAN_POINT('',(0.0064,-0.0200148385726588,0.0207046787388981));
#3729=CARTESIAN_POINT('',(0.0038,-0.0200148385726588,0.0207046787388981));
#3730=CARTESIAN_POINT('',(0.0064,-0.0210242031225965,0.0188557395683714));
#3731=CARTESIAN_POINT('',(0.0038,-0.0210242031225965,0.0188557395683714));
#3732=CARTESIAN_POINT('',(0.0064,-0.0209577153236266,0.0179421778205587));
#3733=CARTESIAN_POINT('',(0.0038,-0.0209577153236266,0.0179421778205587));
#3734=CARTESIAN_POINT('',(0.0064,-0.0195048992250919,0.0189451806524283));
#3735=CARTESIAN_POINT('',(0.0038,-0.0195048992250919,0.0189451806524283));
#3736=CARTESIAN_POINT('',(0.0064,-0.0214169299501994,0.0225756881784545));
#3737=CARTESIAN_POINT('',(0.0038,-0.0214169299501994,0.0225756881784545));
#3738=CARTESIAN_POINT('',(0.0064,-0.0194107266828848,0.0240655169178141));
#3739=CARTESIAN_POINT('',(0.0038,-0.0194107266828848,0.0240655169178141));
#3740=CARTESIAN_POINT('',(0.0064,-0.0205814785937448,0.0255620287710066));
#3741=CARTESIAN_POINT('',(0.0038,-0.0205814785937448,0.0255620287710066));
#3742=CARTESIAN_POINT('',(0.0064,-0.0199786080957451,0.0268463687826457));
#3743=CARTESIAN_POINT('',(0.0038,-0.0199786080957451,0.0268463687826457));
#3744=CARTESIAN_POINT('',(0.0064,-0.020058464283477,0.0267777639249627));
#3745=CARTESIAN_POINT('',(0.0038,-0.020058464283477,0.0267777639249627));
#3746=CARTESIAN_POINT('',(0.0064,-0.020058464283477,0.0267777639249627));
#3747=CARTESIAN_POINT('',(0.0064,-0.0201598488366998,0.0266906639388169));
#3748=CARTESIAN_POINT('',(0.0064,-0.0211742556252146,0.0249836126801202));
#3749=CARTESIAN_POINT('',(0.0064,-0.0196659805237793,0.0253969509939537));
#3750=CARTESIAN_POINT('',(0.0064,-0.0216259821508115,0.0223080034518855));
#3751=CARTESIAN_POINT('',(0.0064,-0.0200148385726588,0.0207046787388981));
#3752=CARTESIAN_POINT('',(0.0064,-0.0210242031225965,0.0188557395683714));
#3753=CARTESIAN_POINT('',(0.0064,-0.0209577153236266,0.0179421778205587));
#3754=CARTESIAN_POINT('',(0.0064,-0.0195048992250919,0.0189451806524283));
#3755=CARTESIAN_POINT('',(0.0064,-0.0214169299501994,0.0225756881784545));
#3756=CARTESIAN_POINT('',(0.0064,-0.0194107266828848,0.0240655169178141));
#3757=CARTESIAN_POINT('',(0.0064,-0.0205814785937448,0.0255620287710066));
#3758=CARTESIAN_POINT('',(0.0064,-0.0199786080957451,0.0268463687826457));
#3759=CARTESIAN_POINT('',(0.0064,-0.020058464283477,0.0267777639249627));
#3760=CARTESIAN_POINT('',(0.0064,-0.020058464283477,0.0267777639249627));
#3761=CARTESIAN_POINT('',(0.0038,-0.020058464283477,0.0267777639249627));
#3762=CARTESIAN_POINT('',(0.0038,-0.0201598488366998,0.0266906639388169));
#3763=CARTESIAN_POINT('',(0.0038,-0.0211742556252146,0.0249836126801202));
#3764=CARTESIAN_POINT('',(0.0038,-0.0196659805237793,0.0253969509939537));
#3765=CARTESIAN_POINT('',(0.0038,-0.0216259821508115,0.0223080034518855));
#3766=CARTESIAN_POINT('',(0.0038,-0.0200148385726588,0.0207046787388981));
#3767=CARTESIAN_POINT('',(0.0038,-0.0210242031225965,0.0188557395683714));
#3768=CARTESIAN_POINT('',(0.0038,-0.0209577153236266,0.0179421778205587));
#3769=CARTESIAN_POINT('',(0.0038,-0.0195048992250919,0.0189451806524283));
#3770=CARTESIAN_POINT('',(0.0038,-0.0214169299501994,0.0225756881784545));
#3771=CARTESIAN_POINT('',(0.0038,-0.0194107266828848,0.0240655169178141));
#3772=CARTESIAN_POINT('',(0.0038,-0.0205814785937448,0.0255620287710066));
#3773=CARTESIAN_POINT('',(0.0038,-0.0199786080957451,0.0268463687826457));
#3774=CARTESIAN_POINT('',(0.0038,-0.020058464283477,0.0267777639249627));
#3775=CARTESIAN_POINT('',(0.0038,-0.020058464283477,0.0267777639249627));
#3776=CARTESIAN_POINT('',(0.0064,-0.00605304009021168,0.0258959052999895));
#3777=CARTESIAN_POINT('',(0.0038,-0.00605304009021168,0.0258959052999895));
#3778=CARTESIAN_POINT('',(0.,0.,0.));
#3779=CARTESIAN_POINT('',(0.0064,-0.000528463605517494,0.0316583473179297));
#3780=CARTESIAN_POINT('',(0.0038,-0.000528463605517494,0.0316583473179297));
#3781=CARTESIAN_POINT('',(0.0064,-0.000567452488797819,0.0313825445567897));
#3782=CARTESIAN_POINT('',(0.0038,-0.000567452488797819,0.0313825445567897));
#3783=CARTESIAN_POINT('',(0.0064,-0.000378373178762853,0.0307710107111476));
#3784=CARTESIAN_POINT('',(0.00380000000000001,-0.000378373178762853,0.0307710107111476));
#3785=CARTESIAN_POINT('',(0.0064,0.00057776960314407,0.0298200312195777));
#3786=CARTESIAN_POINT('',(0.0038,0.00057776960314407,0.0298200312195777));
#3787=CARTESIAN_POINT('',(0.0064,0.00162161847980634,0.0288596244601477));
#3788=CARTESIAN_POINT('',(0.0038,0.00162161847980634,0.0288596244601477));
#3789=CARTESIAN_POINT('',(0.0064,0.00229966249109693,0.0279364800760321));
#3790=CARTESIAN_POINT('',(0.0038,0.00229966249109693,0.0279364800760321));
#3791=CARTESIAN_POINT('',(0.0064,0.00199130613241762,0.0271023585794376));
#3792=CARTESIAN_POINT('',(0.00380000000000001,0.00199130613241762,0.0271023585794376));
#3793=CARTESIAN_POINT('',(0.0064,0.00104017153165043,0.0263304296122886));
#3794=CARTESIAN_POINT('',(0.0038,0.00104017153165043,0.0263304296122886));
#3795=CARTESIAN_POINT('',(0.0064,0.000278655138963949,0.0256926431837539));
#3796=CARTESIAN_POINT('',(0.0038,0.000278655138963949,0.0256926431837539));
#3797=CARTESIAN_POINT('',(0.0064,-2.12086292842746E-5,0.0251619111854106));
#3798=CARTESIAN_POINT('',(0.0038,-2.12086292842746E-5,0.0251619111854106));
#3799=CARTESIAN_POINT('',(0.0064,7.66513916311135E-6,0.0246080778465169));
#3800=CARTESIAN_POINT('',(0.0038,7.66513916311135E-6,0.0246080778465169));
#3801=CARTESIAN_POINT('',(0.0064,0.000572548642094012,0.0238710779604278));
#3802=CARTESIAN_POINT('',(0.0038,0.000572548642094012,0.0238710779604278));
#3803=CARTESIAN_POINT('',(0.0064,0.00151713537877484,0.022923590959286));
#3804=CARTESIAN_POINT('',(0.0038,0.00151713537877484,0.022923590959286));
#3805=CARTESIAN_POINT('',(0.0064,0.00221883889497982,0.0219230921335445));
#3806=CARTESIAN_POINT('',(0.0038,0.00221883889497982,0.0219230921335445));
#3807=CARTESIAN_POINT('',(0.0064,0.0020127238674281,0.0208688011033335));
#3808=CARTESIAN_POINT('',(0.0038,0.0020127238674281,0.0208688011033335));
#3809=CARTESIAN_POINT('',(0.0064,0.00120298116409425,0.0198339164332137));
#3810=CARTESIAN_POINT('',(0.0038,0.00120298116409425,0.0198339164332137));
#3811=CARTESIAN_POINT('',(0.0064,0.000423144003079606,0.0189187951149614));
#3812=CARTESIAN_POINT('',(0.00380000000000001,0.000423144003079606,0.0189187951149614));
#3813=CARTESIAN_POINT('',(0.0064,0.0002964908714615,0.0182166365552858));
#3814=CARTESIAN_POINT('',(0.0038,0.0002964908714615,0.0182166365552858));
#3815=CARTESIAN_POINT('',(0.0064,0.00116543015294931,0.0178240846852905));
#3816=CARTESIAN_POINT('',(0.00380000000000001,0.00116543015294931,0.0178240846852905));
#3817=CARTESIAN_POINT('',(0.0064,0.0024014220231655,0.01783368770703));
#3818=CARTESIAN_POINT('',(0.0038,0.0024014220231655,0.01783368770703));
#3819=CARTESIAN_POINT('',(0.0064,0.00348296519524582,0.0183557997508296));
#3820=CARTESIAN_POINT('',(0.0038,0.00348296519524582,0.0183557997508296));
#3821=CARTESIAN_POINT('',(0.0064,0.00397380611694743,0.0194316300745056));
#3822=CARTESIAN_POINT('',(0.0038,0.00397380611694743,0.0194316300745056));
#3823=CARTESIAN_POINT('',(0.0064,0.00400857866547123,0.0207778576376625));
#3824=CARTESIAN_POINT('',(0.0038,0.00400857866547123,0.0207778576376625));
#3825=CARTESIAN_POINT('',(0.0064,0.00366015308421717,0.02215770962822));
#3826=CARTESIAN_POINT('',(0.0038,0.00366015308421717,0.02215770962822));
#3827=CARTESIAN_POINT('',(0.0064,0.00299501339061007,0.023291020523153));
#3828=CARTESIAN_POINT('',(0.0038,0.00299501339061007,0.023291020523153));
#3829=CARTESIAN_POINT('',(0.0064,0.00217322260313389,0.0240337025489165));
#3830=CARTESIAN_POINT('',(0.0038,0.00217322260313389,0.0240337025489165));
#3831=CARTESIAN_POINT('',(0.0064,0.00158960751613721,0.0246110953581604));
#3832=CARTESIAN_POINT('',(0.0038,0.00158960751613721,0.0246110953581604));
#3833=CARTESIAN_POINT('',(0.0064,0.00170113909718665,0.0252157131064418));
#3834=CARTESIAN_POINT('',(0.0038,0.00170113909718665,0.0252157131064418));
#3835=CARTESIAN_POINT('',(0.0064,0.00253886699655087,0.0259558896274239));
#3836=CARTESIAN_POINT('',(0.0038,0.00253886699655087,0.0259558896274239));
#3837=CARTESIAN_POINT('',(0.0064,0.00344964700167542,0.0267794831764324));
#3838=CARTESIAN_POINT('',(0.0038,0.00344964700167542,0.0267794831764324));
#3839=CARTESIAN_POINT('',(0.0064,0.00388936216436969,0.0276645199524889));
#3840=CARTESIAN_POINT('',(0.0038,0.00388936216436969,0.0276645199524889));
#3841=CARTESIAN_POINT('',(0.0064,0.00335520847349976,0.0285815744958784));
#3842=CARTESIAN_POINT('',(0.0038,0.00335520847349976,0.0285815744958784));
#3843=CARTESIAN_POINT('',(0.0064,0.00195670392795867,0.0298216069672612));
#3844=CARTESIAN_POINT('',(0.0038,0.00195670392795867,0.0298216069672612));
#3845=CARTESIAN_POINT('',(0.0064,0.000737919314098944,0.0307413504632549));
#3846=CARTESIAN_POINT('',(0.0038,0.000737919314098944,0.0307413504632549));
#3847=CARTESIAN_POINT('',(0.0064,0.000400656052477746,0.0313230734604134));
#3848=CARTESIAN_POINT('',(0.0038,0.000400656052477746,0.0313230734604134));
#3849=CARTESIAN_POINT('',(0.0038,-0.000528463605517494,0.0316583473179297));
#3850=CARTESIAN_POINT('',(0.0038,-0.000545624465132987,0.0315369534213295));
#3851=CARTESIAN_POINT('',(0.0038,-0.000520987717546861,0.0302852913619206));
#3852=CARTESIAN_POINT('',(0.0038,0.00439050410932261,0.0276453047674181));
#3853=CARTESIAN_POINT('',(0.0038,-0.00209707507763933,0.025119750577377));
#3854=CARTESIAN_POINT('',(0.0038,0.00415032032510982,0.0217783728369564));
#3855=CARTESIAN_POINT('',(0.0038,-0.00147075456239374,0.017998282674158));
#3856=CARTESIAN_POINT('',(0.0038,0.00460466520872983,0.0173453459689454));
#3857=CARTESIAN_POINT('',(0.0038,0.00386802267919176,0.0233660355266514));
#3858=CARTESIAN_POINT('',(0.0038,0.00033357031809777,0.02486686887439));
#3859=CARTESIAN_POINT('',(0.0038,0.00590459923297823,0.0277363170122098));
#3860=CARTESIAN_POINT('',(0.0038,0.00111450922161181,0.0301215494666901));
#3861=CARTESIAN_POINT('',(0.0038,0.000407337161777766,0.0313115496587764));
#3862=CARTESIAN_POINT('',(0.0038,0.000400656052477746,0.0313230734604133));
#3863=CARTESIAN_POINT('',(0.0038,-0.000528463605704115,0.0316583473166095));
#3864=CARTESIAN_POINT('',(0.0038,0.000400656052477746,0.0313230734604133));
#3865=CARTESIAN_POINT('',(0.0064,0.000400656052477746,0.0313230734604133));
#3866=CARTESIAN_POINT('',(0.0064,0.000400656052477746,0.0313230734604133));
#3867=CARTESIAN_POINT('',(0.0064,-0.000528463605517494,0.0316583473179297));
#3868=CARTESIAN_POINT('',(0.0064,-0.000545624465132987,0.0315369534213295));
#3869=CARTESIAN_POINT('',(0.0064,-0.000520987717546861,0.0302852913619206));
#3870=CARTESIAN_POINT('',(0.0064,0.00439050410932261,0.0276453047674181));
#3871=CARTESIAN_POINT('',(0.0064,-0.00209707507763933,0.025119750577377));
#3872=CARTESIAN_POINT('',(0.0064,0.00415032032510982,0.0217783728369564));
#3873=CARTESIAN_POINT('',(0.0064,-0.00147075456239374,0.017998282674158));
#3874=CARTESIAN_POINT('',(0.0064,0.00460466520872983,0.0173453459689454));
#3875=CARTESIAN_POINT('',(0.0064,0.00386802267919176,0.0233660355266514));
#3876=CARTESIAN_POINT('',(0.0064,0.00033357031809777,0.02486686887439));
#3877=CARTESIAN_POINT('',(0.0064,0.00590459923297823,0.0277363170122098));
#3878=CARTESIAN_POINT('',(0.0064,0.00111450922161181,0.0301215494666901));
#3879=CARTESIAN_POINT('',(0.0064,0.000407337161777766,0.0313115496587764));
#3880=CARTESIAN_POINT('',(0.0064,0.000400656052477746,0.0313230734604133));
#3881=CARTESIAN_POINT('',(0.0064,-0.000528463605704115,0.0316583473166095));
#3882=CARTESIAN_POINT('',(0.0064,-0.000528463605704115,0.0316583473166095));
#3883=CARTESIAN_POINT('',(0.0064,0.000400656052477746,0.0313230734604133));
#3884=CARTESIAN_POINT('',(0.0038,0.000400656052477746,0.0313230734604133));
#3885=CARTESIAN_POINT('',(0.0064,0.000249861745146558,0.0315831685445716));
#3886=CARTESIAN_POINT('',(0.0038,0.000249861745146558,0.0315831685445716));
#3887=CARTESIAN_POINT('',(0.0064,0.000125307773813999,0.0320853668359673));
#3888=CARTESIAN_POINT('',(0.0038,0.000125307773813999,0.0320853668359673));
#3889=CARTESIAN_POINT('',(0.0064,9.4717374343546E-5,0.0325276475665778));
#3890=CARTESIAN_POINT('',(0.0038,9.4717374343546E-5,0.0325276475665778));
#3891=CARTESIAN_POINT('',(0.0064,-0.000256062922051822,0.0323393771687273));
#3892=CARTESIAN_POINT('',(0.0038,-0.000256062922051822,0.0323393771687273));
#3893=CARTESIAN_POINT('',(0.0064,-0.000493598843671719,0.031904976530529));
#3894=CARTESIAN_POINT('',(0.0038,-0.000493598843671719,0.031904976530529));
#3895=CARTESIAN_POINT('',(0.0064,-0.000528463605517493,0.0316583473179297));
#3896=CARTESIAN_POINT('',(0.0038,-0.000528463605517493,0.0316583473179297));
#3897=CARTESIAN_POINT('',(0.0038,0.000400656052477746,0.0313230734604133));
#3898=CARTESIAN_POINT('',(0.0038,6.83631954274083E-5,0.0318962233368863));
#3899=CARTESIAN_POINT('',(0.0038,0.000172753991817031,0.0324299043613811));
#3900=CARTESIAN_POINT('',(0.0038,-1.35525271560688E-19,0.0324378376791784));
#3901=CARTESIAN_POINT('',(0.0038,-0.00014082865652501,0.0324443049015877));
#3902=CARTESIAN_POINT('',(0.0038,-0.000465833130307663,0.0321013879115826));
#3903=CARTESIAN_POINT('',(0.0038,-0.000528463605517493,0.0316583473179297));
#3904=CARTESIAN_POINT('',(0.0064,0.000400656052477746,0.0313230734604133));
#3905=CARTESIAN_POINT('',(0.0064,6.83631954274083E-5,0.0318962233368863));
#3906=CARTESIAN_POINT('',(0.0064,0.000172753991817031,0.0324299043613811));
#3907=CARTESIAN_POINT('',(0.0064,-1.35525271560688E-19,0.0324378376791784));
#3908=CARTESIAN_POINT('',(0.0064,-0.00014082865652501,0.0324443049015877));
#3909=CARTESIAN_POINT('',(0.0064,-0.000465833130307663,0.0321013879115826));
#3910=CARTESIAN_POINT('',(0.0064,-0.000528463605517493,0.0316583473179297));
#3911=CARTESIAN_POINT('',(0.0064,-0.00605304009021168,0.0258959052999895));
#3912=CARTESIAN_POINT('',(0.0038,-0.00605304009021168,0.0258959052999895));
#3913=CARTESIAN_POINT('',(0.,0.,0.));
#3914=CARTESIAN_POINT('',(0.00515071376508618,0.0142697211362717,0.0355));
#3915=CARTESIAN_POINT('',(0.00515071376508618,0.0142697211362717,0.00289705627484772));
#3916=CARTESIAN_POINT('',(0.0111507137650862,0.0142697211362717,0.00289705627484772));
#3917=CARTESIAN_POINT('',(0.00515071376508618,0.0142697211362717,0.0326029437251523));
#3918=CARTESIAN_POINT('',(0.0111507137650862,0.0142697211362717,0.0326029437251523));
#3919=CARTESIAN_POINT('',(-0.0193434218783629,-0.00646268447365322,0.0355));
#3920=CARTESIAN_POINT('',(0.00515071376508618,0.0142697211362717,0.0355));
#3921=CARTESIAN_POINT('',(0.00825365749023847,0.0142697211362717,0.0355));
#3922=CARTESIAN_POINT('',(-0.0193434218783629,-0.00646268447365322,0.));
#3923=CARTESIAN_POINT('',(0.00515071376508618,0.0142697211362717,0.));
#3924=CARTESIAN_POINT('',(0.00825365749023847,0.0142697211362717,0.));
#3925=CARTESIAN_POINT('',(0.00515071376508618,0.0142697211362717,0.00289705627484772));
#3926=CARTESIAN_POINT('',(0.00515071376508618,0.0142697211362717,0.0326029437251523));
#3927=CARTESIAN_POINT('',(0.,0.,0.));
#3928=CARTESIAN_POINT('',(0.0064,0.00498116698603803,0.0287600881482107));
#3929=CARTESIAN_POINT('',(0.0038,0.00498116698603803,0.0287600881482107));
#3930=CARTESIAN_POINT('',(0.0064,0.00505804276256499,0.0284905244131197));
#3931=CARTESIAN_POINT('',(0.0038,0.00505804276256499,0.0284905244131197));
#3932=CARTESIAN_POINT('',(0.0064,0.00524551516568782,0.0278586850088974));
#3933=CARTESIAN_POINT('',(0.0038,0.00524551516568782,0.0278586850088974));
#3934=CARTESIAN_POINT('',(0.0064,0.00541987541347544,0.0268836406769626));
#3935=CARTESIAN_POINT('',(0.0038,0.00541987541347544,0.0268836406769626));
#3936=CARTESIAN_POINT('',(0.0064,0.00520222581848847,0.0261953614439409));
#3937=CARTESIAN_POINT('',(0.0038,0.00520222581848847,0.0261953614439409));
#3938=CARTESIAN_POINT('',(0.0064,0.00463859454205604,0.0258361784521547));
#3939=CARTESIAN_POINT('',(0.0038,0.00463859454205604,0.0258361784521547));
#3940=CARTESIAN_POINT('',(0.0064,0.00411509580626805,0.0255606713011592));
#3941=CARTESIAN_POINT('',(0.00380000000000001,0.00411509580626805,0.0255606713011592));
#3942=CARTESIAN_POINT('',(0.0064,0.00402155746475636,0.0251458777289435));
#3943=CARTESIAN_POINT('',(0.0038,0.00402155746475636,0.0251458777289435));
#3944=CARTESIAN_POINT('',(0.0064,0.00439182012376154,0.0245403254470538));
#3945=CARTESIAN_POINT('',(0.0038,0.00439182012376154,0.0245403254470538));
#3946=CARTESIAN_POINT('',(0.0064,0.00490519235214301,0.0238716825896225));
#3947=CARTESIAN_POINT('',(0.0038,0.00490519235214301,0.0238716825896225));
#3948=CARTESIAN_POINT('',(0.0064,0.00532060649624657,0.0232269782895568));
#3949=CARTESIAN_POINT('',(0.0038,0.00532060649624657,0.0232269782895568));
#3950=CARTESIAN_POINT('',(0.0064,0.00536534882178015,0.0227105054307164));
#3951=CARTESIAN_POINT('',(0.0038,0.00536534882178015,0.0227105054307164));
#3952=CARTESIAN_POINT('',(0.0064,0.00518688252579115,0.0221933503382654));
#3953=CARTESIAN_POINT('',(0.0038,0.00518688252579115,0.0221933503382654));
#3954=CARTESIAN_POINT('',(0.0064,0.0048557561631966,0.0213409801299565));
#3955=CARTESIAN_POINT('',(0.0038,0.0048557561631966,0.0213409801299565));
#3956=CARTESIAN_POINT('',(0.0064,0.00472134720244385,0.0199048792707504));
#3957=CARTESIAN_POINT('',(0.0038,0.00472134720244385,0.0199048792707504));
#3958=CARTESIAN_POINT('',(0.0064,0.00489685064209315,0.0187460999581457));
#3959=CARTESIAN_POINT('',(0.0038,0.00489685064209315,0.0187460999581457));
#3960=CARTESIAN_POINT('',(0.0064,0.0051978083201803,0.0182460620742517));
#3961=CARTESIAN_POINT('',(0.0038,0.0051978083201803,0.0182460620742517));
#3962=CARTESIAN_POINT('',(0.0064,0.00570753076331608,0.0183800380963107));
#3963=CARTESIAN_POINT('',(0.0038,0.00570753076331608,0.0183800380963107));
#3964=CARTESIAN_POINT('',(0.0064,0.0062396419654177,0.0188898695091335));
#3965=CARTESIAN_POINT('',(0.0038,0.0062396419654177,0.0188898695091335));
#3966=CARTESIAN_POINT('',(0.0064,0.00658349777585752,0.0194505794556192));
#3967=CARTESIAN_POINT('',(0.0038,0.00658349777585752,0.0194505794556192));
#3968=CARTESIAN_POINT('',(0.0064,0.00650917392225694,0.0197219963830732));
#3969=CARTESIAN_POINT('',(0.0038,0.00650917392225694,0.0197219963830732));
#3970=CARTESIAN_POINT('',(0.0064,0.00631180388277809,0.0200343787583047));
#3971=CARTESIAN_POINT('',(0.0038,0.00631180388277809,0.0200343787583047));
#3972=CARTESIAN_POINT('',(0.0064,0.0062592535197916,0.0206862207804962));
#3973=CARTESIAN_POINT('',(0.00380000000000001,0.0062592535197916,0.0206862207804962));
#3974=CARTESIAN_POINT('',(0.0064,0.00625387893334339,0.0215233619011892));
#3975=CARTESIAN_POINT('',(0.0038,0.00625387893334339,0.0215233619011892));
#3976=CARTESIAN_POINT('',(0.0064,0.00623620192434476,0.0224383378463807));
#3977=CARTESIAN_POINT('',(0.00380000000000001,0.00623620192434476,0.0224383378463807));
#3978=CARTESIAN_POINT('',(0.0064,0.00613235472146957,0.0233083634902655));
#3979=CARTESIAN_POINT('',(0.0038,0.00613235472146957,0.0233083634902655));
#3980=CARTESIAN_POINT('',(0.0064,0.00580647880531152,0.0242642925931762));
#3981=CARTESIAN_POINT('',(0.0038,0.00580647880531152,0.0242642925931762));
#3982=CARTESIAN_POINT('',(0.0064,0.00546345152496154,0.0250166529124348));
#3983=CARTESIAN_POINT('',(0.0038,0.00546345152496154,0.0250166529124348));
#3984=CARTESIAN_POINT('',(0.0064,0.00568506072246063,0.0257466644508765));
#3985=CARTESIAN_POINT('',(0.0038,0.00568506072246063,0.0257466644508765));
#3986=CARTESIAN_POINT('',(0.0064,0.00614299203123285,0.0265145135314236));
#3987=CARTESIAN_POINT('',(0.0038,0.00614299203123285,0.0265145135314236));
#3988=CARTESIAN_POINT('',(0.0064,0.00637269977535902,0.0271995191198712));
#3989=CARTESIAN_POINT('',(0.0038,0.00637269977535902,0.0271995191198712));
#3990=CARTESIAN_POINT('',(0.0064,0.00621440308321509,0.0277422690627078));
#3991=CARTESIAN_POINT('',(0.0038,0.00621440308321509,0.0277422690627078));
#3992=CARTESIAN_POINT('',(0.0038,0.00498116698603803,0.0287600881482107));
#3993=CARTESIAN_POINT('',(0.0038,0.00517528765552354,0.0280794069884369));
#3994=CARTESIAN_POINT('',(0.0038,0.00584497926344074,0.0259477148649529));
#3995=CARTESIAN_POINT('',(0.0038,0.00309885200916841,0.0256535687689333));
#3996=CARTESIAN_POINT('',(0.0038,0.00591987581913493,0.0230790094918209));
#3997=CARTESIAN_POINT('',(0.0038,0.00464220872760986,0.0217290784929479));
#3998=CARTESIAN_POINT('',(0.0038,0.00475143653988155,0.0171292475351822));
#3999=CARTESIAN_POINT('',(0.0038,0.00683870239578471,0.0195252354330702));
#4000=CARTESIAN_POINT('',(0.0038,0.00608982056472393,0.0199582115298975));
#4001=CARTESIAN_POINT('',(0.0038,0.00649620326358596,0.0233853579459809));
#4002=CARTESIAN_POINT('',(0.0038,0.00499685400449717,0.0253704558350197));
#4003=CARTESIAN_POINT('',(0.0038,0.00646651327988821,0.0266809618197682));
#4004=CARTESIAN_POINT('',(0.0038,0.00623536611949118,0.0276703933552218));
#4005=CARTESIAN_POINT('',(0.0038,0.00621440308321509,0.0277422690627078));
#4006=CARTESIAN_POINT('',(0.0038,0.00498116698729345,0.0287600881438086));
#4007=CARTESIAN_POINT('',(0.0038,0.00621440308321509,0.0277422690627078));
#4008=CARTESIAN_POINT('',(0.0064,0.00621440308321509,0.0277422690627078));
#4009=CARTESIAN_POINT('',(0.0064,0.00621440308321509,0.0277422690627078));
#4010=CARTESIAN_POINT('',(0.0064,0.00498116698603803,0.0287600881482107));
#4011=CARTESIAN_POINT('',(0.0064,0.00517528765552354,0.0280794069884369));
#4012=CARTESIAN_POINT('',(0.0064,0.00584497926344074,0.0259477148649529));
#4013=CARTESIAN_POINT('',(0.0064,0.00309885200916841,0.0256535687689333));
#4014=CARTESIAN_POINT('',(0.0064,0.00591987581913493,0.0230790094918209));
#4015=CARTESIAN_POINT('',(0.0064,0.00464220872760986,0.0217290784929479));
#4016=CARTESIAN_POINT('',(0.0064,0.00475143653988155,0.0171292475351822));
#4017=CARTESIAN_POINT('',(0.0064,0.00683870239578471,0.0195252354330702));
#4018=CARTESIAN_POINT('',(0.0064,0.00608982056472393,0.0199582115298975));
#4019=CARTESIAN_POINT('',(0.0064,0.00649620326358596,0.0233853579459809));
#4020=CARTESIAN_POINT('',(0.0064,0.00499685400449717,0.0253704558350197));
#4021=CARTESIAN_POINT('',(0.0064,0.00646651327988821,0.0266809618197682));
#4022=CARTESIAN_POINT('',(0.0064,0.00623536611949118,0.0276703933552218));
#4023=CARTESIAN_POINT('',(0.0064,0.00621440308321509,0.0277422690627078));
#4024=CARTESIAN_POINT('',(0.0064,0.00498116698729345,0.0287600881438086));
#4025=CARTESIAN_POINT('',(0.0064,0.00498116698729345,0.0287600881438086));
#4026=CARTESIAN_POINT('',(0.0064,0.00621440308321509,0.0277422690627078));
#4027=CARTESIAN_POINT('',(0.0038,0.00621440308321509,0.0277422690627078));
#4028=CARTESIAN_POINT('',(0.0064,0.00612179140541021,0.0280598055958711));
#4029=CARTESIAN_POINT('',(0.0038,0.00612179140541021,0.0280598055958711));
#4030=CARTESIAN_POINT('',(0.0064,0.00576693039499045,0.0287278750124384));
#4031=CARTESIAN_POINT('',(0.0038,0.00576693039499045,0.0287278750124384));
#4032=CARTESIAN_POINT('',(0.0064,0.00510871160158301,0.0294796898375135));
#4033=CARTESIAN_POINT('',(0.0038,0.00510871160158301,0.0294796898375135));
#4034=CARTESIAN_POINT('',(0.0064,0.00475096785130042,0.0295868156266177));
#4035=CARTESIAN_POINT('',(0.0038,0.00475096785130042,0.0295868156266177));
#4036=CARTESIAN_POINT('',(0.0064,0.00489121444754478,0.0290755053492148));
#4037=CARTESIAN_POINT('',(0.0038,0.00489121444754478,0.0290755053492148));
#4038=CARTESIAN_POINT('',(0.0064,0.00498116698603803,0.0287600881482107));
#4039=CARTESIAN_POINT('',(0.0038,0.00498116698603803,0.0287600881482107));
#4040=CARTESIAN_POINT('',(0.0038,0.00621440308321509,0.0277422690627078));
#4041=CARTESIAN_POINT('',(0.0038,0.0059558166817088,0.0286288811121135));
#4042=CARTESIAN_POINT('',(0.0038,0.00503126933133596,0.0296490010467166));
#4043=CARTESIAN_POINT('',(0.0038,0.00486961614352966,0.0294945181120354));
#4044=CARTESIAN_POINT('',(0.0038,0.00479968757981242,0.0294276912842588));
#4045=CARTESIAN_POINT('',(0.0038,0.00487251849749056,0.0291410624122505));
#4046=CARTESIAN_POINT('',(0.0038,0.00498116698603803,0.0287600881482107));
#4047=CARTESIAN_POINT('',(0.0064,0.00621440308321509,0.0277422690627078));
#4048=CARTESIAN_POINT('',(0.0064,0.0059558166817088,0.0286288811121135));
#4049=CARTESIAN_POINT('',(0.0064,0.00503126933133596,0.0296490010467166));
#4050=CARTESIAN_POINT('',(0.0064,0.00486961614352966,0.0294945181120354));
#4051=CARTESIAN_POINT('',(0.0064,0.00479968757981242,0.0294276912842588));
#4052=CARTESIAN_POINT('',(0.0064,0.00487251849749056,0.0291410624122505));
#4053=CARTESIAN_POINT('',(0.0064,0.00498116698603803,0.0287600881482107));
#4054=CARTESIAN_POINT('',(0.0064,-0.00605304009021168,0.0258959052999895));
#4055=CARTESIAN_POINT('',(0.0038,-0.00605304009021168,0.0258959052999895));
#4056=CARTESIAN_POINT('',(0.,0.,0.));
#4057=CARTESIAN_POINT('',(-0.0430150654266021,-0.0278092921184828,0.0355));
#4058=CARTESIAN_POINT('',(-0.0430150654266021,-0.0278092921184828,0.03260294));
#4059=CARTESIAN_POINT('',(-0.0370150654266021,-0.0278092921184828,0.03260294));
#4060=CARTESIAN_POINT('',(-0.0430150654266021,-0.0278092921184828,0.0142));
#4061=CARTESIAN_POINT('',(-0.0477095023682546,-0.0240726811137289,0.0142));
#4062=CARTESIAN_POINT('',(-0.0476735826935222,-0.024027993813164,0.0142));
#4063=CARTESIAN_POINT('',(-0.0477095023682546,-0.0240726811137289,0.0017));
#4064=CARTESIAN_POINT('',(-0.0477095023682546,-0.0240726811137289,0.00289706));
#4065=CARTESIAN_POINT('',(-0.0430150654266021,-0.0278092921184828,0.00289706));
#4066=CARTESIAN_POINT('',(-0.0476735826935222,-0.024027993813164,0.00289706));
#4067=CARTESIAN_POINT('',(-0.0476735826935222,-0.024027993813164,0.0355));
#4068=CARTESIAN_POINT('',(-0.0430150654266021,-0.0278092921184828,0.00289706));
#4069=CARTESIAN_POINT('',(-0.0430150654266021,-0.0278092921184828,0.));
#4070=CARTESIAN_POINT('',(-0.0399121254266021,-0.0278092921184828,0.));
#4071=CARTESIAN_POINT('',(-0.047709502368255,-0.0240726811137287,0.00289705999999996));
#4072=CARTESIAN_POINT('',(-0.047709502368255,-0.0240726811137287,0.00273426794368208));
#4073=CARTESIAN_POINT('',(-0.047697460968414,-0.024079428726728,0.00257265604724431));
#4074=CARTESIAN_POINT('',(-0.0476735635768106,-0.0240931433549024,0.00241221981672139));
#4075=CARTESIAN_POINT('',(-0.0476735635768106,-0.0240931433549024,0.00241221981672139));
#4076=CARTESIAN_POINT('',(-0.0476735826935222,-0.0240279938131605,0.00289705999999953));
#4077=CARTESIAN_POINT('',(-0.0476735826935222,-0.0240279938131605,0.00273252515988632));
#4078=CARTESIAN_POINT('',(-0.0476735762500247,-0.0240499531813543,0.00257094443578623));
#4079=CARTESIAN_POINT('',(-0.0476735635768106,-0.0240931433549024,0.00241221981672138));
#4080=CARTESIAN_POINT('',(-0.0193434218783629,-0.00646268447365322,0.0355));
#4081=CARTESIAN_POINT('',(-0.0430150654266021,-0.0278092921184828,0.0355));
#4082=CARTESIAN_POINT('',(-0.0399121254266021,-0.0278092921184828,0.0355));
#4083=CARTESIAN_POINT('',(-0.0193434218783629,-0.00646268447365322,0.));
#4084=CARTESIAN_POINT('',(-0.0430150654266021,-0.0278092921184828,0.03260294));
#4085=CARTESIAN_POINT('',(-0.0506861890806995,-0.0293425668540525,-0.0108));
#4086=CARTESIAN_POINT('',(-0.0506861890806995,-0.0293425668540525,0.0142));
#4087=CARTESIAN_POINT('',(-0.0476735635768106,-0.0240931433549024,0.0142));
#4088=CARTESIAN_POINT('',(-0.0476735635768106,-0.0240931433549024,-0.0108));
#4089=CARTESIAN_POINT('',(-0.047678724912984,-0.00650336679294698,-0.0108));
#4090=CARTESIAN_POINT('',(-0.047678724912984,-0.00650336679294698,0.0142));
#4091=CARTESIAN_POINT('',(-0.0218444466467501,-0.00619159245010444,0.0142));
#4092=CARTESIAN_POINT('',(0.,0.,0.));
#4093=CARTESIAN_POINT('',(0.0064,0.00877886451460183,0.024644865427512));
#4094=CARTESIAN_POINT('',(0.00379999999999995,0.00877865594466038,0.0246450238615163));
#4095=CARTESIAN_POINT('',(0.0038,0.00779975817366594,0.0262842798841893));
#4096=CARTESIAN_POINT('',(0.0038,0.00771740056050855,0.0262322031719721));
#4097=CARTESIAN_POINT('',(0.0064,0.00771740056050855,0.0262322031719721));
#4098=CARTESIAN_POINT('',(0.0064,0.00771740056050855,0.0262322031719721));
#4099=CARTESIAN_POINT('',(0.00639999999999953,0.00877865594466038,0.0246450238615163));
#4100=CARTESIAN_POINT('',(0.0064,0.00779975817366594,0.0262842798841893));
#4101=CARTESIAN_POINT('',(0.0064,0.00779975817366594,0.0262842798841893));
#4102=CARTESIAN_POINT('',(0.0064,0.00771740056254801,0.026232203173335));
#4103=CARTESIAN_POINT('',(0.0038,0.00771740056254801,0.026232203173335));
#4104=CARTESIAN_POINT('',(0.0064,0.00744331781986015,0.0260490468267092));
#4105=CARTESIAN_POINT('',(0.0038,0.00744331781986015,0.0260490468267092));
#4106=CARTESIAN_POINT('',(0.0064,0.00705828560389723,0.0256438856125383));
#4107=CARTESIAN_POINT('',(0.0038,0.00705828560389723,0.0256438856125383));
#4108=CARTESIAN_POINT('',(0.0064,0.00694425366350207,0.0250616116349873));
#4109=CARTESIAN_POINT('',(0.0038,0.00694425366350207,0.0250616116349873));
#4110=CARTESIAN_POINT('',(0.0064,0.00710982374917795,0.0244895819400068));
#4111=CARTESIAN_POINT('',(0.0038,0.00710982374917795,0.0244895819400068));
#4112=CARTESIAN_POINT('',(0.0064,0.00748834608845228,0.023914967830933));
#4113=CARTESIAN_POINT('',(0.0038,0.00748834608845228,0.023914967830933));
#4114=CARTESIAN_POINT('',(0.0064,0.00775198997194955,0.023326579476044));
#4115=CARTESIAN_POINT('',(0.0038,0.00775198997194955,0.023326579476044));
#4116=CARTESIAN_POINT('',(0.0064,0.00780451123138693,0.0227250362853861));
#4117=CARTESIAN_POINT('',(0.0038,0.00780451123138693,0.0227250362853861));
#4118=CARTESIAN_POINT('',(0.0064,0.00753261591319347,0.0219296511257986));
#4119=CARTESIAN_POINT('',(0.0038,0.00753261591319347,0.0219296511257986));
#4120=CARTESIAN_POINT('',(0.0064,0.00711049112356134,0.020869346829811));
#4121=CARTESIAN_POINT('',(0.0038,0.00711049112356134,0.020869346829811));
#4122=CARTESIAN_POINT('',(0.0064,0.00710002889518147,0.0195812179048692));
#4123=CARTESIAN_POINT('',(0.0038,0.00710002889518147,0.0195812179048692));
#4124=CARTESIAN_POINT('',(0.0064,0.00748124050693496,0.0184500083950229));
#4125=CARTESIAN_POINT('',(0.0038,0.00748124050693496,0.0184500083950229));
#4126=CARTESIAN_POINT('',(0.0064,0.00794917902260948,0.0182020719147865));
#4127=CARTESIAN_POINT('',(0.0038,0.00794917902260948,0.0182020719147865));
#4128=CARTESIAN_POINT('',(0.0064,0.00833661759705113,0.0191682640903427));
#4129=CARTESIAN_POINT('',(0.0038,0.00833661759705113,0.0191682640903427));
#4130=CARTESIAN_POINT('',(0.0064,0.00865407205804617,0.0208186051809122));
#4131=CARTESIAN_POINT('',(0.0038,0.00865407205804617,0.0208186051809122));
#4132=CARTESIAN_POINT('',(0.0064,0.00888206105084476,0.0227611127935296));
#4133=CARTESIAN_POINT('',(0.0038,0.00888206105084476,0.0227611127935296));
#4134=CARTESIAN_POINT('',(0.0064,0.00902533324868918,0.0245420482108855));
#4135=CARTESIAN_POINT('',(0.0038,0.00902533324868918,0.0245420482108855));
#4136=CARTESIAN_POINT('',(0.0064,0.00898484683797099,0.0258801587316833));
#4137=CARTESIAN_POINT('',(0.0038,0.00898484683797099,0.0258801587316833));
#4138=CARTESIAN_POINT('',(0.0064,0.0086360759771773,0.026582757416009));
#4139=CARTESIAN_POINT('',(0.0038,0.0086360759771773,0.026582757416009));
#4140=CARTESIAN_POINT('',(0.0064,0.00807684786785196,0.0264496352320469));
#4141=CARTESIAN_POINT('',(0.0038,0.00807684786785196,0.0264496352320469));
#4142=CARTESIAN_POINT('',(0.0064,0.00779975817366594,0.0262842798841893));
#4143=CARTESIAN_POINT('',(0.0038,0.00779975817366594,0.0262842798841893));
#4144=CARTESIAN_POINT('',(0.0038,0.00771740056254801,0.0262322031733349));
#4145=CARTESIAN_POINT('',(0.0038,0.0073687464434081,0.0259992143537126));
#4146=CARTESIAN_POINT('',(0.0038,0.00646418762391566,0.0249329805550535));
#4147=CARTESIAN_POINT('',(0.0038,0.00849952309993194,0.023146520826255));
#4148=CARTESIAN_POINT('',(0.0038,0.0065933840983305,0.0207650980481939));
#4149=CARTESIAN_POINT('',(0.0038,0.00808151069706843,0.0165649316320771));
#4150=CARTESIAN_POINT('',(0.0038,0.00905388741818614,0.023354338221873));
#4151=CARTESIAN_POINT('',(0.0038,0.00907440749226944,0.0263612896934364));
#4152=CARTESIAN_POINT('',(0.0038,0.00844731215279003,0.0264643789109606));
#4153=CARTESIAN_POINT('',(0.0038,0.0082650502402919,0.0264943412416638));
#4154=CARTESIAN_POINT('',(0.0038,0.00802905124856542,0.0264211122419308));
#4155=CARTESIAN_POINT('',(0.0038,0.00779975817366594,0.0262842798841893));
#4156=CARTESIAN_POINT('',(0.0064,0.00771740056254801,0.0262322031733349));
#4157=CARTESIAN_POINT('',(0.0064,0.0073687464434081,0.0259992143537126));
#4158=CARTESIAN_POINT('',(0.0064,0.00646418762391566,0.0249329805550535));
#4159=CARTESIAN_POINT('',(0.0064,0.00849952309993194,0.023146520826255));
#4160=CARTESIAN_POINT('',(0.0064,0.0065933840983305,0.0207650980481939));
#4161=CARTESIAN_POINT('',(0.0064,0.00808151069706843,0.0165649316320771));
#4162=CARTESIAN_POINT('',(0.0064,0.00905388741818614,0.023354338221873));
#4163=CARTESIAN_POINT('',(0.0064,0.00907440749226944,0.0263612896934364));
#4164=CARTESIAN_POINT('',(0.0064,0.00844731215279003,0.0264643789109606));
#4165=CARTESIAN_POINT('',(0.0064,0.0082650502402919,0.0264943412416638));
#4166=CARTESIAN_POINT('',(0.0064,0.00802905124856542,0.0264211122419308));
#4167=CARTESIAN_POINT('',(0.0064,0.00779975817366594,0.0262842798841893));
#4168=CARTESIAN_POINT('',(0.0064,-0.00605304009021168,0.0258959052999895));
#4169=CARTESIAN_POINT('',(0.0038,-0.00605304009021168,0.0258959052999895));
#4170=CARTESIAN_POINT('',(0.,0.,0.));
#4171=CARTESIAN_POINT('',(0.00515071376508618,-0.0271950900835782,0.0355));
#4172=CARTESIAN_POINT('',(0.00515071376508618,-0.0271950900835782,0.00289706));
#4173=CARTESIAN_POINT('',(0.0111507137650862,-0.0271950900835782,0.00289706));
#4174=CARTESIAN_POINT('',(0.00515071376508618,-0.0271950900835782,0.03260294));
#4175=CARTESIAN_POINT('',(0.0111507137650862,-0.0271950900835782,0.03260294));
#4176=CARTESIAN_POINT('',(-0.0193434218783629,-0.00646268447365322,0.0355));
#4177=CARTESIAN_POINT('',(0.00515071376508618,-0.0271950900835782,0.0355));
#4178=CARTESIAN_POINT('',(0.00825365376508618,-0.0271950900835782,0.0355));
#4179=CARTESIAN_POINT('',(-0.0193434218783629,-0.00646268447365322,0.));
#4180=CARTESIAN_POINT('',(0.00515071376508618,-0.0271950900835782,0.));
#4181=CARTESIAN_POINT('',(0.00825365376508618,-0.0271950900835782,0.));
#4182=CARTESIAN_POINT('',(0.00515071376508618,-0.0271950900835782,0.00289706));
#4183=CARTESIAN_POINT('',(0.00515071376508618,-0.0271950900835782,0.03260294));
#4184=CARTESIAN_POINT('',(0.,0.,0.));
#4185=CARTESIAN_POINT('',(-0.0413476831199217,0.0184493707975447,0.0218));
#4186=CARTESIAN_POINT('',(-0.043660036758174,0.00901466434454147,0.0181383556979968));
#4187=CARTESIAN_POINT('',(-0.043660036758174,0.00901466434454147,0.0175476136979607));
#4188=CARTESIAN_POINT('',(-0.0441092891375213,0.00910923110482422,0.0163882495691213));
#4189=CARTESIAN_POINT('',(-0.0451545502040657,0.00949382382719675,0.0158294479093586));
#4190=CARTESIAN_POINT('',(-0.0456715958438995,0.00975083965958224,0.0157375823425891));
#4191=CARTESIAN_POINT('',(-0.043660036758174,0.00901466434454147,0.0181383556979968));
#4192=CARTESIAN_POINT('',(-0.0456715958438995,0.00975083965958218,0.0157375823425891));
#4193=CARTESIAN_POINT('',(-0.0456715958438995,0.00975083965958224,0.0157375823425889));
#4194=CARTESIAN_POINT('',(-0.0462121813588829,0.0100195568199352,0.0158335943165773));
#4195=CARTESIAN_POINT('',(-0.0471952993910095,0.0106490480273253,0.0163711412090768));
#4196=CARTESIAN_POINT('',(-0.0476838862491574,0.0110864097690084,0.0175149950480245));
#4197=CARTESIAN_POINT('',(-0.0476838862491574,0.0110864097690084,0.0181383556979968));
#4198=CARTESIAN_POINT('',(-0.0476838862491574,0.0110864097690084,0.0181383556979968));
#4199=CARTESIAN_POINT('',(-0.0476838862491574,0.0110864097690084,0.0218));
#4200=CARTESIAN_POINT('',(-0.0476838862491574,0.0110864097690084,0.0193616443020032));
#4201=CARTESIAN_POINT('',(-0.0476838862491574,0.0110864097690084,0.0193616443020032));
#4202=CARTESIAN_POINT('',(-0.0476838862491574,0.0110864097690084,0.0199842363593007));
#4203=CARTESIAN_POINT('',(-0.0471955693158335,0.01064945153138,0.0211280902851188));
#4204=CARTESIAN_POINT('',(-0.0462139603681459,0.0100204411394446,0.0216660897182582));
#4205=CARTESIAN_POINT('',(-0.0456715958438996,0.00975083965958231,0.021762417657411));
#4206=CARTESIAN_POINT('',(-0.0456715958438996,0.00975083965958227,0.021762417657411));
#4207=CARTESIAN_POINT('',(-0.0456715958438996,0.00975083965958231,0.021762417657411));
#4208=CARTESIAN_POINT('',(-0.045156836584262,0.00949496035338327,0.0216709583209554));
#4209=CARTESIAN_POINT('',(-0.044111331223524,0.00910966351550983,0.021114971287196));
#4210=CARTESIAN_POINT('',(-0.043660036758174,0.00901466434454146,0.0199528584510952));
#4211=CARTESIAN_POINT('',(-0.043660036758174,0.00901466434454146,0.0193616443020032));
#4212=CARTESIAN_POINT('',(-0.043660036758174,0.00901466434454147,0.0193616443020032));
#4213=CARTESIAN_POINT('',(-0.043660036758174,0.00901466434454147,0.0218));
#4214=CARTESIAN_POINT('',(-0.047678724912984,-0.00650336679294698,0.0218));
#4215=CARTESIAN_POINT('',(-0.047678724912984,-0.00650336679294698,0.0181383556979968));
#4216=CARTESIAN_POINT('',(-0.0476735635768106,-0.0240931433549024,0.0181383556979968));
#4217=CARTESIAN_POINT('',(-0.0476735635768106,-0.0240931433549024,0.0218));
#4218=CARTESIAN_POINT('',(-0.0476735635768106,-0.0240931433549024,0.0193616443020032));
#4219=CARTESIAN_POINT('',(-0.0476838862491574,0.0110864097690084,0.0193616443020032));
#4220=CARTESIAN_POINT('',(-0.0433965285828515,-0.0271851735433583,0.0218));
#4221=CARTESIAN_POINT('',(-0.0476735635768106,-0.0240931433549024,0.0181383556979968));
#4222=CARTESIAN_POINT('',(-0.0476735635768106,-0.0240931433549024,0.017815477955911));
#4223=CARTESIAN_POINT('',(-0.0475412042184556,-0.0239044217904515,0.017199667313678));
#4224=CARTESIAN_POINT('',(-0.0469564503881557,-0.0232335392046059,0.0162724051928386));
#4225=CARTESIAN_POINT('',(-0.0462365457339547,-0.0226933510431264,0.0158425964592949));
#4226=CARTESIAN_POINT('',(-0.0456742955212903,-0.0224243483207705,0.0157397706454531));
#4227=CARTESIAN_POINT('',(-0.0456742955212903,-0.0224243483207705,0.0157397706454531));
#4228=CARTESIAN_POINT('',(-0.0456742955212903,-0.0224243483207705,0.0157397706454531));
#4229=CARTESIAN_POINT('',(-0.0451636893385887,-0.0221800541433657,0.0158331179441943));
#4230=CARTESIAN_POINT('',(-0.0441054225180237,-0.0219105515612016,0.0164060362845288));
#4231=CARTESIAN_POINT('',(-0.0436743026577758,-0.0219148300451436,0.0175567828291799));
#4232=CARTESIAN_POINT('',(-0.0436743026577758,-0.0219148300451436,0.0181383556979968));
#4233=CARTESIAN_POINT('',(-0.0436743026577758,-0.0219148300451436,0.0181383556979968));
#4234=CARTESIAN_POINT('',(-0.0436743026577758,-0.0219148300451436,0.0218));
#4235=CARTESIAN_POINT('',(-0.0436743026577758,-0.0219148300451436,0.0193616443020032));
#4236=CARTESIAN_POINT('',(-0.0436743026577759,-0.0219148300451437,0.0193616443020032));
#4237=CARTESIAN_POINT('',(-0.0436743026577758,-0.0219148300451437,0.0199433539714122));
#4238=CARTESIAN_POINT('',(-0.0441040096868465,-0.0219107049041147,0.021091025393609));
#4239=CARTESIAN_POINT('',(-0.0451612039472359,-0.0221788650339176,0.0216664276849483));
#4240=CARTESIAN_POINT('',(-0.0456742955212903,-0.0224243483207705,0.021760229354547));
#4241=CARTESIAN_POINT('',(-0.0456742955212903,-0.0224243483207705,0.0217602293545469));
#4242=CARTESIAN_POINT('',(-0.0456742955212903,-0.0224243483207705,0.021760229354547));
#4243=CARTESIAN_POINT('',(-0.0462363910859096,-0.0226932770533899,0.0216574318231508));
#4244=CARTESIAN_POINT('',(-0.0469562847725809,-0.0232334611477502,0.0212271313614791));
#4245=CARTESIAN_POINT('',(-0.0475406889540663,-0.0239037589514988,0.0203020601290351));
#4246=CARTESIAN_POINT('',(-0.0476735635768106,-0.0240931433549024,0.0196838837160581));
#4247=CARTESIAN_POINT('',(-0.0476735635768106,-0.0240931433549024,0.0193616443020032));
#4248=CARTESIAN_POINT('',(-0.0436671697079749,-0.0064500828503011,0.0218));
#4249=CARTESIAN_POINT('',(-0.0436671697079749,-0.0064500828503011,0.0181383556979968));
#4250=CARTESIAN_POINT('',(-0.0436743026577758,-0.0219148300451436,0.0193616443020032));
#4251=CARTESIAN_POINT('',(-0.0461055251466018,-0.00644895818484609,0.0181383556979968));
#4252=CARTESIAN_POINT('',(-0.0455767669533815,1.13993676070972,0.0181383556979968));
#4253=CARTESIAN_POINT('',(-0.0452403693199585,-0.00650265131069616,0.0181383556979968));
#4254=CARTESIAN_POINT('',(-0.0461055501497499,-0.0065031668048057,0.0193616443020032));
#4255=CARTESIAN_POINT('',(-0.0455767669533815,1.13993676070973,0.0193616443020032));
#4256=CARTESIAN_POINT('',(-0.045240369147176,-0.00650324015158608,0.0193616443020032));
#4257=CARTESIAN_POINT('',(0.,0.,0.));
#4258=CARTESIAN_POINT('',(0.00653817613083879,-0.00638058936212613,0.0182));
#4259=CARTESIAN_POINT('',(0.00636145260065735,-0.0212288486325841,0.0182));
#4260=CARTESIAN_POINT('',(0.00636145260065735,-0.0212288486325841,0.0172343145750508));
#4261=CARTESIAN_POINT('',(0.00636145260065735,-0.0212288486325841,0.0166656854249492));
#4262=CARTESIAN_POINT('',(0.00671489966102024,0.00846766990833182,0.0166656854249492));
#4263=CARTESIAN_POINT('',(0.00671489966102024,0.00846766990833182,0.0166656854249492));
#4264=CARTESIAN_POINT('',(0.00671489966102024,0.00846766990833182,0.0182));
#4265=CARTESIAN_POINT('',(0.00671489966102024,0.00846766990833182,0.0172343145750508));
#4266=CARTESIAN_POINT('',(0.00653817613083879,-0.00638058936212613,0.0172343145750508));
#4267=CARTESIAN_POINT('',(0.00444596562156665,0.0158688003280674,0.0182));
#4268=CARTESIAN_POINT('',(0.00431289525189746,0.0081288335683169,0.0182));
#4269=CARTESIAN_POINT('',(0.00431289525189746,0.0081288335683169,0.0172343145750508));
#4270=CARTESIAN_POINT('',(0.00431289525189746,0.0081288335683169,0.0166656854249492));
#4271=CARTESIAN_POINT('',(0.00431289525189746,0.0081288335683169,0.0172343145750508));
#4272=CARTESIAN_POINT('',(0.00431289525189746,0.0081288335683169,0.0174896633356336));
#4273=CARTESIAN_POINT('',(0.00452331380675333,0.00812129984859285,0.0179902406944404));
#4274=CARTESIAN_POINT('',(0.00502496911123352,0.0081451515586143,0.0182));
#4275=CARTESIAN_POINT('',(0.00527883409557839,0.00817262444193252,0.0182));
#4276=CARTESIAN_POINT('',(0.00527883409557839,0.00817262444193252,0.0182));
#4277=CARTESIAN_POINT('',(0.00444596562156665,0.0158688003280674,0.0182));
#4278=CARTESIAN_POINT('',(0.0057464087857892,0.00823770337271731,0.0182));
#4279=CARTESIAN_POINT('',(0.0057464087857892,0.00823770337271731,0.0182));
#4280=CARTESIAN_POINT('',(0.00600153180836169,0.00828117982081926,0.0182));
#4281=CARTESIAN_POINT('',(0.00649647665349197,0.00839669000602524,0.0179950502972429));
#4282=CARTESIAN_POINT('',(0.00671489966102024,0.00846766990833182,0.0174933008605156));
#4283=CARTESIAN_POINT('',(0.00671489966102024,0.00846766990833182,0.0172343145750508));
#4284=CARTESIAN_POINT('',(0.00671489966102024,0.00846766990833182,0.0166656854249492));
#4285=CARTESIAN_POINT('',(0.00671489966102024,0.00846766990833182,0.0164068361970161));
#4286=CARTESIAN_POINT('',(0.00649729868428929,0.00839690098646803,0.0159056221780304));
#4287=CARTESIAN_POINT('',(0.00600138994039905,0.00828115564458046,0.0157));
#4288=CARTESIAN_POINT('',(0.0057464087857892,0.00823770337271731,0.0157));
#4289=CARTESIAN_POINT('',(0.0057464087857892,0.00823770337271731,0.0157));
#4290=CARTESIAN_POINT('',(0.00444596562156665,0.0158688003280674,0.0157));
#4291=CARTESIAN_POINT('',(0.00527883409557839,0.00817262444193252,0.0157));
#4292=CARTESIAN_POINT('',(0.00527883409557839,0.00817262444193252,0.0157));
#4293=CARTESIAN_POINT('',(0.00502498538850558,0.00814515332011597,0.0157));
#4294=CARTESIAN_POINT('',(0.00452429971999314,0.00812131828541662,0.0159087641323817));
#4295=CARTESIAN_POINT('',(0.00431289525189746,0.0081288335683169,0.0164103427961941));
#4296=CARTESIAN_POINT('',(0.00431289525189746,0.0081288335683169,0.0166656854249493));
#4297=CARTESIAN_POINT('',(0.0042327708129213,-0.00655000753213359,0.0182));
#4298=CARTESIAN_POINT('',(0.00415264637394515,-0.0212288486325841,0.0182));
#4299=CARTESIAN_POINT('',(0.00415264637394515,-0.0212288486325841,0.0172343145750508));
#4300=CARTESIAN_POINT('',(0.00415264637394515,-0.0212288486325841,0.0166656854249492));
#4301=CARTESIAN_POINT('',(0.00431289525189746,0.0081288335683169,0.0172343145750508));
#4302=CARTESIAN_POINT('',(0.0042327708129213,-0.00655000753213359,0.0166656854249492));
#4303=CARTESIAN_POINT('',(0.00525704948730125,-0.0351562329135289,0.0182));
#4304=CARTESIAN_POINT('',(0.00525704948730125,-0.0351562329135289,0.0182));
#4305=CARTESIAN_POINT('',(0.00539621087847078,-0.0211858222805837,0.0182));
#4306=CARTESIAN_POINT('',(0.00511858108207149,-0.0211858153948342,0.0182));
#4307=CARTESIAN_POINT('',(0.00511858108207149,-0.0211858153948342,0.0182));
#4308=CARTESIAN_POINT('',(0.00486339146078417,-0.0211883447179445,0.0182));
#4309=CARTESIAN_POINT('',(0.00436376672863913,-0.0212099672462819,0.017990140236928));
#4310=CARTESIAN_POINT('',(0.00415264637394515,-0.0212288486325841,0.0174895190302136));
#4311=CARTESIAN_POINT('',(0.00415264637394515,-0.0212288486325841,0.0172343145750508));
#4312=CARTESIAN_POINT('',(0.00415264637394515,-0.0212288486325841,0.0166656854249493));
#4313=CARTESIAN_POINT('',(0.00415264637394515,-0.0212288486325841,0.016410482933435));
#4314=CARTESIAN_POINT('',(0.00436281373693981,-0.0212100232483371,0.0159108087750805));
#4315=CARTESIAN_POINT('',(0.00486339651026696,-0.0211883446678963,0.0157));
#4316=CARTESIAN_POINT('',(0.00511858108207149,-0.0211858153948342,0.0157));
#4317=CARTESIAN_POINT('',(0.00511858108207149,-0.0211858153948342,0.0157));
#4318=CARTESIAN_POINT('',(0.00525704948730125,-0.0351562329135289,0.0157));
#4319=CARTESIAN_POINT('',(0.00539621087847078,-0.0211858222805837,0.0157));
#4320=CARTESIAN_POINT('',(0.00539621087847078,-0.0211858222805838,0.0157));
#4321=CARTESIAN_POINT('',(0.00565131845190429,-0.0211883634460333,0.0157));
#4322=CARTESIAN_POINT('',(0.00615078926637078,-0.0212100027858976,0.0159099322757588));
#4323=CARTESIAN_POINT('',(0.00636145260065735,-0.0212288486325841,0.0164105663926405));
#4324=CARTESIAN_POINT('',(0.00636145260065735,-0.0212288486325841,0.0166656854249493));
#4325=CARTESIAN_POINT('',(0.00636145260065735,-0.0212288486325841,0.0172343145750508));
#4326=CARTESIAN_POINT('',(0.00636145260065735,-0.0212288486325841,0.0174894348417169));
#4327=CARTESIAN_POINT('',(0.0061517460533668,-0.0212100591495291,0.0179891099494123));
#4328=CARTESIAN_POINT('',(0.00565131796322828,-0.0211883634411656,0.0182));
#4329=CARTESIAN_POINT('',(0.00539621087847078,-0.0211858222805837,0.0182));
#4330=CARTESIAN_POINT('',(0.00543377301748269,-0.00638058936212613,0.0182));
#4331=CARTESIAN_POINT('',(0.00511831741281538,-0.0212341197469518,0.0182));
#4332=CARTESIAN_POINT('',(0.00557240267247511,-0.006382239328063,0.0182));
#4333=CARTESIAN_POINT('',(0.00543377301748269,-0.00638058936212613,0.0157));
#4334=CARTESIAN_POINT('',(0.00519940237619245,-0.00637931005022287,0.0157));
#4335=CARTESIAN_POINT('',(0.00539583556643433,-0.021217355888015,0.0157));
#4336=CARTESIAN_POINT('',(0.00519940237619245,-0.00637931005022287,0.0172343145750508));
#4337=CARTESIAN_POINT('',(0.00519844185179153,-0.00655527864650124,0.0166656854249492));
#4338=CARTESIAN_POINT('',(0.00557240267247511,-0.006382239328063,0.0166656854249492));
#4339=CARTESIAN_POINT('',(0.00557255909661577,-0.00636909661755703,0.0172343145750508));
#4340=CARTESIAN_POINT('',(0.,0.,0.));
#4341=CARTESIAN_POINT('',(-0.0199870489193564,-0.0250501388038624,0.0187));
#4342=CARTESIAN_POINT('',(-0.0228108603140095,-0.0251554626531723,0.0187));
#4343=CARTESIAN_POINT('',(-0.0228108603140095,-0.0251554626531723,0.01676863));
#4344=CARTESIAN_POINT('',(-0.0228108603140095,-0.0251554626531723,0.0166));
#4345=CARTESIAN_POINT('',(-0.0378724531499105,-0.0257172370468935,0.01676863));
#4346=CARTESIAN_POINT('',(-0.0378724531499105,-0.0257172370468934,0.01676863));
#4347=CARTESIAN_POINT('',(-0.0378724531499105,-0.0257172370468934,0.0187));
#4348=CARTESIAN_POINT('',(-0.0378724531499105,-0.0257172370468934,0.0166));
#4349=CARTESIAN_POINT('',(-0.0199870489193564,-0.0250501388038624,0.0166));
#4350=CARTESIAN_POINT('',(-0.0228108603140095,-0.00607144387905811,0.0187));
#4351=CARTESIAN_POINT('',(-0.0228108603140095,0.013012574895056,0.0187));
#4352=CARTESIAN_POINT('',(-0.0228108603140095,0.013012574895056,0.01676863));
#4353=CARTESIAN_POINT('',(-0.0228108603140095,0.013012574895056,0.0166));
#4354=CARTESIAN_POINT('',(-0.0228108603140095,-0.0251554626531723,0.01676863));
#4355=CARTESIAN_POINT('',(-0.0228108603140095,-0.00607144387905811,0.0166));
#4356=CARTESIAN_POINT('',(-0.0211763011784779,0.0130538398808552,0.0187));
#4357=CARTESIAN_POINT('',(-0.0375383874510647,0.0126407736032234,0.0187));
#4358=CARTESIAN_POINT('',(-0.0375383874510647,0.0126407736032234,0.01676863));
#4359=CARTESIAN_POINT('',(-0.0375383874510647,0.0126407736032234,0.0166));
#4360=CARTESIAN_POINT('',(-0.0228108603140095,0.013012574895056,0.01676863));
#4361=CARTESIAN_POINT('',(-0.0211763011784779,0.0130538398808552,0.0166));
#4362=CARTESIAN_POINT('',(-0.0426616362136069,0.0144603631691057,0.0187));
#4363=CARTESIAN_POINT('',(-0.0436719744468873,0.00911828485392441,0.0187));
#4364=CARTESIAN_POINT('',(-0.0436719744468873,0.00911828485392441,0.01676863));
#4365=CARTESIAN_POINT('',(-0.0436719744468873,0.00911828485392441,0.0166));
#4366=CARTESIAN_POINT('',(-0.0426616362136069,0.0144603631691057,0.01676863));
#4367=CARTESIAN_POINT('',(-0.0426616362136069,0.0144603631691057,0.0166));
#4368=CARTESIAN_POINT('',(-0.0441996934672027,-0.00616117581700528,0.0187));
#4369=CARTESIAN_POINT('',(-0.044727412487518,-0.021440636487935,0.0187));
#4370=CARTESIAN_POINT('',(-0.044727412487518,-0.021440636487935,0.01676863));
#4371=CARTESIAN_POINT('',(-0.044727412487518,-0.021440636487935,0.0166));
#4372=CARTESIAN_POINT('',(-0.0441996934672027,-0.00616117581700528,0.01676863));
#4373=CARTESIAN_POINT('',(-0.0441996934672027,-0.00616117581700528,0.0166));
#4374=CARTESIAN_POINT('',(-0.0446861774322334,-0.0290067453300451,0.0187));
#4375=CARTESIAN_POINT('',(-0.0446861774322334,-0.0290067453300451,0.01676863));
#4376=CARTESIAN_POINT('',(-0.0446861774322334,-0.0290067453300451,0.0166));
#4377=CARTESIAN_POINT('',(-0.0205100214239818,-0.00607752238065667,0.0187));
#4378=CARTESIAN_POINT('',(-0.0426616362136069,0.0144603631691057,0.0187));
#4379=CARTESIAN_POINT('',(-0.0363017144226745,0.0107400084638761,0.0187));
#4380=CARTESIAN_POINT('',(-0.0418077141737134,0.00714186185604404,0.0187));
#4381=CARTESIAN_POINT('',(-0.0422383638089142,-0.00532707314665534,0.0187));
#4382=CARTESIAN_POINT('',(-0.042735177290785,-0.0197117016417526,0.0187));
#4383=CARTESIAN_POINT('',(-0.0446861774322334,-0.0290067453300451,0.0187));
#4384=CARTESIAN_POINT('',(-0.0367801379808364,-0.023743782389633,0.0187));
#4385=CARTESIAN_POINT('',(-0.0228828474072874,-0.0232254346908615,0.0187));
#4386=CARTESIAN_POINT('',(-0.0247422303140095,-0.0232947868315348,0.0187));
#4387=CARTESIAN_POINT('',(-0.0247422303140095,0.013012574895056,0.0187));
#4388=CARTESIAN_POINT('',(-0.0247422303140095,0.0110318314620295,0.0187));
#4389=CARTESIAN_POINT('',(-0.0374896449068484,0.0107100187660461,0.0187));
#4390=CARTESIAN_POINT('',(-0.0205100214239818,-0.00607752238065667,0.0166));
#4391=CARTESIAN_POINT('',(-0.0198746154824734,-0.0231132322376318,0.01676863));
#4392=CARTESIAN_POINT('',(-0.0247422303140095,-0.0232947868315348,0.01676863));
#4393=CARTESIAN_POINT('',(-0.0378724531499105,-0.0257172370468934,0.01676863));
#4394=CARTESIAN_POINT('',(-0.0378724531499105,-0.0257172370468934,0.0173225078678948));
#4395=CARTESIAN_POINT('',(-0.037559097637053,-0.0252041245878749,0.0183515390708605));
#4396=CARTESIAN_POINT('',(-0.0370286346141858,-0.0242291083893821,0.0187));
#4397=CARTESIAN_POINT('',(-0.0367801379808364,-0.023743782389633,0.0187));
#4398=CARTESIAN_POINT('',(-0.0446861774322334,-0.0290067453300451,0.01676863));
#4399=CARTESIAN_POINT('',(-0.044727412487518,-0.021440636487935,0.01676863));
#4400=CARTESIAN_POINT('',(-0.044727412487518,-0.021440636487935,0.017072590686799));
#4401=CARTESIAN_POINT('',(-0.0445727157254046,-0.0212890360596071,0.0176562932715419));
#4402=CARTESIAN_POINT('',(-0.0438976964574466,-0.0206616092871551,0.0184657571616026));
#4403=CARTESIAN_POINT('',(-0.0432050912034371,-0.0200800618708033,0.0187));
#4404=CARTESIAN_POINT('',(-0.042735177290785,-0.0197117016417526,0.0187));
#4405=CARTESIAN_POINT('',(-0.0247422303140095,-0.00607752238065667,0.01676863));
#4406=CARTESIAN_POINT('',(-0.0247422303140095,0.0110318314620295,0.01676863));
#4407=CARTESIAN_POINT('',(-0.0422694743645886,-0.00622784134635629,0.01676863));
#4408=CARTESIAN_POINT('',(-0.0436719744468873,0.00911828485392441,0.01676863));
#4409=CARTESIAN_POINT('',(-0.0436719744468874,0.00911828485392441,0.0170779768997621));
#4410=CARTESIAN_POINT('',(-0.0435234882034271,0.008930338893516,0.0176663676069862));
#4411=CARTESIAN_POINT('',(-0.0428999876031281,0.0082040517860067,0.0184626840345807));
#4412=CARTESIAN_POINT('',(-0.0422539998593845,0.00755328835775889,0.0187));
#4413=CARTESIAN_POINT('',(-0.0418077141737134,0.00714186185604404,0.0187));
#4414=CARTESIAN_POINT('',(-0.0209443731942991,0.0111277096206751,0.01676863));
#4415=CARTESIAN_POINT('',(-0.0375383874510647,0.0126407736032234,0.01676863));
#4416=CARTESIAN_POINT('',(-0.0375383874510647,0.0126407736032234,0.0173239574614096));
#4417=CARTESIAN_POINT('',(-0.0371750375467474,0.0121481079400928,0.0183505653714465));
#4418=CARTESIAN_POINT('',(-0.0365796823799702,0.0112106085521325,0.0187));
#4419=CARTESIAN_POINT('',(-0.0363017144226745,0.0107400084638761,0.0187));
#4420=CARTESIAN_POINT('',(-0.0426616362136069,0.0144603631691057,0.01676863));
#4421=CARTESIAN_POINT('',(0.,0.,0.));
#4422=CARTESIAN_POINT('',(0.0064,-0.0136804372739522,0.031243523390916));
#4423=CARTESIAN_POINT('',(0.0038,-0.0136804372739522,0.031243523390916));
#4424=CARTESIAN_POINT('',(0.0064,-0.013819033319674,0.0314311277364029));
#4425=CARTESIAN_POINT('',(0.0038,-0.013819033319674,0.0314311277364029));
#4426=CARTESIAN_POINT('',(0.0064,-0.0141506380580696,0.0316979856429544));
#4427=CARTESIAN_POINT('',(0.0038,-0.0141506380580696,0.0316979856429544));
#4428=CARTESIAN_POINT('',(0.0064,-0.014706548085106,0.0316377682669751));
#4429=CARTESIAN_POINT('',(0.0038,-0.014706548085106,0.0316377682669751));
#4430=CARTESIAN_POINT('',(0.0064,-0.0150420842854805,0.0312746958188609));
#4431=CARTESIAN_POINT('',(0.0038,-0.0150420842854805,0.0312746958188609));
#4432=CARTESIAN_POINT('',(0.0064,-0.0149395879547363,0.0309182076462001));
#4433=CARTESIAN_POINT('',(0.0038,-0.0149395879547363,0.0309182076462001));
#4434=CARTESIAN_POINT('',(0.0064,-0.0148566307661862,0.0307222117669026));
#4435=CARTESIAN_POINT('',(0.0038,-0.0148566307661862,0.0307222117669026));
#4436=CARTESIAN_POINT('',(0.0038,-0.0136804372739522,0.031243523390916));
#4437=CARTESIAN_POINT('',(0.0038,-0.0137969616100961,0.0314012513527906));
#4438=CARTESIAN_POINT('',(0.0038,-0.0139315235960842,0.0315226467350096));
#4439=CARTESIAN_POINT('',(0.0038,-0.0140768368383461,0.0315892162013272));
#4440=CARTESIAN_POINT('',(0.0038,-0.0144526814257625,0.0317613944089924));
#4441=CARTESIAN_POINT('',(0.0038,-0.0151032119047371,0.0314786873195311));
#4442=CARTESIAN_POINT('',(0.0038,-0.0149383190876332,0.0309152098020358));
#4443=CARTESIAN_POINT('',(0.0038,-0.0148566307661862,0.0307222117669026));
#4444=CARTESIAN_POINT('',(0.0038,-0.0136804372739522,0.031243523390916));
#4445=CARTESIAN_POINT('',(0.0038,-0.014856630762506,0.0307222117582078));
#4446=CARTESIAN_POINT('',(0.0064,-0.014856630762506,0.0307222117582078));
#4447=CARTESIAN_POINT('',(0.0064,-0.014856630762506,0.0307222117582078));
#4448=CARTESIAN_POINT('',(0.0064,-0.0136804372739522,0.031243523390916));
#4449=CARTESIAN_POINT('',(0.0064,-0.0137969616100961,0.0314012513527906));
#4450=CARTESIAN_POINT('',(0.0064,-0.0139315235960842,0.0315226467350096));
#4451=CARTESIAN_POINT('',(0.0064,-0.0140768368383461,0.0315892162013272));
#4452=CARTESIAN_POINT('',(0.0064,-0.0144526814257625,0.0317613944089924));
#4453=CARTESIAN_POINT('',(0.0064,-0.0151032119047371,0.0314786873195311));
#4454=CARTESIAN_POINT('',(0.0064,-0.0149383190876332,0.0309152098020358));
#4455=CARTESIAN_POINT('',(0.0064,-0.0148566307661862,0.0307222117669026));
#4456=CARTESIAN_POINT('',(0.0064,-0.0136804372739522,0.031243523390916));
#4457=CARTESIAN_POINT('',(0.0064,-0.0136804372739522,0.031243523390916));
#4458=CARTESIAN_POINT('',(0.0064,-0.0148566307661862,0.0307222117669026));
#4459=CARTESIAN_POINT('',(0.0038,-0.0148566307661862,0.0307222117669026));
#4460=CARTESIAN_POINT('',(0.0064,-0.0147543634907468,0.0304805935910286));
#4461=CARTESIAN_POINT('',(0.0038,-0.0147543634907468,0.0304805935910286));
#4462=CARTESIAN_POINT('',(0.0064,-0.0144477146877507,0.0299419470547379));
#4463=CARTESIAN_POINT('',(0.0038,-0.0144477146877507,0.0299419470547379));
#4464=CARTESIAN_POINT('',(0.0064,-0.01432180756397,0.0290931084367309));
#4465=CARTESIAN_POINT('',(0.0038,-0.01432180756397,0.0290931084367309));
#4466=CARTESIAN_POINT('',(0.0064,-0.0149014170284192,0.0282923871048139));
#4467=CARTESIAN_POINT('',(0.0038,-0.0149014170284192,0.0282923871048139));
#4468=CARTESIAN_POINT('',(0.0064,-0.0155951281704399,0.0274960975323701));
#4469=CARTESIAN_POINT('',(0.00380000000000001,-0.0155951281704399,0.0274960975323701));
#4470=CARTESIAN_POINT('',(0.0064,-0.0158868141908518,0.0266753275357254));
#4471=CARTESIAN_POINT('',(0.0038,-0.0158868141908518,0.0266753275357254));
#4472=CARTESIAN_POINT('',(0.0064,-0.0154130818457308,0.0258046553516009));
#4473=CARTESIAN_POINT('',(0.0038,-0.0154130818457308,0.0258046553516009));
#4474=CARTESIAN_POINT('',(0.0064,-0.0147318906870633,0.0248988998324975));
#4475=CARTESIAN_POINT('',(0.0038,-0.0147318906870633,0.0248988998324975));
#4476=CARTESIAN_POINT('',(0.0064,-0.0142856157893862,0.0239681494841987));
#4477=CARTESIAN_POINT('',(0.0038,-0.0142856157893862,0.0239681494841987));
#4478=CARTESIAN_POINT('',(0.0064,-0.0145830538442793,0.0230237182961711));
#4479=CARTESIAN_POINT('',(0.0038,-0.0145830538442793,0.0230237182961711));
#4480=CARTESIAN_POINT('',(0.0064,-0.0152067120376235,0.0220808832885125));
#4481=CARTESIAN_POINT('',(0.0038,-0.0152067120376235,0.0220808832885125));
#4482=CARTESIAN_POINT('',(0.0064,-0.0157353871562363,0.0211572465686445));
#4483=CARTESIAN_POINT('',(0.0038,-0.0157353871562363,0.0211572465686445));
#4484=CARTESIAN_POINT('',(0.0064,-0.0156214754202058,0.0202628334233751));
#4485=CARTESIAN_POINT('',(0.0038,-0.0156214754202058,0.0202628334233751));
#4486=CARTESIAN_POINT('',(0.0064,-0.0151101621489784,0.0194511467513138));
#4487=CARTESIAN_POINT('',(0.0038,-0.0151101621489784,0.0194511467513138));
#4488=CARTESIAN_POINT('',(0.0064,-0.0148580113545998,0.0187981750042775));
#4489=CARTESIAN_POINT('',(0.0038,-0.0148580113545998,0.0187981750042775));
#4490=CARTESIAN_POINT('',(0.0064,-0.0153021536506637,0.0184434985158769));
#4491=CARTESIAN_POINT('',(0.0038,-0.0153021536506637,0.0184434985158769));
#4492=CARTESIAN_POINT('',(0.0064,-0.015376218192047,0.018248060334943));
#4493=CARTESIAN_POINT('',(0.0038,-0.015376218192047,0.018248060334943));
#4494=CARTESIAN_POINT('',(0.0064,-0.0150616642508404,0.0181049679648998));
#4495=CARTESIAN_POINT('',(0.0038,-0.0150616642508404,0.0181049679648998));
#4496=CARTESIAN_POINT('',(0.0064,-0.014433472038302,0.0180838194523122));
#4497=CARTESIAN_POINT('',(0.0038,-0.014433472038302,0.0180838194523122));
#4498=CARTESIAN_POINT('',(0.0064,-0.0139806054275919,0.0182652689576188));
#4499=CARTESIAN_POINT('',(0.0038,-0.0139806054275919,0.0182652689576188));
#4500=CARTESIAN_POINT('',(0.0064,-0.0138283434769838,0.0186138415720596));
#4501=CARTESIAN_POINT('',(0.0038,-0.0138283434769838,0.0186138415720596));
#4502=CARTESIAN_POINT('',(0.0064,-0.0140604190177019,0.0192950684384597));
#4503=CARTESIAN_POINT('',(0.00380000000000001,-0.0140604190177019,0.0192950684384597));
#4504=CARTESIAN_POINT('',(0.0064,-0.0144521662721252,0.0202644565160607));
#4505=CARTESIAN_POINT('',(0.0038,-0.0144521662721252,0.0202644565160607));
#4506=CARTESIAN_POINT('',(0.0064,-0.014290788028519,0.021102925690182));
#4507=CARTESIAN_POINT('',(0.0038,-0.014290788028519,0.021102925690182));
#4508=CARTESIAN_POINT('',(0.0064,-0.01380605635468,0.0218724778242593));
#4509=CARTESIAN_POINT('',(0.0038,-0.01380605635468,0.0218724778242593));
#4510=CARTESIAN_POINT('',(0.0064,-0.013451274240993,0.0227212836106109));
#4511=CARTESIAN_POINT('',(0.0038,-0.013451274240993,0.0227212836106109));
#4512=CARTESIAN_POINT('',(0.0064,-0.0136808454614608,0.0237964283022169));
#4513=CARTESIAN_POINT('',(0.0038,-0.0136808454614608,0.0237964283022169));
#4514=CARTESIAN_POINT('',(0.0064,-0.0142360379374491,0.0249893408742532));
#4515=CARTESIAN_POINT('',(0.0038,-0.0142360379374491,0.0249893408742532));
#4516=CARTESIAN_POINT('',(0.0064,-0.0147646934247037,0.0261583260347847));
#4517=CARTESIAN_POINT('',(0.0038,-0.0147646934247037,0.0261583260347847));
#4518=CARTESIAN_POINT('',(0.0064,-0.0149206617778693,0.0271619599289506));
#4519=CARTESIAN_POINT('',(0.0038,-0.0149206617778693,0.0271619599289506));
#4520=CARTESIAN_POINT('',(0.0064,-0.0144264396934126,0.0278906653376889));
#4521=CARTESIAN_POINT('',(0.0038,-0.0144264396934126,0.0278906653376889));
#4522=CARTESIAN_POINT('',(0.0064,-0.0137217619004307,0.0285495495978312));
#4523=CARTESIAN_POINT('',(0.0038,-0.0137217619004307,0.0285495495978312));
#4524=CARTESIAN_POINT('',(0.0064,-0.0132144598014696,0.0293412386457846));
#4525=CARTESIAN_POINT('',(0.0038,-0.0132144598014696,0.0293412386457846));
#4526=CARTESIAN_POINT('',(0.0064,-0.013246923679224,0.0303949568521027));
#4527=CARTESIAN_POINT('',(0.00380000000000001,-0.013246923679224,0.0303949568521027));
#4528=CARTESIAN_POINT('',(0.0064,-0.0135095799892446,0.0310122500605528));
#4529=CARTESIAN_POINT('',(0.0038,-0.0135095799892446,0.0310122500605528));
#4530=CARTESIAN_POINT('',(0.0064,-0.0136804372739522,0.031243523390916));
#4531=CARTESIAN_POINT('',(0.0038,-0.0136804372739522,0.031243523390916));
#4532=CARTESIAN_POINT('',(0.0038,-0.0148566307661862,0.0307222117669026));
#4533=CARTESIAN_POINT('',(0.0038,-0.0146744552161395,0.0302918011208576));
#4534=CARTESIAN_POINT('',(0.0038,-0.0137751345681654,0.0288954402602985));
#4535=CARTESIAN_POINT('',(0.0038,-0.0170586918864534,0.0268464625034278));
#4536=CARTESIAN_POINT('',(0.0038,-0.0130828708403541,0.0239227263686852));
#4537=CARTESIAN_POINT('',(0.0038,-0.0166951171765198,0.0209909823276285));
#4538=CARTESIAN_POINT('',(0.0038,-0.0144164657574985,0.0189067917223927));
#4539=CARTESIAN_POINT('',(0.0038,-0.015910509529164,0.0181297345237586));
#4540=CARTESIAN_POINT('',(0.0038,-0.013055621527138,0.017927920148667));
#4541=CARTESIAN_POINT('',(0.0038,-0.0151658095067894,0.0207222852260844));
#4542=CARTESIAN_POINT('',(0.0038,-0.0124467603252785,0.0227478583210335));
#4543=CARTESIAN_POINT('',(0.0038,-0.016084092692572,0.0273056961256309));
#4544=CARTESIAN_POINT('',(0.0038,-0.0128663432497274,0.0287075857234853));
#4545=CARTESIAN_POINT('',(0.0038,-0.0133131138079412,0.030746312391395));
#4546=CARTESIAN_POINT('',(0.0038,-0.0136804372739522,0.031243523390916));
#4547=CARTESIAN_POINT('',(0.0064,-0.0148566307661862,0.0307222117669026));
#4548=CARTESIAN_POINT('',(0.0064,-0.0146744552161395,0.0302918011208576));
#4549=CARTESIAN_POINT('',(0.0064,-0.0137751345681654,0.0288954402602985));
#4550=CARTESIAN_POINT('',(0.0064,-0.0170586918864534,0.0268464625034278));
#4551=CARTESIAN_POINT('',(0.0064,-0.0130828708403541,0.0239227263686852));
#4552=CARTESIAN_POINT('',(0.0064,-0.0166951171765198,0.0209909823276285));
#4553=CARTESIAN_POINT('',(0.0064,-0.0144164657574985,0.0189067917223927));
#4554=CARTESIAN_POINT('',(0.0064,-0.015910509529164,0.0181297345237586));
#4555=CARTESIAN_POINT('',(0.0064,-0.013055621527138,0.017927920148667));
#4556=CARTESIAN_POINT('',(0.0064,-0.0151658095067894,0.0207222852260844));
#4557=CARTESIAN_POINT('',(0.0064,-0.0124467603252785,0.0227478583210335));
#4558=CARTESIAN_POINT('',(0.0064,-0.016084092692572,0.0273056961256309));
#4559=CARTESIAN_POINT('',(0.0064,-0.0128663432497274,0.0287075857234853));
#4560=CARTESIAN_POINT('',(0.0064,-0.0133131138079412,0.030746312391395));
#4561=CARTESIAN_POINT('',(0.0064,-0.0136804372739522,0.031243523390916));
#4562=CARTESIAN_POINT('',(0.0064,-0.00605304009021168,0.0258959052999895));
#4563=CARTESIAN_POINT('',(0.0038,-0.00605304009021168,0.0258959052999895));
#4564=CARTESIAN_POINT('',(0.,0.,0.));
#4565=CARTESIAN_POINT('',(0.004613756473755,0.014135138929198,0.0166));
#4566=CARTESIAN_POINT('',(0.004613756473755,0.014135138929198,0.0142));
#4567=CARTESIAN_POINT('',(-0.000196981378207149,0.0171596836559888,0.0142));
#4568=CARTESIAN_POINT('',(0.00370736963955431,0.00852536777598258,0.0142));
#4569=CARTESIAN_POINT('',(-0.000196981378207149,0.0171596836559888,0.0142));
#4570=CARTESIAN_POINT('',(-0.0003821454357598,0.0168651680111709,0.0149081726353531));
#4571=CARTESIAN_POINT('',(-0.000915068126714346,0.0159035648974975,0.0160883171569929));
#4572=CARTESIAN_POINT('',(-0.00111948829303676,0.0143484305285281,0.0166));
#4573=CARTESIAN_POINT('',(-0.00103980891706051,0.0135621922855801,0.0166));
#4574=CARTESIAN_POINT('',(-0.00103980891706051,0.0135621922855801,0.0166));
#4575=CARTESIAN_POINT('',(0.004613756473755,0.014135138929198,0.0166));
#4576=CARTESIAN_POINT('',(0.00370736963955431,0.00852536777598258,0.0166));
#4577=CARTESIAN_POINT('',(0.00370736963955431,0.00852536777598258,0.0166));
#4578=CARTESIAN_POINT('',(-0.0426616362136069,0.0144603631691057,0.0166));
#4579=CARTESIAN_POINT('',(-0.0426616362136069,0.0144603631691057,0.0166));
#4580=CARTESIAN_POINT('',(-0.0436719744468873,0.00911828485392441,0.0166));
#4581=CARTESIAN_POINT('',(-0.0375383874510647,0.0126407736032234,0.0166));
#4582=CARTESIAN_POINT('',(-0.0375383874510647,0.0126407736032234,0.0166));
#4583=CARTESIAN_POINT('',(-0.037277998289854,0.0133739270972672,0.0166));
#4584=CARTESIAN_POINT('',(-0.0371219383459976,0.0149299112132418,0.0161472226904037));
#4585=CARTESIAN_POINT('',(-0.0374176415546499,0.0159276526756384,0.0149143835161485));
#4586=CARTESIAN_POINT('',(-0.0375166458009056,0.0162175363889023,0.0142));
#4587=CARTESIAN_POINT('',(-0.0375166458009056,0.0162175363889023,0.0142));
#4588=CARTESIAN_POINT('',(-0.0426616362136069,0.0144603631691057,0.0142));
#4589=CARTESIAN_POINT('',(-0.0436719744468873,0.00911828485392441,0.0142));
#4590=CARTESIAN_POINT('',(-0.0436719744468873,0.00911828485392441,0.0166));
#4591=CARTESIAN_POINT('',(-0.0441996934672027,-0.00616117581700528,0.0166));
#4592=CARTESIAN_POINT('',(-0.0441996934672027,-0.00616117581700528,0.0142));
#4593=CARTESIAN_POINT('',(-0.044727412487518,-0.021440636487935,0.0142));
#4594=CARTESIAN_POINT('',(-0.044727412487518,-0.021440636487935,0.0166));
#4595=CARTESIAN_POINT('',(-0.044727412487518,-0.021440636487935,0.0166));
#4596=CARTESIAN_POINT('',(-0.0441996934672027,-0.00616117581700528,0.0166));
#4597=CARTESIAN_POINT('',(-0.0446861774322334,-0.0290067453300451,0.0166));
#4598=CARTESIAN_POINT('',(-0.0446861774322334,-0.0290067453300451,0.0142));
#4599=CARTESIAN_POINT('',(-0.0371244300091272,-0.0292668976884568,0.0142));
#4600=CARTESIAN_POINT('',(-0.0371244300091272,-0.0292668976884568,0.0142));
#4601=CARTESIAN_POINT('',(-0.0371142256983129,-0.0289702929546936,0.0149234958536241));
#4602=CARTESIAN_POINT('',(-0.037105076168227,-0.0279367320620853,0.0161678519287999));
#4603=CARTESIAN_POINT('',(-0.0375323553854499,-0.0264216986857157,0.0166));
#4604=CARTESIAN_POINT('',(-0.0378724531499105,-0.0257172370468934,0.0166));
#4605=CARTESIAN_POINT('',(-0.0378724531499105,-0.0257172370468934,0.0166));
#4606=CARTESIAN_POINT('',(-0.0446861774322334,-0.0290067453300451,0.0166));
#4607=CARTESIAN_POINT('',(0.0043084786633889,-0.0265612416547089,0.0166));
#4608=CARTESIAN_POINT('',(0.0043084786633889,-0.0265612416547089,0.0166));
#4609=CARTESIAN_POINT('',(0.0037073696395543,-0.021440636487935,0.0166));
#4610=CARTESIAN_POINT('',(-0.000333253557223982,-0.0243170822743057,0.0166));
#4611=CARTESIAN_POINT('',(-0.000333253557223983,-0.0243170822743057,0.0166));
#4612=CARTESIAN_POINT('',(-0.000674790683951821,-0.0250235044203938,0.0166));
#4613=CARTESIAN_POINT('',(-0.000980983473952733,-0.0265852329350912,0.0161784308048987));
#4614=CARTESIAN_POINT('',(-0.000747765609531475,-0.0276140889092768,0.0149229845727466));
#4615=CARTESIAN_POINT('',(-0.000668515012122194,-0.0279071477756736,0.0142));
#4616=CARTESIAN_POINT('',(-0.000668515012122191,-0.0279071477756736,0.0142));
#4617=CARTESIAN_POINT('',(0.0043084786633889,-0.0265612416547089,0.0142));
#4618=CARTESIAN_POINT('',(0.0037073696395543,-0.021440636487935,0.0142));
#4619=CARTESIAN_POINT('',(0.0037073696395543,-0.021440636487935,0.0166));
#4620=CARTESIAN_POINT('',(0.00370736963955429,-0.0064576343559762,0.0166));
#4621=CARTESIAN_POINT('',(0.00370736963955429,-0.0064576343559762,0.0142));
#4622=CARTESIAN_POINT('',(0.00370736963955429,-0.0064576343559762,0.0166));
#4623=CARTESIAN_POINT('',(-0.0206904438763022,-0.00619159245010444,0.0166));
#4624=CARTESIAN_POINT('',(-0.000719380357050301,-0.00853597788743471,0.0166));
#4625=CARTESIAN_POINT('',(-0.0041495748019002,-0.00853597788743471,0.0166));
#4626=CARTESIAN_POINT('',(0.0027108140877996,-0.00853597788743471,0.0166));
#4627=CARTESIAN_POINT('',(0.0027108140877996,-0.0142846148318622,0.0166));
#4628=CARTESIAN_POINT('',(0.0027108140877996,-0.0200332517762898,0.0166));
#4629=CARTESIAN_POINT('',(-0.0007193803570503,-0.0200332517762898,0.0166));
#4630=CARTESIAN_POINT('',(-0.0041495748019002,-0.0200332517762898,0.0166));
#4631=CARTESIAN_POINT('',(-0.0041495748019002,-0.0142846148318622,0.0166));
#4632=CARTESIAN_POINT('',(4.33680868994202E-19,0.0085864076019315,0.0166));
#4633=CARTESIAN_POINT('',(-0.00318819642393986,0.0085864076019315,0.0166));
#4634=CARTESIAN_POINT('',(0.00318819642393986,0.0085864076019315,0.0166));
#4635=CARTESIAN_POINT('',(0.00318819642393986,0.00166117129434503,0.0166));
#4636=CARTESIAN_POINT('',(0.00318819642393986,-0.00526406501324145,0.0166));
#4637=CARTESIAN_POINT('',(0.,-0.00526406501324145,0.0166));
#4638=CARTESIAN_POINT('',(-0.00318819642393986,-0.00526406501324145,0.0166));
#4639=CARTESIAN_POINT('',(-0.00318819642393986,0.00166117129434503,0.0166));
#4640=CARTESIAN_POINT('',(-0.0211763011784779,0.0130538398808552,0.0166));
#4641=CARTESIAN_POINT('',(-0.0199870489193564,-0.0250501388038624,0.0166));
#4642=CARTESIAN_POINT('',(-0.0206904438763022,-0.00619159245010444,0.0142));
#4643=CARTESIAN_POINT('',(-0.0188568135895564,0.0166886100224456,0.0142));
#4644=CARTESIAN_POINT('',(-0.0188964725106247,-0.0285870227320652,0.0142));
#4645=CARTESIAN_POINT('',(-0.0222662211124281,0.0130263244917701,0.012737258300203));
#4646=CARTESIAN_POINT('',(-0.0227622190049587,-0.0251536484066845,0.012737258300203));
#4647=CARTESIAN_POINT('',(4.33680868994202E-19,0.0085864076019315,0.0191));
#4648=CARTESIAN_POINT('',(-0.00318819642393986,0.0085864076019315,0.0191));
#4649=CARTESIAN_POINT('',(-0.00318819642393986,0.0085864076019315,0.0181343145750508));
#4650=CARTESIAN_POINT('',(4.33680868994202E-19,0.0085864076019315,0.0181343145750508));
#4651=CARTESIAN_POINT('',(0.00318819642393986,0.0085864076019315,0.0181343145750508));
#4652=CARTESIAN_POINT('',(0.00318819642393986,0.0085864076019315,0.0191));
#4653=CARTESIAN_POINT('',(-0.00318819642393986,0.00166117129434503,0.0191));
#4654=CARTESIAN_POINT('',(-0.00318819642393986,-0.00526406501324145,0.0191));
#4655=CARTESIAN_POINT('',(-0.00318819642393986,-0.00526406501324145,0.0181343145750508));
#4656=CARTESIAN_POINT('',(-0.00318819642393986,0.0085864076019315,0.0181343145750508));
#4657=CARTESIAN_POINT('',(0.,-0.00526406501324145,0.0191));
#4658=CARTESIAN_POINT('',(0.00318819642393986,-0.00526406501324145,0.0191));
#4659=CARTESIAN_POINT('',(0.00318819642393986,-0.00526406501324145,0.0181343145750508));
#4660=CARTESIAN_POINT('',(-0.00318819642393986,-0.00526406501324145,0.0181343145750508));
#4661=CARTESIAN_POINT('',(0.00318819642393986,0.00166117129434503,0.0191));
#4662=CARTESIAN_POINT('',(0.00318819642393986,0.00166117129434503,0.0181343145750508));
#4663=CARTESIAN_POINT('',(-0.0205100214239818,-0.00607752238065667,0.0191));
#4664=CARTESIAN_POINT('',(-0.00222251099899063,-0.00526406501324145,0.0191));
#4665=CARTESIAN_POINT('',(-0.00222251099899063,0.00762072217698226,0.0191));
#4666=CARTESIAN_POINT('',(-0.00222251099899063,-0.00429837958829221,0.0191));
#4667=CARTESIAN_POINT('',(0.00318819642393986,-0.00429837958829221,0.0191));
#4668=CARTESIAN_POINT('',(0.00222251099899063,-0.00429837958829221,0.0191));
#4669=CARTESIAN_POINT('',(0.00222251099899063,-0.00607752238065667,0.0191));
#4670=CARTESIAN_POINT('',(0.00222251099899063,0.00762072217698226,0.0191));
#4671=CARTESIAN_POINT('',(-0.0205100214239818,0.00762072217698226,0.0191));
#4672=CARTESIAN_POINT('',(-0.000719380357050301,-0.00853597788743471,0.0191));
#4673=CARTESIAN_POINT('',(-0.0041495748019002,-0.00853597788743471,0.0191));
#4674=CARTESIAN_POINT('',(-0.0041495748019002,-0.00853597788743471,0.0181343145750508));
#4675=CARTESIAN_POINT('',(-0.000719380357050301,-0.00853597788743471,0.0181343145750508));
#4676=CARTESIAN_POINT('',(0.0027108140877996,-0.00853597788743471,0.0181343145750508));
#4677=CARTESIAN_POINT('',(0.0027108140877996,-0.00853597788743471,0.0191));
#4678=CARTESIAN_POINT('',(-0.0041495748019002,-0.0142846148318622,0.0191));
#4679=CARTESIAN_POINT('',(-0.0041495748019002,-0.0200332517762898,0.0191));
#4680=CARTESIAN_POINT('',(-0.0041495748019002,-0.0200332517762898,0.0181343145750508));
#4681=CARTESIAN_POINT('',(-0.0041495748019002,-0.00853597788743471,0.0181343145750508));
#4682=CARTESIAN_POINT('',(-0.0007193803570503,-0.0200332517762898,0.0191));
#4683=CARTESIAN_POINT('',(0.0027108140877996,-0.0200332517762898,0.0191));
#4684=CARTESIAN_POINT('',(0.0027108140877996,-0.0200332517762898,0.0181343145750508));
#4685=CARTESIAN_POINT('',(-0.0041495748019002,-0.0200332517762898,0.0181343145750508));
#4686=CARTESIAN_POINT('',(0.0027108140877996,-0.0142846148318622,0.0191));
#4687=CARTESIAN_POINT('',(0.0027108140877996,-0.0142846148318622,0.0181343145750508));
#4688=CARTESIAN_POINT('',(-0.0205100214239818,-0.00607752238065667,0.0191));
#4689=CARTESIAN_POINT('',(-0.00318388937695096,-0.0200332517762898,0.0191));
#4690=CARTESIAN_POINT('',(-0.00318388937695096,-0.00950166331238395,0.0191));
#4691=CARTESIAN_POINT('',(-0.00318388937695096,-0.0190675663513405,0.0191));
#4692=CARTESIAN_POINT('',(0.0027108140877996,-0.0190675663513405,0.0191));
#4693=CARTESIAN_POINT('',(0.00174512866285036,-0.0190675663513405,0.0191));
#4694=CARTESIAN_POINT('',(0.00174512866285036,-0.00607752238065667,0.0191));
#4695=CARTESIAN_POINT('',(0.00174512866285036,-0.00950166331238395,0.0191));
#4696=CARTESIAN_POINT('',(-0.0205100214239818,-0.00950166331238395,0.0191));
#4697=CARTESIAN_POINT('',(-0.00222251099899063,-0.00607752238065667,0.0181343145750508));
#4698=CARTESIAN_POINT('',(-0.00222251099899063,-0.00429837958829221,0.0181343145750508));
#4699=CARTESIAN_POINT('',(-0.00222251099899063,0.00762072217698226,0.0181343145750508));
#4700=CARTESIAN_POINT('',(4.33680868994202E-19,0.00762072217698226,0.0181343145750508));
#4701=CARTESIAN_POINT('',(0.00222251099899063,0.00762072217698226,0.0181343145750508));
#4702=CARTESIAN_POINT('',(-0.0205100214239818,-0.00429837958829221,0.0181343145750508));
#4703=CARTESIAN_POINT('',(0.00222251099899063,-0.00429837958829221,0.0181343145750508));
#4704=CARTESIAN_POINT('',(0.00222251099899063,0.00166117129434503,0.0181343145750508));
#4705=CARTESIAN_POINT('',(-0.00318388937695096,-0.00607752238065667,0.0181343145750508));
#4706=CARTESIAN_POINT('',(-0.00318388937695096,-0.0190675663513405,0.0181343145750508));
#4707=CARTESIAN_POINT('',(-0.00318388937695096,-0.00950166331238395,0.0181343145750508));
#4708=CARTESIAN_POINT('',(-0.000719380357050301,-0.00950166331238395,0.0181343145750508));
#4709=CARTESIAN_POINT('',(0.00174512866285036,-0.00950166331238395,0.0181343145750508));
#4710=CARTESIAN_POINT('',(-0.0205100214239818,-0.0190675663513405,0.0181343145750508));
#4711=CARTESIAN_POINT('',(0.00174512866285036,-0.0190675663513405,0.0181343145750508));
#4712=CARTESIAN_POINT('',(0.00174512866285036,-0.0142846148318622,0.0181343145750508));
#4713=CARTESIAN_POINT('',(0.,0.,0.));
#4714=CARTESIAN_POINT('',(0.0064,-0.00852527474367808,0.0325261813735835));
#4715=CARTESIAN_POINT('',(0.0038,-0.00852527474367808,0.0325261813735835));
#4716=CARTESIAN_POINT('',(0.0064,-0.0087218129146207,0.0322734992704748));
#4717=CARTESIAN_POINT('',(0.0038,-0.0087218129146207,0.0322734992704748));
#4718=CARTESIAN_POINT('',(0.0064,-0.00896154319483873,0.0316737398651659));
#4719=CARTESIAN_POINT('',(0.0038,-0.00896154319483873,0.0316737398651659));
#4720=CARTESIAN_POINT('',(0.0064,-0.00839684341392664,0.0306840464089937));
#4721=CARTESIAN_POINT('',(0.0038,-0.00839684341392664,0.0306840464089937));
#4722=CARTESIAN_POINT('',(0.0064,-0.00733930692597125,0.0296486696986976));
#4723=CARTESIAN_POINT('',(0.0038,-0.00733930692597125,0.0296486696986976));
#4724=CARTESIAN_POINT('',(0.0064,-0.00636632112290472,0.0285860130409232));
#4725=CARTESIAN_POINT('',(0.0038,-0.00636632112290472,0.0285860130409232));
#4726=CARTESIAN_POINT('',(0.0064,-0.00604788925876283,0.0275218568684547));
#4727=CARTESIAN_POINT('',(0.0038,-0.00604788925876283,0.0275218568684547));
#4728=CARTESIAN_POINT('',(0.0064,-0.00684066464922135,0.0264776052830721));
#4729=CARTESIAN_POINT('',(0.0038,-0.00684066464922135,0.0264776052830721));
#4730=CARTESIAN_POINT('',(0.0064,-0.0080716071165751,0.0254523075187095));
#4731=CARTESIAN_POINT('',(0.0038,-0.0080716071165751,0.0254523075187095));
#4732=CARTESIAN_POINT('',(0.0064,-0.00917784821680562,0.0244464546610947));
#4733=CARTESIAN_POINT('',(0.00380000000000001,-0.00917784821680562,0.0244464546610947));
#4734=CARTESIAN_POINT('',(0.0064,-0.00948728502351395,0.0234608224053896));
#4735=CARTESIAN_POINT('',(0.0038,-0.00948728502351395,0.0234608224053896));
#4736=CARTESIAN_POINT('',(0.0064,-0.0086734184642924,0.0224934391378362));
#4737=CARTESIAN_POINT('',(0.0038,-0.0086734184642924,0.0224934391378362));
#4738=CARTESIAN_POINT('',(0.0064,-0.00757128992347421,0.0215314510220319));
#4739=CARTESIAN_POINT('',(0.00380000000000001,-0.00757128992347421,0.0215314510220319));
#4740=CARTESIAN_POINT('',(0.0064,-0.00696081665676214,0.0207265697069316));
#4741=CARTESIAN_POINT('',(0.0038,-0.00696081665676214,0.0207265697069316));
#4742=CARTESIAN_POINT('',(0.0064,-0.00704247137118457,0.0200718540215384));
#4743=CARTESIAN_POINT('',(0.0038,-0.00704247137118457,0.0200718540215384));
#4744=CARTESIAN_POINT('',(0.0064,-0.00749474598489547,0.0194228101623382));
#4745=CARTESIAN_POINT('',(0.0038,-0.00749474598489547,0.0194228101623382));
#4746=CARTESIAN_POINT('',(0.0064,-0.00841000548800508,0.0186850670651086));
#4747=CARTESIAN_POINT('',(0.0038,-0.00841000548800508,0.0186850670651086));
#4748=CARTESIAN_POINT('',(0.0064,-0.00904658773351398,0.0181917310376685));
#4749=CARTESIAN_POINT('',(0.0038,-0.00904658773351398,0.0181917310376685));
#4750=CARTESIAN_POINT('',(0.0064,-0.00888885124527167,0.0180390566976065));
#4751=CARTESIAN_POINT('',(0.0038,-0.00888885124527167,0.0180390566976065));
#4752=CARTESIAN_POINT('',(0.0064,-0.00830536481163703,0.0180517786558097));
#4753=CARTESIAN_POINT('',(0.0038,-0.00830536481163703,0.0180517786558097));
#4754=CARTESIAN_POINT('',(0.0064,-0.00710350988499939,0.0183420784463933));
#4755=CARTESIAN_POINT('',(0.0038,-0.00710350988499939,0.0183420784463933));
#4756=CARTESIAN_POINT('',(0.0064,-0.00599165472933043,0.0189246693344397));
#4757=CARTESIAN_POINT('',(0.0038,-0.00599165472933043,0.0189246693344397));
#4758=CARTESIAN_POINT('',(0.0064,-0.00560420841315691,0.0195205195469108));
#4759=CARTESIAN_POINT('',(0.0038,-0.00560420841315691,0.0195205195469108));
#4760=CARTESIAN_POINT('',(0.0064,-0.00568225097844072,0.02018771265595));
#4761=CARTESIAN_POINT('',(0.0038,-0.00568225097844072,0.02018771265595));
#4762=CARTESIAN_POINT('',(0.0064,-0.00641023720515254,0.021122701605588));
#4763=CARTESIAN_POINT('',(0.0038,-0.00641023720515254,0.021122701605588));
#4764=CARTESIAN_POINT('',(0.0064,-0.00758866702768786,0.0223014520182121));
#4765=CARTESIAN_POINT('',(0.0038,-0.00758866702768786,0.0223014520182121));
#4766=CARTESIAN_POINT('',(0.0064,-0.00824326789377822,0.0232453295029734));
#4767=CARTESIAN_POINT('',(0.0038,-0.00824326789377822,0.0232453295029734));
#4768=CARTESIAN_POINT('',(0.0064,-0.0081957028384745,0.023922200157456));
#4769=CARTESIAN_POINT('',(0.0038,-0.0081957028384745,0.023922200157456));
#4770=CARTESIAN_POINT('',(0.0064,-0.00774138064176041,0.0245422878833703));
#4771=CARTESIAN_POINT('',(0.0038,-0.00774138064176041,0.0245422878833703));
#4772=CARTESIAN_POINT('',(0.0064,-0.00666249917874736,0.025243952220522));
#4773=CARTESIAN_POINT('',(0.0038,-0.00666249917874736,0.025243952220522));
#4774=CARTESIAN_POINT('',(0.0064,-0.00521221898576527,0.0260540890442118));
#4775=CARTESIAN_POINT('',(0.0038,-0.00521221898576527,0.0260540890442118));
#4776=CARTESIAN_POINT('',(0.0064,-0.00424923949041696,0.0269156703500575));
#4777=CARTESIAN_POINT('',(0.0038,-0.00424923949041696,0.0269156703500575));
#4778=CARTESIAN_POINT('',(0.0064,-0.00454614823026147,0.0279289287872564));
#4779=CARTESIAN_POINT('',(0.0038,-0.00454614823026147,0.0279289287872564));
#4780=CARTESIAN_POINT('',(0.0064,-0.00601218866936611,0.0294003053266062));
#4781=CARTESIAN_POINT('',(0.0038,-0.00601218866936611,0.0294003053266062));
#4782=CARTESIAN_POINT('',(0.0064,-0.0081984472128145,0.0312398408782816));
#4783=CARTESIAN_POINT('',(0.0038,-0.0081984472128145,0.0312398408782816));
#4784=CARTESIAN_POINT('',(0.0064,-0.00681185580540212,0.0322525504533053));
#4785=CARTESIAN_POINT('',(0.0038,-0.00681185580540212,0.0322525504533053));
#4786=CARTESIAN_POINT('',(0.0064,-0.00648764566603428,0.03262968245437));
#4787=CARTESIAN_POINT('',(0.0038,-0.00648764566603428,0.03262968245437));
#4788=CARTESIAN_POINT('',(0.0038,-0.00852527474367808,0.0325261813735835));
#4789=CARTESIAN_POINT('',(0.0038,-0.00875585837856546,0.0322297282340923));
#4790=CARTESIAN_POINT('',(0.0038,-0.00924674851892784,0.0307298336856585));
#4791=CARTESIAN_POINT('',(0.0038,-0.00352357888912257,0.0275451203178128));
#4792=CARTESIAN_POINT('',(0.0038,-0.0120348808544711,0.0237799192360924));
#4793=CARTESIAN_POINT('',(0.0038,-0.00481049168860071,0.0205264452128773));
#4794=CARTESIAN_POINT('',(0.0038,-0.0112831227002992,0.017266142609042));
#4795=CARTESIAN_POINT('',(0.0038,-0.00272119821095962,0.0192143968468071));
#4796=CARTESIAN_POINT('',(0.0038,-0.0114430263142116,0.0241709822641176));
#4797=CARTESIAN_POINT('',(0.0038,-0.00115394084625595,0.0267100586573163));
#4798=CARTESIAN_POINT('',(0.0038,-0.0088384792944119,0.0308025919173719));
#4799=CARTESIAN_POINT('',(0.0038,-0.00680235667908826,0.0322636001524976));
#4800=CARTESIAN_POINT('',(0.0038,-0.00648764566603428,0.03262968245437));
#4801=CARTESIAN_POINT('',(0.0038,-0.00852527474302642,0.0325261813744214));
#4802=CARTESIAN_POINT('',(0.0038,-0.00648764566603428,0.03262968245437));
#4803=CARTESIAN_POINT('',(0.0064,-0.00648764566603428,0.03262968245437));
#4804=CARTESIAN_POINT('',(0.0064,-0.00648764566603428,0.03262968245437));
#4805=CARTESIAN_POINT('',(0.0064,-0.00852527474367808,0.0325261813735835));
#4806=CARTESIAN_POINT('',(0.0064,-0.00875585837856546,0.0322297282340923));
#4807=CARTESIAN_POINT('',(0.0064,-0.00924674851892784,0.0307298336856585));
#4808=CARTESIAN_POINT('',(0.0064,-0.00352357888912257,0.0275451203178128));
#4809=CARTESIAN_POINT('',(0.0064,-0.0120348808544711,0.0237799192360924));
#4810=CARTESIAN_POINT('',(0.0064,-0.00481049168860071,0.0205264452128773));
#4811=CARTESIAN_POINT('',(0.0064,-0.0112831227002992,0.017266142609042));
#4812=CARTESIAN_POINT('',(0.0064,-0.00272119821095962,0.0192143968468071));
#4813=CARTESIAN_POINT('',(0.0064,-0.0114430263142116,0.0241709822641176));
#4814=CARTESIAN_POINT('',(0.0064,-0.00115394084625595,0.0267100586573163));
#4815=CARTESIAN_POINT('',(0.0064,-0.0088384792944119,0.0308025919173719));
#4816=CARTESIAN_POINT('',(0.0064,-0.00680235667908826,0.0322636001524976));
#4817=CARTESIAN_POINT('',(0.0064,-0.00648764566603428,0.03262968245437));
#4818=CARTESIAN_POINT('',(0.0064,-0.00852527474302642,0.0325261813744214));
#4819=CARTESIAN_POINT('',(0.0064,-0.00852527474302642,0.0325261813744214));
#4820=CARTESIAN_POINT('',(0.0064,-0.00648764566603428,0.03262968245437));
#4821=CARTESIAN_POINT('',(0.0038,-0.00648764566603428,0.03262968245437));
#4822=CARTESIAN_POINT('',(0.0064,-0.00633622554096148,0.0328058193724859));
#4823=CARTESIAN_POINT('',(0.0038,-0.00633622554096148,0.0328058193724859));
#4824=CARTESIAN_POINT('',(0.0064,-0.00625959058020458,0.0331079201164117));
#4825=CARTESIAN_POINT('',(0.0038,-0.00625959058020458,0.0331079201164117));
#4826=CARTESIAN_POINT('',(0.0064,-0.00693598378535336,0.0333387378009532));
#4827=CARTESIAN_POINT('',(0.0038,-0.00693598378535336,0.0333387378009532));
#4828=CARTESIAN_POINT('',(0.0064,-0.00783288717600812,0.0331574123560254));
#4829=CARTESIAN_POINT('',(0.0038,-0.00783288717600812,0.0331574123560254));
#4830=CARTESIAN_POINT('',(0.0064,-0.00834169113038493,0.0327622082648523));
#4831=CARTESIAN_POINT('',(0.0038,-0.00834169113038493,0.0327622082648523));
#4832=CARTESIAN_POINT('',(0.0064,-0.00852527474367808,0.0325261813735835));
#4833=CARTESIAN_POINT('',(0.0038,-0.00852527474367808,0.0325261813735835));
#4834=CARTESIAN_POINT('',(0.0038,-0.00648764566603428,0.03262968245437));
#4835=CARTESIAN_POINT('',(0.0038,-0.00640342314855416,0.0327276528837153));
#4836=CARTESIAN_POINT('',(0.0038,-0.00614247653335346,0.0331284027126345));
#4837=CARTESIAN_POINT('',(0.0038,-0.00683158631291318,0.033350650388309));
#4838=CARTESIAN_POINT('',(0.0038,-0.00738341952199468,0.033234688373949));
#4839=CARTESIAN_POINT('',(0.0038,-0.00781137409531379,0.033144758167575));
#4840=CARTESIAN_POINT('',(0.0038,-0.00824913095104946,0.0328812095797951));
#4841=CARTESIAN_POINT('',(0.0038,-0.00852527474367808,0.0325261813735835));
#4842=CARTESIAN_POINT('',(0.0064,-0.00648764566603428,0.03262968245437));
#4843=CARTESIAN_POINT('',(0.0064,-0.00640342314855416,0.0327276528837153));
#4844=CARTESIAN_POINT('',(0.0064,-0.00614247653335346,0.0331284027126345));
#4845=CARTESIAN_POINT('',(0.0064,-0.00683158631291318,0.033350650388309));
#4846=CARTESIAN_POINT('',(0.0064,-0.00738341952199468,0.033234688373949));
#4847=CARTESIAN_POINT('',(0.0064,-0.00781137409531379,0.033144758167575));
#4848=CARTESIAN_POINT('',(0.0064,-0.00824913095104946,0.0328812095797951));
#4849=CARTESIAN_POINT('',(0.0064,-0.00852527474367808,0.0325261813735835));
#4850=CARTESIAN_POINT('',(0.0064,-0.00605304009021168,0.0258959052999895));
#4851=CARTESIAN_POINT('',(0.0038,-0.00605304009021168,0.0258959052999895));
#4852=CARTESIAN_POINT('',(0.,0.,0.));
#4853=CARTESIAN_POINT('',(-0.033060199120721,-0.0175241290044537,0.0206));
#4854=CARTESIAN_POINT('',(-0.0416346239827326,-0.0165293546851686,0.0206));
#4855=CARTESIAN_POINT('',(-0.0416346239827326,-0.0165293546851686,0.0186686291501016));
#4856=CARTESIAN_POINT('',(-0.0416346239827326,-0.0165293546851686,0.0166));
#4857=CARTESIAN_POINT('',(-0.033060199120721,-0.0175241290044537,0.0186686291501016));
#4858=CARTESIAN_POINT('',(-0.027329557727305,-0.0239793661713332,0.0186686291501016));
#4859=CARTESIAN_POINT('',(-0.027329557727305,-0.0239793661713332,0.0206));
#4860=CARTESIAN_POINT('',(-0.027329557727305,-0.0239793661713332,0.0166));
#4861=CARTESIAN_POINT('',(-0.033060199120721,-0.0175241290044537,0.0166));
#4862=CARTESIAN_POINT('',(-0.0416346239827327,-0.0165293546851686,0.0186686291501015));
#4863=CARTESIAN_POINT('',(-0.0416346239827327,-0.0165293546851686,0.0166));
#4864=CARTESIAN_POINT('',(-0.0425102785042042,-0.0168620848356954,0.0186686291501015));
#4865=CARTESIAN_POINT('',(-0.0425102785042042,-0.0168620848356954,0.0166));
#4866=CARTESIAN_POINT('',(-0.0437863898510216,-0.0179111853658571,0.0186686291501015));
#4867=CARTESIAN_POINT('',(-0.0437863898510216,-0.0179111853658571,0.0166));
#4868=CARTESIAN_POINT('',(-0.0438487312386768,-0.0202838815609439,0.0186686291501015));
#4869=CARTESIAN_POINT('',(-0.0438487312386768,-0.0202838815609439,0.0166));
#4870=CARTESIAN_POINT('',(-0.0420443682506853,-0.0229228378020594,0.0186686291501015));
#4871=CARTESIAN_POINT('',(-0.0420443682506853,-0.0229228378020594,0.0166));
#4872=CARTESIAN_POINT('',(-0.0387784487074297,-0.025235951770507,0.0186686291501015));
#4873=CARTESIAN_POINT('',(-0.0387784487074297,-0.025235951770507,0.0166));
#4874=CARTESIAN_POINT('',(-0.0347837984655774,-0.0267041085301575,0.0186686291501015));
#4875=CARTESIAN_POINT('',(-0.0347837984655774,-0.0267041085301575,0.0166));
#4876=CARTESIAN_POINT('',(-0.0309568614550045,-0.0269979069454859,0.0186686291501015));
#4877=CARTESIAN_POINT('',(-0.0309568614550045,-0.0269979069454859,0.0166));
#4878=CARTESIAN_POINT('',(-0.0281564023184182,-0.0260512096458792,0.0186686291501015));
#4879=CARTESIAN_POINT('',(-0.0281564023184182,-0.0260512096458792,0.0166));
#4880=CARTESIAN_POINT('',(-0.0273927510430547,-0.0247352223113949,0.0186686291501015));
#4881=CARTESIAN_POINT('',(-0.0273927510430547,-0.0247352223113949,0.0166));
#4882=CARTESIAN_POINT('',(-0.027329557727305,-0.0239793661713331,0.0186686291501015));
#4883=CARTESIAN_POINT('',(-0.027329557727305,-0.0239793661713331,0.0166));
#4884=CARTESIAN_POINT('',(-0.0273295577273051,-0.0239793661713332,0.0186686291501016));
#4885=CARTESIAN_POINT('',(-0.0273730901319091,-0.0245000578761642,0.0186686291501016));
#4886=CARTESIAN_POINT('',(-0.0277960351079467,-0.0254960594365524,0.0186686291501015));
#4887=CARTESIAN_POINT('',(-0.0291277750040365,-0.0263805366330211,0.0186686291501015));
#4888=CARTESIAN_POINT('',(-0.0306304438569328,-0.0267792005686154,0.0186686291501015));
#4889=CARTESIAN_POINT('',(-0.0326987451870641,-0.0269003661837494,0.0186686291501015));
#4890=CARTESIAN_POINT('',(-0.0352357646892582,-0.0265096597841838,0.0186686291501015));
#4891=CARTESIAN_POINT('',(-0.0381520255084127,-0.0254536102692688,0.0186686291501015));
#4892=CARTESIAN_POINT('',(-0.0403653977931724,-0.0241424020770185,0.0186686291501015));
#4893=CARTESIAN_POINT('',(-0.0419268865908782,-0.0227994273394878,0.0186686291501015));
#4894=CARTESIAN_POINT('',(-0.0429318752784983,-0.0216220910123543,0.0186686291501015));
#4895=CARTESIAN_POINT('',(-0.0436662605027117,-0.0202501279808316,0.0186686291501015));
#4896=CARTESIAN_POINT('',(-0.0438602932590108,-0.0186483356868348,0.0186686291501015));
#4897=CARTESIAN_POINT('',(-0.04305359392457,-0.0172293391229204,0.0186686291501015));
#4898=CARTESIAN_POINT('',(-0.0421223412657027,-0.0167146769109985,0.0186686291501016));
#4899=CARTESIAN_POINT('',(-0.0416346239827326,-0.0165293546851686,0.0186686291501016));
#4900=CARTESIAN_POINT('',(-0.0355311324030325,-0.0214707154137461,0.0166));
#4901=CARTESIAN_POINT('',(-0.0205100214239818,-0.00663629240646429,0.0206));
#4902=CARTESIAN_POINT('',(-0.039738354806992,-0.0180716912037618,0.0206));
#4903=CARTESIAN_POINT('',(-0.0399317688289334,-0.0180905434932782,0.0206));
#4904=CARTESIAN_POINT('',(-0.0403167137005525,-0.0181449021917485,0.0206));
#4905=CARTESIAN_POINT('',(-0.0408773857906253,-0.0182932775835245,0.0206));
#4906=CARTESIAN_POINT('',(-0.041408400247529,-0.0185235769160091,0.0206));
#4907=CARTESIAN_POINT('',(-0.0418758668571043,-0.0189504009341981,0.0206));
#4908=CARTESIAN_POINT('',(-0.0417759081223844,-0.0195774766832634,0.0206));
#4909=CARTESIAN_POINT('',(-0.0415526068406667,-0.0200969309900173,0.0206));
#4910=CARTESIAN_POINT('',(-0.0412417956615686,-0.0205911710014004,0.0206));
#4911=CARTESIAN_POINT('',(-0.0407669435669527,-0.0211878546861762,0.0206));
#4912=CARTESIAN_POINT('',(-0.0400740919229499,-0.0218643701530383,0.0206));
#4913=CARTESIAN_POINT('',(-0.0391687142028841,-0.0225585448325396,0.0206));
#4914=CARTESIAN_POINT('',(-0.0381985868744221,-0.0231651721220044,0.0206));
#4915=CARTESIAN_POINT('',(-0.0368292156623885,-0.0238652950480116,0.0206));
#4916=CARTESIAN_POINT('',(-0.0353934844380474,-0.0243947734578795,0.0206));
#4917=CARTESIAN_POINT('',(-0.0338975027383767,-0.0247426273839349,0.0206));
#4918=CARTESIAN_POINT('',(-0.0327684066630735,-0.0248955101576033,0.0206));
#4919=CARTESIAN_POINT('',(-0.0318064559858946,-0.0249174565276682,0.0206));
#4920=CARTESIAN_POINT('',(-0.0310410178496459,-0.0248450099167129,0.0206));
#4921=CARTESIAN_POINT('',(-0.0304768538505689,-0.0247361976399413,0.0206));
#4922=CARTESIAN_POINT('',(-0.0299266740580407,-0.0245484098181796,0.0206));
#4923=CARTESIAN_POINT('',(-0.0295019101601122,-0.024306256803835,0.0206));
#4924=CARTESIAN_POINT('',(-0.029260434509566,-0.0239867922259162,0.0206));
#4925=CARTESIAN_POINT('',(-0.0292352773355567,-0.0235863262140391,0.0206));
#4926=CARTESIAN_POINT('',(-0.0293199666948718,-0.0233112398246679,0.0206));
#4927=CARTESIAN_POINT('',(-0.0293924112752902,-0.0231317060260466,0.0206));
#4928=CARTESIAN_POINT('',(-0.039738354806992,-0.0180716912037618,0.0206));
#4929=CARTESIAN_POINT('',(-0.0293924112752902,-0.0231317060260466,0.0206));
#4930=CARTESIAN_POINT('',(-0.033060199120721,-0.0175241290044537,0.0206));
#4931=CARTESIAN_POINT('',(-0.0205100214239818,-0.00663629240646429,0.0166));
#4932=CARTESIAN_POINT('',(-0.029435766356679,-0.0230300828232705,0.0206));
#4933=CARTESIAN_POINT('',(-0.0276740346540621,-0.022238568598615,0.0206));
#4934=CARTESIAN_POINT('',(-0.0276740346540621,-0.022238568598615,0.0186686291501016));
#4935=CARTESIAN_POINT('',(-0.0293958830672114,-0.0231188539873481,0.0206));
#4936=CARTESIAN_POINT('',(-0.0276085760405055,-0.0223842646066425,0.020599999999996));
#4937=CARTESIAN_POINT('',(-0.0276085760650084,-0.0223842646176532,0.0186686291501016));
#4938=CARTESIAN_POINT('',(-0.0293252704585763,-0.0232991533299335,0.0206));
#4939=CARTESIAN_POINT('',(-0.0274861780320823,-0.0226961802939019,0.020600000000002));
#4940=CARTESIAN_POINT('',(-0.0274861780204183,-0.0226961802886606,0.0186686291501016));
#4941=CARTESIAN_POINT('',(-0.0292664112447562,-0.0235317425214894,0.0206));
#4942=CARTESIAN_POINT('',(-0.0273610187413988,-0.0231637596201061,0.0205999999999998));
#4943=CARTESIAN_POINT('',(-0.0273610187428463,-0.0231637596207566,0.0186686291501016));
#4944=CARTESIAN_POINT('',(-0.0292480340269777,-0.0237279329067126,0.0206));
#4945=CARTESIAN_POINT('',(-0.0273124795618735,-0.0236721237131107,0.0206000000000001));
#4946=CARTESIAN_POINT('',(-0.0273124795616009,-0.0236721237129882,0.0186686291501016));
#4947=CARTESIAN_POINT('',(-0.029255386333612,-0.0238748844526262,0.0206));
#4948=CARTESIAN_POINT('',(-0.0273247089919355,-0.0241523787769727,0.0206));
#4949=CARTESIAN_POINT('',(-0.0273247089920085,-0.0241523787770055,0.0186686291501016));
#4950=CARTESIAN_POINT('',(-0.0292969263117022,-0.0240189218366175,0.0206));
#4951=CARTESIAN_POINT('',(-0.0275209864529734,-0.0248478222173579,0.0206));
#4952=CARTESIAN_POINT('',(-0.0275209864529538,-0.0248478222173491,0.0186686291501016));
#4953=CARTESIAN_POINT('',(-0.0293777646838837,-0.0241433675287311,0.0206));
#4954=CARTESIAN_POINT('',(-0.0278788899529748,-0.0253810386640157,0.0206));
#4955=CARTESIAN_POINT('',(-0.02787888995298,-0.0253810386640181,0.0186686291501015));
#4956=CARTESIAN_POINT('',(-0.0294806926283887,-0.0242495912414549,0.0206));
#4957=CARTESIAN_POINT('',(-0.0281898468150577,-0.0256923299664897,0.0206));
#4958=CARTESIAN_POINT('',(-0.0281898468150563,-0.0256923299664891,0.0186686291501016));
#4959=CARTESIAN_POINT('',(-0.0296344392030624,-0.0243717943441639,0.0206));
#4960=CARTESIAN_POINT('',(-0.0285668308569225,-0.0259902273793654,0.0206));
#4961=CARTESIAN_POINT('',(-0.0285668308569233,-0.0259902273793657,0.0186686291501016));
#4962=CARTESIAN_POINT('',(-0.0298467461083915,-0.0244960349184911,0.0206));
#4963=CARTESIAN_POINT('',(-0.0289835782776796,-0.0262283210299345,0.0206));
#4964=CARTESIAN_POINT('',(-0.0289835782776793,-0.0262283210299344,0.0186686291501016));
#4965=CARTESIAN_POINT('',(-0.0301147191319616,-0.0246118623601308,0.0206));
#4966=CARTESIAN_POINT('',(-0.029436531649878,-0.0264232113308303,0.0206));
#4967=CARTESIAN_POINT('',(-0.0294365316498781,-0.0264232113308303,0.0186686291501016));
#4968=CARTESIAN_POINT('',(-0.0304885679183944,-0.0247340771182629,0.0206));
#4969=CARTESIAN_POINT('',(-0.0300096009194741,-0.0266092564116212,0.0206));
#4970=CARTESIAN_POINT('',(-0.0300096009194741,-0.0266092564116212,0.0186686291501016));
#4971=CARTESIAN_POINT('',(-0.0309626193734013,-0.0248337585683067,0.0206));
#4972=CARTESIAN_POINT('',(-0.030668870778631,-0.0267458173056939,0.0206));
#4973=CARTESIAN_POINT('',(-0.030668870778631,-0.0267458173056939,0.0186686291501016));
#4974=CARTESIAN_POINT('',(-0.0315418794099754,-0.0248954084465266,0.0206));
#4975=CARTESIAN_POINT('',(-0.0314215545650043,-0.0268251573057956,0.0206));
#4976=CARTESIAN_POINT('',(-0.0314215545650043,-0.0268251573057956,0.0186686291501016));
#4977=CARTESIAN_POINT('',(-0.0321281126940912,-0.0249095964340918,0.0206));
#4978=CARTESIAN_POINT('',(-0.0321503492976855,-0.0268422888840476,0.0206));
#4979=CARTESIAN_POINT('',(-0.0321503492976855,-0.0268422888840476,0.0186686291501016));
#4980=CARTESIAN_POINT('',(-0.0329003077167617,-0.0248758729090588,0.0206));
#4981=CARTESIAN_POINT('',(-0.0330827081900479,-0.0268012087486093,0.0206));
#4982=CARTESIAN_POINT('',(-0.0330827081900479,-0.0268012087486093,0.0186686291501016));
#4983=CARTESIAN_POINT('',(-0.0338550353346428,-0.0247507944401613,0.0206));
#4984=CARTESIAN_POINT('',(-0.0342014418737726,-0.0266537189774732,0.0206));
#4985=CARTESIAN_POINT('',(-0.0342014418737726,-0.0266537189774732,0.0186686291501016));
#4986=CARTESIAN_POINT('',(-0.0349899826296769,-0.0244906195396876,0.0206));
#4987=CARTESIAN_POINT('',(-0.0355046524459223,-0.0263545796280772,0.0206));
#4988=CARTESIAN_POINT('',(-0.0355046524459223,-0.0263545796280772,0.0186686291501016));
#4989=CARTESIAN_POINT('',(-0.0360985390956876,-0.0241341771662974,0.0206));
#4990=CARTESIAN_POINT('',(-0.0367646973210772,-0.0259492397783649,0.0206));
#4991=CARTESIAN_POINT('',(-0.0367646973210772,-0.0259492397783649,0.0186686291501015));
#4992=CARTESIAN_POINT('',(-0.0371696621052057,-0.0236917723222194,0.0206));
#4993=CARTESIAN_POINT('',(-0.0379790123877932,-0.0254477092200673,0.0206));
#4994=CARTESIAN_POINT('',(-0.0379790123877932,-0.0254477092200673,0.0186686291501015));
#4995=CARTESIAN_POINT('',(-0.0382097758492828,-0.0231592480088022,0.0206));
#4996=CARTESIAN_POINT('',(-0.0391629033416175,-0.0248418233516434,0.0206));
#4997=CARTESIAN_POINT('',(-0.0391629033416175,-0.0248418233516434,0.0186686291501015));
#4998=CARTESIAN_POINT('',(-0.039190512607693,-0.022544041680695,0.0206));
#4999=CARTESIAN_POINT('',(-0.0402926202884327,-0.0241336732032158,0.0206));
#5000=CARTESIAN_POINT('',(-0.0402926202884327,-0.0241336732032158,0.0186686291501016));
#5001=CARTESIAN_POINT('',(-0.0399529523861113,-0.0219557400855937,0.0206));
#5002=CARTESIAN_POINT('',(-0.0411914169029379,-0.0234415106657339,0.0206));
#5003=CARTESIAN_POINT('',(-0.0411914169029379,-0.0234415106657339,0.0186686291501016));
#5004=CARTESIAN_POINT('',(-0.0405236263598883,-0.0214252954400766,0.0206));
#5005=CARTESIAN_POINT('',(-0.0418873243652691,-0.0227953276483297,0.0206));
#5006=CARTESIAN_POINT('',(-0.0418873243652691,-0.0227953276483297,0.0186686291501016));
#5007=CARTESIAN_POINT('',(-0.0409215036458973,-0.0209976455480158,0.0206));
#5008=CARTESIAN_POINT('',(-0.0423894374280528,-0.0222564068167902,0.0206));
#5009=CARTESIAN_POINT('',(-0.0423894374280528,-0.0222564068167902,0.0186686291501016));
#5010=CARTESIAN_POINT('',(-0.0412189525695634,-0.0206159102844181,0.0206));
#5011=CARTESIAN_POINT('',(-0.042784878859749,-0.021750774556119,0.0206));
#5012=CARTESIAN_POINT('',(-0.042784878859749,-0.021750774556119,0.0186686291501016));
#5013=CARTESIAN_POINT('',(-0.0414305713279134,-0.0202902227000639,0.0206));
#5014=CARTESIAN_POINT('',(-0.0430847271311723,-0.0212901156246406,0.0206));
#5015=CARTESIAN_POINT('',(-0.0430847271311723,-0.0212901156246406,0.0186686291501016));
#5016=CARTESIAN_POINT('',(-0.0415737053038301,-0.0200323977727743,0.0206));
#5017=CARTESIAN_POINT('',(-0.0433003576550877,-0.0209030571669175,0.0206));
#5018=CARTESIAN_POINT('',(-0.0433003576550876,-0.0209030571669175,0.0186686291501015));
#5019=CARTESIAN_POINT('',(-0.0416929089738563,-0.0197656463601157,0.0206));
#5020=CARTESIAN_POINT('',(-0.0434967340802016,-0.0204659942642483,0.0206));
#5021=CARTESIAN_POINT('',(-0.0434967340802016,-0.0204659942642483,0.0186686291501016));
#5022=CARTESIAN_POINT('',(-0.0417668628767638,-0.0195348780905363,0.0206));
#5023=CARTESIAN_POINT('',(-0.0436371312411446,-0.0200370986804033,0.0206));
#5024=CARTESIAN_POINT('',(-0.0436371312411446,-0.0200370986804033,0.0186686291501016));
#5025=CARTESIAN_POINT('',(-0.0418034366263367,-0.0193408830872188,0.0206));
#5026=CARTESIAN_POINT('',(-0.0437209124881617,-0.0196040394138489,0.0206));
#5027=CARTESIAN_POINT('',(-0.0437209124881617,-0.0196040394138489,0.0186686291501016));
#5028=CARTESIAN_POINT('',(-0.0418146764212807,-0.0191930985563354,0.0206));
#5029=CARTESIAN_POINT('',(-0.0437517303859523,-0.019211030488862,0.0206));
#5030=CARTESIAN_POINT('',(-0.0437517303859523,-0.019211030488862,0.0186686291501016));
#5031=CARTESIAN_POINT('',(-0.0418033140162028,-0.0190443711792438,0.0206));
#5032=CARTESIAN_POINT('',(-0.0437258416639162,-0.0186979620172692,0.0206));
#5033=CARTESIAN_POINT('',(-0.0437258416639162,-0.0186979620172692,0.0186686291501016));
#5034=CARTESIAN_POINT('',(-0.0417556894341126,-0.0189029249752836,0.0206));
#5035=CARTESIAN_POINT('',(-0.0434907819081801,-0.017993333893526,0.0206));
#5036=CARTESIAN_POINT('',(-0.0434907819081801,-0.017993333893526,0.0186686291501016));
#5037=CARTESIAN_POINT('',(-0.0416692316526165,-0.018779935641919,0.0206));
#5038=CARTESIAN_POINT('',(-0.0431303932646991,-0.017501557651421,0.0206));
#5039=CARTESIAN_POINT('',(-0.0431303932646992,-0.0175015576514208,0.0186686291501016));
#5040=CARTESIAN_POINT('',(-0.0415636614878315,-0.018676124249236,0.0206));
#5041=CARTESIAN_POINT('',(-0.0428250614933241,-0.0172078173180953,0.0206));
#5042=CARTESIAN_POINT('',(-0.0428250614933241,-0.0172078173180958,0.0186686291501016));
#5043=CARTESIAN_POINT('',(-0.0414455084068105,-0.0185855661323044,0.0206));
#5044=CARTESIAN_POINT('',(-0.0425432269864016,-0.0169930971888068,0.0206));
#5045=CARTESIAN_POINT('',(-0.0425432269864018,-0.0169930971888049,0.0186686291501016));
#5046=CARTESIAN_POINT('',(-0.0412797191032361,-0.0184812681827514,0.0206));
#5047=CARTESIAN_POINT('',(-0.0422009890040426,-0.0167792526189766,0.0206));
#5048=CARTESIAN_POINT('',(-0.0422009890040417,-0.0167792526189868,0.0186686291501015));
#5049=CARTESIAN_POINT('',(-0.0410570254225505,-0.0183728458859459,0.0206));
#5050=CARTESIAN_POINT('',(-0.0418042405763969,-0.0165883573782416,0.0206));
#5051=CARTESIAN_POINT('',(-0.0418042405764035,-0.0165883573781599,0.0186686291501016));
#5052=CARTESIAN_POINT('',(-0.0406884961557545,-0.0182384502802986,0.0206));
#5053=CARTESIAN_POINT('',(-0.0412199178130857,-0.0163765996234924,0.0206));
#5054=CARTESIAN_POINT('',(-0.0412199178130514,-0.0163765996239179,0.0186686291501016));
#5055=CARTESIAN_POINT('',(-0.0402136002785533,-0.0181260333796259,0.0206));
#5056=CARTESIAN_POINT('',(-0.0405465268655177,-0.0162200055651325,0.0206));
#5057=CARTESIAN_POINT('',(-0.0405465268657932,-0.0162200055617124,0.0186686291501016));
#5058=CARTESIAN_POINT('',(-0.0398221551433013,-0.0180775381978842,0.0206));
#5059=CARTESIAN_POINT('',(-0.0400324854399216,-0.0161568644575922,0.0206));
#5060=CARTESIAN_POINT('',(-0.0400324854393429,-0.0161568644647761,0.0186686291501016));
#5061=CARTESIAN_POINT('',(-0.0396275939114376,-0.0180618290763604,0.0206));
#5062=CARTESIAN_POINT('',(-0.0397830294612812,-0.0161367230663749,0.0206));
#5063=CARTESIAN_POINT('',(-0.0397830294612812,-0.0161367230663749,0.0186686291501016));
#5064=CARTESIAN_POINT('',(-0.0416346239827327,-0.0165293546851686,0.0186686291501016));
#5065=CARTESIAN_POINT('',(-0.0416346239827326,-0.0165293546851686,0.0192533137807194));
#5066=CARTESIAN_POINT('',(-0.0411016479708581,-0.016940731499937,0.0203394018182229));
#5067=CARTESIAN_POINT('',(-0.0401803401776813,-0.0177024948540035,0.0205999999999997));
#5068=CARTESIAN_POINT('',(-0.039738354806992,-0.0180716912037618,0.0206));
#5069=CARTESIAN_POINT('',(-0.027329557727305,-0.0239793661713332,0.0186686291501016));
#5070=CARTESIAN_POINT('',(-0.027329557727305,-0.0239793661713332,0.0192231259160002));
#5071=CARTESIAN_POINT('',(-0.0278149835006484,-0.0237216186237942,0.0202919497745958));
#5072=CARTESIAN_POINT('',(-0.0288710498910803,-0.0232954562394536,0.0206));
#5073=CARTESIAN_POINT('',(-0.0293924112752902,-0.0231317060260466,0.0206));
#5074=CARTESIAN_POINT('',(-0.033060199120721,-0.0175241290044537,0.0186686291501016));
#5075=MECHANICAL_DESIGN_GEOMETRIC_PRESENTATION_REPRESENTATION('',(#2006),
#5096);
#5076=MECHANICAL_DESIGN_GEOMETRIC_PRESENTATION_REPRESENTATION('',(#2007),
#5097);
#5077=MECHANICAL_DESIGN_GEOMETRIC_PRESENTATION_REPRESENTATION('',(#2008),
#5098);
#5078=MECHANICAL_DESIGN_GEOMETRIC_PRESENTATION_REPRESENTATION('',(#2009),
#5099);
#5079=MECHANICAL_DESIGN_GEOMETRIC_PRESENTATION_REPRESENTATION('',(#2010),
#5100);
#5080=MECHANICAL_DESIGN_GEOMETRIC_PRESENTATION_REPRESENTATION('',(#2011),
#5101);
#5081=MECHANICAL_DESIGN_GEOMETRIC_PRESENTATION_REPRESENTATION('',(#2012),
#5102);
#5082=MECHANICAL_DESIGN_GEOMETRIC_PRESENTATION_REPRESENTATION('',(#2013),
#5103);
#5083=MECHANICAL_DESIGN_GEOMETRIC_PRESENTATION_REPRESENTATION('',(#2014),
#5104);
#5084=MECHANICAL_DESIGN_GEOMETRIC_PRESENTATION_REPRESENTATION('',(#2015),
#5105);
#5085=MECHANICAL_DESIGN_GEOMETRIC_PRESENTATION_REPRESENTATION('',(#2016),
#5106);
#5086=MECHANICAL_DESIGN_GEOMETRIC_PRESENTATION_REPRESENTATION('',(#2017),
#5107);
#5087=MECHANICAL_DESIGN_GEOMETRIC_PRESENTATION_REPRESENTATION('',(#2018),
#5108);
#5088=MECHANICAL_DESIGN_GEOMETRIC_PRESENTATION_REPRESENTATION('',(#2019),
#5109);
#5089=MECHANICAL_DESIGN_GEOMETRIC_PRESENTATION_REPRESENTATION('',(#2020),
#5110);
#5090=MECHANICAL_DESIGN_GEOMETRIC_PRESENTATION_REPRESENTATION('',(#2021),
#5111);
#5091=MECHANICAL_DESIGN_GEOMETRIC_PRESENTATION_REPRESENTATION('',(#2022),
#5112);
#5092=MECHANICAL_DESIGN_GEOMETRIC_PRESENTATION_REPRESENTATION('',(#2023),
#5113);
#5093=MECHANICAL_DESIGN_GEOMETRIC_PRESENTATION_REPRESENTATION('',(#2024),
#5114);
#5094=MECHANICAL_DESIGN_GEOMETRIC_PRESENTATION_REPRESENTATION('',(#2025),
#5115);
#5095=MECHANICAL_DESIGN_GEOMETRIC_PRESENTATION_REPRESENTATION('',(#2026),
#5116);
#5096=(
GEOMETRIC_REPRESENTATION_CONTEXT(3)
GLOBAL_UNCERTAINTY_ASSIGNED_CONTEXT((#5117))
GLOBAL_UNIT_ASSIGNED_CONTEXT((#5180,#5159,#5138))
REPRESENTATION_CONTEXT('Part 16','TOP_LEVEL_ASSEMBLY_PART')
);
#5097=(
GEOMETRIC_REPRESENTATION_CONTEXT(3)
GLOBAL_UNCERTAINTY_ASSIGNED_CONTEXT((#5118))
GLOBAL_UNIT_ASSIGNED_CONTEXT((#5181,#5160,#5139))
REPRESENTATION_CONTEXT('Part 5','TOP_LEVEL_ASSEMBLY_PART')
);
#5098=(
GEOMETRIC_REPRESENTATION_CONTEXT(3)
GLOBAL_UNCERTAINTY_ASSIGNED_CONTEXT((#5119))
GLOBAL_UNIT_ASSIGNED_CONTEXT((#5182,#5161,#5140))
REPRESENTATION_CONTEXT('Part 8','TOP_LEVEL_ASSEMBLY_PART')
);
#5099=(
GEOMETRIC_REPRESENTATION_CONTEXT(3)
GLOBAL_UNCERTAINTY_ASSIGNED_CONTEXT((#5120))
GLOBAL_UNIT_ASSIGNED_CONTEXT((#5183,#5162,#5141))
REPRESENTATION_CONTEXT('Part 10','TOP_LEVEL_ASSEMBLY_PART')
);
#5100=(
GEOMETRIC_REPRESENTATION_CONTEXT(3)
GLOBAL_UNCERTAINTY_ASSIGNED_CONTEXT((#5121))
GLOBAL_UNIT_ASSIGNED_CONTEXT((#5184,#5163,#5142))
REPRESENTATION_CONTEXT('Part 17','TOP_LEVEL_ASSEMBLY_PART')
);
#5101=(
GEOMETRIC_REPRESENTATION_CONTEXT(3)
GLOBAL_UNCERTAINTY_ASSIGNED_CONTEXT((#5122))
GLOBAL_UNIT_ASSIGNED_CONTEXT((#5185,#5164,#5143))
REPRESENTATION_CONTEXT('Part 11','TOP_LEVEL_ASSEMBLY_PART')
);
#5102=(
GEOMETRIC_REPRESENTATION_CONTEXT(3)
GLOBAL_UNCERTAINTY_ASSIGNED_CONTEXT((#5123))
GLOBAL_UNIT_ASSIGNED_CONTEXT((#5186,#5165,#5144))
REPRESENTATION_CONTEXT('Part 1','TOP_LEVEL_ASSEMBLY_PART')
);
#5103=(
GEOMETRIC_REPRESENTATION_CONTEXT(3)
GLOBAL_UNCERTAINTY_ASSIGNED_CONTEXT((#5124))
GLOBAL_UNIT_ASSIGNED_CONTEXT((#5187,#5166,#5145))
REPRESENTATION_CONTEXT('Part 18','TOP_LEVEL_ASSEMBLY_PART')
);
#5104=(
GEOMETRIC_REPRESENTATION_CONTEXT(3)
GLOBAL_UNCERTAINTY_ASSIGNED_CONTEXT((#5125))
GLOBAL_UNIT_ASSIGNED_CONTEXT((#5188,#5167,#5146))
REPRESENTATION_CONTEXT('Part 12','TOP_LEVEL_ASSEMBLY_PART')
);
#5105=(
GEOMETRIC_REPRESENTATION_CONTEXT(3)
GLOBAL_UNCERTAINTY_ASSIGNED_CONTEXT((#5126))
GLOBAL_UNIT_ASSIGNED_CONTEXT((#5189,#5168,#5147))
REPRESENTATION_CONTEXT('Part 2','TOP_LEVEL_ASSEMBLY_PART')
);
#5106=(
GEOMETRIC_REPRESENTATION_CONTEXT(3)
GLOBAL_UNCERTAINTY_ASSIGNED_CONTEXT((#5127))
GLOBAL_UNIT_ASSIGNED_CONTEXT((#5190,#5169,#5148))
REPRESENTATION_CONTEXT('Part 13','TOP_LEVEL_ASSEMBLY_PART')
);
#5107=(
GEOMETRIC_REPRESENTATION_CONTEXT(3)
GLOBAL_UNCERTAINTY_ASSIGNED_CONTEXT((#5128))
GLOBAL_UNIT_ASSIGNED_CONTEXT((#5191,#5170,#5149))
REPRESENTATION_CONTEXT('Part 3','TOP_LEVEL_ASSEMBLY_PART')
);
#5108=(
GEOMETRIC_REPRESENTATION_CONTEXT(3)
GLOBAL_UNCERTAINTY_ASSIGNED_CONTEXT((#5129))
GLOBAL_UNIT_ASSIGNED_CONTEXT((#5192,#5171,#5150))
REPRESENTATION_CONTEXT('Part 14','TOP_LEVEL_ASSEMBLY_PART')
);
#5109=(
GEOMETRIC_REPRESENTATION_CONTEXT(3)
GLOBAL_UNCERTAINTY_ASSIGNED_CONTEXT((#5130))
GLOBAL_UNIT_ASSIGNED_CONTEXT((#5193,#5172,#5151))
REPRESENTATION_CONTEXT('Part 4','TOP_LEVEL_ASSEMBLY_PART')
);
#5110=(
GEOMETRIC_REPRESENTATION_CONTEXT(3)
GLOBAL_UNCERTAINTY_ASSIGNED_CONTEXT((#5131))
GLOBAL_UNIT_ASSIGNED_CONTEXT((#5194,#5173,#5152))
REPRESENTATION_CONTEXT('Part 7','TOP_LEVEL_ASSEMBLY_PART')
);
#5111=(
GEOMETRIC_REPRESENTATION_CONTEXT(3)
GLOBAL_UNCERTAINTY_ASSIGNED_CONTEXT((#5132))
GLOBAL_UNIT_ASSIGNED_CONTEXT((#5195,#5174,#5153))
REPRESENTATION_CONTEXT('Part 6','TOP_LEVEL_ASSEMBLY_PART')
);
#5112=(
GEOMETRIC_REPRESENTATION_CONTEXT(3)
GLOBAL_UNCERTAINTY_ASSIGNED_CONTEXT((#5133))
GLOBAL_UNIT_ASSIGNED_CONTEXT((#5196,#5175,#5154))
REPRESENTATION_CONTEXT('Part 21','TOP_LEVEL_ASSEMBLY_PART')
);
#5113=(
GEOMETRIC_REPRESENTATION_CONTEXT(3)
GLOBAL_UNCERTAINTY_ASSIGNED_CONTEXT((#5134))
GLOBAL_UNIT_ASSIGNED_CONTEXT((#5197,#5176,#5155))
REPRESENTATION_CONTEXT('Part 15','TOP_LEVEL_ASSEMBLY_PART')
);
#5114=(
GEOMETRIC_REPRESENTATION_CONTEXT(3)
GLOBAL_UNCERTAINTY_ASSIGNED_CONTEXT((#5135))
GLOBAL_UNIT_ASSIGNED_CONTEXT((#5198,#5177,#5156))
REPRESENTATION_CONTEXT('Part 19','TOP_LEVEL_ASSEMBLY_PART')
);
#5115=(
GEOMETRIC_REPRESENTATION_CONTEXT(3)
GLOBAL_UNCERTAINTY_ASSIGNED_CONTEXT((#5136))
GLOBAL_UNIT_ASSIGNED_CONTEXT((#5199,#5178,#5157))
REPRESENTATION_CONTEXT('Part 9','TOP_LEVEL_ASSEMBLY_PART')
);
#5116=(
GEOMETRIC_REPRESENTATION_CONTEXT(3)
GLOBAL_UNCERTAINTY_ASSIGNED_CONTEXT((#5137))
GLOBAL_UNIT_ASSIGNED_CONTEXT((#5200,#5179,#5158))
REPRESENTATION_CONTEXT('Part 20','TOP_LEVEL_ASSEMBLY_PART')
);
#5117=UNCERTAINTY_MEASURE_WITH_UNIT(LENGTH_MEASURE(2.E-5),#5180,
'DISTANCE_ACCURACY_VALUE','Maximum Tolerance applied to model');
#5118=UNCERTAINTY_MEASURE_WITH_UNIT(LENGTH_MEASURE(1.E-8),#5181,
'DISTANCE_ACCURACY_VALUE','Maximum Tolerance applied to model');
#5119=UNCERTAINTY_MEASURE_WITH_UNIT(LENGTH_MEASURE(2.E-5),#5182,
'DISTANCE_ACCURACY_VALUE','Maximum Tolerance applied to model');
#5120=UNCERTAINTY_MEASURE_WITH_UNIT(LENGTH_MEASURE(2.E-5),#5183,
'DISTANCE_ACCURACY_VALUE','Maximum Tolerance applied to model');
#5121=UNCERTAINTY_MEASURE_WITH_UNIT(LENGTH_MEASURE(2.E-5),#5184,
'DISTANCE_ACCURACY_VALUE','Maximum Tolerance applied to model');
#5122=UNCERTAINTY_MEASURE_WITH_UNIT(LENGTH_MEASURE(2.E-5),#5185,
'DISTANCE_ACCURACY_VALUE','Maximum Tolerance applied to model');
#5123=UNCERTAINTY_MEASURE_WITH_UNIT(LENGTH_MEASURE(1.E-8),#5186,
'DISTANCE_ACCURACY_VALUE','Maximum Tolerance applied to model');
#5124=UNCERTAINTY_MEASURE_WITH_UNIT(LENGTH_MEASURE(2.E-5),#5187,
'DISTANCE_ACCURACY_VALUE','Maximum Tolerance applied to model');
#5125=UNCERTAINTY_MEASURE_WITH_UNIT(LENGTH_MEASURE(2.E-5),#5188,
'DISTANCE_ACCURACY_VALUE','Maximum Tolerance applied to model');
#5126=UNCERTAINTY_MEASURE_WITH_UNIT(LENGTH_MEASURE(1.E-8),#5189,
'DISTANCE_ACCURACY_VALUE','Maximum Tolerance applied to model');
#5127=UNCERTAINTY_MEASURE_WITH_UNIT(LENGTH_MEASURE(2.E-5),#5190,
'DISTANCE_ACCURACY_VALUE','Maximum Tolerance applied to model');
#5128=UNCERTAINTY_MEASURE_WITH_UNIT(LENGTH_MEASURE(2.E-5),#5191,
'DISTANCE_ACCURACY_VALUE','Maximum Tolerance applied to model');
#5129=UNCERTAINTY_MEASURE_WITH_UNIT(LENGTH_MEASURE(2.E-5),#5192,
'DISTANCE_ACCURACY_VALUE','Maximum Tolerance applied to model');
#5130=UNCERTAINTY_MEASURE_WITH_UNIT(LENGTH_MEASURE(1.E-8),#5193,
'DISTANCE_ACCURACY_VALUE','Maximum Tolerance applied to model');
#5131=UNCERTAINTY_MEASURE_WITH_UNIT(LENGTH_MEASURE(2.E-5),#5194,
'DISTANCE_ACCURACY_VALUE','Maximum Tolerance applied to model');
#5132=UNCERTAINTY_MEASURE_WITH_UNIT(LENGTH_MEASURE(2.E-5),#5195,
'DISTANCE_ACCURACY_VALUE','Maximum Tolerance applied to model');
#5133=UNCERTAINTY_MEASURE_WITH_UNIT(LENGTH_MEASURE(2.E-5),#5196,
'DISTANCE_ACCURACY_VALUE','Maximum Tolerance applied to model');
#5134=UNCERTAINTY_MEASURE_WITH_UNIT(LENGTH_MEASURE(2.E-5),#5197,
'DISTANCE_ACCURACY_VALUE','Maximum Tolerance applied to model');
#5135=UNCERTAINTY_MEASURE_WITH_UNIT(LENGTH_MEASURE(2.E-5),#5198,
'DISTANCE_ACCURACY_VALUE','Maximum Tolerance applied to model');
#5136=UNCERTAINTY_MEASURE_WITH_UNIT(LENGTH_MEASURE(2.E-5),#5199,
'DISTANCE_ACCURACY_VALUE','Maximum Tolerance applied to model');
#5137=UNCERTAINTY_MEASURE_WITH_UNIT(LENGTH_MEASURE(2.E-5),#5200,
'DISTANCE_ACCURACY_VALUE','Maximum Tolerance applied to model');
#5138=(
NAMED_UNIT(*)
SI_UNIT($,.STERADIAN.)
SOLID_ANGLE_UNIT()
);
#5139=(
NAMED_UNIT(*)
SI_UNIT($,.STERADIAN.)
SOLID_ANGLE_UNIT()
);
#5140=(
NAMED_UNIT(*)
SI_UNIT($,.STERADIAN.)
SOLID_ANGLE_UNIT()
);
#5141=(
NAMED_UNIT(*)
SI_UNIT($,.STERADIAN.)
SOLID_ANGLE_UNIT()
);
#5142=(
NAMED_UNIT(*)
SI_UNIT($,.STERADIAN.)
SOLID_ANGLE_UNIT()
);
#5143=(
NAMED_UNIT(*)
SI_UNIT($,.STERADIAN.)
SOLID_ANGLE_UNIT()
);
#5144=(
NAMED_UNIT(*)
SI_UNIT($,.STERADIAN.)
SOLID_ANGLE_UNIT()
);
#5145=(
NAMED_UNIT(*)
SI_UNIT($,.STERADIAN.)
SOLID_ANGLE_UNIT()
);
#5146=(
NAMED_UNIT(*)
SI_UNIT($,.STERADIAN.)
SOLID_ANGLE_UNIT()
);
#5147=(
NAMED_UNIT(*)
SI_UNIT($,.STERADIAN.)
SOLID_ANGLE_UNIT()
);
#5148=(
NAMED_UNIT(*)
SI_UNIT($,.STERADIAN.)
SOLID_ANGLE_UNIT()
);
#5149=(
NAMED_UNIT(*)
SI_UNIT($,.STERADIAN.)
SOLID_ANGLE_UNIT()
);
#5150=(
NAMED_UNIT(*)
SI_UNIT($,.STERADIAN.)
SOLID_ANGLE_UNIT()
);
#5151=(
NAMED_UNIT(*)
SI_UNIT($,.STERADIAN.)
SOLID_ANGLE_UNIT()
);
#5152=(
NAMED_UNIT(*)
SI_UNIT($,.STERADIAN.)
SOLID_ANGLE_UNIT()
);
#5153=(
NAMED_UNIT(*)
SI_UNIT($,.STERADIAN.)
SOLID_ANGLE_UNIT()
);
#5154=(
NAMED_UNIT(*)
SI_UNIT($,.STERADIAN.)
SOLID_ANGLE_UNIT()
);
#5155=(
NAMED_UNIT(*)
SI_UNIT($,.STERADIAN.)
SOLID_ANGLE_UNIT()
);
#5156=(
NAMED_UNIT(*)
SI_UNIT($,.STERADIAN.)
SOLID_ANGLE_UNIT()
);
#5157=(
NAMED_UNIT(*)
SI_UNIT($,.STERADIAN.)
SOLID_ANGLE_UNIT()
);
#5158=(
NAMED_UNIT(*)
SI_UNIT($,.STERADIAN.)
SOLID_ANGLE_UNIT()
);
#5159=(
NAMED_UNIT(*)
PLANE_ANGLE_UNIT()
SI_UNIT($,.RADIAN.)
);
#5160=(
NAMED_UNIT(*)
PLANE_ANGLE_UNIT()
SI_UNIT($,.RADIAN.)
);
#5161=(
NAMED_UNIT(*)
PLANE_ANGLE_UNIT()
SI_UNIT($,.RADIAN.)
);
#5162=(
NAMED_UNIT(*)
PLANE_ANGLE_UNIT()
SI_UNIT($,.RADIAN.)
);
#5163=(
NAMED_UNIT(*)
PLANE_ANGLE_UNIT()
SI_UNIT($,.RADIAN.)
);
#5164=(
NAMED_UNIT(*)
PLANE_ANGLE_UNIT()
SI_UNIT($,.RADIAN.)
);
#5165=(
NAMED_UNIT(*)
PLANE_ANGLE_UNIT()
SI_UNIT($,.RADIAN.)
);
#5166=(
NAMED_UNIT(*)
PLANE_ANGLE_UNIT()
SI_UNIT($,.RADIAN.)
);
#5167=(
NAMED_UNIT(*)
PLANE_ANGLE_UNIT()
SI_UNIT($,.RADIAN.)
);
#5168=(
NAMED_UNIT(*)
PLANE_ANGLE_UNIT()
SI_UNIT($,.RADIAN.)
);
#5169=(
NAMED_UNIT(*)
PLANE_ANGLE_UNIT()
SI_UNIT($,.RADIAN.)
);
#5170=(
NAMED_UNIT(*)
PLANE_ANGLE_UNIT()
SI_UNIT($,.RADIAN.)
);
#5171=(
NAMED_UNIT(*)
PLANE_ANGLE_UNIT()
SI_UNIT($,.RADIAN.)
);
#5172=(
NAMED_UNIT(*)
PLANE_ANGLE_UNIT()
SI_UNIT($,.RADIAN.)
);
#5173=(
NAMED_UNIT(*)
PLANE_ANGLE_UNIT()
SI_UNIT($,.RADIAN.)
);
#5174=(
NAMED_UNIT(*)
PLANE_ANGLE_UNIT()
SI_UNIT($,.RADIAN.)
);
#5175=(
NAMED_UNIT(*)
PLANE_ANGLE_UNIT()
SI_UNIT($,.RADIAN.)
);
#5176=(
NAMED_UNIT(*)
PLANE_ANGLE_UNIT()
SI_UNIT($,.RADIAN.)
);
#5177=(
NAMED_UNIT(*)
PLANE_ANGLE_UNIT()
SI_UNIT($,.RADIAN.)
);
#5178=(
NAMED_UNIT(*)
PLANE_ANGLE_UNIT()
SI_UNIT($,.RADIAN.)
);
#5179=(
NAMED_UNIT(*)
PLANE_ANGLE_UNIT()
SI_UNIT($,.RADIAN.)
);
#5180=(
LENGTH_UNIT()
NAMED_UNIT(*)
SI_UNIT($,.METRE.)
);
#5181=(
LENGTH_UNIT()
NAMED_UNIT(*)
SI_UNIT($,.METRE.)
);
#5182=(
LENGTH_UNIT()
NAMED_UNIT(*)
SI_UNIT($,.METRE.)
);
#5183=(
LENGTH_UNIT()
NAMED_UNIT(*)
SI_UNIT($,.METRE.)
);
#5184=(
LENGTH_UNIT()
NAMED_UNIT(*)
SI_UNIT($,.METRE.)
);
#5185=(
LENGTH_UNIT()
NAMED_UNIT(*)
SI_UNIT($,.METRE.)
);
#5186=(
LENGTH_UNIT()
NAMED_UNIT(*)
SI_UNIT($,.METRE.)
);
#5187=(
LENGTH_UNIT()
NAMED_UNIT(*)
SI_UNIT($,.METRE.)
);
#5188=(
LENGTH_UNIT()
NAMED_UNIT(*)
SI_UNIT($,.METRE.)
);
#5189=(
LENGTH_UNIT()
NAMED_UNIT(*)
SI_UNIT($,.METRE.)
);
#5190=(
LENGTH_UNIT()
NAMED_UNIT(*)
SI_UNIT($,.METRE.)
);
#5191=(
LENGTH_UNIT()
NAMED_UNIT(*)
SI_UNIT($,.METRE.)
);
#5192=(
LENGTH_UNIT()
NAMED_UNIT(*)
SI_UNIT($,.METRE.)
);
#5193=(
LENGTH_UNIT()
NAMED_UNIT(*)
SI_UNIT($,.METRE.)
);
#5194=(
LENGTH_UNIT()
NAMED_UNIT(*)
SI_UNIT($,.METRE.)
);
#5195=(
LENGTH_UNIT()
NAMED_UNIT(*)
SI_UNIT($,.METRE.)
);
#5196=(
LENGTH_UNIT()
NAMED_UNIT(*)
SI_UNIT($,.METRE.)
);
#5197=(
LENGTH_UNIT()
NAMED_UNIT(*)
SI_UNIT($,.METRE.)
);
#5198=(
LENGTH_UNIT()
NAMED_UNIT(*)
SI_UNIT($,.METRE.)
);
#5199=(
LENGTH_UNIT()
NAMED_UNIT(*)
SI_UNIT($,.METRE.)
);
#5200=(
LENGTH_UNIT()
NAMED_UNIT(*)
SI_UNIT($,.METRE.)
);
#5201=PRODUCT_DEFINITION_SHAPE('','',#5222);
#5202=PRODUCT_DEFINITION_SHAPE('','',#5223);
#5203=PRODUCT_DEFINITION_SHAPE('','',#5224);
#5204=PRODUCT_DEFINITION_SHAPE('','',#5225);
#5205=PRODUCT_DEFINITION_SHAPE('','',#5226);
#5206=PRODUCT_DEFINITION_SHAPE('','',#5227);
#5207=PRODUCT_DEFINITION_SHAPE('','',#5228);
#5208=PRODUCT_DEFINITION_SHAPE('','',#5229);
#5209=PRODUCT_DEFINITION_SHAPE('','',#5230);
#5210=PRODUCT_DEFINITION_SHAPE('','',#5231);
#5211=PRODUCT_DEFINITION_SHAPE('','',#5232);
#5212=PRODUCT_DEFINITION_SHAPE('','',#5233);
#5213=PRODUCT_DEFINITION_SHAPE('','',#5234);
#5214=PRODUCT_DEFINITION_SHAPE('','',#5235);
#5215=PRODUCT_DEFINITION_SHAPE('','',#5236);
#5216=PRODUCT_DEFINITION_SHAPE('','',#5237);
#5217=PRODUCT_DEFINITION_SHAPE('','',#5238);
#5218=PRODUCT_DEFINITION_SHAPE('','',#5239);
#5219=PRODUCT_DEFINITION_SHAPE('','',#5240);
#5220=PRODUCT_DEFINITION_SHAPE('','',#5241);
#5221=PRODUCT_DEFINITION_SHAPE('','',#5242);
#5222=PRODUCT_DEFINITION('','',#5264,#5243);
#5223=PRODUCT_DEFINITION('','',#5265,#5244);
#5224=PRODUCT_DEFINITION('','',#5266,#5245);
#5225=PRODUCT_DEFINITION('','',#5267,#5246);
#5226=PRODUCT_DEFINITION('','',#5268,#5247);
#5227=PRODUCT_DEFINITION('','',#5269,#5248);
#5228=PRODUCT_DEFINITION('','',#5270,#5249);
#5229=PRODUCT_DEFINITION('','',#5271,#5250);
#5230=PRODUCT_DEFINITION('','',#5272,#5251);
#5231=PRODUCT_DEFINITION('','',#5273,#5252);
#5232=PRODUCT_DEFINITION('','',#5274,#5253);
#5233=PRODUCT_DEFINITION('','',#5275,#5254);
#5234=PRODUCT_DEFINITION('','',#5276,#5255);
#5235=PRODUCT_DEFINITION('','',#5277,#5256);
#5236=PRODUCT_DEFINITION('','',#5278,#5257);
#5237=PRODUCT_DEFINITION('','',#5279,#5258);
#5238=PRODUCT_DEFINITION('','',#5280,#5259);
#5239=PRODUCT_DEFINITION('','',#5281,#5260);
#5240=PRODUCT_DEFINITION('','',#5282,#5261);
#5241=PRODUCT_DEFINITION('','',#5283,#5262);
#5242=PRODUCT_DEFINITION('','',#5284,#5263);
#5243=PRODUCT_DEFINITION_CONTEXT('',#5390,'design');
#5244=PRODUCT_DEFINITION_CONTEXT('',#5391,'design');
#5245=PRODUCT_DEFINITION_CONTEXT('',#5392,'design');
#5246=PRODUCT_DEFINITION_CONTEXT('',#5393,'design');
#5247=PRODUCT_DEFINITION_CONTEXT('',#5394,'design');
#5248=PRODUCT_DEFINITION_CONTEXT('',#5395,'design');
#5249=PRODUCT_DEFINITION_CONTEXT('',#5396,'design');
#5250=PRODUCT_DEFINITION_CONTEXT('',#5397,'design');
#5251=PRODUCT_DEFINITION_CONTEXT('',#5398,'design');
#5252=PRODUCT_DEFINITION_CONTEXT('',#5399,'design');
#5253=PRODUCT_DEFINITION_CONTEXT('',#5400,'design');
#5254=PRODUCT_DEFINITION_CONTEXT('',#5401,'design');
#5255=PRODUCT_DEFINITION_CONTEXT('',#5402,'design');
#5256=PRODUCT_DEFINITION_CONTEXT('',#5403,'design');
#5257=PRODUCT_DEFINITION_CONTEXT('',#5404,'design');
#5258=PRODUCT_DEFINITION_CONTEXT('',#5405,'design');
#5259=PRODUCT_DEFINITION_CONTEXT('',#5406,'design');
#5260=PRODUCT_DEFINITION_CONTEXT('',#5407,'design');
#5261=PRODUCT_DEFINITION_CONTEXT('',#5408,'design');
#5262=PRODUCT_DEFINITION_CONTEXT('',#5409,'design');
#5263=PRODUCT_DEFINITION_CONTEXT('',#5410,'design');
#5264=PRODUCT_DEFINITION_FORMATION_WITH_SPECIFIED_SOURCE('','',#5306,
 .NOT_KNOWN.);
#5265=PRODUCT_DEFINITION_FORMATION_WITH_SPECIFIED_SOURCE('','',#5307,
 .NOT_KNOWN.);
#5266=PRODUCT_DEFINITION_FORMATION_WITH_SPECIFIED_SOURCE('','',#5308,
 .NOT_KNOWN.);
#5267=PRODUCT_DEFINITION_FORMATION_WITH_SPECIFIED_SOURCE('','',#5309,
 .NOT_KNOWN.);
#5268=PRODUCT_DEFINITION_FORMATION_WITH_SPECIFIED_SOURCE('','',#5310,
 .NOT_KNOWN.);
#5269=PRODUCT_DEFINITION_FORMATION_WITH_SPECIFIED_SOURCE('','',#5311,
 .NOT_KNOWN.);
#5270=PRODUCT_DEFINITION_FORMATION_WITH_SPECIFIED_SOURCE('','',#5312,
 .NOT_KNOWN.);
#5271=PRODUCT_DEFINITION_FORMATION_WITH_SPECIFIED_SOURCE('','',#5313,
 .NOT_KNOWN.);
#5272=PRODUCT_DEFINITION_FORMATION_WITH_SPECIFIED_SOURCE('','',#5314,
 .NOT_KNOWN.);
#5273=PRODUCT_DEFINITION_FORMATION_WITH_SPECIFIED_SOURCE('','',#5315,
 .NOT_KNOWN.);
#5274=PRODUCT_DEFINITION_FORMATION_WITH_SPECIFIED_SOURCE('','',#5316,
 .NOT_KNOWN.);
#5275=PRODUCT_DEFINITION_FORMATION_WITH_SPECIFIED_SOURCE('','',#5317,
 .NOT_KNOWN.);
#5276=PRODUCT_DEFINITION_FORMATION_WITH_SPECIFIED_SOURCE('','',#5318,
 .NOT_KNOWN.);
#5277=PRODUCT_DEFINITION_FORMATION_WITH_SPECIFIED_SOURCE('','',#5319,
 .NOT_KNOWN.);
#5278=PRODUCT_DEFINITION_FORMATION_WITH_SPECIFIED_SOURCE('','',#5320,
 .NOT_KNOWN.);
#5279=PRODUCT_DEFINITION_FORMATION_WITH_SPECIFIED_SOURCE('','',#5321,
 .NOT_KNOWN.);
#5280=PRODUCT_DEFINITION_FORMATION_WITH_SPECIFIED_SOURCE('','',#5322,
 .NOT_KNOWN.);
#5281=PRODUCT_DEFINITION_FORMATION_WITH_SPECIFIED_SOURCE('','',#5323,
 .NOT_KNOWN.);
#5282=PRODUCT_DEFINITION_FORMATION_WITH_SPECIFIED_SOURCE('','',#5324,
 .NOT_KNOWN.);
#5283=PRODUCT_DEFINITION_FORMATION_WITH_SPECIFIED_SOURCE('','',#5325,
 .NOT_KNOWN.);
#5284=PRODUCT_DEFINITION_FORMATION_WITH_SPECIFIED_SOURCE('','',#5326,
 .NOT_KNOWN.);
#5285=PRODUCT_RELATED_PRODUCT_CATEGORY('','',(#5306));
#5286=PRODUCT_RELATED_PRODUCT_CATEGORY('','',(#5307));
#5287=PRODUCT_RELATED_PRODUCT_CATEGORY('','',(#5308));
#5288=PRODUCT_RELATED_PRODUCT_CATEGORY('','',(#5309));
#5289=PRODUCT_RELATED_PRODUCT_CATEGORY('','',(#5310));
#5290=PRODUCT_RELATED_PRODUCT_CATEGORY('','',(#5311));
#5291=PRODUCT_RELATED_PRODUCT_CATEGORY('','',(#5312));
#5292=PRODUCT_RELATED_PRODUCT_CATEGORY('','',(#5313));
#5293=PRODUCT_RELATED_PRODUCT_CATEGORY('','',(#5314));
#5294=PRODUCT_RELATED_PRODUCT_CATEGORY('','',(#5315));
#5295=PRODUCT_RELATED_PRODUCT_CATEGORY('','',(#5316));
#5296=PRODUCT_RELATED_PRODUCT_CATEGORY('','',(#5317));
#5297=PRODUCT_RELATED_PRODUCT_CATEGORY('','',(#5318));
#5298=PRODUCT_RELATED_PRODUCT_CATEGORY('','',(#5319));
#5299=PRODUCT_RELATED_PRODUCT_CATEGORY('','',(#5320));
#5300=PRODUCT_RELATED_PRODUCT_CATEGORY('','',(#5321));
#5301=PRODUCT_RELATED_PRODUCT_CATEGORY('','',(#5322));
#5302=PRODUCT_RELATED_PRODUCT_CATEGORY('','',(#5323));
#5303=PRODUCT_RELATED_PRODUCT_CATEGORY('','',(#5324));
#5304=PRODUCT_RELATED_PRODUCT_CATEGORY('','',(#5325));
#5305=PRODUCT_RELATED_PRODUCT_CATEGORY('','',(#5326));
#5306=PRODUCT('Part 16','Part 16','Part 16',(#5348));
#5307=PRODUCT('Part 5','Part 5','Part 5',(#5349));
#5308=PRODUCT('Part 8','Part 8','Part 8',(#5350));
#5309=PRODUCT('Part 10','Part 10','Part 10',(#5351));
#5310=PRODUCT('Part 17','Part 17','Part 17',(#5352));
#5311=PRODUCT('Part 11','Part 11','Part 11',(#5353));
#5312=PRODUCT('Part 1','Part 1','Part 1',(#5354));
#5313=PRODUCT('Part 18','Part 18','Part 18',(#5355));
#5314=PRODUCT('Part 12','Part 12','Part 12',(#5356));
#5315=PRODUCT('Part 2','Part 2','Part 2',(#5357));
#5316=PRODUCT('Part 13','Part 13','Part 13',(#5358));
#5317=PRODUCT('Part 3','Part 3','Part 3',(#5359));
#5318=PRODUCT('Part 14','Part 14','Part 14',(#5360));
#5319=PRODUCT('Part 4','Part 4','Part 4',(#5361));
#5320=PRODUCT('Part 7','Part 7','Part 7',(#5362));
#5321=PRODUCT('Part 6','Part 6','Part 6',(#5363));
#5322=PRODUCT('Part 21','Part 21','Part 21',(#5364));
#5323=PRODUCT('Part 15','Part 15','Part 15',(#5365));
#5324=PRODUCT('Part 19','Part 19','Part 19',(#5366));
#5325=PRODUCT('Part 9','Part 9','Part 9',(#5367));
#5326=PRODUCT('Part 20','Part 20','Part 20',(#5368));
#5327=PRODUCT_CATEGORY('','');
#5328=PRODUCT_CATEGORY('','');
#5329=PRODUCT_CATEGORY('','');
#5330=PRODUCT_CATEGORY('','');
#5331=PRODUCT_CATEGORY('','');
#5332=PRODUCT_CATEGORY('','');
#5333=PRODUCT_CATEGORY('','');
#5334=PRODUCT_CATEGORY('','');
#5335=PRODUCT_CATEGORY('','');
#5336=PRODUCT_CATEGORY('','');
#5337=PRODUCT_CATEGORY('','');
#5338=PRODUCT_CATEGORY('','');
#5339=PRODUCT_CATEGORY('','');
#5340=PRODUCT_CATEGORY('','');
#5341=PRODUCT_CATEGORY('','');
#5342=PRODUCT_CATEGORY('','');
#5343=PRODUCT_CATEGORY('','');
#5344=PRODUCT_CATEGORY('','');
#5345=PRODUCT_CATEGORY('','');
#5346=PRODUCT_CATEGORY('','');
#5347=PRODUCT_CATEGORY('','');
#5348=PRODUCT_CONTEXT('',#5390,'mechanical');
#5349=PRODUCT_CONTEXT('',#5391,'mechanical');
#5350=PRODUCT_CONTEXT('',#5392,'mechanical');
#5351=PRODUCT_CONTEXT('',#5393,'mechanical');
#5352=PRODUCT_CONTEXT('',#5394,'mechanical');
#5353=PRODUCT_CONTEXT('',#5395,'mechanical');
#5354=PRODUCT_CONTEXT('',#5396,'mechanical');
#5355=PRODUCT_CONTEXT('',#5397,'mechanical');
#5356=PRODUCT_CONTEXT('',#5398,'mechanical');
#5357=PRODUCT_CONTEXT('',#5399,'mechanical');
#5358=PRODUCT_CONTEXT('',#5400,'mechanical');
#5359=PRODUCT_CONTEXT('',#5401,'mechanical');
#5360=PRODUCT_CONTEXT('',#5402,'mechanical');
#5361=PRODUCT_CONTEXT('',#5403,'mechanical');
#5362=PRODUCT_CONTEXT('',#5404,'mechanical');
#5363=PRODUCT_CONTEXT('',#5405,'mechanical');
#5364=PRODUCT_CONTEXT('',#5406,'mechanical');
#5365=PRODUCT_CONTEXT('',#5407,'mechanical');
#5366=PRODUCT_CONTEXT('',#5408,'mechanical');
#5367=PRODUCT_CONTEXT('',#5409,'mechanical');
#5368=PRODUCT_CONTEXT('',#5410,'mechanical');
#5369=APPLICATION_PROTOCOL_DEFINITION('international standard',
'ap242_managed_model_based_3d_engineering',2020,#5390);
#5370=APPLICATION_PROTOCOL_DEFINITION('international standard',
'ap242_managed_model_based_3d_engineering',2020,#5391);
#5371=APPLICATION_PROTOCOL_DEFINITION('international standard',
'ap242_managed_model_based_3d_engineering',2020,#5392);
#5372=APPLICATION_PROTOCOL_DEFINITION('international standard',
'ap242_managed_model_based_3d_engineering',2020,#5393);
#5373=APPLICATION_PROTOCOL_DEFINITION('international standard',
'ap242_managed_model_based_3d_engineering',2020,#5394);
#5374=APPLICATION_PROTOCOL_DEFINITION('international standard',
'ap242_managed_model_based_3d_engineering',2020,#5395);
#5375=APPLICATION_PROTOCOL_DEFINITION('international standard',
'ap242_managed_model_based_3d_engineering',2020,#5396);
#5376=APPLICATION_PROTOCOL_DEFINITION('international standard',
'ap242_managed_model_based_3d_engineering',2020,#5397);
#5377=APPLICATION_PROTOCOL_DEFINITION('international standard',
'ap242_managed_model_based_3d_engineering',2020,#5398);
#5378=APPLICATION_PROTOCOL_DEFINITION('international standard',
'ap242_managed_model_based_3d_engineering',2020,#5399);
#5379=APPLICATION_PROTOCOL_DEFINITION('international standard',
'ap242_managed_model_based_3d_engineering',2020,#5400);
#5380=APPLICATION_PROTOCOL_DEFINITION('international standard',
'ap242_managed_model_based_3d_engineering',2020,#5401);
#5381=APPLICATION_PROTOCOL_DEFINITION('international standard',
'ap242_managed_model_based_3d_engineering',2020,#5402);
#5382=APPLICATION_PROTOCOL_DEFINITION('international standard',
'ap242_managed_model_based_3d_engineering',2020,#5403);
#5383=APPLICATION_PROTOCOL_DEFINITION('international standard',
'ap242_managed_model_based_3d_engineering',2020,#5404);
#5384=APPLICATION_PROTOCOL_DEFINITION('international standard',
'ap242_managed_model_based_3d_engineering',2020,#5405);
#5385=APPLICATION_PROTOCOL_DEFINITION('international standard',
'ap242_managed_model_based_3d_engineering',2020,#5406);
#5386=APPLICATION_PROTOCOL_DEFINITION('international standard',
'ap242_managed_model_based_3d_engineering',2020,#5407);
#5387=APPLICATION_PROTOCOL_DEFINITION('international standard',
'ap242_managed_model_based_3d_engineering',2020,#5408);
#5388=APPLICATION_PROTOCOL_DEFINITION('international standard',
'ap242_managed_model_based_3d_engineering',2020,#5409);
#5389=APPLICATION_PROTOCOL_DEFINITION('international standard',
'ap242_managed_model_based_3d_engineering',2020,#5410);
#5390=APPLICATION_CONTEXT('managed model based 3d engineering');
#5391=APPLICATION_CONTEXT('managed model based 3d engineering');
#5392=APPLICATION_CONTEXT('managed model based 3d engineering');
#5393=APPLICATION_CONTEXT('managed model based 3d engineering');
#5394=APPLICATION_CONTEXT('managed model based 3d engineering');
#5395=APPLICATION_CONTEXT('managed model based 3d engineering');
#5396=APPLICATION_CONTEXT('managed model based 3d engineering');
#5397=APPLICATION_CONTEXT('managed model based 3d engineering');
#5398=APPLICATION_CONTEXT('managed model based 3d engineering');
#5399=APPLICATION_CONTEXT('managed model based 3d engineering');
#5400=APPLICATION_CONTEXT('managed model based 3d engineering');
#5401=APPLICATION_CONTEXT('managed model based 3d engineering');
#5402=APPLICATION_CONTEXT('managed model based 3d engineering');
#5403=APPLICATION_CONTEXT('managed model based 3d engineering');
#5404=APPLICATION_CONTEXT('managed model based 3d engineering');
#5405=APPLICATION_CONTEXT('managed model based 3d engineering');
#5406=APPLICATION_CONTEXT('managed model based 3d engineering');
#5407=APPLICATION_CONTEXT('managed model based 3d engineering');
#5408=APPLICATION_CONTEXT('managed model based 3d engineering');
#5409=APPLICATION_CONTEXT('managed model based 3d engineering');
#5410=APPLICATION_CONTEXT('managed model based 3d engineering');
ENDSEC;
END-ISO-10303-21;
