ISO-10303-21;
HEADER;
/* Generated by software containing ST-Developer
 * from STEP Tools, Inc. (www.steptools.com) 
 */
/* OPTION: using custom renumber hook */

FILE_DESCRIPTION(
/* description */ ('STEP AP242 Edition 2',
'CAx-IF Rec.Pracs.---Representation and Presentation of Product Manufa
cturing Information (PMI)---4.0---2014-10-13',
'CAx-IF Rec.Pracs.---3D Tessellated Geometry---0.4---2014-09-14','2;1',
'CAx-IF Rec.Pracs.---User Defined Attributes---1.5---2016-08-15'),
/* implementation_level */ '2;1');

FILE_NAME(
/* name */ 'bottom plate',
/* time_stamp */ '2026-09-07T01:32:03Z',
/* author */ (''),
/* organization */ (''),
/* preprocessor_version */ 'ST-DEVELOPER v20',
/* originating_system */ 'ONSHAPE BY PTC INC, 1.220',
/* authorisation */ '  ');

FILE_SCHEMA (('AP242_MANAGED_MODEL_BASED_3D_ENGINEERING_MIM_LF { 1 0 10303 442 3 1 4 }'));
ENDSEC;

DATA;
#10=SHAPE_REPRESENTATION_RELATIONSHIP('','',#1566,#12);
#11=SHAPE_REPRESENTATION_RELATIONSHIP('','',#1567,#13);
#12=ADVANCED_BREP_SHAPE_REPRESENTATION('',(#1562),#2494);
#13=ADVANCED_BREP_SHAPE_REPRESENTATION('',(#1563),#2495);
#14=ELLIPSE('',#1608,0.00178442638873112,0.00126178);
#15=ELLIPSE('',#1609,0.00178442638873112,0.00126178);
#16=ELLIPSE('',#1611,0.00178442638873112,0.00126178);
#17=ELLIPSE('',#1613,0.00178442638873112,0.00126178);
#18=ELLIPSE('',#1616,0.00178442638873112,0.00126178);
#19=ELLIPSE('',#1617,0.00178442638873112,0.00126178);
#20=ELLIPSE('',#1619,0.00178442638873112,0.00126178);
#21=ELLIPSE('',#1621,0.00178442638873112,0.00126178);
#22=ELLIPSE('',#1624,0.00178442638873112,0.00126178);
#23=ELLIPSE('',#1625,0.00178442638873112,0.00126178);
#24=ELLIPSE('',#1627,0.00178442638873112,0.00126178);
#25=ELLIPSE('',#1629,0.00178442638873112,0.00126178);
#26=CYLINDRICAL_SURFACE('',#1607,0.00126178);
#27=CYLINDRICAL_SURFACE('',#1610,0.00126178);
#28=CYLINDRICAL_SURFACE('',#1612,0.00126178);
#29=CYLINDRICAL_SURFACE('',#1614,0.00126178);
#30=CYLINDRICAL_SURFACE('',#1615,0.00126178);
#31=CYLINDRICAL_SURFACE('',#1618,0.00126178);
#32=CYLINDRICAL_SURFACE('',#1620,0.00126178);
#33=CYLINDRICAL_SURFACE('',#1622,0.00126178);
#34=CYLINDRICAL_SURFACE('',#1623,0.00126178);
#35=CYLINDRICAL_SURFACE('',#1626,0.00126178);
#36=CYLINDRICAL_SURFACE('',#1628,0.00126178);
#37=CYLINDRICAL_SURFACE('',#1630,0.00126178);
#38=ORIENTED_EDGE('',*,*,#462,.F.);
#39=ORIENTED_EDGE('',*,*,#463,.T.);
#40=ORIENTED_EDGE('',*,*,#464,.T.);
#41=ORIENTED_EDGE('',*,*,#465,.T.);
#42=ORIENTED_EDGE('',*,*,#466,.T.);
#43=ORIENTED_EDGE('',*,*,#467,.T.);
#44=ORIENTED_EDGE('',*,*,#468,.F.);
#45=ORIENTED_EDGE('',*,*,#469,.F.);
#46=ORIENTED_EDGE('',*,*,#470,.F.);
#47=ORIENTED_EDGE('',*,*,#471,.T.);
#48=ORIENTED_EDGE('',*,*,#472,.T.);
#49=ORIENTED_EDGE('',*,*,#473,.T.);
#50=ORIENTED_EDGE('',*,*,#474,.T.);
#51=ORIENTED_EDGE('',*,*,#475,.T.);
#52=ORIENTED_EDGE('',*,*,#476,.F.);
#53=ORIENTED_EDGE('',*,*,#477,.F.);
#54=ORIENTED_EDGE('',*,*,#478,.T.);
#55=ORIENTED_EDGE('',*,*,#479,.T.);
#56=ORIENTED_EDGE('',*,*,#480,.F.);
#57=ORIENTED_EDGE('',*,*,#471,.F.);
#58=ORIENTED_EDGE('',*,*,#481,.T.);
#59=ORIENTED_EDGE('',*,*,#482,.T.);
#60=ORIENTED_EDGE('',*,*,#483,.T.);
#61=ORIENTED_EDGE('',*,*,#463,.F.);
#62=ORIENTED_EDGE('',*,*,#484,.T.);
#63=ORIENTED_EDGE('',*,*,#485,.T.);
#64=ORIENTED_EDGE('',*,*,#486,.T.);
#65=ORIENTED_EDGE('',*,*,#487,.F.);
#66=ORIENTED_EDGE('',*,*,#488,.F.);
#67=ORIENTED_EDGE('',*,*,#489,.F.);
#68=ORIENTED_EDGE('',*,*,#490,.T.);
#69=ORIENTED_EDGE('',*,*,#491,.F.);
#70=ORIENTED_EDGE('',*,*,#492,.F.);
#71=ORIENTED_EDGE('',*,*,#493,.T.);
#72=ORIENTED_EDGE('',*,*,#494,.T.);
#73=ORIENTED_EDGE('',*,*,#495,.F.);
#74=ORIENTED_EDGE('',*,*,#496,.F.);
#75=ORIENTED_EDGE('',*,*,#465,.F.);
#76=ORIENTED_EDGE('',*,*,#497,.T.);
#77=ORIENTED_EDGE('',*,*,#498,.T.);
#78=ORIENTED_EDGE('',*,*,#499,.F.);
#79=ORIENTED_EDGE('',*,*,#473,.F.);
#80=ORIENTED_EDGE('',*,*,#500,.F.);
#81=ORIENTED_EDGE('',*,*,#501,.F.);
#82=ORIENTED_EDGE('',*,*,#502,.T.);
#83=ORIENTED_EDGE('',*,*,#503,.T.);
#84=ORIENTED_EDGE('',*,*,#504,.F.);
#85=ORIENTED_EDGE('',*,*,#495,.T.);
#86=ORIENTED_EDGE('',*,*,#505,.T.);
#87=ORIENTED_EDGE('',*,*,#485,.F.);
#88=ORIENTED_EDGE('',*,*,#506,.T.);
#89=ORIENTED_EDGE('',*,*,#507,.T.);
#90=ORIENTED_EDGE('',*,*,#508,.F.);
#91=ORIENTED_EDGE('',*,*,#509,.F.);
#92=ORIENTED_EDGE('',*,*,#494,.F.);
#93=ORIENTED_EDGE('',*,*,#510,.F.);
#94=ORIENTED_EDGE('',*,*,#503,.F.);
#95=ORIENTED_EDGE('',*,*,#511,.T.);
#96=ORIENTED_EDGE('',*,*,#508,.T.);
#97=ORIENTED_EDGE('',*,*,#512,.F.);
#98=ORIENTED_EDGE('',*,*,#486,.F.);
#99=ORIENTED_EDGE('',*,*,#505,.F.);
#100=ORIENTED_EDGE('',*,*,#513,.F.);
#101=ORIENTED_EDGE('',*,*,#514,.F.);
#102=ORIENTED_EDGE('',*,*,#515,.T.);
#103=ORIENTED_EDGE('',*,*,#516,.T.);
#104=ORIENTED_EDGE('',*,*,#517,.T.);
#105=ORIENTED_EDGE('',*,*,#518,.F.);
#106=ORIENTED_EDGE('',*,*,#519,.F.);
#107=ORIENTED_EDGE('',*,*,#514,.T.);
#108=ORIENTED_EDGE('',*,*,#520,.T.);
#109=ORIENTED_EDGE('',*,*,#521,.F.);
#110=ORIENTED_EDGE('',*,*,#522,.F.);
#111=ORIENTED_EDGE('',*,*,#509,.T.);
#112=ORIENTED_EDGE('',*,*,#511,.F.);
#113=ORIENTED_EDGE('',*,*,#502,.F.);
#114=ORIENTED_EDGE('',*,*,#523,.F.);
#115=ORIENTED_EDGE('',*,*,#518,.T.);
#116=ORIENTED_EDGE('',*,*,#524,.F.);
#117=ORIENTED_EDGE('',*,*,#516,.F.);
#118=ORIENTED_EDGE('',*,*,#525,.T.);
#119=ORIENTED_EDGE('',*,*,#521,.T.);
#120=ORIENTED_EDGE('',*,*,#513,.T.);
#121=ORIENTED_EDGE('',*,*,#524,.T.);
#122=ORIENTED_EDGE('',*,*,#520,.F.);
#123=ORIENTED_EDGE('',*,*,#517,.F.);
#124=ORIENTED_EDGE('',*,*,#519,.T.);
#125=ORIENTED_EDGE('',*,*,#523,.T.);
#126=ORIENTED_EDGE('',*,*,#501,.T.);
#127=ORIENTED_EDGE('',*,*,#526,.T.);
#128=ORIENTED_EDGE('',*,*,#527,.T.);
#129=ORIENTED_EDGE('',*,*,#504,.T.);
#130=ORIENTED_EDGE('',*,*,#528,.T.);
#131=ORIENTED_EDGE('',*,*,#529,.F.);
#132=ORIENTED_EDGE('',*,*,#506,.F.);
#133=ORIENTED_EDGE('',*,*,#522,.T.);
#134=ORIENTED_EDGE('',*,*,#525,.F.);
#135=ORIENTED_EDGE('',*,*,#515,.F.);
#136=ORIENTED_EDGE('',*,*,#512,.T.);
#137=ORIENTED_EDGE('',*,*,#507,.F.);
#138=ORIENTED_EDGE('',*,*,#530,.F.);
#139=ORIENTED_EDGE('',*,*,#531,.F.);
#140=ORIENTED_EDGE('',*,*,#487,.T.);
#141=ORIENTED_EDGE('',*,*,#529,.T.);
#142=ORIENTED_EDGE('',*,*,#532,.F.);
#143=ORIENTED_EDGE('',*,*,#533,.F.);
#144=ORIENTED_EDGE('',*,*,#530,.T.);
#145=ORIENTED_EDGE('',*,*,#534,.F.);
#146=ORIENTED_EDGE('',*,*,#488,.T.);
#147=ORIENTED_EDGE('',*,*,#531,.T.);
#148=ORIENTED_EDGE('',*,*,#533,.T.);
#149=ORIENTED_EDGE('',*,*,#535,.T.);
#150=ORIENTED_EDGE('',*,*,#526,.F.);
#151=ORIENTED_EDGE('',*,*,#536,.F.);
#152=ORIENTED_EDGE('',*,*,#537,.T.);
#153=ORIENTED_EDGE('',*,*,#538,.F.);
#154=ORIENTED_EDGE('',*,*,#539,.T.);
#155=ORIENTED_EDGE('',*,*,#540,.T.);
#156=ORIENTED_EDGE('',*,*,#541,.F.);
#157=ORIENTED_EDGE('',*,*,#542,.F.);
#158=ORIENTED_EDGE('',*,*,#543,.T.);
#159=ORIENTED_EDGE('',*,*,#544,.T.);
#160=ORIENTED_EDGE('',*,*,#545,.F.);
#161=ORIENTED_EDGE('',*,*,#546,.F.);
#162=ORIENTED_EDGE('',*,*,#547,.T.);
#163=ORIENTED_EDGE('',*,*,#548,.T.);
#164=ORIENTED_EDGE('',*,*,#549,.F.);
#165=ORIENTED_EDGE('',*,*,#510,.T.);
#166=ORIENTED_EDGE('',*,*,#493,.F.);
#167=ORIENTED_EDGE('',*,*,#550,.F.);
#168=ORIENTED_EDGE('',*,*,#551,.F.);
#169=ORIENTED_EDGE('',*,*,#552,.F.);
#170=ORIENTED_EDGE('',*,*,#536,.T.);
#171=ORIENTED_EDGE('',*,*,#500,.T.);
#172=ORIENTED_EDGE('',*,*,#470,.T.);
#173=ORIENTED_EDGE('',*,*,#499,.T.);
#174=ORIENTED_EDGE('',*,*,#553,.F.);
#175=ORIENTED_EDGE('',*,*,#481,.F.);
#176=ORIENTED_EDGE('',*,*,#554,.T.);
#177=ORIENTED_EDGE('',*,*,#555,.T.);
#178=ORIENTED_EDGE('',*,*,#556,.T.);
#179=ORIENTED_EDGE('',*,*,#491,.T.);
#180=ORIENTED_EDGE('',*,*,#557,.F.);
#181=ORIENTED_EDGE('',*,*,#478,.F.);
#182=ORIENTED_EDGE('',*,*,#534,.T.);
#183=ORIENTED_EDGE('',*,*,#532,.T.);
#184=ORIENTED_EDGE('',*,*,#528,.F.);
#185=ORIENTED_EDGE('',*,*,#484,.F.);
#186=ORIENTED_EDGE('',*,*,#462,.T.);
#187=ORIENTED_EDGE('',*,*,#496,.T.);
#188=ORIENTED_EDGE('',*,*,#527,.F.);
#189=ORIENTED_EDGE('',*,*,#535,.F.);
#190=ORIENTED_EDGE('',*,*,#537,.F.);
#191=ORIENTED_EDGE('',*,*,#552,.T.);
#192=ORIENTED_EDGE('',*,*,#558,.T.);
#193=ORIENTED_EDGE('',*,*,#554,.F.);
#194=ORIENTED_EDGE('',*,*,#492,.T.);
#195=ORIENTED_EDGE('',*,*,#556,.F.);
#196=ORIENTED_EDGE('',*,*,#559,.F.);
#197=ORIENTED_EDGE('',*,*,#550,.T.);
#198=ORIENTED_EDGE('',*,*,#551,.T.);
#199=ORIENTED_EDGE('',*,*,#559,.T.);
#200=ORIENTED_EDGE('',*,*,#555,.F.);
#201=ORIENTED_EDGE('',*,*,#558,.F.);
#202=ORIENTED_EDGE('',*,*,#560,.F.);
#203=ORIENTED_EDGE('',*,*,#561,.T.);
#204=ORIENTED_EDGE('',*,*,#562,.T.);
#205=ORIENTED_EDGE('',*,*,#547,.F.);
#206=ORIENTED_EDGE('',*,*,#563,.F.);
#207=ORIENTED_EDGE('',*,*,#564,.T.);
#208=ORIENTED_EDGE('',*,*,#560,.T.);
#209=ORIENTED_EDGE('',*,*,#546,.T.);
#210=ORIENTED_EDGE('',*,*,#565,.F.);
#211=ORIENTED_EDGE('',*,*,#566,.T.);
#212=ORIENTED_EDGE('',*,*,#563,.T.);
#213=ORIENTED_EDGE('',*,*,#549,.T.);
#214=ORIENTED_EDGE('',*,*,#562,.F.);
#215=ORIENTED_EDGE('',*,*,#567,.T.);
#216=ORIENTED_EDGE('',*,*,#565,.T.);
#217=ORIENTED_EDGE('',*,*,#548,.F.);
#218=ORIENTED_EDGE('',*,*,#568,.T.);
#219=ORIENTED_EDGE('',*,*,#569,.T.);
#220=ORIENTED_EDGE('',*,*,#570,.T.);
#221=ORIENTED_EDGE('',*,*,#571,.T.);
#222=ORIENTED_EDGE('',*,*,#572,.F.);
#223=ORIENTED_EDGE('',*,*,#573,.T.);
#224=ORIENTED_EDGE('',*,*,#574,.T.);
#225=ORIENTED_EDGE('',*,*,#543,.F.);
#226=ORIENTED_EDGE('',*,*,#575,.F.);
#227=ORIENTED_EDGE('',*,*,#576,.T.);
#228=ORIENTED_EDGE('',*,*,#572,.T.);
#229=ORIENTED_EDGE('',*,*,#542,.T.);
#230=ORIENTED_EDGE('',*,*,#577,.F.);
#231=ORIENTED_EDGE('',*,*,#578,.T.);
#232=ORIENTED_EDGE('',*,*,#575,.T.);
#233=ORIENTED_EDGE('',*,*,#545,.T.);
#234=ORIENTED_EDGE('',*,*,#574,.F.);
#235=ORIENTED_EDGE('',*,*,#579,.T.);
#236=ORIENTED_EDGE('',*,*,#577,.T.);
#237=ORIENTED_EDGE('',*,*,#544,.F.);
#238=ORIENTED_EDGE('',*,*,#580,.T.);
#239=ORIENTED_EDGE('',*,*,#581,.T.);
#240=ORIENTED_EDGE('',*,*,#582,.T.);
#241=ORIENTED_EDGE('',*,*,#583,.T.);
#242=ORIENTED_EDGE('',*,*,#584,.F.);
#243=ORIENTED_EDGE('',*,*,#585,.T.);
#244=ORIENTED_EDGE('',*,*,#586,.T.);
#245=ORIENTED_EDGE('',*,*,#539,.F.);
#246=ORIENTED_EDGE('',*,*,#587,.F.);
#247=ORIENTED_EDGE('',*,*,#588,.T.);
#248=ORIENTED_EDGE('',*,*,#584,.T.);
#249=ORIENTED_EDGE('',*,*,#538,.T.);
#250=ORIENTED_EDGE('',*,*,#589,.F.);
#251=ORIENTED_EDGE('',*,*,#590,.T.);
#252=ORIENTED_EDGE('',*,*,#587,.T.);
#253=ORIENTED_EDGE('',*,*,#541,.T.);
#254=ORIENTED_EDGE('',*,*,#586,.F.);
#255=ORIENTED_EDGE('',*,*,#591,.T.);
#256=ORIENTED_EDGE('',*,*,#589,.T.);
#257=ORIENTED_EDGE('',*,*,#540,.F.);
#258=ORIENTED_EDGE('',*,*,#592,.T.);
#259=ORIENTED_EDGE('',*,*,#593,.T.);
#260=ORIENTED_EDGE('',*,*,#594,.T.);
#261=ORIENTED_EDGE('',*,*,#595,.T.);
#262=ORIENTED_EDGE('',*,*,#596,.F.);
#263=ORIENTED_EDGE('',*,*,#570,.F.);
#264=ORIENTED_EDGE('',*,*,#597,.F.);
#265=ORIENTED_EDGE('',*,*,#564,.F.);
#266=ORIENTED_EDGE('',*,*,#597,.T.);
#267=ORIENTED_EDGE('',*,*,#569,.F.);
#268=ORIENTED_EDGE('',*,*,#598,.F.);
#269=ORIENTED_EDGE('',*,*,#561,.F.);
#270=ORIENTED_EDGE('',*,*,#596,.T.);
#271=ORIENTED_EDGE('',*,*,#566,.F.);
#272=ORIENTED_EDGE('',*,*,#599,.F.);
#273=ORIENTED_EDGE('',*,*,#571,.F.);
#274=ORIENTED_EDGE('',*,*,#598,.T.);
#275=ORIENTED_EDGE('',*,*,#568,.F.);
#276=ORIENTED_EDGE('',*,*,#599,.T.);
#277=ORIENTED_EDGE('',*,*,#567,.F.);
#278=ORIENTED_EDGE('',*,*,#600,.F.);
#279=ORIENTED_EDGE('',*,*,#580,.F.);
#280=ORIENTED_EDGE('',*,*,#601,.F.);
#281=ORIENTED_EDGE('',*,*,#576,.F.);
#282=ORIENTED_EDGE('',*,*,#601,.T.);
#283=ORIENTED_EDGE('',*,*,#583,.F.);
#284=ORIENTED_EDGE('',*,*,#602,.F.);
#285=ORIENTED_EDGE('',*,*,#573,.F.);
#286=ORIENTED_EDGE('',*,*,#600,.T.);
#287=ORIENTED_EDGE('',*,*,#578,.F.);
#288=ORIENTED_EDGE('',*,*,#603,.F.);
#289=ORIENTED_EDGE('',*,*,#581,.F.);
#290=ORIENTED_EDGE('',*,*,#602,.T.);
#291=ORIENTED_EDGE('',*,*,#582,.F.);
#292=ORIENTED_EDGE('',*,*,#603,.T.);
#293=ORIENTED_EDGE('',*,*,#579,.F.);
#294=ORIENTED_EDGE('',*,*,#604,.F.);
#295=ORIENTED_EDGE('',*,*,#592,.F.);
#296=ORIENTED_EDGE('',*,*,#605,.F.);
#297=ORIENTED_EDGE('',*,*,#588,.F.);
#298=ORIENTED_EDGE('',*,*,#605,.T.);
#299=ORIENTED_EDGE('',*,*,#595,.F.);
#300=ORIENTED_EDGE('',*,*,#606,.F.);
#301=ORIENTED_EDGE('',*,*,#585,.F.);
#302=ORIENTED_EDGE('',*,*,#604,.T.);
#303=ORIENTED_EDGE('',*,*,#590,.F.);
#304=ORIENTED_EDGE('',*,*,#607,.F.);
#305=ORIENTED_EDGE('',*,*,#593,.F.);
#306=ORIENTED_EDGE('',*,*,#606,.T.);
#307=ORIENTED_EDGE('',*,*,#594,.F.);
#308=ORIENTED_EDGE('',*,*,#607,.T.);
#309=ORIENTED_EDGE('',*,*,#591,.F.);
#310=ORIENTED_EDGE('',*,*,#483,.F.);
#311=ORIENTED_EDGE('',*,*,#608,.T.);
#312=ORIENTED_EDGE('',*,*,#497,.F.);
#313=ORIENTED_EDGE('',*,*,#464,.F.);
#314=ORIENTED_EDGE('',*,*,#609,.T.);
#315=ORIENTED_EDGE('',*,*,#610,.T.);
#316=ORIENTED_EDGE('',*,*,#611,.F.);
#317=ORIENTED_EDGE('',*,*,#612,.F.);
#318=ORIENTED_EDGE('',*,*,#482,.F.);
#319=ORIENTED_EDGE('',*,*,#553,.T.);
#320=ORIENTED_EDGE('',*,*,#498,.F.);
#321=ORIENTED_EDGE('',*,*,#608,.F.);
#322=ORIENTED_EDGE('',*,*,#472,.F.);
#323=ORIENTED_EDGE('',*,*,#480,.T.);
#324=ORIENTED_EDGE('',*,*,#613,.T.);
#325=ORIENTED_EDGE('',*,*,#489,.T.);
#326=ORIENTED_EDGE('',*,*,#479,.F.);
#327=ORIENTED_EDGE('',*,*,#557,.T.);
#328=ORIENTED_EDGE('',*,*,#490,.F.);
#329=ORIENTED_EDGE('',*,*,#613,.F.);
#330=ORIENTED_EDGE('',*,*,#474,.F.);
#331=ORIENTED_EDGE('',*,*,#614,.F.);
#332=ORIENTED_EDGE('',*,*,#615,.T.);
#333=ORIENTED_EDGE('',*,*,#616,.T.);
#334=ORIENTED_EDGE('',*,*,#477,.T.);
#335=ORIENTED_EDGE('',*,*,#617,.F.);
#336=ORIENTED_EDGE('',*,*,#618,.F.);
#337=ORIENTED_EDGE('',*,*,#614,.T.);
#338=ORIENTED_EDGE('',*,*,#476,.T.);
#339=ORIENTED_EDGE('',*,*,#619,.F.);
#340=ORIENTED_EDGE('',*,*,#620,.F.);
#341=ORIENTED_EDGE('',*,*,#617,.T.);
#342=ORIENTED_EDGE('',*,*,#475,.F.);
#343=ORIENTED_EDGE('',*,*,#616,.F.);
#344=ORIENTED_EDGE('',*,*,#621,.T.);
#345=ORIENTED_EDGE('',*,*,#619,.T.);
#346=ORIENTED_EDGE('',*,*,#615,.F.);
#347=ORIENTED_EDGE('',*,*,#618,.T.);
#348=ORIENTED_EDGE('',*,*,#620,.T.);
#349=ORIENTED_EDGE('',*,*,#621,.F.);
#350=ORIENTED_EDGE('',*,*,#466,.F.);
#351=ORIENTED_EDGE('',*,*,#622,.F.);
#352=ORIENTED_EDGE('',*,*,#623,.T.);
#353=ORIENTED_EDGE('',*,*,#624,.T.);
#354=ORIENTED_EDGE('',*,*,#469,.T.);
#355=ORIENTED_EDGE('',*,*,#625,.F.);
#356=ORIENTED_EDGE('',*,*,#626,.F.);
#357=ORIENTED_EDGE('',*,*,#622,.T.);
#358=ORIENTED_EDGE('',*,*,#468,.T.);
#359=ORIENTED_EDGE('',*,*,#627,.F.);
#360=ORIENTED_EDGE('',*,*,#628,.F.);
#361=ORIENTED_EDGE('',*,*,#625,.T.);
#362=ORIENTED_EDGE('',*,*,#467,.F.);
#363=ORIENTED_EDGE('',*,*,#624,.F.);
#364=ORIENTED_EDGE('',*,*,#629,.T.);
#365=ORIENTED_EDGE('',*,*,#627,.T.);
#366=ORIENTED_EDGE('',*,*,#623,.F.);
#367=ORIENTED_EDGE('',*,*,#626,.T.);
#368=ORIENTED_EDGE('',*,*,#628,.T.);
#369=ORIENTED_EDGE('',*,*,#629,.F.);
#370=ORIENTED_EDGE('',*,*,#609,.F.);
#371=ORIENTED_EDGE('',*,*,#630,.F.);
#372=ORIENTED_EDGE('',*,*,#631,.F.);
#373=ORIENTED_EDGE('',*,*,#632,.F.);
#374=ORIENTED_EDGE('',*,*,#633,.T.);
#375=ORIENTED_EDGE('',*,*,#634,.T.);
#376=ORIENTED_EDGE('',*,*,#635,.F.);
#377=ORIENTED_EDGE('',*,*,#636,.T.);
#378=ORIENTED_EDGE('',*,*,#612,.T.);
#379=ORIENTED_EDGE('',*,*,#637,.F.);
#380=ORIENTED_EDGE('',*,*,#638,.F.);
#381=ORIENTED_EDGE('',*,*,#630,.T.);
#382=ORIENTED_EDGE('',*,*,#611,.T.);
#383=ORIENTED_EDGE('',*,*,#639,.F.);
#384=ORIENTED_EDGE('',*,*,#640,.F.);
#385=ORIENTED_EDGE('',*,*,#637,.T.);
#386=ORIENTED_EDGE('',*,*,#610,.F.);
#387=ORIENTED_EDGE('',*,*,#636,.F.);
#388=ORIENTED_EDGE('',*,*,#641,.T.);
#389=ORIENTED_EDGE('',*,*,#639,.T.);
#390=ORIENTED_EDGE('',*,*,#631,.T.);
#391=ORIENTED_EDGE('',*,*,#638,.T.);
#392=ORIENTED_EDGE('',*,*,#640,.T.);
#393=ORIENTED_EDGE('',*,*,#641,.F.);
#394=ORIENTED_EDGE('',*,*,#635,.T.);
#395=ORIENTED_EDGE('',*,*,#642,.T.);
#396=ORIENTED_EDGE('',*,*,#643,.F.);
#397=ORIENTED_EDGE('',*,*,#644,.F.);
#398=ORIENTED_EDGE('',*,*,#642,.F.);
#399=ORIENTED_EDGE('',*,*,#634,.F.);
#400=ORIENTED_EDGE('',*,*,#645,.T.);
#401=ORIENTED_EDGE('',*,*,#646,.T.);
#402=ORIENTED_EDGE('',*,*,#644,.T.);
#403=ORIENTED_EDGE('',*,*,#647,.F.);
#404=ORIENTED_EDGE('',*,*,#648,.F.);
#405=ORIENTED_EDGE('',*,*,#632,.T.);
#406=ORIENTED_EDGE('',*,*,#643,.T.);
#407=ORIENTED_EDGE('',*,*,#646,.F.);
#408=ORIENTED_EDGE('',*,*,#649,.F.);
#409=ORIENTED_EDGE('',*,*,#647,.T.);
#410=ORIENTED_EDGE('',*,*,#645,.F.);
#411=ORIENTED_EDGE('',*,*,#633,.F.);
#412=ORIENTED_EDGE('',*,*,#648,.T.);
#413=ORIENTED_EDGE('',*,*,#649,.T.);
#414=ORIENTED_EDGE('',*,*,#650,.F.);
#415=ORIENTED_EDGE('',*,*,#651,.F.);
#416=ORIENTED_EDGE('',*,*,#652,.T.);
#417=ORIENTED_EDGE('',*,*,#653,.T.);
#418=ORIENTED_EDGE('',*,*,#654,.T.);
#419=ORIENTED_EDGE('',*,*,#655,.F.);
#420=ORIENTED_EDGE('',*,*,#656,.F.);
#421=ORIENTED_EDGE('',*,*,#651,.T.);
#422=ORIENTED_EDGE('',*,*,#657,.T.);
#423=ORIENTED_EDGE('',*,*,#658,.F.);
#424=ORIENTED_EDGE('',*,*,#659,.F.);
#425=ORIENTED_EDGE('',*,*,#655,.T.);
#426=ORIENTED_EDGE('',*,*,#660,.T.);
#427=ORIENTED_EDGE('',*,*,#661,.F.);
#428=ORIENTED_EDGE('',*,*,#662,.F.);
#429=ORIENTED_EDGE('',*,*,#658,.T.);
#430=ORIENTED_EDGE('',*,*,#663,.F.);
#431=ORIENTED_EDGE('',*,*,#664,.F.);
#432=ORIENTED_EDGE('',*,*,#665,.T.);
#433=ORIENTED_EDGE('',*,*,#661,.T.);
#434=ORIENTED_EDGE('',*,*,#666,.F.);
#435=ORIENTED_EDGE('',*,*,#667,.F.);
#436=ORIENTED_EDGE('',*,*,#668,.T.);
#437=ORIENTED_EDGE('',*,*,#664,.T.);
#438=ORIENTED_EDGE('',*,*,#669,.T.);
#439=ORIENTED_EDGE('',*,*,#670,.F.);
#440=ORIENTED_EDGE('',*,*,#671,.F.);
#441=ORIENTED_EDGE('',*,*,#667,.T.);
#442=ORIENTED_EDGE('',*,*,#672,.T.);
#443=ORIENTED_EDGE('',*,*,#653,.F.);
#444=ORIENTED_EDGE('',*,*,#673,.F.);
#445=ORIENTED_EDGE('',*,*,#670,.T.);
#446=ORIENTED_EDGE('',*,*,#652,.F.);
#447=ORIENTED_EDGE('',*,*,#656,.T.);
#448=ORIENTED_EDGE('',*,*,#659,.T.);
#449=ORIENTED_EDGE('',*,*,#662,.T.);
#450=ORIENTED_EDGE('',*,*,#665,.F.);
#451=ORIENTED_EDGE('',*,*,#668,.F.);
#452=ORIENTED_EDGE('',*,*,#671,.T.);
#453=ORIENTED_EDGE('',*,*,#673,.T.);
#454=ORIENTED_EDGE('',*,*,#650,.T.);
#455=ORIENTED_EDGE('',*,*,#672,.F.);
#456=ORIENTED_EDGE('',*,*,#669,.F.);
#457=ORIENTED_EDGE('',*,*,#666,.T.);
#458=ORIENTED_EDGE('',*,*,#663,.T.);
#459=ORIENTED_EDGE('',*,*,#660,.F.);
#460=ORIENTED_EDGE('',*,*,#657,.F.);
#461=ORIENTED_EDGE('',*,*,#654,.F.);
#462=EDGE_CURVE('',#674,#675,#810,.T.);
#463=EDGE_CURVE('',#674,#676,#811,.T.);
#464=EDGE_CURVE('',#676,#677,#812,.T.);
#465=EDGE_CURVE('',#677,#675,#813,.T.);
#466=EDGE_CURVE('',#678,#679,#814,.T.);
#467=EDGE_CURVE('',#679,#680,#815,.T.);
#468=EDGE_CURVE('',#681,#680,#816,.T.);
#469=EDGE_CURVE('',#678,#681,#817,.T.);
#470=EDGE_CURVE('',#682,#683,#818,.T.);
#471=EDGE_CURVE('',#682,#684,#819,.T.);
#472=EDGE_CURVE('',#684,#685,#820,.T.);
#473=EDGE_CURVE('',#685,#683,#821,.T.);
#474=EDGE_CURVE('',#686,#687,#822,.T.);
#475=EDGE_CURVE('',#687,#688,#823,.T.);
#476=EDGE_CURVE('',#689,#688,#824,.T.);
#477=EDGE_CURVE('',#686,#689,#825,.T.);
#478=EDGE_CURVE('',#690,#691,#826,.T.);
#479=EDGE_CURVE('',#691,#692,#827,.T.);
#480=EDGE_CURVE('',#684,#692,#828,.T.);
#481=EDGE_CURVE('',#682,#693,#829,.T.);
#482=EDGE_CURVE('',#693,#694,#830,.T.);
#483=EDGE_CURVE('',#694,#676,#831,.T.);
#484=EDGE_CURVE('',#674,#695,#832,.T.);
#485=EDGE_CURVE('',#695,#696,#833,.T.);
#486=EDGE_CURVE('',#696,#697,#834,.T.);
#487=EDGE_CURVE('',#698,#697,#835,.T.);
#488=EDGE_CURVE('',#690,#698,#836,.T.);
#489=EDGE_CURVE('',#699,#685,#837,.T.);
#490=EDGE_CURVE('',#699,#700,#838,.T.);
#491=EDGE_CURVE('',#701,#700,#839,.T.);
#492=EDGE_CURVE('',#702,#701,#840,.T.);
#493=EDGE_CURVE('',#702,#703,#841,.T.);
#494=EDGE_CURVE('',#703,#704,#842,.T.);
#495=EDGE_CURVE('',#705,#704,#843,.T.);
#496=EDGE_CURVE('',#675,#705,#844,.T.);
#497=EDGE_CURVE('',#677,#706,#845,.T.);
#498=EDGE_CURVE('',#706,#707,#846,.T.);
#499=EDGE_CURVE('',#683,#707,#847,.T.);
#500=EDGE_CURVE('',#708,#709,#848,.T.);
#501=EDGE_CURVE('',#710,#708,#849,.T.);
#502=EDGE_CURVE('',#710,#711,#850,.T.);
#503=EDGE_CURVE('',#711,#709,#851,.T.);
#504=EDGE_CURVE('',#705,#695,#852,.T.);
#505=EDGE_CURVE('',#704,#696,#853,.T.);
#506=EDGE_CURVE('',#712,#713,#854,.T.);
#507=EDGE_CURVE('',#713,#714,#855,.T.);
#508=EDGE_CURVE('',#715,#714,#856,.T.);
#509=EDGE_CURVE('',#712,#715,#857,.T.);
#510=EDGE_CURVE('',#709,#703,#858,.T.);
#511=EDGE_CURVE('',#711,#715,#859,.T.);
#512=EDGE_CURVE('',#697,#714,#860,.T.);
#513=EDGE_CURVE('',#716,#717,#861,.T.);
#514=EDGE_CURVE('',#718,#716,#862,.T.);
#515=EDGE_CURVE('',#718,#719,#863,.T.);
#516=EDGE_CURVE('',#719,#717,#864,.T.);
#517=EDGE_CURVE('',#716,#720,#865,.T.);
#518=EDGE_CURVE('',#721,#720,#866,.T.);
#519=EDGE_CURVE('',#718,#721,#867,.T.);
#520=EDGE_CURVE('',#720,#722,#868,.T.);
#521=EDGE_CURVE('',#723,#722,#869,.T.);
#522=EDGE_CURVE('',#712,#723,#870,.T.);
#523=EDGE_CURVE('',#721,#710,#871,.T.);
#524=EDGE_CURVE('',#717,#722,#872,.T.);
#525=EDGE_CURVE('',#719,#723,#873,.T.);
#526=EDGE_CURVE('',#708,#724,#874,.T.);
#527=EDGE_CURVE('',#724,#705,#875,.T.);
#528=EDGE_CURVE('',#695,#725,#876,.T.);
#529=EDGE_CURVE('',#713,#725,#877,.T.);
#530=EDGE_CURVE('',#726,#713,#878,.T.);
#531=EDGE_CURVE('',#698,#726,#879,.T.);
#532=EDGE_CURVE('',#727,#725,#880,.T.);
#533=EDGE_CURVE('',#726,#727,#881,.T.);
#534=EDGE_CURVE('',#690,#727,#882,.T.);
#535=EDGE_CURVE('',#728,#724,#883,.T.);
#536=EDGE_CURVE('',#729,#708,#884,.T.);
#537=EDGE_CURVE('',#729,#728,#885,.T.);
#538=EDGE_CURVE('',#730,#731,#886,.T.);
#539=EDGE_CURVE('',#730,#732,#887,.T.);
#540=EDGE_CURVE('',#732,#733,#888,.T.);
#541=EDGE_CURVE('',#731,#733,#889,.T.);
#542=EDGE_CURVE('',#734,#735,#890,.T.);
#543=EDGE_CURVE('',#734,#736,#891,.T.);
#544=EDGE_CURVE('',#736,#737,#892,.T.);
#545=EDGE_CURVE('',#735,#737,#893,.T.);
#546=EDGE_CURVE('',#738,#739,#894,.T.);
#547=EDGE_CURVE('',#738,#740,#895,.T.);
#548=EDGE_CURVE('',#740,#741,#896,.T.);
#549=EDGE_CURVE('',#739,#741,#897,.T.);
#550=EDGE_CURVE('',#742,#702,#898,.T.);
#551=EDGE_CURVE('',#743,#742,#899,.T.);
#552=EDGE_CURVE('',#729,#743,#900,.T.);
#553=EDGE_CURVE('',#693,#707,#901,.T.);
#554=EDGE_CURVE('',#728,#744,#902,.T.);
#555=EDGE_CURVE('',#744,#745,#903,.T.);
#556=EDGE_CURVE('',#745,#701,#904,.T.);
#557=EDGE_CURVE('',#691,#700,#905,.T.);
#558=EDGE_CURVE('',#743,#744,#906,.T.);
#559=EDGE_CURVE('',#742,#745,#907,.T.);
#560=EDGE_CURVE('',#746,#738,#908,.T.);
#561=EDGE_CURVE('',#746,#747,#909,.T.);
#562=EDGE_CURVE('',#747,#740,#910,.T.);
#563=EDGE_CURVE('',#748,#739,#911,.T.);
#564=EDGE_CURVE('',#748,#746,#912,.F.);
#565=EDGE_CURVE('',#749,#741,#913,.T.);
#566=EDGE_CURVE('',#749,#748,#914,.F.);
#567=EDGE_CURVE('',#747,#749,#915,.T.);
#568=EDGE_CURVE('',#750,#751,#916,.F.);
#569=EDGE_CURVE('',#751,#752,#917,.F.);
#570=EDGE_CURVE('',#752,#753,#918,.T.);
#571=EDGE_CURVE('',#753,#750,#919,.T.);
#572=EDGE_CURVE('',#754,#734,#920,.T.);
#573=EDGE_CURVE('',#754,#755,#921,.T.);
#574=EDGE_CURVE('',#755,#736,#922,.T.);
#575=EDGE_CURVE('',#756,#735,#923,.T.);
#576=EDGE_CURVE('',#756,#754,#924,.F.);
#577=EDGE_CURVE('',#757,#737,#925,.T.);
#578=EDGE_CURVE('',#757,#756,#926,.F.);
#579=EDGE_CURVE('',#755,#757,#927,.T.);
#580=EDGE_CURVE('',#758,#759,#928,.T.);
#581=EDGE_CURVE('',#759,#760,#929,.T.);
#582=EDGE_CURVE('',#760,#761,#930,.F.);
#583=EDGE_CURVE('',#761,#758,#931,.F.);
#584=EDGE_CURVE('',#762,#730,#932,.T.);
#585=EDGE_CURVE('',#762,#763,#933,.T.);
#586=EDGE_CURVE('',#763,#732,#934,.T.);
#587=EDGE_CURVE('',#764,#731,#935,.T.);
#588=EDGE_CURVE('',#764,#762,#936,.F.);
#589=EDGE_CURVE('',#765,#733,#937,.T.);
#590=EDGE_CURVE('',#765,#764,#938,.F.);
#591=EDGE_CURVE('',#763,#765,#939,.T.);
#592=EDGE_CURVE('',#766,#767,#940,.T.);
#593=EDGE_CURVE('',#767,#768,#941,.T.);
#594=EDGE_CURVE('',#768,#769,#942,.F.);
#595=EDGE_CURVE('',#769,#766,#943,.F.);
#596=EDGE_CURVE('',#753,#748,#14,.F.);
#597=EDGE_CURVE('',#746,#752,#15,.T.);
#598=EDGE_CURVE('',#747,#751,#16,.T.);
#599=EDGE_CURVE('',#750,#749,#17,.F.);
#600=EDGE_CURVE('',#759,#756,#18,.F.);
#601=EDGE_CURVE('',#754,#758,#19,.T.);
#602=EDGE_CURVE('',#755,#761,#20,.T.);
#603=EDGE_CURVE('',#760,#757,#21,.F.);
#604=EDGE_CURVE('',#767,#764,#22,.F.);
#605=EDGE_CURVE('',#762,#766,#23,.T.);
#606=EDGE_CURVE('',#763,#769,#24,.T.);
#607=EDGE_CURVE('',#768,#765,#25,.F.);
#608=EDGE_CURVE('',#694,#706,#944,.T.);
#609=EDGE_CURVE('',#770,#771,#945,.T.);
#610=EDGE_CURVE('',#771,#772,#946,.T.);
#611=EDGE_CURVE('',#773,#772,#947,.T.);
#612=EDGE_CURVE('',#770,#773,#948,.T.);
#613=EDGE_CURVE('',#692,#699,#949,.T.);
#614=EDGE_CURVE('',#774,#686,#950,.T.);
#615=EDGE_CURVE('',#774,#775,#951,.T.);
#616=EDGE_CURVE('',#775,#687,#952,.T.);
#617=EDGE_CURVE('',#776,#689,#953,.T.);
#618=EDGE_CURVE('',#774,#776,#954,.T.);
#619=EDGE_CURVE('',#777,#688,#955,.T.);
#620=EDGE_CURVE('',#776,#777,#956,.T.);
#621=EDGE_CURVE('',#775,#777,#957,.T.);
#622=EDGE_CURVE('',#778,#678,#958,.T.);
#623=EDGE_CURVE('',#778,#779,#959,.T.);
#624=EDGE_CURVE('',#779,#679,#960,.T.);
#625=EDGE_CURVE('',#780,#681,#961,.T.);
#626=EDGE_CURVE('',#778,#780,#962,.T.);
#627=EDGE_CURVE('',#781,#680,#963,.T.);
#628=EDGE_CURVE('',#780,#781,#964,.T.);
#629=EDGE_CURVE('',#779,#781,#965,.T.);
#630=EDGE_CURVE('',#782,#770,#966,.T.);
#631=EDGE_CURVE('',#783,#782,#967,.T.);
#632=EDGE_CURVE('',#784,#783,#968,.T.);
#633=EDGE_CURVE('',#784,#785,#969,.T.);
#634=EDGE_CURVE('',#785,#786,#970,.T.);
#635=EDGE_CURVE('',#787,#786,#971,.T.);
#636=EDGE_CURVE('',#787,#771,#972,.T.);
#637=EDGE_CURVE('',#788,#773,#973,.T.);
#638=EDGE_CURVE('',#782,#788,#974,.T.);
#639=EDGE_CURVE('',#789,#772,#975,.T.);
#640=EDGE_CURVE('',#788,#789,#976,.T.);
#641=EDGE_CURVE('',#787,#789,#977,.T.);
#642=EDGE_CURVE('',#786,#790,#978,.T.);
#643=EDGE_CURVE('',#791,#790,#979,.T.);
#644=EDGE_CURVE('',#783,#791,#980,.T.);
#645=EDGE_CURVE('',#785,#792,#981,.T.);
#646=EDGE_CURVE('',#792,#790,#982,.T.);
#647=EDGE_CURVE('',#793,#791,#983,.T.);
#648=EDGE_CURVE('',#784,#793,#984,.T.);
#649=EDGE_CURVE('',#793,#792,#985,.T.);
#650=EDGE_CURVE('',#794,#795,#986,.T.);
#651=EDGE_CURVE('',#796,#794,#987,.T.);
#652=EDGE_CURVE('',#796,#797,#988,.T.);
#653=EDGE_CURVE('',#797,#795,#989,.T.);
#654=EDGE_CURVE('',#794,#798,#990,.T.);
#655=EDGE_CURVE('',#799,#798,#991,.T.);
#656=EDGE_CURVE('',#796,#799,#992,.T.);
#657=EDGE_CURVE('',#798,#800,#993,.T.);
#658=EDGE_CURVE('',#801,#800,#994,.T.);
#659=EDGE_CURVE('',#799,#801,#995,.T.);
#660=EDGE_CURVE('',#800,#802,#996,.T.);
#661=EDGE_CURVE('',#803,#802,#997,.T.);
#662=EDGE_CURVE('',#801,#803,#998,.T.);
#663=EDGE_CURVE('',#804,#802,#999,.T.);
#664=EDGE_CURVE('',#805,#804,#1000,.T.);
#665=EDGE_CURVE('',#805,#803,#1001,.T.);
#666=EDGE_CURVE('',#806,#804,#1002,.T.);
#667=EDGE_CURVE('',#807,#806,#1003,.T.);
#668=EDGE_CURVE('',#807,#805,#1004,.T.);
#669=EDGE_CURVE('',#806,#808,#1005,.T.);
#670=EDGE_CURVE('',#809,#808,#1006,.T.);
#671=EDGE_CURVE('',#807,#809,#1007,.T.);
#672=EDGE_CURVE('',#808,#795,#1008,.T.);
#673=EDGE_CURVE('',#809,#797,#1009,.T.);
#674=VERTEX_POINT('',#2062);
#675=VERTEX_POINT('',#2063);
#676=VERTEX_POINT('',#2065);
#677=VERTEX_POINT('',#2067);
#678=VERTEX_POINT('',#2070);
#679=VERTEX_POINT('',#2071);
#680=VERTEX_POINT('',#2073);
#681=VERTEX_POINT('',#2075);
#682=VERTEX_POINT('',#2079);
#683=VERTEX_POINT('',#2080);
#684=VERTEX_POINT('',#2082);
#685=VERTEX_POINT('',#2084);
#686=VERTEX_POINT('',#2087);
#687=VERTEX_POINT('',#2088);
#688=VERTEX_POINT('',#2090);
#689=VERTEX_POINT('',#2092);
#690=VERTEX_POINT('',#2096);
#691=VERTEX_POINT('',#2097);
#692=VERTEX_POINT('',#2099);
#693=VERTEX_POINT('',#2102);
#694=VERTEX_POINT('',#2104);
#695=VERTEX_POINT('',#2107);
#696=VERTEX_POINT('',#2109);
#697=VERTEX_POINT('',#2111);
#698=VERTEX_POINT('',#2113);
#699=VERTEX_POINT('',#2117);
#700=VERTEX_POINT('',#2119);
#701=VERTEX_POINT('',#2121);
#702=VERTEX_POINT('',#2123);
#703=VERTEX_POINT('',#2125);
#704=VERTEX_POINT('',#2127);
#705=VERTEX_POINT('',#2129);
#706=VERTEX_POINT('',#2132);
#707=VERTEX_POINT('',#2134);
#708=VERTEX_POINT('',#2138);
#709=VERTEX_POINT('',#2139);
#710=VERTEX_POINT('',#2141);
#711=VERTEX_POINT('',#2143);
#712=VERTEX_POINT('',#2150);
#713=VERTEX_POINT('',#2151);
#714=VERTEX_POINT('',#2153);
#715=VERTEX_POINT('',#2155);
#716=VERTEX_POINT('',#2163);
#717=VERTEX_POINT('',#2164);
#718=VERTEX_POINT('',#2166);
#719=VERTEX_POINT('',#2168);
#720=VERTEX_POINT('',#2172);
#721=VERTEX_POINT('',#2174);
#722=VERTEX_POINT('',#2178);
#723=VERTEX_POINT('',#2180);
#724=VERTEX_POINT('',#2189);
#725=VERTEX_POINT('',#2192);
#726=VERTEX_POINT('',#2196);
#727=VERTEX_POINT('',#2200);
#728=VERTEX_POINT('',#2206);
#729=VERTEX_POINT('',#2208);
#730=VERTEX_POINT('',#2212);
#731=VERTEX_POINT('',#2213);
#732=VERTEX_POINT('',#2215);
#733=VERTEX_POINT('',#2217);
#734=VERTEX_POINT('',#2220);
#735=VERTEX_POINT('',#2221);
#736=VERTEX_POINT('',#2223);
#737=VERTEX_POINT('',#2225);
#738=VERTEX_POINT('',#2228);
#739=VERTEX_POINT('',#2229);
#740=VERTEX_POINT('',#2231);
#741=VERTEX_POINT('',#2233);
#742=VERTEX_POINT('',#2236);
#743=VERTEX_POINT('',#2238);
#744=VERTEX_POINT('',#2243);
#745=VERTEX_POINT('',#2245);
#746=VERTEX_POINT('',#2255);
#747=VERTEX_POINT('',#2257);
#748=VERTEX_POINT('',#2261);
#749=VERTEX_POINT('',#2265);
#750=VERTEX_POINT('',#2271);
#751=VERTEX_POINT('',#2272);
#752=VERTEX_POINT('',#2274);
#753=VERTEX_POINT('',#2276);
#754=VERTEX_POINT('',#2280);
#755=VERTEX_POINT('',#2282);
#756=VERTEX_POINT('',#2286);
#757=VERTEX_POINT('',#2290);
#758=VERTEX_POINT('',#2296);
#759=VERTEX_POINT('',#2297);
#760=VERTEX_POINT('',#2299);
#761=VERTEX_POINT('',#2301);
#762=VERTEX_POINT('',#2305);
#763=VERTEX_POINT('',#2307);
#764=VERTEX_POINT('',#2311);
#765=VERTEX_POINT('',#2315);
#766=VERTEX_POINT('',#2321);
#767=VERTEX_POINT('',#2322);
#768=VERTEX_POINT('',#2324);
#769=VERTEX_POINT('',#2326);
#770=VERTEX_POINT('',#2356);
#771=VERTEX_POINT('',#2357);
#772=VERTEX_POINT('',#2359);
#773=VERTEX_POINT('',#2361);
#774=VERTEX_POINT('',#2368);
#775=VERTEX_POINT('',#2370);
#776=VERTEX_POINT('',#2374);
#777=VERTEX_POINT('',#2378);
#778=VERTEX_POINT('',#2385);
#779=VERTEX_POINT('',#2387);
#780=VERTEX_POINT('',#2391);
#781=VERTEX_POINT('',#2395);
#782=VERTEX_POINT('',#2402);
#783=VERTEX_POINT('',#2404);
#784=VERTEX_POINT('',#2406);
#785=VERTEX_POINT('',#2408);
#786=VERTEX_POINT('',#2410);
#787=VERTEX_POINT('',#2412);
#788=VERTEX_POINT('',#2416);
#789=VERTEX_POINT('',#2420);
#790=VERTEX_POINT('',#2426);
#791=VERTEX_POINT('',#2428);
#792=VERTEX_POINT('',#2432);
#793=VERTEX_POINT('',#2436);
#794=VERTEX_POINT('',#2444);
#795=VERTEX_POINT('',#2445);
#796=VERTEX_POINT('',#2447);
#797=VERTEX_POINT('',#2449);
#798=VERTEX_POINT('',#2453);
#799=VERTEX_POINT('',#2455);
#800=VERTEX_POINT('',#2459);
#801=VERTEX_POINT('',#2461);
#802=VERTEX_POINT('',#2465);
#803=VERTEX_POINT('',#2467);
#804=VERTEX_POINT('',#2471);
#805=VERTEX_POINT('',#2473);
#806=VERTEX_POINT('',#2477);
#807=VERTEX_POINT('',#2479);
#808=VERTEX_POINT('',#2483);
#809=VERTEX_POINT('',#2485);
#810=LINE('',#2061,#1010);
#811=LINE('',#2064,#1011);
#812=LINE('',#2066,#1012);
#813=LINE('',#2068,#1013);
#814=LINE('',#2069,#1014);
#815=LINE('',#2072,#1015);
#816=LINE('',#2074,#1016);
#817=LINE('',#2076,#1017);
#818=LINE('',#2078,#1018);
#819=LINE('',#2081,#1019);
#820=LINE('',#2083,#1020);
#821=LINE('',#2085,#1021);
#822=LINE('',#2086,#1022);
#823=LINE('',#2089,#1023);
#824=LINE('',#2091,#1024);
#825=LINE('',#2093,#1025);
#826=LINE('',#2095,#1026);
#827=LINE('',#2098,#1027);
#828=LINE('',#2100,#1028);
#829=LINE('',#2101,#1029);
#830=LINE('',#2103,#1030);
#831=LINE('',#2105,#1031);
#832=LINE('',#2106,#1032);
#833=LINE('',#2108,#1033);
#834=LINE('',#2110,#1034);
#835=LINE('',#2112,#1035);
#836=LINE('',#2114,#1036);
#837=LINE('',#2116,#1037);
#838=LINE('',#2118,#1038);
#839=LINE('',#2120,#1039);
#840=LINE('',#2122,#1040);
#841=LINE('',#2124,#1041);
#842=LINE('',#2126,#1042);
#843=LINE('',#2128,#1043);
#844=LINE('',#2130,#1044);
#845=LINE('',#2131,#1045);
#846=LINE('',#2133,#1046);
#847=LINE('',#2135,#1047);
#848=LINE('',#2137,#1048);
#849=LINE('',#2140,#1049);
#850=LINE('',#2142,#1050);
#851=LINE('',#2144,#1051);
#852=LINE('',#2146,#1052);
#853=LINE('',#2147,#1053);
#854=LINE('',#2149,#1054);
#855=LINE('',#2152,#1055);
#856=LINE('',#2154,#1056);
#857=LINE('',#2156,#1057);
#858=LINE('',#2158,#1058);
#859=LINE('',#2159,#1059);
#860=LINE('',#2160,#1060);
#861=LINE('',#2162,#1061);
#862=LINE('',#2165,#1062);
#863=LINE('',#2167,#1063);
#864=LINE('',#2169,#1064);
#865=LINE('',#2171,#1065);
#866=LINE('',#2173,#1066);
#867=LINE('',#2175,#1067);
#868=LINE('',#2177,#1068);
#869=LINE('',#2179,#1069);
#870=LINE('',#2181,#1070);
#871=LINE('',#2182,#1071);
#872=LINE('',#2184,#1072);
#873=LINE('',#2185,#1073);
#874=LINE('',#2188,#1074);
#875=LINE('',#2190,#1075);
#876=LINE('',#2191,#1076);
#877=LINE('',#2193,#1077);
#878=LINE('',#2195,#1078);
#879=LINE('',#2197,#1079);
#880=LINE('',#2199,#1080);
#881=LINE('',#2201,#1081);
#882=LINE('',#2203,#1082);
#883=LINE('',#2205,#1083);
#884=LINE('',#2207,#1084);
#885=LINE('',#2209,#1085);
#886=LINE('',#2211,#1086);
#887=LINE('',#2214,#1087);
#888=LINE('',#2216,#1088);
#889=LINE('',#2218,#1089);
#890=LINE('',#2219,#1090);
#891=LINE('',#2222,#1091);
#892=LINE('',#2224,#1092);
#893=LINE('',#2226,#1093);
#894=LINE('',#2227,#1094);
#895=LINE('',#2230,#1095);
#896=LINE('',#2232,#1096);
#897=LINE('',#2234,#1097);
#898=LINE('',#2235,#1098);
#899=LINE('',#2237,#1099);
#900=LINE('',#2239,#1100);
#901=LINE('',#2241,#1101);
#902=LINE('',#2242,#1102);
#903=LINE('',#2244,#1103);
#904=LINE('',#2246,#1104);
#905=LINE('',#2247,#1105);
#906=LINE('',#2249,#1106);
#907=LINE('',#2251,#1107);
#908=LINE('',#2254,#1108);
#909=LINE('',#2256,#1109);
#910=LINE('',#2258,#1110);
#911=LINE('',#2260,#1111);
#912=LINE('',#2262,#1112);
#913=LINE('',#2264,#1113);
#914=LINE('',#2266,#1114);
#915=LINE('',#2268,#1115);
#916=LINE('',#2270,#1116);
#917=LINE('',#2273,#1117);
#918=LINE('',#2275,#1118);
#919=LINE('',#2277,#1119);
#920=LINE('',#2279,#1120);
#921=LINE('',#2281,#1121);
#922=LINE('',#2283,#1122);
#923=LINE('',#2285,#1123);
#924=LINE('',#2287,#1124);
#925=LINE('',#2289,#1125);
#926=LINE('',#2291,#1126);
#927=LINE('',#2293,#1127);
#928=LINE('',#2295,#1128);
#929=LINE('',#2298,#1129);
#930=LINE('',#2300,#1130);
#931=LINE('',#2302,#1131);
#932=LINE('',#2304,#1132);
#933=LINE('',#2306,#1133);
#934=LINE('',#2308,#1134);
#935=LINE('',#2310,#1135);
#936=LINE('',#2312,#1136);
#937=LINE('',#2314,#1137);
#938=LINE('',#2316,#1138);
#939=LINE('',#2318,#1139);
#940=LINE('',#2320,#1140);
#941=LINE('',#2323,#1141);
#942=LINE('',#2325,#1142);
#943=LINE('',#2327,#1143);
#944=LINE('',#2353,#1144);
#945=LINE('',#2355,#1145);
#946=LINE('',#2358,#1146);
#947=LINE('',#2360,#1147);
#948=LINE('',#2362,#1148);
#949=LINE('',#2364,#1149);
#950=LINE('',#2367,#1150);
#951=LINE('',#2369,#1151);
#952=LINE('',#2371,#1152);
#953=LINE('',#2373,#1153);
#954=LINE('',#2375,#1154);
#955=LINE('',#2377,#1155);
#956=LINE('',#2379,#1156);
#957=LINE('',#2381,#1157);
#958=LINE('',#2384,#1158);
#959=LINE('',#2386,#1159);
#960=LINE('',#2388,#1160);
#961=LINE('',#2390,#1161);
#962=LINE('',#2392,#1162);
#963=LINE('',#2394,#1163);
#964=LINE('',#2396,#1164);
#965=LINE('',#2398,#1165);
#966=LINE('',#2401,#1166);
#967=LINE('',#2403,#1167);
#968=LINE('',#2405,#1168);
#969=LINE('',#2407,#1169);
#970=LINE('',#2409,#1170);
#971=LINE('',#2411,#1171);
#972=LINE('',#2413,#1172);
#973=LINE('',#2415,#1173);
#974=LINE('',#2417,#1174);
#975=LINE('',#2419,#1175);
#976=LINE('',#2421,#1176);
#977=LINE('',#2423,#1177);
#978=LINE('',#2425,#1178);
#979=LINE('',#2427,#1179);
#980=LINE('',#2429,#1180);
#981=LINE('',#2431,#1181);
#982=LINE('',#2433,#1182);
#983=LINE('',#2435,#1183);
#984=LINE('',#2437,#1184);
#985=LINE('',#2439,#1185);
#986=LINE('',#2443,#1186);
#987=LINE('',#2446,#1187);
#988=LINE('',#2448,#1188);
#989=LINE('',#2450,#1189);
#990=LINE('',#2452,#1190);
#991=LINE('',#2454,#1191);
#992=LINE('',#2456,#1192);
#993=LINE('',#2458,#1193);
#994=LINE('',#2460,#1194);
#995=LINE('',#2462,#1195);
#996=LINE('',#2464,#1196);
#997=LINE('',#2466,#1197);
#998=LINE('',#2468,#1198);
#999=LINE('',#2470,#1199);
#1000=LINE('',#2472,#1200);
#1001=LINE('',#2474,#1201);
#1002=LINE('',#2476,#1202);
#1003=LINE('',#2478,#1203);
#1004=LINE('',#2480,#1204);
#1005=LINE('',#2482,#1205);
#1006=LINE('',#2484,#1206);
#1007=LINE('',#2486,#1207);
#1008=LINE('',#2488,#1208);
#1009=LINE('',#2489,#1209);
#1010=VECTOR('',#1669,1.);
#1011=VECTOR('',#1670,1.);
#1012=VECTOR('',#1671,1.);
#1013=VECTOR('',#1672,1.);
#1014=VECTOR('',#1673,1.);
#1015=VECTOR('',#1674,1.);
#1016=VECTOR('',#1675,1.);
#1017=VECTOR('',#1676,1.);
#1018=VECTOR('',#1679,1.);
#1019=VECTOR('',#1680,1.);
#1020=VECTOR('',#1681,1.);
#1021=VECTOR('',#1682,1.);
#1022=VECTOR('',#1683,1.);
#1023=VECTOR('',#1684,1.);
#1024=VECTOR('',#1685,1.);
#1025=VECTOR('',#1686,1.);
#1026=VECTOR('',#1689,1.);
#1027=VECTOR('',#1690,1.);
#1028=VECTOR('',#1691,1.);
#1029=VECTOR('',#1692,1.);
#1030=VECTOR('',#1693,1.);
#1031=VECTOR('',#1694,1.);
#1032=VECTOR('',#1695,1.);
#1033=VECTOR('',#1696,1.);
#1034=VECTOR('',#1697,1.);
#1035=VECTOR('',#1698,1.);
#1036=VECTOR('',#1699,1.);
#1037=VECTOR('',#1702,1.);
#1038=VECTOR('',#1703,1.);
#1039=VECTOR('',#1704,1.);
#1040=VECTOR('',#1705,1.);
#1041=VECTOR('',#1706,1.);
#1042=VECTOR('',#1707,1.);
#1043=VECTOR('',#1708,1.);
#1044=VECTOR('',#1709,1.);
#1045=VECTOR('',#1710,1.);
#1046=VECTOR('',#1711,1.);
#1047=VECTOR('',#1712,1.);
#1048=VECTOR('',#1715,1.);
#1049=VECTOR('',#1716,1.);
#1050=VECTOR('',#1717,1.);
#1051=VECTOR('',#1718,1.);
#1052=VECTOR('',#1721,1.);
#1053=VECTOR('',#1722,1.);
#1054=VECTOR('',#1725,1.);
#1055=VECTOR('',#1726,1.);
#1056=VECTOR('',#1727,1.);
#1057=VECTOR('',#1728,1.);
#1058=VECTOR('',#1731,1.);
#1059=VECTOR('',#1732,1.);
#1060=VECTOR('',#1733,1.);
#1061=VECTOR('',#1736,1.);
#1062=VECTOR('',#1737,1.);
#1063=VECTOR('',#1738,1.);
#1064=VECTOR('',#1739,1.);
#1065=VECTOR('',#1742,1.);
#1066=VECTOR('',#1743,1.);
#1067=VECTOR('',#1744,1.);
#1068=VECTOR('',#1747,1.);
#1069=VECTOR('',#1748,1.);
#1070=VECTOR('',#1749,1.);
#1071=VECTOR('',#1750,1.);
#1072=VECTOR('',#1753,1.);
#1073=VECTOR('',#1754,1.);
#1074=VECTOR('',#1759,1.);
#1075=VECTOR('',#1760,1.);
#1076=VECTOR('',#1761,1.);
#1077=VECTOR('',#1762,1.);
#1078=VECTOR('',#1765,1.);
#1079=VECTOR('',#1766,1.);
#1080=VECTOR('',#1769,1.);
#1081=VECTOR('',#1770,1.);
#1082=VECTOR('',#1773,1.);
#1083=VECTOR('',#1776,1.);
#1084=VECTOR('',#1777,1.);
#1085=VECTOR('',#1778,1.);
#1086=VECTOR('',#1781,1.);
#1087=VECTOR('',#1782,1.);
#1088=VECTOR('',#1783,1.);
#1089=VECTOR('',#1784,1.);
#1090=VECTOR('',#1785,1.);
#1091=VECTOR('',#1786,1.);
#1092=VECTOR('',#1787,1.);
#1093=VECTOR('',#1788,1.);
#1094=VECTOR('',#1789,1.);
#1095=VECTOR('',#1790,1.);
#1096=VECTOR('',#1791,1.);
#1097=VECTOR('',#1792,1.);
#1098=VECTOR('',#1793,1.);
#1099=VECTOR('',#1794,1.);
#1100=VECTOR('',#1795,1.);
#1101=VECTOR('',#1798,1.);
#1102=VECTOR('',#1799,1.);
#1103=VECTOR('',#1800,1.);
#1104=VECTOR('',#1801,1.);
#1105=VECTOR('',#1802,1.);
#1106=VECTOR('',#1805,1.);
#1107=VECTOR('',#1808,1.);
#1108=VECTOR('',#1813,1.);
#1109=VECTOR('',#1814,1.);
#1110=VECTOR('',#1815,1.);
#1111=VECTOR('',#1818,1.);
#1112=VECTOR('',#1819,1.);
#1113=VECTOR('',#1822,1.);
#1114=VECTOR('',#1823,1.);
#1115=VECTOR('',#1826,1.);
#1116=VECTOR('',#1829,1.);
#1117=VECTOR('',#1830,1.);
#1118=VECTOR('',#1831,1.);
#1119=VECTOR('',#1832,1.);
#1120=VECTOR('',#1835,1.);
#1121=VECTOR('',#1836,1.);
#1122=VECTOR('',#1837,1.);
#1123=VECTOR('',#1840,1.);
#1124=VECTOR('',#1841,1.);
#1125=VECTOR('',#1844,1.);
#1126=VECTOR('',#1845,1.);
#1127=VECTOR('',#1848,1.);
#1128=VECTOR('',#1851,1.);
#1129=VECTOR('',#1852,1.);
#1130=VECTOR('',#1853,1.);
#1131=VECTOR('',#1854,1.);
#1132=VECTOR('',#1857,1.);
#1133=VECTOR('',#1858,1.);
#1134=VECTOR('',#1859,1.);
#1135=VECTOR('',#1862,1.);
#1136=VECTOR('',#1863,1.);
#1137=VECTOR('',#1866,1.);
#1138=VECTOR('',#1867,1.);
#1139=VECTOR('',#1870,1.);
#1140=VECTOR('',#1873,1.);
#1141=VECTOR('',#1874,1.);
#1142=VECTOR('',#1875,1.);
#1143=VECTOR('',#1876,1.);
#1144=VECTOR('',#1927,1.);
#1145=VECTOR('',#1930,1.);
#1146=VECTOR('',#1931,1.);
#1147=VECTOR('',#1932,1.);
#1148=VECTOR('',#1933,1.);
#1149=VECTOR('',#1936,1.);
#1150=VECTOR('',#1941,1.);
#1151=VECTOR('',#1942,1.);
#1152=VECTOR('',#1943,1.);
#1153=VECTOR('',#1946,1.);
#1154=VECTOR('',#1947,1.);
#1155=VECTOR('',#1950,1.);
#1156=VECTOR('',#1951,1.);
#1157=VECTOR('',#1954,1.);
#1158=VECTOR('',#1959,1.);
#1159=VECTOR('',#1960,1.);
#1160=VECTOR('',#1961,1.);
#1161=VECTOR('',#1964,1.);
#1162=VECTOR('',#1965,1.);
#1163=VECTOR('',#1968,1.);
#1164=VECTOR('',#1969,1.);
#1165=VECTOR('',#1972,1.);
#1166=VECTOR('',#1977,1.);
#1167=VECTOR('',#1978,1.);
#1168=VECTOR('',#1979,1.);
#1169=VECTOR('',#1980,1.);
#1170=VECTOR('',#1981,1.);
#1171=VECTOR('',#1982,1.);
#1172=VECTOR('',#1983,1.);
#1173=VECTOR('',#1986,1.);
#1174=VECTOR('',#1987,1.);
#1175=VECTOR('',#1990,1.);
#1176=VECTOR('',#1991,1.);
#1177=VECTOR('',#1994,1.);
#1178=VECTOR('',#1997,1.);
#1179=VECTOR('',#1998,1.);
#1180=VECTOR('',#1999,1.);
#1181=VECTOR('',#2002,1.);
#1182=VECTOR('',#2003,1.);
#1183=VECTOR('',#2006,1.);
#1184=VECTOR('',#2007,1.);
#1185=VECTOR('',#2010,1.);
#1186=VECTOR('',#2017,1.);
#1187=VECTOR('',#2018,1.);
#1188=VECTOR('',#2019,1.);
#1189=VECTOR('',#2020,1.);
#1190=VECTOR('',#2023,1.);
#1191=VECTOR('',#2024,1.);
#1192=VECTOR('',#2025,1.);
#1193=VECTOR('',#2028,1.);
#1194=VECTOR('',#2029,1.);
#1195=VECTOR('',#2030,1.);
#1196=VECTOR('',#2033,1.);
#1197=VECTOR('',#2034,1.);
#1198=VECTOR('',#2035,1.);
#1199=VECTOR('',#2038,1.);
#1200=VECTOR('',#2039,1.);
#1201=VECTOR('',#2040,1.);
#1202=VECTOR('',#2043,1.);
#1203=VECTOR('',#2044,1.);
#1204=VECTOR('',#2045,1.);
#1205=VECTOR('',#2048,1.);
#1206=VECTOR('',#2049,1.);
#1207=VECTOR('',#2050,1.);
#1208=VECTOR('',#2053,1.);
#1209=VECTOR('',#2054,1.);
#1210=EDGE_LOOP('',(#38,#39,#40,#41));
#1211=EDGE_LOOP('',(#42,#43,#44,#45));
#1212=EDGE_LOOP('',(#46,#47,#48,#49));
#1213=EDGE_LOOP('',(#50,#51,#52,#53));
#1214=EDGE_LOOP('',(#54,#55,#56,#57,#58,#59,#60,#61,#62,#63,#64,#65,#66));
#1215=EDGE_LOOP('',(#67,#68,#69,#70,#71,#72,#73,#74,#75,#76,#77,#78,#79));
#1216=EDGE_LOOP('',(#80,#81,#82,#83));
#1217=EDGE_LOOP('',(#84,#85,#86,#87));
#1218=EDGE_LOOP('',(#88,#89,#90,#91));
#1219=EDGE_LOOP('',(#92,#93,#94,#95,#96,#97,#98,#99));
#1220=EDGE_LOOP('',(#100,#101,#102,#103));
#1221=EDGE_LOOP('',(#104,#105,#106,#107));
#1222=EDGE_LOOP('',(#108,#109,#110,#111,#112,#113,#114,#115));
#1223=EDGE_LOOP('',(#116,#117,#118,#119));
#1224=EDGE_LOOP('',(#120,#121,#122,#123));
#1225=EDGE_LOOP('',(#124,#125,#126,#127,#128,#129,#130,#131,#132,#133,#134,
#135));
#1226=EDGE_LOOP('',(#136,#137,#138,#139,#140));
#1227=EDGE_LOOP('',(#141,#142,#143,#144));
#1228=EDGE_LOOP('',(#145,#146,#147,#148));
#1229=EDGE_LOOP('',(#149,#150,#151,#152));
#1230=EDGE_LOOP('',(#153,#154,#155,#156));
#1231=EDGE_LOOP('',(#157,#158,#159,#160));
#1232=EDGE_LOOP('',(#161,#162,#163,#164));
#1233=EDGE_LOOP('',(#165,#166,#167,#168,#169,#170,#171));
#1234=EDGE_LOOP('',(#172,#173,#174,#175));
#1235=EDGE_LOOP('',(#176,#177,#178,#179,#180,#181,#182,#183,#184,#185,#186,
#187,#188,#189));
#1236=EDGE_LOOP('',(#190,#191,#192,#193));
#1237=EDGE_LOOP('',(#194,#195,#196,#197));
#1238=EDGE_LOOP('',(#198,#199,#200,#201));
#1239=EDGE_LOOP('',(#202,#203,#204,#205));
#1240=EDGE_LOOP('',(#206,#207,#208,#209));
#1241=EDGE_LOOP('',(#210,#211,#212,#213));
#1242=EDGE_LOOP('',(#214,#215,#216,#217));
#1243=EDGE_LOOP('',(#218,#219,#220,#221));
#1244=EDGE_LOOP('',(#222,#223,#224,#225));
#1245=EDGE_LOOP('',(#226,#227,#228,#229));
#1246=EDGE_LOOP('',(#230,#231,#232,#233));
#1247=EDGE_LOOP('',(#234,#235,#236,#237));
#1248=EDGE_LOOP('',(#238,#239,#240,#241));
#1249=EDGE_LOOP('',(#242,#243,#244,#245));
#1250=EDGE_LOOP('',(#246,#247,#248,#249));
#1251=EDGE_LOOP('',(#250,#251,#252,#253));
#1252=EDGE_LOOP('',(#254,#255,#256,#257));
#1253=EDGE_LOOP('',(#258,#259,#260,#261));
#1254=EDGE_LOOP('',(#262,#263,#264,#265));
#1255=EDGE_LOOP('',(#266,#267,#268,#269));
#1256=EDGE_LOOP('',(#270,#271,#272,#273));
#1257=EDGE_LOOP('',(#274,#275,#276,#277));
#1258=EDGE_LOOP('',(#278,#279,#280,#281));
#1259=EDGE_LOOP('',(#282,#283,#284,#285));
#1260=EDGE_LOOP('',(#286,#287,#288,#289));
#1261=EDGE_LOOP('',(#290,#291,#292,#293));
#1262=EDGE_LOOP('',(#294,#295,#296,#297));
#1263=EDGE_LOOP('',(#298,#299,#300,#301));
#1264=EDGE_LOOP('',(#302,#303,#304,#305));
#1265=EDGE_LOOP('',(#306,#307,#308,#309));
#1266=EDGE_LOOP('',(#310,#311,#312,#313));
#1267=EDGE_LOOP('',(#314,#315,#316,#317));
#1268=EDGE_LOOP('',(#318,#319,#320,#321));
#1269=EDGE_LOOP('',(#322,#323,#324,#325));
#1270=EDGE_LOOP('',(#326,#327,#328,#329));
#1271=EDGE_LOOP('',(#330,#331,#332,#333));
#1272=EDGE_LOOP('',(#334,#335,#336,#337));
#1273=EDGE_LOOP('',(#338,#339,#340,#341));
#1274=EDGE_LOOP('',(#342,#343,#344,#345));
#1275=EDGE_LOOP('',(#346,#347,#348,#349));
#1276=EDGE_LOOP('',(#350,#351,#352,#353));
#1277=EDGE_LOOP('',(#354,#355,#356,#357));
#1278=EDGE_LOOP('',(#358,#359,#360,#361));
#1279=EDGE_LOOP('',(#362,#363,#364,#365));
#1280=EDGE_LOOP('',(#366,#367,#368,#369));
#1281=EDGE_LOOP('',(#370,#371,#372,#373,#374,#375,#376,#377));
#1282=EDGE_LOOP('',(#378,#379,#380,#381));
#1283=EDGE_LOOP('',(#382,#383,#384,#385));
#1284=EDGE_LOOP('',(#386,#387,#388,#389));
#1285=EDGE_LOOP('',(#390,#391,#392,#393,#394,#395,#396,#397));
#1286=EDGE_LOOP('',(#398,#399,#400,#401));
#1287=EDGE_LOOP('',(#402,#403,#404,#405));
#1288=EDGE_LOOP('',(#406,#407,#408,#409));
#1289=EDGE_LOOP('',(#410,#411,#412,#413));
#1290=EDGE_LOOP('',(#414,#415,#416,#417));
#1291=EDGE_LOOP('',(#418,#419,#420,#421));
#1292=EDGE_LOOP('',(#422,#423,#424,#425));
#1293=EDGE_LOOP('',(#426,#427,#428,#429));
#1294=EDGE_LOOP('',(#430,#431,#432,#433));
#1295=EDGE_LOOP('',(#434,#435,#436,#437));
#1296=EDGE_LOOP('',(#438,#439,#440,#441));
#1297=EDGE_LOOP('',(#442,#443,#444,#445));
#1298=EDGE_LOOP('',(#446,#447,#448,#449,#450,#451,#452,#453));
#1299=EDGE_LOOP('',(#454,#455,#456,#457,#458,#459,#460,#461));
#1300=FACE_BOUND('',#1210,.T.);
#1301=FACE_BOUND('',#1211,.T.);
#1302=FACE_BOUND('',#1212,.T.);
#1303=FACE_BOUND('',#1213,.T.);
#1304=FACE_BOUND('',#1214,.T.);
#1305=FACE_BOUND('',#1215,.T.);
#1306=FACE_BOUND('',#1216,.T.);
#1307=FACE_BOUND('',#1217,.T.);
#1308=FACE_BOUND('',#1218,.T.);
#1309=FACE_BOUND('',#1219,.T.);
#1310=FACE_BOUND('',#1220,.T.);
#1311=FACE_BOUND('',#1221,.T.);
#1312=FACE_BOUND('',#1222,.T.);
#1313=FACE_BOUND('',#1223,.T.);
#1314=FACE_BOUND('',#1224,.T.);
#1315=FACE_BOUND('',#1225,.T.);
#1316=FACE_BOUND('',#1226,.T.);
#1317=FACE_BOUND('',#1227,.T.);
#1318=FACE_BOUND('',#1228,.T.);
#1319=FACE_BOUND('',#1229,.T.);
#1320=FACE_BOUND('',#1230,.T.);
#1321=FACE_BOUND('',#1231,.T.);
#1322=FACE_BOUND('',#1232,.T.);
#1323=FACE_BOUND('',#1233,.T.);
#1324=FACE_BOUND('',#1234,.T.);
#1325=FACE_BOUND('',#1235,.T.);
#1326=FACE_BOUND('',#1236,.T.);
#1327=FACE_BOUND('',#1237,.T.);
#1328=FACE_BOUND('',#1238,.T.);
#1329=FACE_BOUND('',#1239,.T.);
#1330=FACE_BOUND('',#1240,.T.);
#1331=FACE_BOUND('',#1241,.T.);
#1332=FACE_BOUND('',#1242,.T.);
#1333=FACE_BOUND('',#1243,.T.);
#1334=FACE_BOUND('',#1244,.T.);
#1335=FACE_BOUND('',#1245,.T.);
#1336=FACE_BOUND('',#1246,.T.);
#1337=FACE_BOUND('',#1247,.T.);
#1338=FACE_BOUND('',#1248,.T.);
#1339=FACE_BOUND('',#1249,.T.);
#1340=FACE_BOUND('',#1250,.T.);
#1341=FACE_BOUND('',#1251,.T.);
#1342=FACE_BOUND('',#1252,.T.);
#1343=FACE_BOUND('',#1253,.T.);
#1344=FACE_BOUND('',#1254,.T.);
#1345=FACE_BOUND('',#1255,.T.);
#1346=FACE_BOUND('',#1256,.T.);
#1347=FACE_BOUND('',#1257,.T.);
#1348=FACE_BOUND('',#1258,.T.);
#1349=FACE_BOUND('',#1259,.T.);
#1350=FACE_BOUND('',#1260,.T.);
#1351=FACE_BOUND('',#1261,.T.);
#1352=FACE_BOUND('',#1262,.T.);
#1353=FACE_BOUND('',#1263,.T.);
#1354=FACE_BOUND('',#1264,.T.);
#1355=FACE_BOUND('',#1265,.T.);
#1356=FACE_BOUND('',#1266,.T.);
#1357=FACE_BOUND('',#1267,.T.);
#1358=FACE_BOUND('',#1268,.T.);
#1359=FACE_BOUND('',#1269,.T.);
#1360=FACE_BOUND('',#1270,.T.);
#1361=FACE_BOUND('',#1271,.T.);
#1362=FACE_BOUND('',#1272,.T.);
#1363=FACE_BOUND('',#1273,.T.);
#1364=FACE_BOUND('',#1274,.T.);
#1365=FACE_BOUND('',#1275,.T.);
#1366=FACE_BOUND('',#1276,.T.);
#1367=FACE_BOUND('',#1277,.T.);
#1368=FACE_BOUND('',#1278,.T.);
#1369=FACE_BOUND('',#1279,.T.);
#1370=FACE_BOUND('',#1280,.T.);
#1371=FACE_BOUND('',#1281,.T.);
#1372=FACE_BOUND('',#1282,.T.);
#1373=FACE_BOUND('',#1283,.T.);
#1374=FACE_BOUND('',#1284,.T.);
#1375=FACE_BOUND('',#1285,.T.);
#1376=FACE_BOUND('',#1286,.T.);
#1377=FACE_BOUND('',#1287,.T.);
#1378=FACE_BOUND('',#1288,.T.);
#1379=FACE_BOUND('',#1289,.T.);
#1380=FACE_BOUND('',#1290,.T.);
#1381=FACE_BOUND('',#1291,.T.);
#1382=FACE_BOUND('',#1292,.T.);
#1383=FACE_BOUND('',#1293,.T.);
#1384=FACE_BOUND('',#1294,.T.);
#1385=FACE_BOUND('',#1295,.T.);
#1386=FACE_BOUND('',#1296,.T.);
#1387=FACE_BOUND('',#1297,.T.);
#1388=FACE_BOUND('',#1298,.T.);
#1389=FACE_BOUND('',#1299,.T.);
#1390=PLANE('',#1569);
#1391=PLANE('',#1570);
#1392=PLANE('',#1571);
#1393=PLANE('',#1572);
#1394=PLANE('',#1573);
#1395=PLANE('',#1574);
#1396=PLANE('',#1575);
#1397=PLANE('',#1576);
#1398=PLANE('',#1577);
#1399=PLANE('',#1578);
#1400=PLANE('',#1579);
#1401=PLANE('',#1580);
#1402=PLANE('',#1581);
#1403=PLANE('',#1582);
#1404=PLANE('',#1583);
#1405=PLANE('',#1584);
#1406=PLANE('',#1585);
#1407=PLANE('',#1586);
#1408=PLANE('',#1587);
#1409=PLANE('',#1588);
#1410=PLANE('',#1589);
#1411=PLANE('',#1590);
#1412=PLANE('',#1591);
#1413=PLANE('',#1592);
#1414=PLANE('',#1593);
#1415=PLANE('',#1594);
#1416=PLANE('',#1595);
#1417=PLANE('',#1596);
#1418=PLANE('',#1597);
#1419=PLANE('',#1598);
#1420=PLANE('',#1599);
#1421=PLANE('',#1600);
#1422=PLANE('',#1601);
#1423=PLANE('',#1602);
#1424=PLANE('',#1603);
#1425=PLANE('',#1604);
#1426=PLANE('',#1605);
#1427=PLANE('',#1606);
#1428=PLANE('',#1631);
#1429=PLANE('',#1632);
#1430=PLANE('',#1633);
#1431=PLANE('',#1634);
#1432=PLANE('',#1635);
#1433=PLANE('',#1636);
#1434=PLANE('',#1637);
#1435=PLANE('',#1638);
#1436=PLANE('',#1639);
#1437=PLANE('',#1640);
#1438=PLANE('',#1641);
#1439=PLANE('',#1642);
#1440=PLANE('',#1643);
#1441=PLANE('',#1644);
#1442=PLANE('',#1645);
#1443=PLANE('',#1646);
#1444=PLANE('',#1647);
#1445=PLANE('',#1648);
#1446=PLANE('',#1649);
#1447=PLANE('',#1650);
#1448=PLANE('',#1651);
#1449=PLANE('',#1652);
#1450=PLANE('',#1653);
#1451=PLANE('',#1655);
#1452=PLANE('',#1656);
#1453=PLANE('',#1657);
#1454=PLANE('',#1658);
#1455=PLANE('',#1659);
#1456=PLANE('',#1660);
#1457=PLANE('',#1661);
#1458=PLANE('',#1662);
#1459=PLANE('',#1663);
#1460=PLANE('',#1664);
#1461=ADVANCED_FACE('',(#1300,#1301),#1390,.F.);
#1462=ADVANCED_FACE('',(#1302,#1303),#1391,.F.);
#1463=ADVANCED_FACE('',(#1304),#1392,.F.);
#1464=ADVANCED_FACE('',(#1305),#1393,.F.);
#1465=ADVANCED_FACE('',(#1306),#1394,.F.);
#1466=ADVANCED_FACE('',(#1307),#1395,.F.);
#1467=ADVANCED_FACE('',(#1308),#1396,.T.);
#1468=ADVANCED_FACE('',(#1309),#1397,.T.);
#1469=ADVANCED_FACE('',(#1310),#1398,.T.);
#1470=ADVANCED_FACE('',(#1311),#1399,.F.);
#1471=ADVANCED_FACE('',(#1312),#1400,.F.);
#1472=ADVANCED_FACE('',(#1313),#1401,.T.);
#1473=ADVANCED_FACE('',(#1314),#1402,.F.);
#1474=ADVANCED_FACE('',(#1315),#1403,.T.);
#1475=ADVANCED_FACE('',(#1316),#1404,.F.);
#1476=ADVANCED_FACE('',(#1317),#1405,.F.);
#1477=ADVANCED_FACE('',(#1318),#1406,.T.);
#1478=ADVANCED_FACE('',(#1319),#1407,.T.);
#1479=ADVANCED_FACE('',(#1320,#1321,#1322,#1323),#1408,.F.);
#1480=ADVANCED_FACE('',(#1324,#1325),#1409,.T.);
#1481=ADVANCED_FACE('',(#1326),#1410,.T.);
#1482=ADVANCED_FACE('',(#1327),#1411,.F.);
#1483=ADVANCED_FACE('',(#1328),#1412,.T.);
#1484=ADVANCED_FACE('',(#1329),#1413,.T.);
#1485=ADVANCED_FACE('',(#1330),#1414,.F.);
#1486=ADVANCED_FACE('',(#1331),#1415,.F.);
#1487=ADVANCED_FACE('',(#1332),#1416,.T.);
#1488=ADVANCED_FACE('',(#1333),#1417,.T.);
#1489=ADVANCED_FACE('',(#1334),#1418,.T.);
#1490=ADVANCED_FACE('',(#1335),#1419,.F.);
#1491=ADVANCED_FACE('',(#1336),#1420,.F.);
#1492=ADVANCED_FACE('',(#1337),#1421,.T.);
#1493=ADVANCED_FACE('',(#1338),#1422,.T.);
#1494=ADVANCED_FACE('',(#1339),#1423,.T.);
#1495=ADVANCED_FACE('',(#1340),#1424,.F.);
#1496=ADVANCED_FACE('',(#1341),#1425,.F.);
#1497=ADVANCED_FACE('',(#1342),#1426,.T.);
#1498=ADVANCED_FACE('',(#1343),#1427,.T.);
#1499=ADVANCED_FACE('',(#1344),#26,.T.);
#1500=ADVANCED_FACE('',(#1345),#27,.T.);
#1501=ADVANCED_FACE('',(#1346),#28,.T.);
#1502=ADVANCED_FACE('',(#1347),#29,.T.);
#1503=ADVANCED_FACE('',(#1348),#30,.T.);
#1504=ADVANCED_FACE('',(#1349),#31,.T.);
#1505=ADVANCED_FACE('',(#1350),#32,.T.);
#1506=ADVANCED_FACE('',(#1351),#33,.T.);
#1507=ADVANCED_FACE('',(#1352),#34,.T.);
#1508=ADVANCED_FACE('',(#1353),#35,.T.);
#1509=ADVANCED_FACE('',(#1354),#36,.T.);
#1510=ADVANCED_FACE('',(#1355),#37,.T.);
#1511=ADVANCED_FACE('',(#1356),#1428,.T.);
#1512=ADVANCED_FACE('',(#1357,#1358),#1429,.T.);
#1513=ADVANCED_FACE('',(#1359),#1430,.F.);
#1514=ADVANCED_FACE('',(#1360),#1431,.T.);
#1515=ADVANCED_FACE('',(#1361),#1432,.T.);
#1516=ADVANCED_FACE('',(#1362),#1433,.F.);
#1517=ADVANCED_FACE('',(#1363),#1434,.F.);
#1518=ADVANCED_FACE('',(#1364),#1435,.T.);
#1519=ADVANCED_FACE('',(#1365),#1436,.T.);
#1520=ADVANCED_FACE('',(#1366),#1437,.T.);
#1521=ADVANCED_FACE('',(#1367),#1438,.F.);
#1522=ADVANCED_FACE('',(#1368),#1439,.F.);
#1523=ADVANCED_FACE('',(#1369),#1440,.T.);
#1524=ADVANCED_FACE('',(#1370),#1441,.T.);
#1525=ADVANCED_FACE('',(#1371),#1442,.T.);
#1526=ADVANCED_FACE('',(#1372),#1443,.F.);
#1527=ADVANCED_FACE('',(#1373),#1444,.F.);
#1528=ADVANCED_FACE('',(#1374),#1445,.T.);
#1529=ADVANCED_FACE('',(#1375),#1446,.F.);
#1530=ADVANCED_FACE('',(#1376),#1447,.T.);
#1531=ADVANCED_FACE('',(#1377),#1448,.F.);
#1532=ADVANCED_FACE('',(#1378),#1449,.F.);
#1533=ADVANCED_FACE('',(#1379),#1450,.T.);
#1534=ADVANCED_FACE('',(#1380),#1451,.T.);
#1535=ADVANCED_FACE('',(#1381),#1452,.F.);
#1536=ADVANCED_FACE('',(#1382),#1453,.F.);
#1537=ADVANCED_FACE('',(#1383),#1454,.F.);
#1538=ADVANCED_FACE('',(#1384),#1455,.T.);
#1539=ADVANCED_FACE('',(#1385),#1456,.T.);
#1540=ADVANCED_FACE('',(#1386),#1457,.F.);
#1541=ADVANCED_FACE('',(#1387),#1458,.F.);
#1542=ADVANCED_FACE('',(#1388),#1459,.T.);
#1543=ADVANCED_FACE('',(#1389),#1460,.F.);
#1544=CLOSED_SHELL('',(#1461,#1462,#1463,#1464,#1465,#1466,#1467,#1468,
#1469,#1470,#1471,#1472,#1473,#1474,#1475,#1476,#1477,#1478,#1479,#1480,
#1481,#1482,#1483,#1484,#1485,#1486,#1487,#1488,#1489,#1490,#1491,#1492,
#1493,#1494,#1495,#1496,#1497,#1498,#1499,#1500,#1501,#1502,#1503,#1504,
#1505,#1506,#1507,#1508,#1509,#1510,#1511,#1512,#1513,#1514,#1515,#1516,
#1517,#1518,#1519,#1520,#1521,#1522,#1523,#1524,#1525,#1526,#1527,#1528,
#1529,#1530,#1531,#1532,#1533));
#1545=CLOSED_SHELL('',(#1534,#1535,#1536,#1537,#1538,#1539,#1540,#1541,
#1542,#1543));
#1546=STYLED_ITEM('',(#1548),#1562);
#1547=STYLED_ITEM('',(#1549),#1563);
#1548=PRESENTATION_STYLE_ASSIGNMENT((#1550));
#1549=PRESENTATION_STYLE_ASSIGNMENT((#1551));
#1550=SURFACE_STYLE_USAGE(.BOTH.,#1552);
#1551=SURFACE_STYLE_USAGE(.BOTH.,#1553);
#1552=SURFACE_SIDE_STYLE('',(#1554));
#1553=SURFACE_SIDE_STYLE('',(#1555));
#1554=SURFACE_STYLE_FILL_AREA(#1556);
#1555=SURFACE_STYLE_FILL_AREA(#1557);
#1556=FILL_AREA_STYLE('',(#1558));
#1557=FILL_AREA_STYLE('',(#1559));
#1558=FILL_AREA_STYLE_COLOUR('',#1560);
#1559=FILL_AREA_STYLE_COLOUR('',#1561);
#1560=COLOUR_RGB('',0.615686274509804,0.811764705882353,0.929411764705882);
#1561=COLOUR_RGB('',0.647058823529412,0.647058823529412,0.647058823529412);
#1562=MANIFOLD_SOLID_BREP('Part 1',#1544);
#1563=MANIFOLD_SOLID_BREP('Part 2',#1545);
#1564=SHAPE_DEFINITION_REPRESENTATION(#2504,#1566);
#1565=SHAPE_DEFINITION_REPRESENTATION(#2505,#1567);
#1566=SHAPE_REPRESENTATION('Part 1',(#1568),#2494);
#1567=SHAPE_REPRESENTATION('Part 2',(#1654),#2495);
#1568=AXIS2_PLACEMENT_3D('',#2059,#1665,#1666);
#1569=AXIS2_PLACEMENT_3D('',#2060,#1667,#1668);
#1570=AXIS2_PLACEMENT_3D('',#2077,#1677,#1678);
#1571=AXIS2_PLACEMENT_3D('',#2094,#1687,#1688);
#1572=AXIS2_PLACEMENT_3D('',#2115,#1700,#1701);
#1573=AXIS2_PLACEMENT_3D('',#2136,#1713,#1714);
#1574=AXIS2_PLACEMENT_3D('',#2145,#1719,#1720);
#1575=AXIS2_PLACEMENT_3D('',#2148,#1723,#1724);
#1576=AXIS2_PLACEMENT_3D('',#2157,#1729,#1730);
#1577=AXIS2_PLACEMENT_3D('',#2161,#1734,#1735);
#1578=AXIS2_PLACEMENT_3D('',#2170,#1740,#1741);
#1579=AXIS2_PLACEMENT_3D('',#2176,#1745,#1746);
#1580=AXIS2_PLACEMENT_3D('',#2183,#1751,#1752);
#1581=AXIS2_PLACEMENT_3D('',#2186,#1755,#1756);
#1582=AXIS2_PLACEMENT_3D('',#2187,#1757,#1758);
#1583=AXIS2_PLACEMENT_3D('',#2194,#1763,#1764);
#1584=AXIS2_PLACEMENT_3D('',#2198,#1767,#1768);
#1585=AXIS2_PLACEMENT_3D('',#2202,#1771,#1772);
#1586=AXIS2_PLACEMENT_3D('',#2204,#1774,#1775);
#1587=AXIS2_PLACEMENT_3D('',#2210,#1779,#1780);
#1588=AXIS2_PLACEMENT_3D('',#2240,#1796,#1797);
#1589=AXIS2_PLACEMENT_3D('',#2248,#1803,#1804);
#1590=AXIS2_PLACEMENT_3D('',#2250,#1806,#1807);
#1591=AXIS2_PLACEMENT_3D('',#2252,#1809,#1810);
#1592=AXIS2_PLACEMENT_3D('',#2253,#1811,#1812);
#1593=AXIS2_PLACEMENT_3D('',#2259,#1816,#1817);
#1594=AXIS2_PLACEMENT_3D('',#2263,#1820,#1821);
#1595=AXIS2_PLACEMENT_3D('',#2267,#1824,#1825);
#1596=AXIS2_PLACEMENT_3D('',#2269,#1827,#1828);
#1597=AXIS2_PLACEMENT_3D('',#2278,#1833,#1834);
#1598=AXIS2_PLACEMENT_3D('',#2284,#1838,#1839);
#1599=AXIS2_PLACEMENT_3D('',#2288,#1842,#1843);
#1600=AXIS2_PLACEMENT_3D('',#2292,#1846,#1847);
#1601=AXIS2_PLACEMENT_3D('',#2294,#1849,#1850);
#1602=AXIS2_PLACEMENT_3D('',#2303,#1855,#1856);
#1603=AXIS2_PLACEMENT_3D('',#2309,#1860,#1861);
#1604=AXIS2_PLACEMENT_3D('',#2313,#1864,#1865);
#1605=AXIS2_PLACEMENT_3D('',#2317,#1868,#1869);
#1606=AXIS2_PLACEMENT_3D('',#2319,#1871,#1872);
#1607=AXIS2_PLACEMENT_3D('',#2328,#1877,#1878);
#1608=AXIS2_PLACEMENT_3D('',#2329,#1879,#1880);
#1609=AXIS2_PLACEMENT_3D('',#2330,#1881,#1882);
#1610=AXIS2_PLACEMENT_3D('',#2331,#1883,#1884);
#1611=AXIS2_PLACEMENT_3D('',#2332,#1885,#1886);
#1612=AXIS2_PLACEMENT_3D('',#2333,#1887,#1888);
#1613=AXIS2_PLACEMENT_3D('',#2334,#1889,#1890);
#1614=AXIS2_PLACEMENT_3D('',#2335,#1891,#1892);
#1615=AXIS2_PLACEMENT_3D('',#2336,#1893,#1894);
#1616=AXIS2_PLACEMENT_3D('',#2337,#1895,#1896);
#1617=AXIS2_PLACEMENT_3D('',#2338,#1897,#1898);
#1618=AXIS2_PLACEMENT_3D('',#2339,#1899,#1900);
#1619=AXIS2_PLACEMENT_3D('',#2340,#1901,#1902);
#1620=AXIS2_PLACEMENT_3D('',#2341,#1903,#1904);
#1621=AXIS2_PLACEMENT_3D('',#2342,#1905,#1906);
#1622=AXIS2_PLACEMENT_3D('',#2343,#1907,#1908);
#1623=AXIS2_PLACEMENT_3D('',#2344,#1909,#1910);
#1624=AXIS2_PLACEMENT_3D('',#2345,#1911,#1912);
#1625=AXIS2_PLACEMENT_3D('',#2346,#1913,#1914);
#1626=AXIS2_PLACEMENT_3D('',#2347,#1915,#1916);
#1627=AXIS2_PLACEMENT_3D('',#2348,#1917,#1918);
#1628=AXIS2_PLACEMENT_3D('',#2349,#1919,#1920);
#1629=AXIS2_PLACEMENT_3D('',#2350,#1921,#1922);
#1630=AXIS2_PLACEMENT_3D('',#2351,#1923,#1924);
#1631=AXIS2_PLACEMENT_3D('',#2352,#1925,#1926);
#1632=AXIS2_PLACEMENT_3D('',#2354,#1928,#1929);
#1633=AXIS2_PLACEMENT_3D('',#2363,#1934,#1935);
#1634=AXIS2_PLACEMENT_3D('',#2365,#1937,#1938);
#1635=AXIS2_PLACEMENT_3D('',#2366,#1939,#1940);
#1636=AXIS2_PLACEMENT_3D('',#2372,#1944,#1945);
#1637=AXIS2_PLACEMENT_3D('',#2376,#1948,#1949);
#1638=AXIS2_PLACEMENT_3D('',#2380,#1952,#1953);
#1639=AXIS2_PLACEMENT_3D('',#2382,#1955,#1956);
#1640=AXIS2_PLACEMENT_3D('',#2383,#1957,#1958);
#1641=AXIS2_PLACEMENT_3D('',#2389,#1962,#1963);
#1642=AXIS2_PLACEMENT_3D('',#2393,#1966,#1967);
#1643=AXIS2_PLACEMENT_3D('',#2397,#1970,#1971);
#1644=AXIS2_PLACEMENT_3D('',#2399,#1973,#1974);
#1645=AXIS2_PLACEMENT_3D('',#2400,#1975,#1976);
#1646=AXIS2_PLACEMENT_3D('',#2414,#1984,#1985);
#1647=AXIS2_PLACEMENT_3D('',#2418,#1988,#1989);
#1648=AXIS2_PLACEMENT_3D('',#2422,#1992,#1993);
#1649=AXIS2_PLACEMENT_3D('',#2424,#1995,#1996);
#1650=AXIS2_PLACEMENT_3D('',#2430,#2000,#2001);
#1651=AXIS2_PLACEMENT_3D('',#2434,#2004,#2005);
#1652=AXIS2_PLACEMENT_3D('',#2438,#2008,#2009);
#1653=AXIS2_PLACEMENT_3D('',#2440,#2011,#2012);
#1654=AXIS2_PLACEMENT_3D('',#2441,#2013,#2014);
#1655=AXIS2_PLACEMENT_3D('',#2442,#2015,#2016);
#1656=AXIS2_PLACEMENT_3D('',#2451,#2021,#2022);
#1657=AXIS2_PLACEMENT_3D('',#2457,#2026,#2027);
#1658=AXIS2_PLACEMENT_3D('',#2463,#2031,#2032);
#1659=AXIS2_PLACEMENT_3D('',#2469,#2036,#2037);
#1660=AXIS2_PLACEMENT_3D('',#2475,#2041,#2042);
#1661=AXIS2_PLACEMENT_3D('',#2481,#2046,#2047);
#1662=AXIS2_PLACEMENT_3D('',#2487,#2051,#2052);
#1663=AXIS2_PLACEMENT_3D('',#2490,#2055,#2056);
#1664=AXIS2_PLACEMENT_3D('',#2491,#2057,#2058);
#1665=DIRECTION('',(0.,0.,1.));
#1666=DIRECTION('',(1.,0.,0.));
#1667=DIRECTION('',(0.,0.,1.));
#1668=DIRECTION('',(1.,0.,0.));
#1669=DIRECTION('',(-1.,0.,0.));
#1670=DIRECTION('',(0.,-1.,0.));
#1671=DIRECTION('',(-1.,0.,0.));
#1672=DIRECTION('',(0.,1.,0.));
#1673=DIRECTION('',(1.,0.,0.));
#1674=DIRECTION('',(0.,1.,0.));
#1675=DIRECTION('',(1.,0.,0.));
#1676=DIRECTION('',(0.,1.,0.));
#1677=DIRECTION('',(0.,0.,1.));
#1678=DIRECTION('',(1.,0.,0.));
#1679=DIRECTION('',(-1.,0.,0.));
#1680=DIRECTION('',(0.,-1.,0.));
#1681=DIRECTION('',(-1.,0.,0.));
#1682=DIRECTION('',(0.,1.,0.));
#1683=DIRECTION('',(1.,0.,0.));
#1684=DIRECTION('',(0.,1.,0.));
#1685=DIRECTION('',(1.,0.,0.));
#1686=DIRECTION('',(0.,1.,0.));
#1687=DIRECTION('',(1.,0.,0.));
#1688=DIRECTION('',(0.,0.,-1.));
#1689=DIRECTION('',(0.,0.,-1.));
#1690=DIRECTION('',(0.,-1.,0.));
#1691=DIRECTION('',(0.,0.,1.));
#1692=DIRECTION('',(0.,0.,-1.));
#1693=DIRECTION('',(0.,-1.,0.));
#1694=DIRECTION('',(0.,0.,-1.));
#1695=DIRECTION('',(0.,0.,-1.));
#1696=DIRECTION('',(0.,0.,-1.));
#1697=DIRECTION('',(0.,-1.,0.));
#1698=DIRECTION('',(0.,0.,-1.));
#1699=DIRECTION('',(0.,-1.,0.));
#1700=DIRECTION('',(-1.,0.,0.));
#1701=DIRECTION('',(0.,0.,1.));
#1702=DIRECTION('',(0.,0.,-1.));
#1703=DIRECTION('',(0.,1.,0.));
#1704=DIRECTION('',(0.,0.,-1.));
#1705=DIRECTION('',(0.,1.,0.));
#1706=DIRECTION('',(0.,0.,-1.));
#1707=DIRECTION('',(0.,1.,0.));
#1708=DIRECTION('',(0.,0.,-1.));
#1709=DIRECTION('',(0.,0.,-1.));
#1710=DIRECTION('',(0.,0.,1.));
#1711=DIRECTION('',(0.,1.,0.));
#1712=DIRECTION('',(0.,0.,-1.));
#1713=DIRECTION('',(-1.,-2.01858731750028E-16,0.));
#1714=DIRECTION('',(2.01858731750028E-16,-1.,0.));
#1715=DIRECTION('',(0.,0.,-1.));
#1716=DIRECTION('',(-2.01858731750028E-16,1.,0.));
#1717=DIRECTION('',(0.,0.,-1.));
#1718=DIRECTION('',(-2.01858731750028E-16,1.,0.));
#1719=DIRECTION('',(0.,1.,0.));
#1720=DIRECTION('',(0.,0.,1.));
#1721=DIRECTION('',(1.,0.,0.));
#1722=DIRECTION('',(1.,0.,0.));
#1723=DIRECTION('',(-1.,0.,0.));
#1724=DIRECTION('',(0.,0.,1.));
#1725=DIRECTION('',(0.,1.,0.));
#1726=DIRECTION('',(0.,0.,-1.));
#1727=DIRECTION('',(0.,1.,0.));
#1728=DIRECTION('',(0.,0.,-1.));
#1729=DIRECTION('',(0.,0.,1.));
#1730=DIRECTION('',(1.,0.,0.));
#1731=DIRECTION('',(1.,6.16790569236198E-16,0.));
#1732=DIRECTION('',(1.,0.,0.));
#1733=DIRECTION('',(1.,0.,0.));
#1734=DIRECTION('',(0.,1.,0.));
#1735=DIRECTION('',(0.,0.,1.));
#1736=DIRECTION('',(1.,0.,0.));
#1737=DIRECTION('',(0.,0.,-1.));
#1738=DIRECTION('',(1.,0.,0.));
#1739=DIRECTION('',(0.,0.,-1.));
#1740=DIRECTION('',(1.,-1.98254111540206E-16,0.));
#1741=DIRECTION('',(1.98254111540206E-16,1.,0.));
#1742=DIRECTION('',(-1.98254111540206E-16,-1.,0.));
#1743=DIRECTION('',(0.,0.,-1.));
#1744=DIRECTION('',(-1.98254111540206E-16,-1.,0.));
#1745=DIRECTION('',(0.,1.,0.));
#1746=DIRECTION('',(0.,0.,1.));
#1747=DIRECTION('',(1.,0.,0.));
#1748=DIRECTION('',(0.,0.,-1.));
#1749=DIRECTION('',(1.,0.,0.));
#1750=DIRECTION('',(1.,0.,0.));
#1751=DIRECTION('',(1.,-1.98254111540206E-16,0.));
#1752=DIRECTION('',(1.98254111540206E-16,1.,0.));
#1753=DIRECTION('',(-1.98254111540206E-16,-1.,0.));
#1754=DIRECTION('',(-1.98254111540206E-16,-1.,0.));
#1755=DIRECTION('',(0.,0.,1.));
#1756=DIRECTION('',(1.,0.,0.));
#1757=DIRECTION('',(0.,0.,1.));
#1758=DIRECTION('',(1.,0.,0.));
#1759=DIRECTION('',(-2.01858731750028E-16,1.,0.));
#1760=DIRECTION('',(1.,0.,0.));
#1761=DIRECTION('',(1.,0.,0.));
#1762=DIRECTION('',(0.,1.,0.));
#1763=DIRECTION('',(0.,1.,0.));
#1764=DIRECTION('',(0.,0.,1.));
#1765=DIRECTION('',(0.,0.,-1.));
#1766=DIRECTION('',(1.,0.,0.));
#1767=DIRECTION('',(-1.,0.,0.));
#1768=DIRECTION('',(0.,0.,1.));
#1769=DIRECTION('',(0.,0.,-1.));
#1770=DIRECTION('',(0.,1.,0.));
#1771=DIRECTION('',(0.,0.,1.));
#1772=DIRECTION('',(1.,0.,0.));
#1773=DIRECTION('',(1.,0.,0.));
#1774=DIRECTION('',(-1.,-2.01858731750028E-16,0.));
#1775=DIRECTION('',(2.01858731750028E-16,-1.,0.));
#1776=DIRECTION('',(0.,0.,-1.));
#1777=DIRECTION('',(0.,0.,-1.));
#1778=DIRECTION('',(-2.01858731750028E-16,1.,0.));
#1779=DIRECTION('',(-6.16790569236198E-16,1.,0.));
#1780=DIRECTION('',(-1.,-6.16790569236198E-16,0.));
#1781=DIRECTION('',(0.,0.,-1.));
#1782=DIRECTION('',(1.,6.16790569236198E-16,0.));
#1783=DIRECTION('',(0.,0.,-1.));
#1784=DIRECTION('',(1.,6.16790569236198E-16,0.));
#1785=DIRECTION('',(0.,0.,-1.));
#1786=DIRECTION('',(1.,6.16790569236198E-16,0.));
#1787=DIRECTION('',(0.,0.,-1.));
#1788=DIRECTION('',(1.,6.16790569236198E-16,0.));
#1789=DIRECTION('',(0.,0.,-1.));
#1790=DIRECTION('',(1.,6.16790569236198E-16,0.));
#1791=DIRECTION('',(0.,0.,-1.));
#1792=DIRECTION('',(1.,6.16790569236198E-16,0.));
#1793=DIRECTION('',(-1.,0.,0.));
#1794=DIRECTION('',(0.,0.,-1.));
#1795=DIRECTION('',(1.,6.16790569236198E-16,0.));
#1796=DIRECTION('',(0.,1.,0.));
#1797=DIRECTION('',(0.,0.,1.));
#1798=DIRECTION('',(-1.,0.,0.));
#1799=DIRECTION('',(1.,0.,0.));
#1800=DIRECTION('',(0.,0.,-1.));
#1801=DIRECTION('',(-1.,0.,0.));
#1802=DIRECTION('',(-1.,0.,0.));
#1803=DIRECTION('',(0.,0.,1.));
#1804=DIRECTION('',(1.,0.,0.));
#1805=DIRECTION('',(0.,1.,0.));
#1806=DIRECTION('',(0.,0.,1.));
#1807=DIRECTION('',(1.,0.,0.));
#1808=DIRECTION('',(0.,1.,0.));
#1809=DIRECTION('',(1.,0.,0.));
#1810=DIRECTION('',(0.,1.,0.));
#1811=DIRECTION('',(0.,0.,1.));
#1812=DIRECTION('',(1.,0.,0.));
#1813=DIRECTION('',(-6.16790569236198E-16,1.,0.));
#1814=DIRECTION('',(1.,6.16790569236198E-16,0.));
#1815=DIRECTION('',(-6.16790569236198E-16,1.,0.));
#1816=DIRECTION('',(1.,6.16790569236198E-16,0.));
#1817=DIRECTION('',(-6.16790569236198E-16,1.,0.));
#1818=DIRECTION('',(-6.16790569236198E-16,1.,0.));
#1819=DIRECTION('',(0.,0.,-1.));
#1820=DIRECTION('',(0.,0.,1.));
#1821=DIRECTION('',(1.,0.,0.));
#1822=DIRECTION('',(-6.16790569236198E-16,1.,0.));
#1823=DIRECTION('',(1.,6.16790569236198E-16,0.));
#1824=DIRECTION('',(1.,6.16790569236198E-16,0.));
#1825=DIRECTION('',(-6.16790569236198E-16,1.,0.));
#1826=DIRECTION('',(0.,0.,-1.));
#1827=DIRECTION('',(6.16790569236198E-16,-1.,0.));
#1828=DIRECTION('',(1.,6.16790569236198E-16,0.));
#1829=DIRECTION('',(0.,0.,-1.));
#1830=DIRECTION('',(1.,6.16790569236198E-16,0.));
#1831=DIRECTION('',(0.,0.,-1.));
#1832=DIRECTION('',(1.,6.16790569236198E-16,0.));
#1833=DIRECTION('',(0.,0.,1.));
#1834=DIRECTION('',(1.,0.,0.));
#1835=DIRECTION('',(-6.16790569236198E-16,1.,0.));
#1836=DIRECTION('',(1.,6.16790569236198E-16,0.));
#1837=DIRECTION('',(-6.16790569236198E-16,1.,0.));
#1838=DIRECTION('',(1.,6.16790569236198E-16,0.));
#1839=DIRECTION('',(-6.16790569236198E-16,1.,0.));
#1840=DIRECTION('',(-6.16790569236198E-16,1.,0.));
#1841=DIRECTION('',(0.,0.,-1.));
#1842=DIRECTION('',(0.,0.,1.));
#1843=DIRECTION('',(1.,0.,0.));
#1844=DIRECTION('',(-6.16790569236198E-16,1.,0.));
#1845=DIRECTION('',(1.,6.16790569236198E-16,0.));
#1846=DIRECTION('',(1.,6.16790569236198E-16,0.));
#1847=DIRECTION('',(-6.16790569236198E-16,1.,0.));
#1848=DIRECTION('',(0.,0.,-1.));
#1849=DIRECTION('',(6.16790569236198E-16,-1.,0.));
#1850=DIRECTION('',(1.,6.16790569236198E-16,0.));
#1851=DIRECTION('',(0.,0.,-1.));
#1852=DIRECTION('',(1.,6.16790569236198E-16,0.));
#1853=DIRECTION('',(0.,0.,-1.));
#1854=DIRECTION('',(1.,6.16790569236198E-16,0.));
#1855=DIRECTION('',(0.,0.,1.));
#1856=DIRECTION('',(1.,0.,0.));
#1857=DIRECTION('',(-6.16790569236198E-16,1.,0.));
#1858=DIRECTION('',(1.,6.16790569236198E-16,0.));
#1859=DIRECTION('',(-6.16790569236198E-16,1.,0.));
#1860=DIRECTION('',(1.,6.16790569236198E-16,0.));
#1861=DIRECTION('',(-6.16790569236198E-16,1.,0.));
#1862=DIRECTION('',(-6.16790569236198E-16,1.,0.));
#1863=DIRECTION('',(0.,0.,-1.));
#1864=DIRECTION('',(0.,0.,1.));
#1865=DIRECTION('',(1.,0.,0.));
#1866=DIRECTION('',(-6.16790569236198E-16,1.,0.));
#1867=DIRECTION('',(1.,6.16790569236198E-16,0.));
#1868=DIRECTION('',(1.,6.16790569236198E-16,0.));
#1869=DIRECTION('',(-6.16790569236198E-16,1.,0.));
#1870=DIRECTION('',(0.,0.,-1.));
#1871=DIRECTION('',(6.16790569236198E-16,-1.,0.));
#1872=DIRECTION('',(1.,6.16790569236198E-16,0.));
#1873=DIRECTION('',(0.,0.,-1.));
#1874=DIRECTION('',(1.,6.16790569236198E-16,0.));
#1875=DIRECTION('',(0.,0.,-1.));
#1876=DIRECTION('',(1.,6.16790569236198E-16,0.));
#1877=DIRECTION('',(0.,0.,1.));
#1878=DIRECTION('',(1.,0.,0.));
#1879=DIRECTION('',(-0.707106781186548,-4.36136794078826E-16,0.707106781186548));
#1880=DIRECTION('',(-0.707106781186548,-4.36136794078826E-16,-0.707106781186548));
#1881=DIRECTION('',(0.707106781186548,4.36136794078826E-16,0.707106781186548));
#1882=DIRECTION('',(0.707106781186548,4.36136794078826E-16,-0.707106781186548));
#1883=DIRECTION('',(1.,6.16790569236198E-16,0.));
#1884=DIRECTION('',(-6.16790569236198E-16,1.,0.));
#1885=DIRECTION('',(0.707106781186548,4.36136794078826E-16,-0.707106781186548));
#1886=DIRECTION('',(0.707106781186548,4.36136794078826E-16,0.707106781186548));
#1887=DIRECTION('',(-1.,-6.16790569236198E-16,0.));
#1888=DIRECTION('',(6.16790569236198E-16,-1.,0.));
#1889=DIRECTION('',(-0.707106781186548,-4.36136794078826E-16,-0.707106781186548));
#1890=DIRECTION('',(-0.707106781186548,-4.36136794078826E-16,0.707106781186548));
#1891=DIRECTION('',(0.,0.,-1.));
#1892=DIRECTION('',(-1.,0.,0.));
#1893=DIRECTION('',(0.,0.,1.));
#1894=DIRECTION('',(1.,0.,0.));
#1895=DIRECTION('',(-0.707106781186548,-4.36136794078826E-16,0.707106781186548));
#1896=DIRECTION('',(-0.707106781186548,-4.36136794078826E-16,-0.707106781186548));
#1897=DIRECTION('',(0.707106781186548,4.36136794078826E-16,0.707106781186548));
#1898=DIRECTION('',(0.707106781186548,4.36136794078826E-16,-0.707106781186548));
#1899=DIRECTION('',(1.,6.16790569236198E-16,0.));
#1900=DIRECTION('',(-6.16790569236198E-16,1.,0.));
#1901=DIRECTION('',(0.707106781186548,4.36136794078826E-16,-0.707106781186548));
#1902=DIRECTION('',(0.707106781186548,4.36136794078826E-16,0.707106781186548));
#1903=DIRECTION('',(-1.,-6.16790569236198E-16,0.));
#1904=DIRECTION('',(6.16790569236198E-16,-1.,0.));
#1905=DIRECTION('',(-0.707106781186548,-4.36136794078826E-16,-0.707106781186548));
#1906=DIRECTION('',(-0.707106781186548,-4.36136794078826E-16,0.707106781186548));
#1907=DIRECTION('',(0.,0.,-1.));
#1908=DIRECTION('',(-1.,0.,0.));
#1909=DIRECTION('',(0.,0.,1.));
#1910=DIRECTION('',(1.,0.,0.));
#1911=DIRECTION('',(-0.707106781186548,-4.36136794078826E-16,0.707106781186548));
#1912=DIRECTION('',(-0.707106781186548,-4.36136794078826E-16,-0.707106781186548));
#1913=DIRECTION('',(0.707106781186548,4.36136794078826E-16,0.707106781186548));
#1914=DIRECTION('',(0.707106781186548,4.36136794078826E-16,-0.707106781186548));
#1915=DIRECTION('',(1.,6.16790569236198E-16,0.));
#1916=DIRECTION('',(-6.16790569236198E-16,1.,0.));
#1917=DIRECTION('',(0.707106781186548,4.36136794078826E-16,-0.707106781186548));
#1918=DIRECTION('',(0.707106781186548,4.36136794078826E-16,0.707106781186548));
#1919=DIRECTION('',(-1.,-6.16790569236198E-16,0.));
#1920=DIRECTION('',(6.16790569236198E-16,-1.,0.));
#1921=DIRECTION('',(-0.707106781186548,-4.36136794078826E-16,-0.707106781186548));
#1922=DIRECTION('',(-0.707106781186548,-4.36136794078826E-16,0.707106781186548));
#1923=DIRECTION('',(0.,0.,-1.));
#1924=DIRECTION('',(-1.,0.,0.));
#1925=DIRECTION('',(0.,-1.,0.));
#1926=DIRECTION('',(0.,0.,-1.));
#1927=DIRECTION('',(-1.,0.,0.));
#1928=DIRECTION('',(0.,0.,1.));
#1929=DIRECTION('',(1.,0.,0.));
#1930=DIRECTION('',(1.,0.,0.));
#1931=DIRECTION('',(0.,-1.,0.));
#1932=DIRECTION('',(1.,0.,0.));
#1933=DIRECTION('',(0.,-1.,0.));
#1934=DIRECTION('',(0.,1.,0.));
#1935=DIRECTION('',(0.,0.,1.));
#1936=DIRECTION('',(-1.,0.,0.));
#1937=DIRECTION('',(0.,0.,1.));
#1938=DIRECTION('',(1.,0.,0.));
#1939=DIRECTION('',(0.,1.,0.));
#1940=DIRECTION('',(0.,0.,1.));
#1941=DIRECTION('',(0.,0.,-1.));
#1942=DIRECTION('',(1.,0.,0.));
#1943=DIRECTION('',(0.,0.,-1.));
#1944=DIRECTION('',(-1.,0.,0.));
#1945=DIRECTION('',(0.,0.,1.));
#1946=DIRECTION('',(0.,0.,-1.));
#1947=DIRECTION('',(0.,1.,0.));
#1948=DIRECTION('',(0.,1.,0.));
#1949=DIRECTION('',(0.,0.,1.));
#1950=DIRECTION('',(0.,0.,-1.));
#1951=DIRECTION('',(1.,0.,0.));
#1952=DIRECTION('',(-1.,0.,0.));
#1953=DIRECTION('',(0.,0.,1.));
#1954=DIRECTION('',(0.,1.,0.));
#1955=DIRECTION('',(0.,0.,-1.));
#1956=DIRECTION('',(1.,0.,0.));
#1957=DIRECTION('',(0.,1.,0.));
#1958=DIRECTION('',(0.,0.,1.));
#1959=DIRECTION('',(0.,0.,-1.));
#1960=DIRECTION('',(1.,0.,0.));
#1961=DIRECTION('',(0.,0.,-1.));
#1962=DIRECTION('',(-1.,0.,0.));
#1963=DIRECTION('',(0.,0.,1.));
#1964=DIRECTION('',(0.,0.,-1.));
#1965=DIRECTION('',(0.,1.,0.));
#1966=DIRECTION('',(0.,1.,0.));
#1967=DIRECTION('',(0.,0.,1.));
#1968=DIRECTION('',(0.,0.,-1.));
#1969=DIRECTION('',(1.,0.,0.));
#1970=DIRECTION('',(-1.,0.,0.));
#1971=DIRECTION('',(0.,0.,1.));
#1972=DIRECTION('',(0.,1.,0.));
#1973=DIRECTION('',(0.,0.,-1.));
#1974=DIRECTION('',(1.,0.,0.));
#1975=DIRECTION('',(0.,1.,0.));
#1976=DIRECTION('',(0.,0.,1.));
#1977=DIRECTION('',(0.,0.,-1.));
#1978=DIRECTION('',(1.,0.,0.));
#1979=DIRECTION('',(0.,0.,-1.));
#1980=DIRECTION('',(1.,0.,0.));
#1981=DIRECTION('',(0.,0.,-1.));
#1982=DIRECTION('',(1.,0.,0.));
#1983=DIRECTION('',(0.,0.,-1.));
#1984=DIRECTION('',(1.,0.,0.));
#1985=DIRECTION('',(0.,0.,-1.));
#1986=DIRECTION('',(0.,0.,-1.));
#1987=DIRECTION('',(0.,-1.,0.));
#1988=DIRECTION('',(0.,1.,0.));
#1989=DIRECTION('',(0.,0.,1.));
#1990=DIRECTION('',(0.,0.,-1.));
#1991=DIRECTION('',(1.,0.,0.));
#1992=DIRECTION('',(1.,0.,0.));
#1993=DIRECTION('',(0.,0.,-1.));
#1994=DIRECTION('',(0.,-1.,0.));
#1995=DIRECTION('',(0.,0.,1.));
#1996=DIRECTION('',(1.,0.,0.));
#1997=DIRECTION('',(0.,-1.,0.));
#1998=DIRECTION('',(1.,0.,0.));
#1999=DIRECTION('',(0.,-1.,0.));
#2000=DIRECTION('',(1.,0.,0.));
#2001=DIRECTION('',(0.,0.,-1.));
#2002=DIRECTION('',(0.,-1.,0.));
#2003=DIRECTION('',(0.,0.,-1.));
#2004=DIRECTION('',(1.,0.,0.));
#2005=DIRECTION('',(0.,0.,-1.));
#2006=DIRECTION('',(0.,0.,-1.));
#2007=DIRECTION('',(0.,-1.,0.));
#2008=DIRECTION('',(0.,1.,0.));
#2009=DIRECTION('',(0.,0.,1.));
#2010=DIRECTION('',(1.,0.,0.));
#2011=DIRECTION('',(0.,0.,1.));
#2012=DIRECTION('',(1.,0.,0.));
#2013=DIRECTION('',(0.,0.,1.));
#2014=DIRECTION('',(1.,0.,0.));
#2015=DIRECTION('',(1.,6.16790569236198E-16,0.));
#2016=DIRECTION('',(-6.16790569236198E-16,1.,0.));
#2017=DIRECTION('',(0.,0.,-1.));
#2018=DIRECTION('',(-6.16790569236198E-16,1.,0.));
#2019=DIRECTION('',(0.,0.,-1.));
#2020=DIRECTION('',(-6.16790569236198E-16,1.,0.));
#2021=DIRECTION('',(0.,0.,1.));
#2022=DIRECTION('',(1.,0.,0.));
#2023=DIRECTION('',(1.,6.16790569236198E-16,0.));
#2024=DIRECTION('',(-6.16790569236198E-16,1.,0.));
#2025=DIRECTION('',(1.,6.16790569236198E-16,0.));
#2026=DIRECTION('',(1.,6.16790569236198E-16,0.));
#2027=DIRECTION('',(-6.16790569236198E-16,1.,0.));
#2028=DIRECTION('',(0.,0.,-1.));
#2029=DIRECTION('',(-6.16790569236198E-16,1.,0.));
#2030=DIRECTION('',(0.,0.,-1.));
#2031=DIRECTION('',(0.,0.,1.));
#2032=DIRECTION('',(1.,0.,0.));
#2033=DIRECTION('',(1.,6.16790569236198E-16,0.));
#2034=DIRECTION('',(-6.16790569236198E-16,1.,0.));
#2035=DIRECTION('',(1.,6.16790569236198E-16,0.));
#2036=DIRECTION('',(1.,6.16790569236198E-16,0.));
#2037=DIRECTION('',(-6.16790569236198E-16,1.,0.));
#2038=DIRECTION('',(0.,0.,-1.));
#2039=DIRECTION('',(-6.16790569236198E-16,1.,0.));
#2040=DIRECTION('',(0.,0.,-1.));
#2041=DIRECTION('',(0.,0.,1.));
#2042=DIRECTION('',(1.,0.,0.));
#2043=DIRECTION('',(1.,6.16790569236198E-16,0.));
#2044=DIRECTION('',(-6.16790569236198E-16,1.,0.));
#2045=DIRECTION('',(1.,6.16790569236198E-16,0.));
#2046=DIRECTION('',(1.,6.16790569236198E-16,0.));
#2047=DIRECTION('',(-6.16790569236198E-16,1.,0.));
#2048=DIRECTION('',(0.,0.,-1.));
#2049=DIRECTION('',(-6.16790569236198E-16,1.,0.));
#2050=DIRECTION('',(0.,0.,-1.));
#2051=DIRECTION('',(0.,0.,1.));
#2052=DIRECTION('',(1.,0.,0.));
#2053=DIRECTION('',(1.,6.16790569236198E-16,0.));
#2054=DIRECTION('',(1.,6.16790569236198E-16,0.));
#2055=DIRECTION('',(6.16790569236198E-16,-1.,0.));
#2056=DIRECTION('',(1.,6.16790569236198E-16,0.));
#2057=DIRECTION('',(6.16790569236198E-16,-1.,0.));
#2058=DIRECTION('',(1.,6.16790569236198E-16,0.));
#2059=CARTESIAN_POINT('',(0.,0.,0.));
#2060=CARTESIAN_POINT('',(0.0490941027014284,0.0568573871248179,0.0741791957635127));
#2061=CARTESIAN_POINT('',(0.0490941027014284,0.0675,0.0741791957635127));
#2062=CARTESIAN_POINT('',(0.048616019360151,0.0675,0.0741791957635127));
#2063=CARTESIAN_POINT('',(0.00539410270142841,0.0675,0.0741791957635127));
#2064=CARTESIAN_POINT('',(0.048616019360151,0.0565113139470759,0.0741791957635127));
#2065=CARTESIAN_POINT('',(0.048616019360151,0.0462147742496358,0.0741791957635127));
#2066=CARTESIAN_POINT('',(0.0490941027014284,0.0462147742496358,0.0741791957635127));
#2067=CARTESIAN_POINT('',(0.00539410270142841,0.0462147742496358,0.0741791957635127));
#2068=CARTESIAN_POINT('',(0.00539410270142841,0.0568573871248179,0.0741791957635127));
#2069=CARTESIAN_POINT('',(0.0267371692757907,0.0498281885840074,0.0741791957635127));
#2070=CARTESIAN_POINT('',(0.00955344149170995,0.0498281885840074,0.0741791957635127));
#2071=CARTESIAN_POINT('',(0.0439208970598716,0.0498281885840074,0.0741791957635127));
#2072=CARTESIAN_POINT('',(0.0439208970598716,0.0568497107609155,0.0741791957635127));
#2073=CARTESIAN_POINT('',(0.0439208970598716,0.0638712329378236,0.0741791957635127));
#2074=CARTESIAN_POINT('',(0.0267371692757907,0.0638712329378236,0.0741791957635127));
#2075=CARTESIAN_POINT('',(0.00955344149170995,0.0638712329378236,0.0741791957635127));
#2076=CARTESIAN_POINT('',(0.00955344149170995,0.0568497107609155,0.0741791957635127));
#2077=CARTESIAN_POINT('',(0.0490941027014284,0.0568697721840887,0.0941520867719963));
#2078=CARTESIAN_POINT('',(0.0490941027014284,0.0675,0.0941520867719963));
#2079=CARTESIAN_POINT('',(0.048616019360151,0.0675,0.0941520867719963));
#2080=CARTESIAN_POINT('',(0.00539410270142841,0.0675,0.0941520867719963));
#2081=CARTESIAN_POINT('',(0.048616019360151,0.0565113139470759,0.0941520867719963));
#2082=CARTESIAN_POINT('',(0.048616019360151,0.0462395443681774,0.0941520867719963));
#2083=CARTESIAN_POINT('',(0.0490941027014284,0.0462395443681774,0.0941520867719963));
#2084=CARTESIAN_POINT('',(0.00539410270142841,0.0462395443681774,0.0941520867719963));
#2085=CARTESIAN_POINT('',(0.00539410270142841,0.0568697721840887,0.0941520867719963));
#2086=CARTESIAN_POINT('',(0.0278281806322249,0.0503202842776933,0.0941520867719963));
#2087=CARTESIAN_POINT('',(0.00974023341379308,0.0503202842776933,0.0941520867719963));
#2088=CARTESIAN_POINT('',(0.0459161278506568,0.0503202842776933,0.0941520867719963));
#2089=CARTESIAN_POINT('',(0.0459161278506568,0.0564838114705927,0.0941520867719963));
#2090=CARTESIAN_POINT('',(0.0459161278506568,0.0626473386634921,0.0941520867719963));
#2091=CARTESIAN_POINT('',(0.0278281806322249,0.0626473386634921,0.0941520867719963));
#2092=CARTESIAN_POINT('',(0.00974023341379308,0.0626473386634921,0.0941520867719963));
#2093=CARTESIAN_POINT('',(0.00974023341379308,0.0564838114705927,0.0941520867719963));
#2094=CARTESIAN_POINT('',(0.048616019360151,0.0565113139470759,0.1395));
#2095=CARTESIAN_POINT('',(0.048616019360151,0.0675,0.1395));
#2096=CARTESIAN_POINT('',(0.048616019360151,0.0675,0.1395));
#2097=CARTESIAN_POINT('',(0.048616019360151,0.0675,0.0981851623306117));
#2098=CARTESIAN_POINT('',(0.048616019360151,0.0565113139470759,0.0981851623306117));
#2099=CARTESIAN_POINT('',(0.048616019360151,0.0462395443681774,0.0981851623306117));
#2100=CARTESIAN_POINT('',(0.048616019360151,0.0462395443681774,0.1395));
#2101=CARTESIAN_POINT('',(0.048616019360151,0.0675,0.1395));
#2102=CARTESIAN_POINT('',(0.048616019360151,0.0675,0.0787699740495885));
#2103=CARTESIAN_POINT('',(0.048616019360151,0.0565113139470759,0.0787699740495885));
#2104=CARTESIAN_POINT('',(0.048616019360151,0.0462147742496358,0.0787699740495885));
#2105=CARTESIAN_POINT('',(0.048616019360151,0.0462147742496358,0.1395));
#2106=CARTESIAN_POINT('',(0.048616019360151,0.0675,0.1395));
#2107=CARTESIAN_POINT('',(0.048616019360151,0.0675,0.004));
#2108=CARTESIAN_POINT('',(0.048616019360151,0.0675,0.1395));
#2109=CARTESIAN_POINT('',(0.048616019360151,0.0675,0.0025));
#2110=CARTESIAN_POINT('',(0.048616019360151,0.0565113139470759,0.0025));
#2111=CARTESIAN_POINT('',(0.048616019360151,0.0455226278941517,0.0025));
#2112=CARTESIAN_POINT('',(0.048616019360151,0.0455226278941517,0.1395));
#2113=CARTESIAN_POINT('',(0.048616019360151,0.0455226278941517,0.1395));
#2114=CARTESIAN_POINT('',(0.048616019360151,0.0565113139470759,0.1395));
#2115=CARTESIAN_POINT('',(0.00539410270142841,0.0562445002234315,0.1395));
#2116=CARTESIAN_POINT('',(0.00539410270142841,0.0462395443681774,0.096168624551304));
#2117=CARTESIAN_POINT('',(0.00539410270142841,0.0462395443681774,0.0981851623306117));
#2118=CARTESIAN_POINT('',(0.00539410270142841,0.0568697721840887,0.0981851623306117));
#2119=CARTESIAN_POINT('',(0.00539410270142841,0.0675,0.0981851623306117));
#2120=CARTESIAN_POINT('',(0.00539410270142841,0.0675,0.1395));
#2121=CARTESIAN_POINT('',(0.00539410270142841,0.0675,0.117660150221113));
#2122=CARTESIAN_POINT('',(0.00539410270142841,0.0562445002234315,0.117660150221113));
#2123=CARTESIAN_POINT('',(0.00539410270142841,0.044989000446863,0.117660150221113));
#2124=CARTESIAN_POINT('',(0.00539410270142841,0.044989000446863,0.1395));
#2125=CARTESIAN_POINT('',(0.00539410270142841,0.044989000446863,0.0025));
#2126=CARTESIAN_POINT('',(0.00539410270142841,0.0562445002234315,0.0025));
#2127=CARTESIAN_POINT('',(0.00539410270142841,0.0675,0.0025));
#2128=CARTESIAN_POINT('',(0.00539410270142841,0.0675,0.1395));
#2129=CARTESIAN_POINT('',(0.00539410270142841,0.0675,0.004));
#2130=CARTESIAN_POINT('',(0.00539410270142841,0.0675,0.1395));
#2131=CARTESIAN_POINT('',(0.00539410270142841,0.0462147742496358,0.0764745849065506));
#2132=CARTESIAN_POINT('',(0.00539410270142841,0.0462147742496358,0.0787699740495885));
#2133=CARTESIAN_POINT('',(0.00539410270142841,0.0568573871248179,0.0787699740495885));
#2134=CARTESIAN_POINT('',(0.00539410270142841,0.0675,0.0787699740495885));
#2135=CARTESIAN_POINT('',(0.00539410270142841,0.0675,0.1395));
#2136=CARTESIAN_POINT('',(-0.0675,-0.00125,0.004));
#2137=CARTESIAN_POINT('',(-0.0675,0.044989000446863,0.1395));
#2138=CARTESIAN_POINT('',(-0.0675,0.044989000446863,0.004));
#2139=CARTESIAN_POINT('',(-0.0675,0.044989000446863,0.0025));
#2140=CARTESIAN_POINT('',(-0.0675,-0.00125,0.004));
#2141=CARTESIAN_POINT('',(-0.0675,-0.07,0.004));
#2142=CARTESIAN_POINT('',(-0.0675,-0.07,0.004));
#2143=CARTESIAN_POINT('',(-0.0675,-0.07,0.0025));
#2144=CARTESIAN_POINT('',(-0.0675,-0.00125,0.0025));
#2145=CARTESIAN_POINT('',(2.77555756156289E-17,0.0675,0.004));
#2146=CARTESIAN_POINT('',(2.77555756156289E-17,0.0675,0.004));
#2147=CARTESIAN_POINT('',(2.77555756156289E-17,0.0675,0.0025));
#2148=CARTESIAN_POINT('',(0.0675,-0.00125,0.004));
#2149=CARTESIAN_POINT('',(0.0675,-0.00125,0.004));
#2150=CARTESIAN_POINT('',(0.0675,-0.07,0.004));
#2151=CARTESIAN_POINT('',(0.0675,0.0455226278941517,0.004));
#2152=CARTESIAN_POINT('',(0.0675,0.0455226278941517,0.1395));
#2153=CARTESIAN_POINT('',(0.0675,0.0455226278941517,0.0025));
#2154=CARTESIAN_POINT('',(0.0675,-0.00125,0.0025));
#2155=CARTESIAN_POINT('',(0.0675,-0.07,0.0025));
#2156=CARTESIAN_POINT('',(0.0675,-0.07,0.004));
#2157=CARTESIAN_POINT('',(0.,0.,0.0025));
#2158=CARTESIAN_POINT('',(-0.03375,0.044989000446863,0.0025));
#2159=CARTESIAN_POINT('',(-1.38777878078145E-17,-0.07,0.0025));
#2160=CARTESIAN_POINT('',(0.0580580096800755,0.0455226278941517,0.0025));
#2161=CARTESIAN_POINT('',(1.38777878078145E-17,0.07,0.0025));
#2162=CARTESIAN_POINT('',(1.38777878078145E-17,0.07,0.));
#2163=CARTESIAN_POINT('',(-0.07,0.07,0.));
#2164=CARTESIAN_POINT('',(0.07,0.07,0.));
#2165=CARTESIAN_POINT('',(-0.07,0.07,0.0025));
#2166=CARTESIAN_POINT('',(-0.07,0.07,0.004));
#2167=CARTESIAN_POINT('',(1.38777878078145E-17,0.07,0.004));
#2168=CARTESIAN_POINT('',(0.07,0.07,0.004));
#2169=CARTESIAN_POINT('',(0.07,0.07,0.0025));
#2170=CARTESIAN_POINT('',(-0.07,1.38777878078145E-17,0.0025));
#2171=CARTESIAN_POINT('',(-0.07,1.38777878078145E-17,0.));
#2172=CARTESIAN_POINT('',(-0.07,-0.07,0.));
#2173=CARTESIAN_POINT('',(-0.07,-0.07,0.0025));
#2174=CARTESIAN_POINT('',(-0.07,-0.07,0.004));
#2175=CARTESIAN_POINT('',(-0.07,1.38777878078145E-17,0.004));
#2176=CARTESIAN_POINT('',(-1.38777878078145E-17,-0.07,0.0025));
#2177=CARTESIAN_POINT('',(-1.38777878078145E-17,-0.07,0.));
#2178=CARTESIAN_POINT('',(0.07,-0.07,0.));
#2179=CARTESIAN_POINT('',(0.07,-0.07,0.0025));
#2180=CARTESIAN_POINT('',(0.07,-0.07,0.004));
#2181=CARTESIAN_POINT('',(-1.38777878078145E-17,-0.07,0.004));
#2182=CARTESIAN_POINT('',(-1.38777878078145E-17,-0.07,0.004));
#2183=CARTESIAN_POINT('',(0.07,1.38777878078145E-17,0.0025));
#2184=CARTESIAN_POINT('',(0.07,1.38777878078145E-17,0.));
#2185=CARTESIAN_POINT('',(0.07,1.38777878078145E-17,0.004));
#2186=CARTESIAN_POINT('',(0.,0.,0.));
#2187=CARTESIAN_POINT('',(0.,2.77555756156289E-17,0.004));
#2188=CARTESIAN_POINT('',(-0.0675,-0.00125,0.004));
#2189=CARTESIAN_POINT('',(-0.0675,0.0675,0.004));
#2190=CARTESIAN_POINT('',(2.77555756156289E-17,0.0675,0.004));
#2191=CARTESIAN_POINT('',(2.77555756156289E-17,0.0675,0.004));
#2192=CARTESIAN_POINT('',(0.0675,0.0675,0.004));
#2193=CARTESIAN_POINT('',(0.0675,-0.00125,0.004));
#2194=CARTESIAN_POINT('',(0.0580580096800755,0.0455226278941517,0.1395));
#2195=CARTESIAN_POINT('',(0.0675,0.0455226278941517,0.1395));
#2196=CARTESIAN_POINT('',(0.0675,0.0455226278941517,0.1395));
#2197=CARTESIAN_POINT('',(0.0580580096800755,0.0455226278941517,0.1395));
#2198=CARTESIAN_POINT('',(0.0675,-0.00125,0.1395));
#2199=CARTESIAN_POINT('',(0.0675,0.0675,0.1395));
#2200=CARTESIAN_POINT('',(0.0675,0.0675,0.1395));
#2201=CARTESIAN_POINT('',(0.0675,-0.00125,0.1395));
#2202=CARTESIAN_POINT('',(2.77555756156289E-17,-0.00125,0.1395));
#2203=CARTESIAN_POINT('',(2.77555756156289E-17,0.0675,0.1395));
#2204=CARTESIAN_POINT('',(-0.0675,-0.00125,0.1395));
#2205=CARTESIAN_POINT('',(-0.0675,0.0675,0.1395));
#2206=CARTESIAN_POINT('',(-0.0675,0.0675,0.1395));
#2207=CARTESIAN_POINT('',(-0.0675,0.044989000446863,0.1395));
#2208=CARTESIAN_POINT('',(-0.0675,0.044989000446863,0.1395));
#2209=CARTESIAN_POINT('',(-0.0675,-0.00125,0.1395));
#2210=CARTESIAN_POINT('',(-0.03375,0.044989000446863,0.1395));
#2211=CARTESIAN_POINT('',(-0.0626792680163207,0.044989000446863,0.117518400543397));
#2212=CARTESIAN_POINT('',(-0.0626792680163207,0.044989000446863,0.124091512516059));
#2213=CARTESIAN_POINT('',(-0.0626792680163207,0.044989000446863,0.110945288570734));
#2214=CARTESIAN_POINT('',(-0.0313396340081603,0.044989000446863,0.124091512516059));
#2215=CARTESIAN_POINT('',(-2.77487911949882E-17,0.044989000446863,0.124091512516059));
#2216=CARTESIAN_POINT('',(-2.77487911949882E-17,0.044989000446863,0.117518400543397));
#2217=CARTESIAN_POINT('',(-2.77555756156289E-17,0.044989000446863,0.110945288570734));
#2218=CARTESIAN_POINT('',(-0.0313396340081603,0.044989000446863,0.110945288570734));
#2219=CARTESIAN_POINT('',(-0.0626792680163207,0.044989000446863,0.102807789173596));
#2220=CARTESIAN_POINT('',(-0.0626792680163207,0.044989000446863,0.107927315093673));
#2221=CARTESIAN_POINT('',(-0.0626792680163207,0.044989000446863,0.097688263253518));
#2222=CARTESIAN_POINT('',(-0.0313396340081603,0.044989000446863,0.107927315093673));
#2223=CARTESIAN_POINT('',(-2.77487911949882E-17,0.044989000446863,0.107927315093673));
#2224=CARTESIAN_POINT('',(-2.77487911949882E-17,0.044989000446863,0.102807789173596));
#2225=CARTESIAN_POINT('',(-2.77555756156289E-17,0.044989000446863,0.097688263253518));
#2226=CARTESIAN_POINT('',(-0.0313396340081603,0.044989000446863,0.097688263253518));
#2227=CARTESIAN_POINT('',(-0.0634431071971571,0.044989000446863,0.0894741644286943));
#2228=CARTESIAN_POINT('',(-0.0634431071971571,0.044989000446863,0.0941454851518125));
#2229=CARTESIAN_POINT('',(-0.0634431071971571,0.044989000446863,0.0848028437055761));
#2230=CARTESIAN_POINT('',(-0.0317215535985786,0.044989000446863,0.0941454851518125));
#2231=CARTESIAN_POINT('',(-2.77487911949882E-17,0.044989000446863,0.0941454851518125));
#2232=CARTESIAN_POINT('',(-2.77487911949882E-17,0.044989000446863,0.0894741644286943));
#2233=CARTESIAN_POINT('',(-2.77555756156289E-17,0.044989000446863,0.0848028437055761));
#2234=CARTESIAN_POINT('',(-0.0317215535985786,0.044989000446863,0.0848028437055761));
#2235=CARTESIAN_POINT('',(0.0485941027014284,0.044989000446863,0.117660150221113));
#2236=CARTESIAN_POINT('',(0.0485941027014284,0.044989000446863,0.117660150221113));
#2237=CARTESIAN_POINT('',(0.0485941027014284,0.044989000446863,0.1395));
#2238=CARTESIAN_POINT('',(0.0485941027014284,0.044989000446863,0.1395));
#2239=CARTESIAN_POINT('',(-0.03375,0.044989000446863,0.1395));
#2240=CARTESIAN_POINT('',(2.77555756156289E-17,0.0675,0.1395));
#2241=CARTESIAN_POINT('',(0.0490941027014284,0.0675,0.0787699740495885));
#2242=CARTESIAN_POINT('',(2.77555756156289E-17,0.0675,0.1395));
#2243=CARTESIAN_POINT('',(0.0485941027014284,0.0675,0.1395));
#2244=CARTESIAN_POINT('',(0.0485941027014284,0.0675,0.1395));
#2245=CARTESIAN_POINT('',(0.0485941027014284,0.0675,0.117660150221113));
#2246=CARTESIAN_POINT('',(0.0485941027014284,0.0675,0.117660150221113));
#2247=CARTESIAN_POINT('',(0.0490941027014284,0.0675,0.0981851623306117));
#2248=CARTESIAN_POINT('',(2.77555756156289E-17,-0.00125,0.1395));
#2249=CARTESIAN_POINT('',(0.0485941027014284,0.0562445002234315,0.1395));
#2250=CARTESIAN_POINT('',(0.0485941027014284,0.0562445002234315,0.117660150221113));
#2251=CARTESIAN_POINT('',(0.0485941027014284,0.0562445002234315,0.117660150221113));
#2252=CARTESIAN_POINT('',(0.0485941027014284,0.0562445002234315,0.071));
#2253=CARTESIAN_POINT('',(-0.0317215535985786,0.041789000446863,0.0941454851518125));
#2254=CARTESIAN_POINT('',(-0.0634431071971571,0.0417890004468629,0.0941454851518125));
#2255=CARTESIAN_POINT('',(-0.0634431071971571,0.043050780446863,0.0941454851518125));
#2256=CARTESIAN_POINT('',(-0.0317215535985786,0.043050780446863,0.0941454851518125));
#2257=CARTESIAN_POINT('',(-2.65533153778832E-17,0.043050780446863,0.0941454851518125));
#2258=CARTESIAN_POINT('',(-2.57750613734323E-17,0.041789000446863,0.0941454851518125));
#2259=CARTESIAN_POINT('',(-0.0634431071971571,0.0417890004468629,0.0894741644286943));
#2260=CARTESIAN_POINT('',(-0.0634431071971571,0.0417890004468629,0.0848028437055761));
#2261=CARTESIAN_POINT('',(-0.0634431071971571,0.043050780446863,0.0848028437055761));
#2262=CARTESIAN_POINT('',(-0.0634431071971571,0.043050780446863,0.0941454851518125));
#2263=CARTESIAN_POINT('',(-0.0317215535985786,0.041789000446863,0.0848028437055761));
#2264=CARTESIAN_POINT('',(-2.57750613734323E-17,0.041789000446863,0.0848028437055761));
#2265=CARTESIAN_POINT('',(-2.65533153778832E-17,0.043050780446863,0.0848028437055761));
#2266=CARTESIAN_POINT('',(-0.0634431071971571,0.043050780446863,0.0848028437055761));
#2267=CARTESIAN_POINT('',(-2.57750613734323E-17,0.041789000446863,0.0894741644286943));
#2268=CARTESIAN_POINT('',(-2.65533153778832E-17,0.043050780446863,0.0894741644286943));
#2269=CARTESIAN_POINT('',(-0.00945294864928579,0.041789000446863,0.071));
#2270=CARTESIAN_POINT('',(-0.00126178000000003,0.041789000446863,0.071));
#2271=CARTESIAN_POINT('',(-0.00126178000000003,0.041789000446863,0.0860646237055762));
#2272=CARTESIAN_POINT('',(-0.00126178000000003,0.041789000446863,0.0928837051518124));
#2273=CARTESIAN_POINT('',(-0.00945294864928579,0.041789000446863,0.0928837051518124));
#2274=CARTESIAN_POINT('',(-0.0621813271971571,0.0417890004468629,0.0928837051518124));
#2275=CARTESIAN_POINT('',(-0.0621813271971571,0.0417890004468629,0.0848028437055761));
#2276=CARTESIAN_POINT('',(-0.0621813271971571,0.0417890004468629,0.0860646237055762));
#2277=CARTESIAN_POINT('',(-2.52425981352012E-17,0.041789000446863,0.0860646237055762));
#2278=CARTESIAN_POINT('',(-0.0313396340081603,0.041789000446863,0.107927315093673));
#2279=CARTESIAN_POINT('',(-0.0626792680163207,0.0417890004468629,0.107927315093673));
#2280=CARTESIAN_POINT('',(-0.0626792680163207,0.043050780446863,0.107927315093673));
#2281=CARTESIAN_POINT('',(-0.0313396340081603,0.043050780446863,0.107927315093673));
#2282=CARTESIAN_POINT('',(-2.65533153778832E-17,0.043050780446863,0.107927315093673));
#2283=CARTESIAN_POINT('',(-2.57750613734323E-17,0.041789000446863,0.107927315093673));
#2284=CARTESIAN_POINT('',(-0.0626792680163207,0.0417890004468629,0.102807789173596));
#2285=CARTESIAN_POINT('',(-0.0626792680163207,0.0417890004468629,0.097688263253518));
#2286=CARTESIAN_POINT('',(-0.0626792680163207,0.043050780446863,0.097688263253518));
#2287=CARTESIAN_POINT('',(-0.0626792680163207,0.043050780446863,0.107927315093673));
#2288=CARTESIAN_POINT('',(-0.0313396340081603,0.041789000446863,0.097688263253518));
#2289=CARTESIAN_POINT('',(-2.57750613734323E-17,0.041789000446863,0.097688263253518));
#2290=CARTESIAN_POINT('',(-2.65533153778832E-17,0.043050780446863,0.097688263253518));
#2291=CARTESIAN_POINT('',(-0.0626792680163207,0.043050780446863,0.097688263253518));
#2292=CARTESIAN_POINT('',(-2.57750613734323E-17,0.041789000446863,0.102807789173596));
#2293=CARTESIAN_POINT('',(-2.65533153778832E-17,0.043050780446863,0.102807789173596));
#2294=CARTESIAN_POINT('',(-0.00945294864928579,0.041789000446863,0.071));
#2295=CARTESIAN_POINT('',(-0.0614174880163207,0.0417890004468629,0.097688263253518));
#2296=CARTESIAN_POINT('',(-0.0614174880163207,0.0417890004468629,0.106665535093673));
#2297=CARTESIAN_POINT('',(-0.0614174880163207,0.0417890004468629,0.098950043253518));
#2298=CARTESIAN_POINT('',(-2.52425981352012E-17,0.041789000446863,0.098950043253518));
#2299=CARTESIAN_POINT('',(-0.00126178000000003,0.041789000446863,0.098950043253518));
#2300=CARTESIAN_POINT('',(-0.00126178000000003,0.041789000446863,0.071));
#2301=CARTESIAN_POINT('',(-0.00126178000000003,0.041789000446863,0.106665535093673));
#2302=CARTESIAN_POINT('',(-0.00945294864928579,0.041789000446863,0.106665535093673));
#2303=CARTESIAN_POINT('',(-0.0313396340081603,0.041789000446863,0.124091512516059));
#2304=CARTESIAN_POINT('',(-0.0626792680163207,0.0417890004468629,0.124091512516059));
#2305=CARTESIAN_POINT('',(-0.0626792680163207,0.043050780446863,0.124091512516059));
#2306=CARTESIAN_POINT('',(-0.0313396340081603,0.043050780446863,0.124091512516059));
#2307=CARTESIAN_POINT('',(-2.65533153778832E-17,0.043050780446863,0.124091512516059));
#2308=CARTESIAN_POINT('',(-2.57750613734323E-17,0.041789000446863,0.124091512516059));
#2309=CARTESIAN_POINT('',(-0.0626792680163207,0.0417890004468629,0.117518400543397));
#2310=CARTESIAN_POINT('',(-0.0626792680163207,0.0417890004468629,0.110945288570734));
#2311=CARTESIAN_POINT('',(-0.0626792680163207,0.043050780446863,0.110945288570734));
#2312=CARTESIAN_POINT('',(-0.0626792680163207,0.043050780446863,0.124091512516059));
#2313=CARTESIAN_POINT('',(-0.0313396340081603,0.041789000446863,0.110945288570734));
#2314=CARTESIAN_POINT('',(-2.57750613734323E-17,0.041789000446863,0.110945288570734));
#2315=CARTESIAN_POINT('',(-2.65533153778832E-17,0.043050780446863,0.110945288570734));
#2316=CARTESIAN_POINT('',(-0.0626792680163207,0.043050780446863,0.110945288570734));
#2317=CARTESIAN_POINT('',(-2.57750613734323E-17,0.041789000446863,0.117518400543397));
#2318=CARTESIAN_POINT('',(-2.65533153778832E-17,0.043050780446863,0.117518400543397));
#2319=CARTESIAN_POINT('',(-0.00945294864928579,0.041789000446863,0.071));
#2320=CARTESIAN_POINT('',(-0.0614174880163207,0.0417890004468629,0.110945288570734));
#2321=CARTESIAN_POINT('',(-0.0614174880163207,0.0417890004468629,0.122829732516059));
#2322=CARTESIAN_POINT('',(-0.0614174880163207,0.0417890004468629,0.112207068570734));
#2323=CARTESIAN_POINT('',(-2.52425981352012E-17,0.041789000446863,0.112207068570734));
#2324=CARTESIAN_POINT('',(-0.00126178000000003,0.041789000446863,0.112207068570734));
#2325=CARTESIAN_POINT('',(-0.00126178000000003,0.041789000446863,0.071));
#2326=CARTESIAN_POINT('',(-0.00126178000000003,0.041789000446863,0.122829732516059));
#2327=CARTESIAN_POINT('',(-0.00945294864928579,0.041789000446863,0.122829732516059));
#2328=CARTESIAN_POINT('',(-0.0621813271971571,0.043050780446863,0.071));
#2329=CARTESIAN_POINT('',(-0.0621813271971571,0.043050780446863,0.0860646237055762));
#2330=CARTESIAN_POINT('',(-0.0621813271971571,0.043050780446863,0.0928837051518124));
#2331=CARTESIAN_POINT('',(-0.0317215535985786,0.043050780446863,0.0928837051518124));
#2332=CARTESIAN_POINT('',(-0.00126178000000003,0.043050780446863,0.0928837051518124));
#2333=CARTESIAN_POINT('',(-0.00945294864928579,0.043050780446863,0.0860646237055762));
#2334=CARTESIAN_POINT('',(-0.00126178000000003,0.043050780446863,0.0860646237055762));
#2335=CARTESIAN_POINT('',(-0.00126178000000003,0.043050780446863,0.0894741644286943));
#2336=CARTESIAN_POINT('',(-0.0614174880163207,0.043050780446863,0.071));
#2337=CARTESIAN_POINT('',(-0.0614174880163207,0.043050780446863,0.098950043253518));
#2338=CARTESIAN_POINT('',(-0.0614174880163207,0.043050780446863,0.106665535093673));
#2339=CARTESIAN_POINT('',(-0.0313396340081603,0.043050780446863,0.106665535093673));
#2340=CARTESIAN_POINT('',(-0.00126178000000003,0.043050780446863,0.106665535093673));
#2341=CARTESIAN_POINT('',(-0.00945294864928579,0.043050780446863,0.098950043253518));
#2342=CARTESIAN_POINT('',(-0.00126178000000003,0.043050780446863,0.098950043253518));
#2343=CARTESIAN_POINT('',(-0.00126178000000003,0.043050780446863,0.102807789173596));
#2344=CARTESIAN_POINT('',(-0.0614174880163207,0.043050780446863,0.071));
#2345=CARTESIAN_POINT('',(-0.0614174880163207,0.043050780446863,0.112207068570734));
#2346=CARTESIAN_POINT('',(-0.0614174880163207,0.043050780446863,0.122829732516059));
#2347=CARTESIAN_POINT('',(-0.0313396340081603,0.043050780446863,0.122829732516059));
#2348=CARTESIAN_POINT('',(-0.00126178000000003,0.043050780446863,0.122829732516059));
#2349=CARTESIAN_POINT('',(-0.00945294864928579,0.043050780446863,0.112207068570734));
#2350=CARTESIAN_POINT('',(-0.00126178000000003,0.043050780446863,0.112207068570734));
#2351=CARTESIAN_POINT('',(-0.00126178000000003,0.043050780446863,0.117518400543397));
#2352=CARTESIAN_POINT('',(0.0490941027014284,0.0462147742496358,0.0764745849065506));
#2353=CARTESIAN_POINT('',(0.0490941027014284,0.0462147742496358,0.0787699740495885));
#2354=CARTESIAN_POINT('',(0.0490941027014284,0.0568573871248179,0.0787699740495885));
#2355=CARTESIAN_POINT('',(0.0180294866702334,0.0629035214480646,0.0787699740495885));
#2356=CARTESIAN_POINT('',(0.00905391230967724,0.0629035214480646,0.0787699740495885));
#2357=CARTESIAN_POINT('',(0.0270050610307897,0.0629035214480646,0.0787699740495885));
#2358=CARTESIAN_POINT('',(0.0270050610307897,0.0566557649944094,0.0787699740495885));
#2359=CARTESIAN_POINT('',(0.0270050610307897,0.0504080085407542,0.0787699740495885));
#2360=CARTESIAN_POINT('',(0.0180294866702334,0.0504080085407542,0.0787699740495885));
#2361=CARTESIAN_POINT('',(0.00905391230967724,0.0504080085407542,0.0787699740495885));
#2362=CARTESIAN_POINT('',(0.00905391230967724,0.0566557649944094,0.0787699740495885));
#2363=CARTESIAN_POINT('',(0.0490941027014284,0.0462395443681774,0.096168624551304));
#2364=CARTESIAN_POINT('',(0.0490941027014284,0.0462395443681774,0.0981851623306117));
#2365=CARTESIAN_POINT('',(0.0490941027014284,0.0568697721840887,0.0981851623306117));
#2366=CARTESIAN_POINT('',(0.0278281806322249,0.0503202842776933,0.0965520867719963));
#2367=CARTESIAN_POINT('',(0.00974023341379308,0.0503202842776933,0.0965520867719963));
#2368=CARTESIAN_POINT('',(0.00974023341379308,0.0503202842776933,0.0965520867719963));
#2369=CARTESIAN_POINT('',(0.0278281806322249,0.0503202842776933,0.0965520867719963));
#2370=CARTESIAN_POINT('',(0.0459161278506568,0.0503202842776933,0.0965520867719963));
#2371=CARTESIAN_POINT('',(0.0459161278506568,0.0503202842776933,0.0965520867719963));
#2372=CARTESIAN_POINT('',(0.00974023341379308,0.0564838114705927,0.0965520867719963));
#2373=CARTESIAN_POINT('',(0.00974023341379308,0.0626473386634921,0.0965520867719963));
#2374=CARTESIAN_POINT('',(0.00974023341379308,0.0626473386634921,0.0965520867719963));
#2375=CARTESIAN_POINT('',(0.00974023341379308,0.0564838114705927,0.0965520867719963));
#2376=CARTESIAN_POINT('',(0.0278281806322249,0.0626473386634921,0.0965520867719963));
#2377=CARTESIAN_POINT('',(0.0459161278506568,0.0626473386634921,0.0965520867719963));
#2378=CARTESIAN_POINT('',(0.0459161278506568,0.0626473386634921,0.0965520867719963));
#2379=CARTESIAN_POINT('',(0.0278281806322249,0.0626473386634921,0.0965520867719963));
#2380=CARTESIAN_POINT('',(0.0459161278506568,0.0564838114705927,0.0965520867719963));
#2381=CARTESIAN_POINT('',(0.0459161278506568,0.0564838114705927,0.0965520867719963));
#2382=CARTESIAN_POINT('',(0.0270050610307897,0.0568697721840887,0.0965520867719963));
#2383=CARTESIAN_POINT('',(0.0267371692757907,0.0498281885840074,0.0770791957635127));
#2384=CARTESIAN_POINT('',(0.00955344149170995,0.0498281885840074,0.0770791957635127));
#2385=CARTESIAN_POINT('',(0.00955344149170995,0.0498281885840074,0.0770791957635127));
#2386=CARTESIAN_POINT('',(0.0267371692757907,0.0498281885840074,0.0770791957635127));
#2387=CARTESIAN_POINT('',(0.0439208970598716,0.0498281885840074,0.0770791957635127));
#2388=CARTESIAN_POINT('',(0.0439208970598716,0.0498281885840074,0.0770791957635127));
#2389=CARTESIAN_POINT('',(0.00955344149170995,0.0568497107609155,0.0770791957635127));
#2390=CARTESIAN_POINT('',(0.00955344149170995,0.0638712329378236,0.0770791957635127));
#2391=CARTESIAN_POINT('',(0.00955344149170995,0.0638712329378236,0.0770791957635127));
#2392=CARTESIAN_POINT('',(0.00955344149170995,0.0568497107609155,0.0770791957635127));
#2393=CARTESIAN_POINT('',(0.0267371692757907,0.0638712329378236,0.0770791957635127));
#2394=CARTESIAN_POINT('',(0.0439208970598716,0.0638712329378236,0.0770791957635127));
#2395=CARTESIAN_POINT('',(0.0439208970598716,0.0638712329378236,0.0770791957635127));
#2396=CARTESIAN_POINT('',(0.0267371692757907,0.0638712329378236,0.0770791957635127));
#2397=CARTESIAN_POINT('',(0.0439208970598716,0.0568497107609155,0.0770791957635127));
#2398=CARTESIAN_POINT('',(0.0439208970598716,0.0568497107609155,0.0770791957635127));
#2399=CARTESIAN_POINT('',(0.0270050610307897,0.0568573871248179,0.0770791957635127));
#2400=CARTESIAN_POINT('',(0.0180294866702334,0.0629035214480646,0.0876699740495885));
#2401=CARTESIAN_POINT('',(0.00905391230967724,0.0629035214480646,0.0876699740495885));
#2402=CARTESIAN_POINT('',(0.00905391230967724,0.0629035214480646,0.0876699740495885));
#2403=CARTESIAN_POINT('',(0.0180696861208012,0.0629035214480646,0.0876699740495885));
#2404=CARTESIAN_POINT('',(0.00795093779589259,0.0629035214480646,0.0876699740495885));
#2405=CARTESIAN_POINT('',(0.00795093779589259,0.0629035214480646,0.0893699740495885));
#2406=CARTESIAN_POINT('',(0.00795093779589259,0.0629035214480646,0.0893699740495885));
#2407=CARTESIAN_POINT('',(0.0180696861208012,0.0629035214480646,0.0893699740495885));
#2408=CARTESIAN_POINT('',(0.0281884344457098,0.0629035214480646,0.0893699740495885));
#2409=CARTESIAN_POINT('',(0.0281884344457098,0.0629035214480646,0.0893699740495885));
#2410=CARTESIAN_POINT('',(0.0281884344457098,0.0629035214480646,0.0876699740495885));
#2411=CARTESIAN_POINT('',(0.0180696861208012,0.0629035214480646,0.0876699740495885));
#2412=CARTESIAN_POINT('',(0.0270050610307897,0.0629035214480646,0.0876699740495885));
#2413=CARTESIAN_POINT('',(0.0270050610307897,0.0629035214480646,0.0876699740495885));
#2414=CARTESIAN_POINT('',(0.00905391230967724,0.0566557649944094,0.0876699740495885));
#2415=CARTESIAN_POINT('',(0.00905391230967724,0.0504080085407542,0.0876699740495885));
#2416=CARTESIAN_POINT('',(0.00905391230967724,0.0504080085407542,0.0876699740495885));
#2417=CARTESIAN_POINT('',(0.00905391230967724,0.0566557649944094,0.0876699740495885));
#2418=CARTESIAN_POINT('',(0.0180294866702334,0.0504080085407542,0.0876699740495885));
#2419=CARTESIAN_POINT('',(0.0270050610307897,0.0504080085407542,0.0876699740495885));
#2420=CARTESIAN_POINT('',(0.0270050610307897,0.0504080085407542,0.0876699740495885));
#2421=CARTESIAN_POINT('',(0.0180294866702334,0.0504080085407542,0.0876699740495885));
#2422=CARTESIAN_POINT('',(0.0270050610307897,0.0566557649944094,0.0876699740495885));
#2423=CARTESIAN_POINT('',(0.0270050610307897,0.0566557649944094,0.0876699740495885));
#2424=CARTESIAN_POINT('',(0.0180696861208012,0.0559174383876489,0.0876699740495885));
#2425=CARTESIAN_POINT('',(0.0281884344457098,0.0559174383876489,0.0876699740495885));
#2426=CARTESIAN_POINT('',(0.0281884344457098,0.0489313553272333,0.0876699740495885));
#2427=CARTESIAN_POINT('',(0.0180696861208012,0.0489313553272333,0.0876699740495885));
#2428=CARTESIAN_POINT('',(0.00795093779589259,0.0489313553272333,0.0876699740495885));
#2429=CARTESIAN_POINT('',(0.00795093779589259,0.0559174383876489,0.0876699740495885));
#2430=CARTESIAN_POINT('',(0.0281884344457098,0.0559174383876489,0.0893699740495885));
#2431=CARTESIAN_POINT('',(0.0281884344457098,0.0559174383876489,0.0893699740495885));
#2432=CARTESIAN_POINT('',(0.0281884344457098,0.0489313553272333,0.0893699740495885));
#2433=CARTESIAN_POINT('',(0.0281884344457098,0.0489313553272333,0.0893699740495885));
#2434=CARTESIAN_POINT('',(0.00795093779589259,0.0559174383876489,0.0893699740495885));
#2435=CARTESIAN_POINT('',(0.00795093779589259,0.0489313553272333,0.0893699740495885));
#2436=CARTESIAN_POINT('',(0.00795093779589259,0.0489313553272333,0.0893699740495885));
#2437=CARTESIAN_POINT('',(0.00795093779589259,0.0559174383876489,0.0893699740495885));
#2438=CARTESIAN_POINT('',(0.0180696861208012,0.0489313553272333,0.0893699740495885));
#2439=CARTESIAN_POINT('',(0.0180696861208012,0.0489313553272333,0.0893699740495885));
#2440=CARTESIAN_POINT('',(0.0180696861208012,0.0559174383876489,0.0893699740495885));
#2441=CARTESIAN_POINT('',(0.,0.,0.));
#2442=CARTESIAN_POINT('',(0.0103592134907862,0.039389000446863,0.0600451262175806));
#2443=CARTESIAN_POINT('',(0.0103592134907862,0.044689000446863,0.0600451262175806));
#2444=CARTESIAN_POINT('',(0.0103592134907862,0.044689000446863,0.117533034785939));
#2445=CARTESIAN_POINT('',(0.0103592134907862,0.044689000446863,0.00255721764922168));
#2446=CARTESIAN_POINT('',(0.0103592134907862,0.039389000446863,0.117533034785939));
#2447=CARTESIAN_POINT('',(0.0103592134907862,0.039389000446863,0.117533034785939));
#2448=CARTESIAN_POINT('',(0.0103592134907862,0.039389000446863,0.0600451262175806));
#2449=CARTESIAN_POINT('',(0.0103592134907862,0.039389000446863,0.00255721764922168));
#2450=CARTESIAN_POINT('',(0.0103592134907862,0.039389000446863,0.00255721764922168));
#2451=CARTESIAN_POINT('',(0.0306053161979929,0.039389000446863,0.117533034785939));
#2452=CARTESIAN_POINT('',(0.0306053161979929,0.044689000446863,0.117533034785939));
#2453=CARTESIAN_POINT('',(0.0508514189051996,0.044689000446863,0.117533034785939));
#2454=CARTESIAN_POINT('',(0.0508514189051996,0.039389000446863,0.117533034785939));
#2455=CARTESIAN_POINT('',(0.0508514189051996,0.039389000446863,0.117533034785939));
#2456=CARTESIAN_POINT('',(0.0306053161979929,0.039389000446863,0.117533034785939));
#2457=CARTESIAN_POINT('',(0.0508514189051996,0.039389000446863,0.0601927999319235));
#2458=CARTESIAN_POINT('',(0.0508514189051996,0.044689000446863,0.0601927999319235));
#2459=CARTESIAN_POINT('',(0.0508514189051996,0.044689000446863,0.00285256507790746));
#2460=CARTESIAN_POINT('',(0.0508514189051996,0.039389000446863,0.00285256507790746));
#2461=CARTESIAN_POINT('',(0.0508514189051996,0.039389000446863,0.00285256507790746));
#2462=CARTESIAN_POINT('',(0.0508514189051996,0.039389000446863,0.0601927999319235));
#2463=CARTESIAN_POINT('',(0.0532621329655475,0.039389000446863,0.00285256507790746));
#2464=CARTESIAN_POINT('',(0.0532621329655475,0.044689000446863,0.00285256507790746));
#2465=CARTESIAN_POINT('',(0.0556728470258954,0.044689000446863,0.00285256507790746));
#2466=CARTESIAN_POINT('',(0.0556728470258954,0.039389000446863,0.00285256507790746));
#2467=CARTESIAN_POINT('',(0.0556728470258954,0.039389000446863,0.00285256507790746));
#2468=CARTESIAN_POINT('',(0.0532621329655475,0.039389000446863,0.00285256507790746));
#2469=CARTESIAN_POINT('',(0.0556728470258954,0.039389000446863,0.0601927999319235));
#2470=CARTESIAN_POINT('',(0.0556728470258954,0.044689000446863,0.0601927999319235));
#2471=CARTESIAN_POINT('',(0.0556728470258954,0.044689000446863,0.120479082473908));
#2472=CARTESIAN_POINT('',(0.0556728470258954,0.039389000446863,0.120479082473908));
#2473=CARTESIAN_POINT('',(0.0556728470258954,0.039389000446863,0.120479082473908));
#2474=CARTESIAN_POINT('',(0.0556728470258954,0.039389000446863,0.0601927999319235));
#2475=CARTESIAN_POINT('',(0.0306461476371066,0.039389000446863,0.120479082473908));
#2476=CARTESIAN_POINT('',(0.0306461476371066,0.044689000446863,0.120479082473908));
#2477=CARTESIAN_POINT('',(0.00561944824831781,0.044689000446863,0.120479082473908));
#2478=CARTESIAN_POINT('',(0.00561944824831781,0.039389000446863,0.120479082473908));
#2479=CARTESIAN_POINT('',(0.00561944824831781,0.039389000446863,0.120479082473908));
#2480=CARTESIAN_POINT('',(0.0306461476371066,0.039389000446863,0.120479082473908));
#2481=CARTESIAN_POINT('',(0.00561944824831781,0.039389000446863,0.0600451262175806));
#2482=CARTESIAN_POINT('',(0.00561944824831781,0.044689000446863,0.0600451262175806));
#2483=CARTESIAN_POINT('',(0.00561944824831781,0.044689000446863,0.00255721764922169));
#2484=CARTESIAN_POINT('',(0.00561944824831781,0.039389000446863,0.00255721764922169));
#2485=CARTESIAN_POINT('',(0.00561944824831781,0.039389000446863,0.00255721764922169));
#2486=CARTESIAN_POINT('',(0.00561944824831781,0.039389000446863,0.0600451262175806));
#2487=CARTESIAN_POINT('',(0.007989330869552,0.039389000446863,0.00255721764922169));
#2488=CARTESIAN_POINT('',(0.007989330869552,0.044689000446863,0.00255721764922169));
#2489=CARTESIAN_POINT('',(0.007989330869552,0.039389000446863,0.00255721764922169));
#2490=CARTESIAN_POINT('',(0.0306461476371066,0.039389000446863,0.0615181500615647));
#2491=CARTESIAN_POINT('',(0.0306461476371066,0.044689000446863,0.0615181500615647));
#2492=MECHANICAL_DESIGN_GEOMETRIC_PRESENTATION_REPRESENTATION('',(#1546),
#2494);
#2493=MECHANICAL_DESIGN_GEOMETRIC_PRESENTATION_REPRESENTATION('',(#1547),
#2495);
#2494=(
GEOMETRIC_REPRESENTATION_CONTEXT(3)
GLOBAL_UNCERTAINTY_ASSIGNED_CONTEXT((#2496))
GLOBAL_UNIT_ASSIGNED_CONTEXT((#2502,#2500,#2498))
REPRESENTATION_CONTEXT('Part 1','TOP_LEVEL_ASSEMBLY_PART')
);
#2495=(
GEOMETRIC_REPRESENTATION_CONTEXT(3)
GLOBAL_UNCERTAINTY_ASSIGNED_CONTEXT((#2497))
GLOBAL_UNIT_ASSIGNED_CONTEXT((#2503,#2501,#2499))
REPRESENTATION_CONTEXT('Part 2','TOP_LEVEL_ASSEMBLY_PART')
);
#2496=UNCERTAINTY_MEASURE_WITH_UNIT(LENGTH_MEASURE(1.E-8),#2502,
'DISTANCE_ACCURACY_VALUE','Maximum Tolerance applied to model');
#2497=UNCERTAINTY_MEASURE_WITH_UNIT(LENGTH_MEASURE(1.E-8),#2503,
'DISTANCE_ACCURACY_VALUE','Maximum Tolerance applied to model');
#2498=(
NAMED_UNIT(*)
SI_UNIT($,.STERADIAN.)
SOLID_ANGLE_UNIT()
);
#2499=(
NAMED_UNIT(*)
SI_UNIT($,.STERADIAN.)
SOLID_ANGLE_UNIT()
);
#2500=(
NAMED_UNIT(*)
PLANE_ANGLE_UNIT()
SI_UNIT($,.RADIAN.)
);
#2501=(
NAMED_UNIT(*)
PLANE_ANGLE_UNIT()
SI_UNIT($,.RADIAN.)
);
#2502=(
LENGTH_UNIT()
NAMED_UNIT(*)
SI_UNIT($,.METRE.)
);
#2503=(
LENGTH_UNIT()
NAMED_UNIT(*)
SI_UNIT($,.METRE.)
);
#2504=PRODUCT_DEFINITION_SHAPE('','',#2506);
#2505=PRODUCT_DEFINITION_SHAPE('','',#2507);
#2506=PRODUCT_DEFINITION('','',#2510,#2508);
#2507=PRODUCT_DEFINITION('','',#2511,#2509);
#2508=PRODUCT_DEFINITION_CONTEXT('',#2522,'design');
#2509=PRODUCT_DEFINITION_CONTEXT('',#2523,'design');
#2510=PRODUCT_DEFINITION_FORMATION_WITH_SPECIFIED_SOURCE('','',#2514,
 .NOT_KNOWN.);
#2511=PRODUCT_DEFINITION_FORMATION_WITH_SPECIFIED_SOURCE('','',#2515,
 .NOT_KNOWN.);
#2512=PRODUCT_RELATED_PRODUCT_CATEGORY('','',(#2514));
#2513=PRODUCT_RELATED_PRODUCT_CATEGORY('','',(#2515));
#2514=PRODUCT('Part 1','Part 1','Part 1',(#2518));
#2515=PRODUCT('Part 2','Part 2','Part 2',(#2519));
#2516=PRODUCT_CATEGORY('','');
#2517=PRODUCT_CATEGORY('','');
#2518=PRODUCT_CONTEXT('',#2522,'mechanical');
#2519=PRODUCT_CONTEXT('',#2523,'mechanical');
#2520=APPLICATION_PROTOCOL_DEFINITION('international standard',
'ap242_managed_model_based_3d_engineering',2020,#2522);
#2521=APPLICATION_PROTOCOL_DEFINITION('international standard',
'ap242_managed_model_based_3d_engineering',2020,#2523);
#2522=APPLICATION_CONTEXT('managed model based 3d engineering');
#2523=APPLICATION_CONTEXT('managed model based 3d engineering');
ENDSEC;
END-ISO-10303-21;
