ISO-10303-21;
HEADER;
/* Generated by software containing ST-Developer
 * from STEP Tools, Inc. (www.steptools.com) 
 */
/* OPTION: using custom renumber hook */

FILE_DESCRIPTION(
/* description */ ('STEP AP242 Edition 2',
'CAx-IF Rec.Pracs.---Representation and Presentation of Product Manufa
cturing Information (PMI)---4.0---2014-10-13',
'CAx-IF Rec.Pracs.---3D Tessellated Geometry---0.4---2014-09-14','2;1',
'CAx-IF Rec.Pracs.---User Defined Attributes---1.5---2016-08-15'),
/* implementation_level */ '2;1');

FILE_NAME(
/* name */ 'desk',
/* time_stamp */ '2026-09-07T01:31:59Z',
/* author */ (''),
/* organization */ (''),
/* preprocessor_version */ 'ST-DEVELOPER v20',
/* originating_system */ 'ONSHAPE BY PTC INC, 1.220',
/* authorisation */ '  ');

FILE_SCHEMA (('AP242_MANAGED_MODEL_BASED_3D_ENGINEERING_MIM_LF { 1 0 10303 442 3 1 4 }'));
ENDSEC;

DATA;
#10=TOROIDAL_SURFACE('',#1856,0.00685572542858618,0.00144853);
#11=TOROIDAL_SURFACE('',#1857,0.00685572542858617,0.00144853);
#12=TOROIDAL_SURFACE('',#1909,0.00337012048092397,0.00144853);
#13=TOROIDAL_SURFACE('',#1910,0.0022309606689437,0.00144853);
#14=B_SPLINE_CURVE_WITH_KNOTS('',3,(#2562,#2563,#2564,#2565,#2566),
 .UNSPECIFIED.,.F.,.F.,(4,1,4),(0.,0.00120557377221452,0.00241114754442904),
 .UNSPECIFIED.);
#15=B_SPLINE_CURVE_WITH_KNOTS('',3,(#2567,#2568,#2569,#2570,#2571),
 .UNSPECIFIED.,.F.,.F.,(4,1,4),(0.,0.00121073566428445,0.00242147132856889),
 .UNSPECIFIED.);
#16=B_SPLINE_CURVE_WITH_KNOTS('',3,(#2575,#2576,#2577,#2578,#2579),
 .UNSPECIFIED.,.F.,.F.,(4,1,4),(0.,0.00121073566428445,0.00242147132856891),
 .UNSPECIFIED.);
#17=B_SPLINE_CURVE_WITH_KNOTS('',3,(#2583,#2584,#2585,#2586,#2587),
 .UNSPECIFIED.,.F.,.F.,(4,1,4),(0.,0.00120557377221451,0.00241114754442903),
 .UNSPECIFIED.);
#18=B_SPLINE_CURVE_WITH_KNOTS('',3,(#2809,#2810,#2811,#2812,#2813),
 .UNSPECIFIED.,.F.,.F.,(4,1,4),(0.,0.000918387374814361,0.00183677474962872),
 .UNSPECIFIED.);
#19=B_SPLINE_CURVE_WITH_KNOTS('',3,(#2814,#2815,#2816,#2817,#2818),
 .UNSPECIFIED.,.F.,.F.,(4,1,4),(0.,0.000920184396364249,0.0018403687927285),
 .UNSPECIFIED.);
#20=B_SPLINE_CURVE_WITH_KNOTS('',3,(#2825,#2826,#2827,#2828,#2829),
 .UNSPECIFIED.,.F.,.F.,(4,1,4),(0.,0.000932705420181983,0.00186541084036397),
 .UNSPECIFIED.);
#21=B_SPLINE_CURVE_WITH_KNOTS('',3,(#2830,#2831,#2832,#2833),
 .UNSPECIFIED.,.F.,.F.,(4,4),(0.,0.00186924006236448),.UNSPECIFIED.);
#22=CIRCLE('',#1825,0.00809586332414457);
#23=CIRCLE('',#1849,0.00809586332414456);
#24=CIRCLE('',#1852,0.00685572542858617);
#25=CIRCLE('',#1855,0.00685572542858618);
#26=CIRCLE('',#1881,0.00454410344502524);
#27=CIRCLE('',#1887,0.00340494363304496);
#28=CIRCLE('',#1905,0.0022309606689437);
#29=CIRCLE('',#1908,0.00337012048092397);
#30=SHAPE_REPRESENTATION_RELATIONSHIP('','',#1803,#36);
#31=SHAPE_REPRESENTATION_RELATIONSHIP('','',#1804,#37);
#32=SHAPE_REPRESENTATION_RELATIONSHIP('','',#1805,#38);
#33=SHAPE_REPRESENTATION_RELATIONSHIP('','',#1806,#39);
#34=SHAPE_REPRESENTATION_RELATIONSHIP('','',#1807,#40);
#35=SHAPE_REPRESENTATION_RELATIONSHIP('','',#1808,#41);
#36=ADVANCED_BREP_SHAPE_REPRESENTATION('',(#1791),#2898);
#37=ADVANCED_BREP_SHAPE_REPRESENTATION('',(#1792),#2899);
#38=ADVANCED_BREP_SHAPE_REPRESENTATION('',(#1793),#2900);
#39=ADVANCED_BREP_SHAPE_REPRESENTATION('',(#1794),#2901);
#40=ADVANCED_BREP_SHAPE_REPRESENTATION('',(#1795),#2902);
#41=ADVANCED_BREP_SHAPE_REPRESENTATION('',(#1796),#2903);
#42=ORIENTED_EDGE('',*,*,#502,.T.);
#43=ORIENTED_EDGE('',*,*,#503,.T.);
#44=ORIENTED_EDGE('',*,*,#504,.T.);
#45=ORIENTED_EDGE('',*,*,#505,.F.);
#46=ORIENTED_EDGE('',*,*,#506,.F.);
#47=ORIENTED_EDGE('',*,*,#507,.F.);
#48=ORIENTED_EDGE('',*,*,#508,.T.);
#49=ORIENTED_EDGE('',*,*,#509,.F.);
#50=ORIENTED_EDGE('',*,*,#507,.T.);
#51=ORIENTED_EDGE('',*,*,#510,.T.);
#52=ORIENTED_EDGE('',*,*,#502,.F.);
#53=ORIENTED_EDGE('',*,*,#511,.T.);
#54=ORIENTED_EDGE('',*,*,#512,.F.);
#55=ORIENTED_EDGE('',*,*,#508,.F.);
#56=ORIENTED_EDGE('',*,*,#511,.F.);
#57=ORIENTED_EDGE('',*,*,#505,.T.);
#58=ORIENTED_EDGE('',*,*,#509,.T.);
#59=ORIENTED_EDGE('',*,*,#512,.T.);
#60=ORIENTED_EDGE('',*,*,#504,.F.);
#61=ORIENTED_EDGE('',*,*,#513,.F.);
#62=ORIENTED_EDGE('',*,*,#506,.T.);
#63=ORIENTED_EDGE('',*,*,#513,.T.);
#64=ORIENTED_EDGE('',*,*,#503,.F.);
#65=ORIENTED_EDGE('',*,*,#510,.F.);
#66=ORIENTED_EDGE('',*,*,#514,.T.);
#67=ORIENTED_EDGE('',*,*,#515,.T.);
#68=ORIENTED_EDGE('',*,*,#516,.T.);
#69=ORIENTED_EDGE('',*,*,#517,.F.);
#70=ORIENTED_EDGE('',*,*,#518,.F.);
#71=ORIENTED_EDGE('',*,*,#519,.F.);
#72=ORIENTED_EDGE('',*,*,#520,.T.);
#73=ORIENTED_EDGE('',*,*,#521,.F.);
#74=ORIENTED_EDGE('',*,*,#520,.F.);
#75=ORIENTED_EDGE('',*,*,#522,.T.);
#76=ORIENTED_EDGE('',*,*,#517,.T.);
#77=ORIENTED_EDGE('',*,*,#523,.T.);
#78=ORIENTED_EDGE('',*,*,#524,.F.);
#79=ORIENTED_EDGE('',*,*,#521,.T.);
#80=ORIENTED_EDGE('',*,*,#523,.F.);
#81=ORIENTED_EDGE('',*,*,#516,.F.);
#82=ORIENTED_EDGE('',*,*,#519,.T.);
#83=ORIENTED_EDGE('',*,*,#525,.T.);
#84=ORIENTED_EDGE('',*,*,#514,.F.);
#85=ORIENTED_EDGE('',*,*,#522,.F.);
#86=ORIENTED_EDGE('',*,*,#518,.T.);
#87=ORIENTED_EDGE('',*,*,#524,.T.);
#88=ORIENTED_EDGE('',*,*,#515,.F.);
#89=ORIENTED_EDGE('',*,*,#525,.F.);
#90=ORIENTED_EDGE('',*,*,#526,.F.);
#91=ORIENTED_EDGE('',*,*,#527,.T.);
#92=ORIENTED_EDGE('',*,*,#528,.T.);
#93=ORIENTED_EDGE('',*,*,#529,.F.);
#94=ORIENTED_EDGE('',*,*,#530,.T.);
#95=ORIENTED_EDGE('',*,*,#531,.T.);
#96=ORIENTED_EDGE('',*,*,#532,.F.);
#97=ORIENTED_EDGE('',*,*,#533,.T.);
#98=ORIENTED_EDGE('',*,*,#534,.T.);
#99=ORIENTED_EDGE('',*,*,#535,.F.);
#100=ORIENTED_EDGE('',*,*,#536,.F.);
#101=ORIENTED_EDGE('',*,*,#537,.T.);
#102=ORIENTED_EDGE('',*,*,#538,.T.);
#103=ORIENTED_EDGE('',*,*,#539,.F.);
#104=ORIENTED_EDGE('',*,*,#540,.T.);
#105=ORIENTED_EDGE('',*,*,#541,.F.);
#106=ORIENTED_EDGE('',*,*,#542,.F.);
#107=ORIENTED_EDGE('',*,*,#543,.T.);
#108=ORIENTED_EDGE('',*,*,#544,.T.);
#109=ORIENTED_EDGE('',*,*,#545,.F.);
#110=ORIENTED_EDGE('',*,*,#546,.F.);
#111=ORIENTED_EDGE('',*,*,#541,.T.);
#112=ORIENTED_EDGE('',*,*,#547,.T.);
#113=ORIENTED_EDGE('',*,*,#548,.F.);
#114=ORIENTED_EDGE('',*,*,#549,.F.);
#115=ORIENTED_EDGE('',*,*,#545,.T.);
#116=ORIENTED_EDGE('',*,*,#550,.F.);
#117=ORIENTED_EDGE('',*,*,#551,.F.);
#118=ORIENTED_EDGE('',*,*,#552,.T.);
#119=ORIENTED_EDGE('',*,*,#548,.T.);
#120=ORIENTED_EDGE('',*,*,#553,.T.);
#121=ORIENTED_EDGE('',*,*,#554,.F.);
#122=ORIENTED_EDGE('',*,*,#555,.F.);
#123=ORIENTED_EDGE('',*,*,#551,.T.);
#124=ORIENTED_EDGE('',*,*,#556,.T.);
#125=ORIENTED_EDGE('',*,*,#557,.F.);
#126=ORIENTED_EDGE('',*,*,#558,.F.);
#127=ORIENTED_EDGE('',*,*,#554,.T.);
#128=ORIENTED_EDGE('',*,*,#559,.F.);
#129=ORIENTED_EDGE('',*,*,#560,.F.);
#130=ORIENTED_EDGE('',*,*,#561,.T.);
#131=ORIENTED_EDGE('',*,*,#557,.T.);
#132=ORIENTED_EDGE('',*,*,#562,.T.);
#133=ORIENTED_EDGE('',*,*,#563,.F.);
#134=ORIENTED_EDGE('',*,*,#564,.F.);
#135=ORIENTED_EDGE('',*,*,#560,.T.);
#136=ORIENTED_EDGE('',*,*,#565,.T.);
#137=ORIENTED_EDGE('',*,*,#566,.F.);
#138=ORIENTED_EDGE('',*,*,#567,.F.);
#139=ORIENTED_EDGE('',*,*,#563,.T.);
#140=ORIENTED_EDGE('',*,*,#568,.F.);
#141=ORIENTED_EDGE('',*,*,#569,.F.);
#142=ORIENTED_EDGE('',*,*,#570,.T.);
#143=ORIENTED_EDGE('',*,*,#566,.T.);
#144=ORIENTED_EDGE('',*,*,#571,.T.);
#145=ORIENTED_EDGE('',*,*,#572,.F.);
#146=ORIENTED_EDGE('',*,*,#573,.F.);
#147=ORIENTED_EDGE('',*,*,#569,.T.);
#148=ORIENTED_EDGE('',*,*,#574,.F.);
#149=ORIENTED_EDGE('',*,*,#543,.F.);
#150=ORIENTED_EDGE('',*,*,#575,.T.);
#151=ORIENTED_EDGE('',*,*,#572,.T.);
#152=ORIENTED_EDGE('',*,*,#542,.T.);
#153=ORIENTED_EDGE('',*,*,#546,.T.);
#154=ORIENTED_EDGE('',*,*,#549,.T.);
#155=ORIENTED_EDGE('',*,*,#552,.F.);
#156=ORIENTED_EDGE('',*,*,#555,.T.);
#157=ORIENTED_EDGE('',*,*,#558,.T.);
#158=ORIENTED_EDGE('',*,*,#561,.F.);
#159=ORIENTED_EDGE('',*,*,#564,.T.);
#160=ORIENTED_EDGE('',*,*,#567,.T.);
#161=ORIENTED_EDGE('',*,*,#570,.F.);
#162=ORIENTED_EDGE('',*,*,#573,.T.);
#163=ORIENTED_EDGE('',*,*,#575,.F.);
#164=ORIENTED_EDGE('',*,*,#540,.F.);
#165=ORIENTED_EDGE('',*,*,#574,.T.);
#166=ORIENTED_EDGE('',*,*,#571,.F.);
#167=ORIENTED_EDGE('',*,*,#568,.T.);
#168=ORIENTED_EDGE('',*,*,#565,.F.);
#169=ORIENTED_EDGE('',*,*,#562,.F.);
#170=ORIENTED_EDGE('',*,*,#559,.T.);
#171=ORIENTED_EDGE('',*,*,#556,.F.);
#172=ORIENTED_EDGE('',*,*,#553,.F.);
#173=ORIENTED_EDGE('',*,*,#550,.T.);
#174=ORIENTED_EDGE('',*,*,#547,.F.);
#175=ORIENTED_EDGE('',*,*,#544,.F.);
#176=ORIENTED_EDGE('',*,*,#537,.F.);
#177=ORIENTED_EDGE('',*,*,#576,.F.);
#178=ORIENTED_EDGE('',*,*,#526,.T.);
#179=ORIENTED_EDGE('',*,*,#577,.T.);
#180=ORIENTED_EDGE('',*,*,#536,.T.);
#181=ORIENTED_EDGE('',*,*,#578,.F.);
#182=ORIENTED_EDGE('',*,*,#527,.F.);
#183=ORIENTED_EDGE('',*,*,#576,.T.);
#184=ORIENTED_EDGE('',*,*,#539,.T.);
#185=ORIENTED_EDGE('',*,*,#579,.F.);
#186=ORIENTED_EDGE('',*,*,#528,.F.);
#187=ORIENTED_EDGE('',*,*,#578,.T.);
#188=ORIENTED_EDGE('',*,*,#538,.F.);
#189=ORIENTED_EDGE('',*,*,#577,.F.);
#190=ORIENTED_EDGE('',*,*,#529,.T.);
#191=ORIENTED_EDGE('',*,*,#579,.T.);
#192=ORIENTED_EDGE('',*,*,#533,.F.);
#193=ORIENTED_EDGE('',*,*,#580,.F.);
#194=ORIENTED_EDGE('',*,*,#581,.T.);
#195=ORIENTED_EDGE('',*,*,#582,.T.);
#196=ORIENTED_EDGE('',*,*,#532,.T.);
#197=ORIENTED_EDGE('',*,*,#583,.F.);
#198=ORIENTED_EDGE('',*,*,#584,.F.);
#199=ORIENTED_EDGE('',*,*,#580,.T.);
#200=ORIENTED_EDGE('',*,*,#535,.T.);
#201=ORIENTED_EDGE('',*,*,#585,.F.);
#202=ORIENTED_EDGE('',*,*,#586,.F.);
#203=ORIENTED_EDGE('',*,*,#583,.T.);
#204=ORIENTED_EDGE('',*,*,#534,.F.);
#205=ORIENTED_EDGE('',*,*,#582,.F.);
#206=ORIENTED_EDGE('',*,*,#587,.T.);
#207=ORIENTED_EDGE('',*,*,#585,.T.);
#208=ORIENTED_EDGE('',*,*,#588,.F.);
#209=ORIENTED_EDGE('',*,*,#589,.T.);
#210=ORIENTED_EDGE('',*,*,#581,.F.);
#211=ORIENTED_EDGE('',*,*,#584,.T.);
#212=ORIENTED_EDGE('',*,*,#586,.T.);
#213=ORIENTED_EDGE('',*,*,#587,.F.);
#214=ORIENTED_EDGE('',*,*,#590,.F.);
#215=ORIENTED_EDGE('',*,*,#591,.T.);
#216=ORIENTED_EDGE('',*,*,#588,.T.);
#217=ORIENTED_EDGE('',*,*,#592,.T.);
#218=ORIENTED_EDGE('',*,*,#590,.T.);
#219=ORIENTED_EDGE('',*,*,#593,.T.);
#220=ORIENTED_EDGE('',*,*,#530,.F.);
#221=ORIENTED_EDGE('',*,*,#594,.T.);
#222=ORIENTED_EDGE('',*,*,#595,.T.);
#223=ORIENTED_EDGE('',*,*,#596,.T.);
#224=ORIENTED_EDGE('',*,*,#595,.F.);
#225=ORIENTED_EDGE('',*,*,#597,.T.);
#226=ORIENTED_EDGE('',*,*,#596,.F.);
#227=ORIENTED_EDGE('',*,*,#597,.F.);
#228=ORIENTED_EDGE('',*,*,#594,.F.);
#229=ORIENTED_EDGE('',*,*,#531,.F.);
#230=ORIENTED_EDGE('',*,*,#592,.F.);
#231=ORIENTED_EDGE('',*,*,#589,.F.);
#232=ORIENTED_EDGE('',*,*,#591,.F.);
#233=ORIENTED_EDGE('',*,*,#593,.F.);
#234=ORIENTED_EDGE('',*,*,#598,.T.);
#235=ORIENTED_EDGE('',*,*,#599,.T.);
#236=ORIENTED_EDGE('',*,*,#600,.F.);
#237=ORIENTED_EDGE('',*,*,#601,.F.);
#238=ORIENTED_EDGE('',*,*,#602,.F.);
#239=ORIENTED_EDGE('',*,*,#603,.T.);
#240=ORIENTED_EDGE('',*,*,#604,.T.);
#241=ORIENTED_EDGE('',*,*,#605,.F.);
#242=ORIENTED_EDGE('',*,*,#606,.T.);
#243=ORIENTED_EDGE('',*,*,#607,.F.);
#244=ORIENTED_EDGE('',*,*,#608,.F.);
#245=ORIENTED_EDGE('',*,*,#609,.T.);
#246=ORIENTED_EDGE('',*,*,#610,.F.);
#247=ORIENTED_EDGE('',*,*,#611,.T.);
#248=ORIENTED_EDGE('',*,*,#612,.T.);
#249=ORIENTED_EDGE('',*,*,#613,.F.);
#250=ORIENTED_EDGE('',*,*,#614,.T.);
#251=ORIENTED_EDGE('',*,*,#615,.T.);
#252=ORIENTED_EDGE('',*,*,#616,.F.);
#253=ORIENTED_EDGE('',*,*,#617,.F.);
#254=ORIENTED_EDGE('',*,*,#618,.T.);
#255=ORIENTED_EDGE('',*,*,#619,.T.);
#256=ORIENTED_EDGE('',*,*,#620,.F.);
#257=ORIENTED_EDGE('',*,*,#621,.F.);
#258=ORIENTED_EDGE('',*,*,#622,.T.);
#259=ORIENTED_EDGE('',*,*,#623,.F.);
#260=ORIENTED_EDGE('',*,*,#624,.F.);
#261=ORIENTED_EDGE('',*,*,#625,.T.);
#262=ORIENTED_EDGE('',*,*,#626,.T.);
#263=ORIENTED_EDGE('',*,*,#627,.F.);
#264=ORIENTED_EDGE('',*,*,#628,.F.);
#265=ORIENTED_EDGE('',*,*,#609,.F.);
#266=ORIENTED_EDGE('',*,*,#629,.F.);
#267=ORIENTED_EDGE('',*,*,#623,.T.);
#268=ORIENTED_EDGE('',*,*,#630,.F.);
#269=ORIENTED_EDGE('',*,*,#631,.F.);
#270=ORIENTED_EDGE('',*,*,#632,.T.);
#271=ORIENTED_EDGE('',*,*,#627,.T.);
#272=ORIENTED_EDGE('',*,*,#633,.T.);
#273=ORIENTED_EDGE('',*,*,#625,.F.);
#274=ORIENTED_EDGE('',*,*,#634,.F.);
#275=ORIENTED_EDGE('',*,*,#607,.T.);
#276=ORIENTED_EDGE('',*,*,#635,.F.);
#277=ORIENTED_EDGE('',*,*,#631,.T.);
#278=ORIENTED_EDGE('',*,*,#606,.F.);
#279=ORIENTED_EDGE('',*,*,#628,.T.);
#280=ORIENTED_EDGE('',*,*,#632,.F.);
#281=ORIENTED_EDGE('',*,*,#635,.T.);
#282=ORIENTED_EDGE('',*,*,#622,.F.);
#283=ORIENTED_EDGE('',*,*,#633,.F.);
#284=ORIENTED_EDGE('',*,*,#630,.T.);
#285=ORIENTED_EDGE('',*,*,#626,.F.);
#286=ORIENTED_EDGE('',*,*,#636,.T.);
#287=ORIENTED_EDGE('',*,*,#637,.T.);
#288=ORIENTED_EDGE('',*,*,#638,.F.);
#289=ORIENTED_EDGE('',*,*,#639,.F.);
#290=ORIENTED_EDGE('',*,*,#624,.T.);
#291=ORIENTED_EDGE('',*,*,#629,.T.);
#292=ORIENTED_EDGE('',*,*,#608,.T.);
#293=ORIENTED_EDGE('',*,*,#634,.T.);
#294=ORIENTED_EDGE('',*,*,#640,.F.);
#295=ORIENTED_EDGE('',*,*,#641,.T.);
#296=ORIENTED_EDGE('',*,*,#642,.T.);
#297=ORIENTED_EDGE('',*,*,#636,.F.);
#298=ORIENTED_EDGE('',*,*,#643,.F.);
#299=ORIENTED_EDGE('',*,*,#644,.T.);
#300=ORIENTED_EDGE('',*,*,#640,.T.);
#301=ORIENTED_EDGE('',*,*,#639,.T.);
#302=ORIENTED_EDGE('',*,*,#645,.F.);
#303=ORIENTED_EDGE('',*,*,#646,.T.);
#304=ORIENTED_EDGE('',*,*,#643,.T.);
#305=ORIENTED_EDGE('',*,*,#638,.T.);
#306=ORIENTED_EDGE('',*,*,#642,.F.);
#307=ORIENTED_EDGE('',*,*,#647,.T.);
#308=ORIENTED_EDGE('',*,*,#645,.T.);
#309=ORIENTED_EDGE('',*,*,#637,.F.);
#310=ORIENTED_EDGE('',*,*,#648,.T.);
#311=ORIENTED_EDGE('',*,*,#649,.T.);
#312=ORIENTED_EDGE('',*,*,#650,.T.);
#313=ORIENTED_EDGE('',*,*,#651,.T.);
#314=ORIENTED_EDGE('',*,*,#652,.F.);
#315=ORIENTED_EDGE('',*,*,#651,.F.);
#316=ORIENTED_EDGE('',*,*,#653,.F.);
#317=ORIENTED_EDGE('',*,*,#644,.F.);
#318=ORIENTED_EDGE('',*,*,#653,.T.);
#319=ORIENTED_EDGE('',*,*,#650,.F.);
#320=ORIENTED_EDGE('',*,*,#654,.F.);
#321=ORIENTED_EDGE('',*,*,#641,.F.);
#322=ORIENTED_EDGE('',*,*,#652,.T.);
#323=ORIENTED_EDGE('',*,*,#646,.F.);
#324=ORIENTED_EDGE('',*,*,#655,.F.);
#325=ORIENTED_EDGE('',*,*,#648,.F.);
#326=ORIENTED_EDGE('',*,*,#654,.T.);
#327=ORIENTED_EDGE('',*,*,#649,.F.);
#328=ORIENTED_EDGE('',*,*,#655,.T.);
#329=ORIENTED_EDGE('',*,*,#647,.F.);
#330=ORIENTED_EDGE('',*,*,#602,.T.);
#331=ORIENTED_EDGE('',*,*,#656,.F.);
#332=ORIENTED_EDGE('',*,*,#657,.F.);
#333=ORIENTED_EDGE('',*,*,#658,.T.);
#334=ORIENTED_EDGE('',*,*,#605,.T.);
#335=ORIENTED_EDGE('',*,*,#659,.F.);
#336=ORIENTED_EDGE('',*,*,#660,.F.);
#337=ORIENTED_EDGE('',*,*,#656,.T.);
#338=ORIENTED_EDGE('',*,*,#604,.F.);
#339=ORIENTED_EDGE('',*,*,#661,.F.);
#340=ORIENTED_EDGE('',*,*,#662,.T.);
#341=ORIENTED_EDGE('',*,*,#659,.T.);
#342=ORIENTED_EDGE('',*,*,#603,.F.);
#343=ORIENTED_EDGE('',*,*,#658,.F.);
#344=ORIENTED_EDGE('',*,*,#663,.T.);
#345=ORIENTED_EDGE('',*,*,#661,.T.);
#346=ORIENTED_EDGE('',*,*,#664,.F.);
#347=ORIENTED_EDGE('',*,*,#665,.T.);
#348=ORIENTED_EDGE('',*,*,#657,.T.);
#349=ORIENTED_EDGE('',*,*,#660,.T.);
#350=ORIENTED_EDGE('',*,*,#662,.F.);
#351=ORIENTED_EDGE('',*,*,#663,.F.);
#352=ORIENTED_EDGE('',*,*,#611,.F.);
#353=ORIENTED_EDGE('',*,*,#666,.F.);
#354=ORIENTED_EDGE('',*,*,#667,.T.);
#355=ORIENTED_EDGE('',*,*,#668,.T.);
#356=ORIENTED_EDGE('',*,*,#610,.T.);
#357=ORIENTED_EDGE('',*,*,#669,.F.);
#358=ORIENTED_EDGE('',*,*,#670,.F.);
#359=ORIENTED_EDGE('',*,*,#666,.T.);
#360=ORIENTED_EDGE('',*,*,#613,.T.);
#361=ORIENTED_EDGE('',*,*,#671,.F.);
#362=ORIENTED_EDGE('',*,*,#672,.F.);
#363=ORIENTED_EDGE('',*,*,#669,.T.);
#364=ORIENTED_EDGE('',*,*,#612,.F.);
#365=ORIENTED_EDGE('',*,*,#668,.F.);
#366=ORIENTED_EDGE('',*,*,#673,.T.);
#367=ORIENTED_EDGE('',*,*,#671,.T.);
#368=ORIENTED_EDGE('',*,*,#674,.F.);
#369=ORIENTED_EDGE('',*,*,#675,.T.);
#370=ORIENTED_EDGE('',*,*,#667,.F.);
#371=ORIENTED_EDGE('',*,*,#670,.T.);
#372=ORIENTED_EDGE('',*,*,#672,.T.);
#373=ORIENTED_EDGE('',*,*,#673,.F.);
#374=ORIENTED_EDGE('',*,*,#614,.F.);
#375=ORIENTED_EDGE('',*,*,#676,.F.);
#376=ORIENTED_EDGE('',*,*,#677,.T.);
#377=ORIENTED_EDGE('',*,*,#678,.T.);
#378=ORIENTED_EDGE('',*,*,#617,.T.);
#379=ORIENTED_EDGE('',*,*,#679,.F.);
#380=ORIENTED_EDGE('',*,*,#680,.F.);
#381=ORIENTED_EDGE('',*,*,#676,.T.);
#382=ORIENTED_EDGE('',*,*,#616,.T.);
#383=ORIENTED_EDGE('',*,*,#681,.F.);
#384=ORIENTED_EDGE('',*,*,#682,.F.);
#385=ORIENTED_EDGE('',*,*,#679,.T.);
#386=ORIENTED_EDGE('',*,*,#615,.F.);
#387=ORIENTED_EDGE('',*,*,#678,.F.);
#388=ORIENTED_EDGE('',*,*,#683,.T.);
#389=ORIENTED_EDGE('',*,*,#681,.T.);
#390=ORIENTED_EDGE('',*,*,#677,.F.);
#391=ORIENTED_EDGE('',*,*,#680,.T.);
#392=ORIENTED_EDGE('',*,*,#682,.T.);
#393=ORIENTED_EDGE('',*,*,#683,.F.);
#394=ORIENTED_EDGE('',*,*,#598,.F.);
#395=ORIENTED_EDGE('',*,*,#684,.F.);
#396=ORIENTED_EDGE('',*,*,#685,.T.);
#397=ORIENTED_EDGE('',*,*,#686,.T.);
#398=ORIENTED_EDGE('',*,*,#601,.T.);
#399=ORIENTED_EDGE('',*,*,#687,.F.);
#400=ORIENTED_EDGE('',*,*,#688,.F.);
#401=ORIENTED_EDGE('',*,*,#684,.T.);
#402=ORIENTED_EDGE('',*,*,#600,.T.);
#403=ORIENTED_EDGE('',*,*,#689,.F.);
#404=ORIENTED_EDGE('',*,*,#690,.F.);
#405=ORIENTED_EDGE('',*,*,#687,.T.);
#406=ORIENTED_EDGE('',*,*,#599,.F.);
#407=ORIENTED_EDGE('',*,*,#686,.F.);
#408=ORIENTED_EDGE('',*,*,#691,.T.);
#409=ORIENTED_EDGE('',*,*,#689,.T.);
#410=ORIENTED_EDGE('',*,*,#685,.F.);
#411=ORIENTED_EDGE('',*,*,#688,.T.);
#412=ORIENTED_EDGE('',*,*,#690,.T.);
#413=ORIENTED_EDGE('',*,*,#691,.F.);
#414=ORIENTED_EDGE('',*,*,#618,.F.);
#415=ORIENTED_EDGE('',*,*,#692,.F.);
#416=ORIENTED_EDGE('',*,*,#693,.T.);
#417=ORIENTED_EDGE('',*,*,#694,.T.);
#418=ORIENTED_EDGE('',*,*,#621,.T.);
#419=ORIENTED_EDGE('',*,*,#695,.F.);
#420=ORIENTED_EDGE('',*,*,#696,.F.);
#421=ORIENTED_EDGE('',*,*,#692,.T.);
#422=ORIENTED_EDGE('',*,*,#620,.T.);
#423=ORIENTED_EDGE('',*,*,#697,.F.);
#424=ORIENTED_EDGE('',*,*,#698,.F.);
#425=ORIENTED_EDGE('',*,*,#695,.T.);
#426=ORIENTED_EDGE('',*,*,#619,.F.);
#427=ORIENTED_EDGE('',*,*,#694,.F.);
#428=ORIENTED_EDGE('',*,*,#699,.T.);
#429=ORIENTED_EDGE('',*,*,#697,.T.);
#430=ORIENTED_EDGE('',*,*,#693,.F.);
#431=ORIENTED_EDGE('',*,*,#696,.T.);
#432=ORIENTED_EDGE('',*,*,#698,.T.);
#433=ORIENTED_EDGE('',*,*,#699,.F.);
#434=ORIENTED_EDGE('',*,*,#700,.F.);
#435=ORIENTED_EDGE('',*,*,#701,.T.);
#436=ORIENTED_EDGE('',*,*,#674,.T.);
#437=ORIENTED_EDGE('',*,*,#702,.T.);
#438=ORIENTED_EDGE('',*,*,#700,.T.);
#439=ORIENTED_EDGE('',*,*,#703,.T.);
#440=ORIENTED_EDGE('',*,*,#704,.F.);
#441=ORIENTED_EDGE('',*,*,#705,.T.);
#442=ORIENTED_EDGE('',*,*,#664,.T.);
#443=ORIENTED_EDGE('',*,*,#706,.T.);
#444=ORIENTED_EDGE('',*,*,#704,.T.);
#445=ORIENTED_EDGE('',*,*,#707,.T.);
#446=ORIENTED_EDGE('',*,*,#706,.F.);
#447=ORIENTED_EDGE('',*,*,#665,.F.);
#448=ORIENTED_EDGE('',*,*,#705,.F.);
#449=ORIENTED_EDGE('',*,*,#707,.F.);
#450=ORIENTED_EDGE('',*,*,#702,.F.);
#451=ORIENTED_EDGE('',*,*,#675,.F.);
#452=ORIENTED_EDGE('',*,*,#701,.F.);
#453=ORIENTED_EDGE('',*,*,#703,.F.);
#454=ORIENTED_EDGE('',*,*,#708,.F.);
#455=ORIENTED_EDGE('',*,*,#709,.T.);
#456=ORIENTED_EDGE('',*,*,#710,.T.);
#457=ORIENTED_EDGE('',*,*,#711,.T.);
#458=ORIENTED_EDGE('',*,*,#712,.T.);
#459=ORIENTED_EDGE('',*,*,#713,.T.);
#460=ORIENTED_EDGE('',*,*,#714,.F.);
#461=ORIENTED_EDGE('',*,*,#710,.F.);
#462=ORIENTED_EDGE('',*,*,#715,.F.);
#463=ORIENTED_EDGE('',*,*,#716,.F.);
#464=ORIENTED_EDGE('',*,*,#708,.T.);
#465=ORIENTED_EDGE('',*,*,#717,.T.);
#466=ORIENTED_EDGE('',*,*,#718,.F.);
#467=ORIENTED_EDGE('',*,*,#717,.F.);
#468=ORIENTED_EDGE('',*,*,#711,.F.);
#469=ORIENTED_EDGE('',*,*,#714,.T.);
#470=ORIENTED_EDGE('',*,*,#716,.T.);
#471=ORIENTED_EDGE('',*,*,#719,.T.);
#472=ORIENTED_EDGE('',*,*,#712,.F.);
#473=ORIENTED_EDGE('',*,*,#709,.F.);
#474=ORIENTED_EDGE('',*,*,#715,.T.);
#475=ORIENTED_EDGE('',*,*,#718,.T.);
#476=ORIENTED_EDGE('',*,*,#713,.F.);
#477=ORIENTED_EDGE('',*,*,#719,.F.);
#478=ORIENTED_EDGE('',*,*,#720,.T.);
#479=ORIENTED_EDGE('',*,*,#721,.T.);
#480=ORIENTED_EDGE('',*,*,#722,.T.);
#481=ORIENTED_EDGE('',*,*,#723,.T.);
#482=ORIENTED_EDGE('',*,*,#724,.F.);
#483=ORIENTED_EDGE('',*,*,#725,.F.);
#484=ORIENTED_EDGE('',*,*,#726,.F.);
#485=ORIENTED_EDGE('',*,*,#727,.F.);
#486=ORIENTED_EDGE('',*,*,#726,.T.);
#487=ORIENTED_EDGE('',*,*,#728,.T.);
#488=ORIENTED_EDGE('',*,*,#723,.F.);
#489=ORIENTED_EDGE('',*,*,#729,.T.);
#490=ORIENTED_EDGE('',*,*,#730,.F.);
#491=ORIENTED_EDGE('',*,*,#727,.T.);
#492=ORIENTED_EDGE('',*,*,#729,.F.);
#493=ORIENTED_EDGE('',*,*,#722,.F.);
#494=ORIENTED_EDGE('',*,*,#724,.T.);
#495=ORIENTED_EDGE('',*,*,#730,.T.);
#496=ORIENTED_EDGE('',*,*,#721,.F.);
#497=ORIENTED_EDGE('',*,*,#731,.F.);
#498=ORIENTED_EDGE('',*,*,#725,.T.);
#499=ORIENTED_EDGE('',*,*,#731,.T.);
#500=ORIENTED_EDGE('',*,*,#720,.F.);
#501=ORIENTED_EDGE('',*,*,#728,.F.);
#502=EDGE_CURVE('',#732,#733,#884,.T.);
#503=EDGE_CURVE('',#733,#734,#885,.T.);
#504=EDGE_CURVE('',#734,#735,#886,.T.);
#505=EDGE_CURVE('',#732,#735,#887,.T.);
#506=EDGE_CURVE('',#736,#737,#888,.T.);
#507=EDGE_CURVE('',#738,#736,#889,.T.);
#508=EDGE_CURVE('',#738,#739,#890,.T.);
#509=EDGE_CURVE('',#737,#739,#891,.T.);
#510=EDGE_CURVE('',#736,#733,#892,.T.);
#511=EDGE_CURVE('',#732,#738,#893,.T.);
#512=EDGE_CURVE('',#739,#735,#894,.T.);
#513=EDGE_CURVE('',#737,#734,#895,.T.);
#514=EDGE_CURVE('',#740,#741,#896,.T.);
#515=EDGE_CURVE('',#741,#742,#897,.T.);
#516=EDGE_CURVE('',#742,#743,#898,.T.);
#517=EDGE_CURVE('',#740,#743,#899,.T.);
#518=EDGE_CURVE('',#744,#745,#900,.T.);
#519=EDGE_CURVE('',#746,#744,#901,.T.);
#520=EDGE_CURVE('',#746,#747,#902,.T.);
#521=EDGE_CURVE('',#745,#747,#903,.T.);
#522=EDGE_CURVE('',#746,#740,#904,.T.);
#523=EDGE_CURVE('',#743,#747,#905,.T.);
#524=EDGE_CURVE('',#745,#742,#906,.T.);
#525=EDGE_CURVE('',#744,#741,#907,.T.);
#526=EDGE_CURVE('',#748,#749,#908,.T.);
#527=EDGE_CURVE('',#748,#750,#909,.T.);
#528=EDGE_CURVE('',#750,#751,#910,.T.);
#529=EDGE_CURVE('',#749,#751,#911,.T.);
#530=EDGE_CURVE('',#752,#753,#912,.T.);
#531=EDGE_CURVE('',#753,#752,#22,.F.);
#532=EDGE_CURVE('',#754,#755,#913,.T.);
#533=EDGE_CURVE('',#754,#756,#914,.T.);
#534=EDGE_CURVE('',#756,#757,#915,.T.);
#535=EDGE_CURVE('',#755,#757,#916,.T.);
#536=EDGE_CURVE('',#758,#759,#917,.T.);
#537=EDGE_CURVE('',#758,#760,#918,.T.);
#538=EDGE_CURVE('',#760,#761,#919,.T.);
#539=EDGE_CURVE('',#759,#761,#920,.T.);
#540=EDGE_CURVE('',#762,#763,#921,.T.);
#541=EDGE_CURVE('',#764,#763,#922,.T.);
#542=EDGE_CURVE('',#765,#764,#923,.T.);
#543=EDGE_CURVE('',#765,#762,#924,.T.);
#544=EDGE_CURVE('',#763,#766,#925,.T.);
#545=EDGE_CURVE('',#767,#766,#926,.T.);
#546=EDGE_CURVE('',#764,#767,#927,.T.);
#547=EDGE_CURVE('',#766,#768,#928,.T.);
#548=EDGE_CURVE('',#769,#768,#929,.T.);
#549=EDGE_CURVE('',#767,#769,#930,.T.);
#550=EDGE_CURVE('',#770,#768,#931,.T.);
#551=EDGE_CURVE('',#771,#770,#932,.T.);
#552=EDGE_CURVE('',#771,#769,#933,.T.);
#553=EDGE_CURVE('',#770,#772,#934,.T.);
#554=EDGE_CURVE('',#773,#772,#935,.T.);
#555=EDGE_CURVE('',#771,#773,#936,.T.);
#556=EDGE_CURVE('',#772,#774,#937,.T.);
#557=EDGE_CURVE('',#775,#774,#938,.T.);
#558=EDGE_CURVE('',#773,#775,#939,.T.);
#559=EDGE_CURVE('',#776,#774,#940,.T.);
#560=EDGE_CURVE('',#777,#776,#941,.T.);
#561=EDGE_CURVE('',#777,#775,#942,.T.);
#562=EDGE_CURVE('',#776,#778,#943,.T.);
#563=EDGE_CURVE('',#779,#778,#944,.T.);
#564=EDGE_CURVE('',#777,#779,#945,.T.);
#565=EDGE_CURVE('',#778,#780,#946,.T.);
#566=EDGE_CURVE('',#781,#780,#947,.T.);
#567=EDGE_CURVE('',#779,#781,#948,.T.);
#568=EDGE_CURVE('',#782,#780,#949,.T.);
#569=EDGE_CURVE('',#783,#782,#950,.T.);
#570=EDGE_CURVE('',#783,#781,#951,.T.);
#571=EDGE_CURVE('',#782,#784,#952,.T.);
#572=EDGE_CURVE('',#785,#784,#953,.T.);
#573=EDGE_CURVE('',#783,#785,#954,.T.);
#574=EDGE_CURVE('',#762,#784,#955,.T.);
#575=EDGE_CURVE('',#765,#785,#956,.T.);
#576=EDGE_CURVE('',#748,#758,#957,.T.);
#577=EDGE_CURVE('',#749,#760,#958,.T.);
#578=EDGE_CURVE('',#750,#759,#959,.T.);
#579=EDGE_CURVE('',#751,#761,#960,.T.);
#580=EDGE_CURVE('',#786,#754,#961,.T.);
#581=EDGE_CURVE('',#786,#787,#962,.T.);
#582=EDGE_CURVE('',#787,#756,#963,.T.);
#583=EDGE_CURVE('',#788,#755,#964,.T.);
#584=EDGE_CURVE('',#786,#788,#965,.T.);
#585=EDGE_CURVE('',#789,#757,#966,.T.);
#586=EDGE_CURVE('',#788,#789,#967,.T.);
#587=EDGE_CURVE('',#787,#789,#968,.T.);
#588=EDGE_CURVE('',#790,#791,#969,.T.);
#589=EDGE_CURVE('',#790,#791,#23,.F.);
#590=EDGE_CURVE('',#792,#793,#970,.T.);
#591=EDGE_CURVE('',#792,#790,#14,.T.);
#592=EDGE_CURVE('',#791,#793,#15,.T.);
#593=EDGE_CURVE('',#793,#792,#24,.T.);
#594=EDGE_CURVE('',#752,#794,#16,.T.);
#595=EDGE_CURVE('',#794,#795,#971,.T.);
#596=EDGE_CURVE('',#795,#753,#17,.T.);
#597=EDGE_CURVE('',#794,#795,#25,.T.);
#598=EDGE_CURVE('',#796,#797,#972,.T.);
#599=EDGE_CURVE('',#797,#798,#973,.T.);
#600=EDGE_CURVE('',#799,#798,#974,.T.);
#601=EDGE_CURVE('',#796,#799,#975,.T.);
#602=EDGE_CURVE('',#800,#801,#976,.T.);
#603=EDGE_CURVE('',#800,#802,#977,.T.);
#604=EDGE_CURVE('',#802,#803,#978,.T.);
#605=EDGE_CURVE('',#801,#803,#979,.T.);
#606=EDGE_CURVE('',#804,#805,#980,.T.);
#607=EDGE_CURVE('',#806,#805,#981,.T.);
#608=EDGE_CURVE('',#807,#806,#982,.T.);
#609=EDGE_CURVE('',#807,#804,#983,.T.);
#610=EDGE_CURVE('',#808,#809,#984,.T.);
#611=EDGE_CURVE('',#808,#810,#985,.T.);
#612=EDGE_CURVE('',#810,#811,#986,.T.);
#613=EDGE_CURVE('',#809,#811,#987,.T.);
#614=EDGE_CURVE('',#812,#813,#988,.T.);
#615=EDGE_CURVE('',#813,#814,#989,.T.);
#616=EDGE_CURVE('',#815,#814,#990,.T.);
#617=EDGE_CURVE('',#812,#815,#991,.T.);
#618=EDGE_CURVE('',#816,#817,#992,.T.);
#619=EDGE_CURVE('',#817,#818,#993,.T.);
#620=EDGE_CURVE('',#819,#818,#994,.T.);
#621=EDGE_CURVE('',#816,#819,#995,.T.);
#622=EDGE_CURVE('',#820,#821,#996,.T.);
#623=EDGE_CURVE('',#822,#821,#997,.T.);
#624=EDGE_CURVE('',#823,#822,#998,.T.);
#625=EDGE_CURVE('',#823,#820,#999,.T.);
#626=EDGE_CURVE('',#821,#824,#1000,.T.);
#627=EDGE_CURVE('',#825,#824,#1001,.T.);
#628=EDGE_CURVE('',#804,#825,#1002,.T.);
#629=EDGE_CURVE('',#822,#807,#1003,.T.);
#630=EDGE_CURVE('',#826,#824,#1004,.T.);
#631=EDGE_CURVE('',#827,#826,#1005,.T.);
#632=EDGE_CURVE('',#827,#825,#1006,.T.);
#633=EDGE_CURVE('',#826,#820,#1007,.T.);
#634=EDGE_CURVE('',#806,#823,#1008,.T.);
#635=EDGE_CURVE('',#827,#805,#1009,.T.);
#636=EDGE_CURVE('',#828,#829,#1010,.T.);
#637=EDGE_CURVE('',#829,#830,#1011,.T.);
#638=EDGE_CURVE('',#831,#830,#1012,.T.);
#639=EDGE_CURVE('',#828,#831,#1013,.T.);
#640=EDGE_CURVE('',#832,#828,#1014,.T.);
#641=EDGE_CURVE('',#832,#833,#1015,.T.);
#642=EDGE_CURVE('',#833,#829,#1016,.T.);
#643=EDGE_CURVE('',#834,#831,#1017,.T.);
#644=EDGE_CURVE('',#834,#832,#1018,.T.);
#645=EDGE_CURVE('',#835,#830,#1019,.T.);
#646=EDGE_CURVE('',#835,#834,#1020,.T.);
#647=EDGE_CURVE('',#833,#835,#1021,.T.);
#648=EDGE_CURVE('',#836,#837,#1022,.T.);
#649=EDGE_CURVE('',#837,#838,#1023,.T.);
#650=EDGE_CURVE('',#838,#839,#1024,.T.);
#651=EDGE_CURVE('',#839,#836,#1025,.T.);
#652=EDGE_CURVE('',#836,#834,#1026,.T.);
#653=EDGE_CURVE('',#832,#839,#1027,.T.);
#654=EDGE_CURVE('',#833,#838,#1028,.F.);
#655=EDGE_CURVE('',#837,#835,#1029,.T.);
#656=EDGE_CURVE('',#840,#801,#1030,.T.);
#657=EDGE_CURVE('',#841,#840,#1031,.T.);
#658=EDGE_CURVE('',#841,#800,#1032,.T.);
#659=EDGE_CURVE('',#842,#803,#1033,.T.);
#660=EDGE_CURVE('',#840,#842,#1034,.T.);
#661=EDGE_CURVE('',#843,#802,#1035,.T.);
#662=EDGE_CURVE('',#843,#842,#1036,.T.);
#663=EDGE_CURVE('',#841,#843,#1037,.T.);
#664=EDGE_CURVE('',#844,#845,#1038,.T.);
#665=EDGE_CURVE('',#844,#845,#26,.F.);
#666=EDGE_CURVE('',#846,#808,#1039,.T.);
#667=EDGE_CURVE('',#846,#847,#1040,.T.);
#668=EDGE_CURVE('',#847,#810,#1041,.T.);
#669=EDGE_CURVE('',#848,#809,#1042,.T.);
#670=EDGE_CURVE('',#846,#848,#1043,.T.);
#671=EDGE_CURVE('',#849,#811,#1044,.T.);
#672=EDGE_CURVE('',#848,#849,#1045,.T.);
#673=EDGE_CURVE('',#847,#849,#1046,.T.);
#674=EDGE_CURVE('',#850,#851,#1047,.T.);
#675=EDGE_CURVE('',#850,#851,#27,.F.);
#676=EDGE_CURVE('',#852,#812,#1048,.T.);
#677=EDGE_CURVE('',#852,#853,#1049,.T.);
#678=EDGE_CURVE('',#853,#813,#1050,.T.);
#679=EDGE_CURVE('',#854,#815,#1051,.T.);
#680=EDGE_CURVE('',#852,#854,#1052,.T.);
#681=EDGE_CURVE('',#855,#814,#1053,.T.);
#682=EDGE_CURVE('',#854,#855,#1054,.T.);
#683=EDGE_CURVE('',#853,#855,#1055,.T.);
#684=EDGE_CURVE('',#856,#796,#1056,.T.);
#685=EDGE_CURVE('',#856,#857,#1057,.T.);
#686=EDGE_CURVE('',#857,#797,#1058,.T.);
#687=EDGE_CURVE('',#858,#799,#1059,.T.);
#688=EDGE_CURVE('',#856,#858,#1060,.T.);
#689=EDGE_CURVE('',#859,#798,#1061,.T.);
#690=EDGE_CURVE('',#858,#859,#1062,.T.);
#691=EDGE_CURVE('',#857,#859,#1063,.T.);
#692=EDGE_CURVE('',#860,#816,#1064,.T.);
#693=EDGE_CURVE('',#860,#861,#1065,.T.);
#694=EDGE_CURVE('',#861,#817,#1066,.T.);
#695=EDGE_CURVE('',#862,#819,#1067,.T.);
#696=EDGE_CURVE('',#860,#862,#1068,.T.);
#697=EDGE_CURVE('',#863,#818,#1069,.T.);
#698=EDGE_CURVE('',#862,#863,#1070,.T.);
#699=EDGE_CURVE('',#861,#863,#1071,.T.);
#700=EDGE_CURVE('',#864,#865,#1072,.T.);
#701=EDGE_CURVE('',#864,#850,#18,.T.);
#702=EDGE_CURVE('',#851,#865,#19,.T.);
#703=EDGE_CURVE('',#865,#864,#28,.T.);
#704=EDGE_CURVE('',#866,#867,#1073,.T.);
#705=EDGE_CURVE('',#866,#844,#20,.T.);
#706=EDGE_CURVE('',#845,#867,#21,.T.);
#707=EDGE_CURVE('',#867,#866,#29,.T.);
#708=EDGE_CURVE('',#868,#869,#1074,.T.);
#709=EDGE_CURVE('',#868,#870,#1075,.T.);
#710=EDGE_CURVE('',#870,#871,#1076,.T.);
#711=EDGE_CURVE('',#871,#869,#1077,.T.);
#712=EDGE_CURVE('',#870,#872,#1078,.T.);
#713=EDGE_CURVE('',#872,#873,#1079,.T.);
#714=EDGE_CURVE('',#871,#873,#1080,.T.);
#715=EDGE_CURVE('',#874,#875,#1081,.T.);
#716=EDGE_CURVE('',#868,#874,#1082,.T.);
#717=EDGE_CURVE('',#869,#875,#1083,.T.);
#718=EDGE_CURVE('',#875,#873,#1084,.T.);
#719=EDGE_CURVE('',#874,#872,#1085,.T.);
#720=EDGE_CURVE('',#876,#877,#1086,.T.);
#721=EDGE_CURVE('',#877,#878,#1087,.T.);
#722=EDGE_CURVE('',#878,#879,#1088,.T.);
#723=EDGE_CURVE('',#879,#876,#1089,.T.);
#724=EDGE_CURVE('',#880,#881,#1090,.T.);
#725=EDGE_CURVE('',#882,#880,#1091,.T.);
#726=EDGE_CURVE('',#883,#882,#1092,.T.);
#727=EDGE_CURVE('',#881,#883,#1093,.T.);
#728=EDGE_CURVE('',#882,#876,#1094,.T.);
#729=EDGE_CURVE('',#879,#883,#1095,.T.);
#730=EDGE_CURVE('',#881,#878,#1096,.T.);
#731=EDGE_CURVE('',#880,#877,#1097,.T.);
#732=VERTEX_POINT('',#2374);
#733=VERTEX_POINT('',#2375);
#734=VERTEX_POINT('',#2377);
#735=VERTEX_POINT('',#2379);
#736=VERTEX_POINT('',#2383);
#737=VERTEX_POINT('',#2384);
#738=VERTEX_POINT('',#2386);
#739=VERTEX_POINT('',#2388);
#740=VERTEX_POINT('',#2401);
#741=VERTEX_POINT('',#2402);
#742=VERTEX_POINT('',#2404);
#743=VERTEX_POINT('',#2406);
#744=VERTEX_POINT('',#2410);
#745=VERTEX_POINT('',#2411);
#746=VERTEX_POINT('',#2413);
#747=VERTEX_POINT('',#2415);
#748=VERTEX_POINT('',#2428);
#749=VERTEX_POINT('',#2429);
#750=VERTEX_POINT('',#2431);
#751=VERTEX_POINT('',#2433);
#752=VERTEX_POINT('',#2436);
#753=VERTEX_POINT('',#2437);
#754=VERTEX_POINT('',#2441);
#755=VERTEX_POINT('',#2442);
#756=VERTEX_POINT('',#2444);
#757=VERTEX_POINT('',#2446);
#758=VERTEX_POINT('',#2449);
#759=VERTEX_POINT('',#2450);
#760=VERTEX_POINT('',#2452);
#761=VERTEX_POINT('',#2454);
#762=VERTEX_POINT('',#2457);
#763=VERTEX_POINT('',#2458);
#764=VERTEX_POINT('',#2460);
#765=VERTEX_POINT('',#2462);
#766=VERTEX_POINT('',#2466);
#767=VERTEX_POINT('',#2468);
#768=VERTEX_POINT('',#2472);
#769=VERTEX_POINT('',#2474);
#770=VERTEX_POINT('',#2478);
#771=VERTEX_POINT('',#2480);
#772=VERTEX_POINT('',#2484);
#773=VERTEX_POINT('',#2486);
#774=VERTEX_POINT('',#2490);
#775=VERTEX_POINT('',#2492);
#776=VERTEX_POINT('',#2496);
#777=VERTEX_POINT('',#2498);
#778=VERTEX_POINT('',#2502);
#779=VERTEX_POINT('',#2504);
#780=VERTEX_POINT('',#2508);
#781=VERTEX_POINT('',#2510);
#782=VERTEX_POINT('',#2514);
#783=VERTEX_POINT('',#2516);
#784=VERTEX_POINT('',#2520);
#785=VERTEX_POINT('',#2522);
#786=VERTEX_POINT('',#2539);
#787=VERTEX_POINT('',#2541);
#788=VERTEX_POINT('',#2545);
#789=VERTEX_POINT('',#2549);
#790=VERTEX_POINT('',#2555);
#791=VERTEX_POINT('',#2556);
#792=VERTEX_POINT('',#2560);
#793=VERTEX_POINT('',#2561);
#794=VERTEX_POINT('',#2580);
#795=VERTEX_POINT('',#2582);
#796=VERTEX_POINT('',#2595);
#797=VERTEX_POINT('',#2596);
#798=VERTEX_POINT('',#2598);
#799=VERTEX_POINT('',#2600);
#800=VERTEX_POINT('',#2603);
#801=VERTEX_POINT('',#2604);
#802=VERTEX_POINT('',#2606);
#803=VERTEX_POINT('',#2608);
#804=VERTEX_POINT('',#2611);
#805=VERTEX_POINT('',#2612);
#806=VERTEX_POINT('',#2614);
#807=VERTEX_POINT('',#2616);
#808=VERTEX_POINT('',#2619);
#809=VERTEX_POINT('',#2620);
#810=VERTEX_POINT('',#2622);
#811=VERTEX_POINT('',#2624);
#812=VERTEX_POINT('',#2627);
#813=VERTEX_POINT('',#2628);
#814=VERTEX_POINT('',#2630);
#815=VERTEX_POINT('',#2632);
#816=VERTEX_POINT('',#2635);
#817=VERTEX_POINT('',#2636);
#818=VERTEX_POINT('',#2638);
#819=VERTEX_POINT('',#2640);
#820=VERTEX_POINT('',#2644);
#821=VERTEX_POINT('',#2645);
#822=VERTEX_POINT('',#2647);
#823=VERTEX_POINT('',#2649);
#824=VERTEX_POINT('',#2653);
#825=VERTEX_POINT('',#2655);
#826=VERTEX_POINT('',#2660);
#827=VERTEX_POINT('',#2662);
#828=VERTEX_POINT('',#2672);
#829=VERTEX_POINT('',#2673);
#830=VERTEX_POINT('',#2675);
#831=VERTEX_POINT('',#2677);
#832=VERTEX_POINT('',#2681);
#833=VERTEX_POINT('',#2683);
#834=VERTEX_POINT('',#2687);
#835=VERTEX_POINT('',#2691);
#836=VERTEX_POINT('',#2697);
#837=VERTEX_POINT('',#2698);
#838=VERTEX_POINT('',#2700);
#839=VERTEX_POINT('',#2702);
#840=VERTEX_POINT('',#2714);
#841=VERTEX_POINT('',#2716);
#842=VERTEX_POINT('',#2720);
#843=VERTEX_POINT('',#2724);
#844=VERTEX_POINT('',#2730);
#845=VERTEX_POINT('',#2731);
#846=VERTEX_POINT('',#2735);
#847=VERTEX_POINT('',#2737);
#848=VERTEX_POINT('',#2741);
#849=VERTEX_POINT('',#2745);
#850=VERTEX_POINT('',#2751);
#851=VERTEX_POINT('',#2752);
#852=VERTEX_POINT('',#2756);
#853=VERTEX_POINT('',#2758);
#854=VERTEX_POINT('',#2762);
#855=VERTEX_POINT('',#2766);
#856=VERTEX_POINT('',#2773);
#857=VERTEX_POINT('',#2775);
#858=VERTEX_POINT('',#2779);
#859=VERTEX_POINT('',#2783);
#860=VERTEX_POINT('',#2790);
#861=VERTEX_POINT('',#2792);
#862=VERTEX_POINT('',#2796);
#863=VERTEX_POINT('',#2800);
#864=VERTEX_POINT('',#2807);
#865=VERTEX_POINT('',#2808);
#866=VERTEX_POINT('',#2823);
#867=VERTEX_POINT('',#2824);
#868=VERTEX_POINT('',#2841);
#869=VERTEX_POINT('',#2842);
#870=VERTEX_POINT('',#2844);
#871=VERTEX_POINT('',#2846);
#872=VERTEX_POINT('',#2850);
#873=VERTEX_POINT('',#2852);
#874=VERTEX_POINT('',#2856);
#875=VERTEX_POINT('',#2857);
#876=VERTEX_POINT('',#2868);
#877=VERTEX_POINT('',#2869);
#878=VERTEX_POINT('',#2871);
#879=VERTEX_POINT('',#2873);
#880=VERTEX_POINT('',#2877);
#881=VERTEX_POINT('',#2878);
#882=VERTEX_POINT('',#2880);
#883=VERTEX_POINT('',#2882);
#884=LINE('',#2373,#1098);
#885=LINE('',#2376,#1099);
#886=LINE('',#2378,#1100);
#887=LINE('',#2380,#1101);
#888=LINE('',#2382,#1102);
#889=LINE('',#2385,#1103);
#890=LINE('',#2387,#1104);
#891=LINE('',#2389,#1105);
#892=LINE('',#2391,#1106);
#893=LINE('',#2392,#1107);
#894=LINE('',#2394,#1108);
#895=LINE('',#2396,#1109);
#896=LINE('',#2400,#1110);
#897=LINE('',#2403,#1111);
#898=LINE('',#2405,#1112);
#899=LINE('',#2407,#1113);
#900=LINE('',#2409,#1114);
#901=LINE('',#2412,#1115);
#902=LINE('',#2414,#1116);
#903=LINE('',#2416,#1117);
#904=LINE('',#2418,#1118);
#905=LINE('',#2419,#1119);
#906=LINE('',#2421,#1120);
#907=LINE('',#2423,#1121);
#908=LINE('',#2427,#1122);
#909=LINE('',#2430,#1123);
#910=LINE('',#2432,#1124);
#911=LINE('',#2434,#1125);
#912=LINE('',#2435,#1126);
#913=LINE('',#2440,#1127);
#914=LINE('',#2443,#1128);
#915=LINE('',#2445,#1129);
#916=LINE('',#2447,#1130);
#917=LINE('',#2448,#1131);
#918=LINE('',#2451,#1132);
#919=LINE('',#2453,#1133);
#920=LINE('',#2455,#1134);
#921=LINE('',#2456,#1135);
#922=LINE('',#2459,#1136);
#923=LINE('',#2461,#1137);
#924=LINE('',#2463,#1138);
#925=LINE('',#2465,#1139);
#926=LINE('',#2467,#1140);
#927=LINE('',#2469,#1141);
#928=LINE('',#2471,#1142);
#929=LINE('',#2473,#1143);
#930=LINE('',#2475,#1144);
#931=LINE('',#2477,#1145);
#932=LINE('',#2479,#1146);
#933=LINE('',#2481,#1147);
#934=LINE('',#2483,#1148);
#935=LINE('',#2485,#1149);
#936=LINE('',#2487,#1150);
#937=LINE('',#2489,#1151);
#938=LINE('',#2491,#1152);
#939=LINE('',#2493,#1153);
#940=LINE('',#2495,#1154);
#941=LINE('',#2497,#1155);
#942=LINE('',#2499,#1156);
#943=LINE('',#2501,#1157);
#944=LINE('',#2503,#1158);
#945=LINE('',#2505,#1159);
#946=LINE('',#2507,#1160);
#947=LINE('',#2509,#1161);
#948=LINE('',#2511,#1162);
#949=LINE('',#2513,#1163);
#950=LINE('',#2515,#1164);
#951=LINE('',#2517,#1165);
#952=LINE('',#2519,#1166);
#953=LINE('',#2521,#1167);
#954=LINE('',#2523,#1168);
#955=LINE('',#2525,#1169);
#956=LINE('',#2526,#1170);
#957=LINE('',#2530,#1171);
#958=LINE('',#2531,#1172);
#959=LINE('',#2533,#1173);
#960=LINE('',#2535,#1174);
#961=LINE('',#2538,#1175);
#962=LINE('',#2540,#1176);
#963=LINE('',#2542,#1177);
#964=LINE('',#2544,#1178);
#965=LINE('',#2546,#1179);
#966=LINE('',#2548,#1180);
#967=LINE('',#2550,#1181);
#968=LINE('',#2552,#1182);
#969=LINE('',#2554,#1183);
#970=LINE('',#2559,#1184);
#971=LINE('',#2581,#1185);
#972=LINE('',#2594,#1186);
#973=LINE('',#2597,#1187);
#974=LINE('',#2599,#1188);
#975=LINE('',#2601,#1189);
#976=LINE('',#2602,#1190);
#977=LINE('',#2605,#1191);
#978=LINE('',#2607,#1192);
#979=LINE('',#2609,#1193);
#980=LINE('',#2610,#1194);
#981=LINE('',#2613,#1195);
#982=LINE('',#2615,#1196);
#983=LINE('',#2617,#1197);
#984=LINE('',#2618,#1198);
#985=LINE('',#2621,#1199);
#986=LINE('',#2623,#1200);
#987=LINE('',#2625,#1201);
#988=LINE('',#2626,#1202);
#989=LINE('',#2629,#1203);
#990=LINE('',#2631,#1204);
#991=LINE('',#2633,#1205);
#992=LINE('',#2634,#1206);
#993=LINE('',#2637,#1207);
#994=LINE('',#2639,#1208);
#995=LINE('',#2641,#1209);
#996=LINE('',#2643,#1210);
#997=LINE('',#2646,#1211);
#998=LINE('',#2648,#1212);
#999=LINE('',#2650,#1213);
#1000=LINE('',#2652,#1214);
#1001=LINE('',#2654,#1215);
#1002=LINE('',#2656,#1216);
#1003=LINE('',#2657,#1217);
#1004=LINE('',#2659,#1218);
#1005=LINE('',#2661,#1219);
#1006=LINE('',#2663,#1220);
#1007=LINE('',#2665,#1221);
#1008=LINE('',#2666,#1222);
#1009=LINE('',#2667,#1223);
#1010=LINE('',#2671,#1224);
#1011=LINE('',#2674,#1225);
#1012=LINE('',#2676,#1226);
#1013=LINE('',#2678,#1227);
#1014=LINE('',#2680,#1228);
#1015=LINE('',#2682,#1229);
#1016=LINE('',#2684,#1230);
#1017=LINE('',#2686,#1231);
#1018=LINE('',#2688,#1232);
#1019=LINE('',#2690,#1233);
#1020=LINE('',#2692,#1234);
#1021=LINE('',#2694,#1235);
#1022=LINE('',#2696,#1236);
#1023=LINE('',#2699,#1237);
#1024=LINE('',#2701,#1238);
#1025=LINE('',#2703,#1239);
#1026=LINE('',#2705,#1240);
#1027=LINE('',#2706,#1241);
#1028=LINE('',#2708,#1242);
#1029=LINE('',#2710,#1243);
#1030=LINE('',#2713,#1244);
#1031=LINE('',#2715,#1245);
#1032=LINE('',#2717,#1246);
#1033=LINE('',#2719,#1247);
#1034=LINE('',#2721,#1248);
#1035=LINE('',#2723,#1249);
#1036=LINE('',#2725,#1250);
#1037=LINE('',#2727,#1251);
#1038=LINE('',#2729,#1252);
#1039=LINE('',#2734,#1253);
#1040=LINE('',#2736,#1254);
#1041=LINE('',#2738,#1255);
#1042=LINE('',#2740,#1256);
#1043=LINE('',#2742,#1257);
#1044=LINE('',#2744,#1258);
#1045=LINE('',#2746,#1259);
#1046=LINE('',#2748,#1260);
#1047=LINE('',#2750,#1261);
#1048=LINE('',#2755,#1262);
#1049=LINE('',#2757,#1263);
#1050=LINE('',#2759,#1264);
#1051=LINE('',#2761,#1265);
#1052=LINE('',#2763,#1266);
#1053=LINE('',#2765,#1267);
#1054=LINE('',#2767,#1268);
#1055=LINE('',#2769,#1269);
#1056=LINE('',#2772,#1270);
#1057=LINE('',#2774,#1271);
#1058=LINE('',#2776,#1272);
#1059=LINE('',#2778,#1273);
#1060=LINE('',#2780,#1274);
#1061=LINE('',#2782,#1275);
#1062=LINE('',#2784,#1276);
#1063=LINE('',#2786,#1277);
#1064=LINE('',#2789,#1278);
#1065=LINE('',#2791,#1279);
#1066=LINE('',#2793,#1280);
#1067=LINE('',#2795,#1281);
#1068=LINE('',#2797,#1282);
#1069=LINE('',#2799,#1283);
#1070=LINE('',#2801,#1284);
#1071=LINE('',#2803,#1285);
#1072=LINE('',#2806,#1286);
#1073=LINE('',#2822,#1287);
#1074=LINE('',#2840,#1288);
#1075=LINE('',#2843,#1289);
#1076=LINE('',#2845,#1290);
#1077=LINE('',#2847,#1291);
#1078=LINE('',#2849,#1292);
#1079=LINE('',#2851,#1293);
#1080=LINE('',#2853,#1294);
#1081=LINE('',#2855,#1295);
#1082=LINE('',#2858,#1296);
#1083=LINE('',#2859,#1297);
#1084=LINE('',#2861,#1298);
#1085=LINE('',#2863,#1299);
#1086=LINE('',#2867,#1300);
#1087=LINE('',#2870,#1301);
#1088=LINE('',#2872,#1302);
#1089=LINE('',#2874,#1303);
#1090=LINE('',#2876,#1304);
#1091=LINE('',#2879,#1305);
#1092=LINE('',#2881,#1306);
#1093=LINE('',#2883,#1307);
#1094=LINE('',#2885,#1308);
#1095=LINE('',#2886,#1309);
#1096=LINE('',#2888,#1310);
#1097=LINE('',#2890,#1311);
#1098=VECTOR('',#1929,1.);
#1099=VECTOR('',#1930,1.);
#1100=VECTOR('',#1931,1.);
#1101=VECTOR('',#1932,1.);
#1102=VECTOR('',#1935,1.);
#1103=VECTOR('',#1936,1.);
#1104=VECTOR('',#1937,1.);
#1105=VECTOR('',#1938,1.);
#1106=VECTOR('',#1941,1.);
#1107=VECTOR('',#1942,1.);
#1108=VECTOR('',#1945,1.);
#1109=VECTOR('',#1948,1.);
#1110=VECTOR('',#1955,1.);
#1111=VECTOR('',#1956,1.);
#1112=VECTOR('',#1957,1.);
#1113=VECTOR('',#1958,1.);
#1114=VECTOR('',#1961,1.);
#1115=VECTOR('',#1962,1.);
#1116=VECTOR('',#1963,1.);
#1117=VECTOR('',#1964,1.);
#1118=VECTOR('',#1967,1.);
#1119=VECTOR('',#1968,1.);
#1120=VECTOR('',#1971,1.);
#1121=VECTOR('',#1974,1.);
#1122=VECTOR('',#1981,1.);
#1123=VECTOR('',#1982,1.);
#1124=VECTOR('',#1983,1.);
#1125=VECTOR('',#1984,1.);
#1126=VECTOR('',#1985,1.);
#1127=VECTOR('',#1990,1.);
#1128=VECTOR('',#1991,1.);
#1129=VECTOR('',#1992,1.);
#1130=VECTOR('',#1993,1.);
#1131=VECTOR('',#1994,1.);
#1132=VECTOR('',#1995,1.);
#1133=VECTOR('',#1996,1.);
#1134=VECTOR('',#1997,1.);
#1135=VECTOR('',#1998,1.);
#1136=VECTOR('',#1999,1.);
#1137=VECTOR('',#2000,1.);
#1138=VECTOR('',#2001,1.);
#1139=VECTOR('',#2004,1.);
#1140=VECTOR('',#2005,1.);
#1141=VECTOR('',#2006,1.);
#1142=VECTOR('',#2009,1.);
#1143=VECTOR('',#2010,1.);
#1144=VECTOR('',#2011,1.);
#1145=VECTOR('',#2014,1.);
#1146=VECTOR('',#2015,1.);
#1147=VECTOR('',#2016,1.);
#1148=VECTOR('',#2019,1.);
#1149=VECTOR('',#2020,1.);
#1150=VECTOR('',#2021,1.);
#1151=VECTOR('',#2024,1.);
#1152=VECTOR('',#2025,1.);
#1153=VECTOR('',#2026,1.);
#1154=VECTOR('',#2029,1.);
#1155=VECTOR('',#2030,1.);
#1156=VECTOR('',#2031,1.);
#1157=VECTOR('',#2034,1.);
#1158=VECTOR('',#2035,1.);
#1159=VECTOR('',#2036,1.);
#1160=VECTOR('',#2039,1.);
#1161=VECTOR('',#2040,1.);
#1162=VECTOR('',#2041,1.);
#1163=VECTOR('',#2044,1.);
#1164=VECTOR('',#2045,1.);
#1165=VECTOR('',#2046,1.);
#1166=VECTOR('',#2049,1.);
#1167=VECTOR('',#2050,1.);
#1168=VECTOR('',#2051,1.);
#1169=VECTOR('',#2054,1.);
#1170=VECTOR('',#2055,1.);
#1171=VECTOR('',#2062,1.);
#1172=VECTOR('',#2063,1.);
#1173=VECTOR('',#2066,1.);
#1174=VECTOR('',#2069,1.);
#1175=VECTOR('',#2074,1.);
#1176=VECTOR('',#2075,1.);
#1177=VECTOR('',#2076,1.);
#1178=VECTOR('',#2079,1.);
#1179=VECTOR('',#2080,1.);
#1180=VECTOR('',#2083,1.);
#1181=VECTOR('',#2084,1.);
#1182=VECTOR('',#2087,1.);
#1183=VECTOR('',#2090,1.);
#1184=VECTOR('',#2095,1.);
#1185=VECTOR('',#2102,1.);
#1186=VECTOR('',#2115,1.);
#1187=VECTOR('',#2116,1.);
#1188=VECTOR('',#2117,1.);
#1189=VECTOR('',#2118,1.);
#1190=VECTOR('',#2119,1.);
#1191=VECTOR('',#2120,1.);
#1192=VECTOR('',#2121,1.);
#1193=VECTOR('',#2122,1.);
#1194=VECTOR('',#2123,1.);
#1195=VECTOR('',#2124,1.);
#1196=VECTOR('',#2125,1.);
#1197=VECTOR('',#2126,1.);
#1198=VECTOR('',#2127,1.);
#1199=VECTOR('',#2128,1.);
#1200=VECTOR('',#2129,1.);
#1201=VECTOR('',#2130,1.);
#1202=VECTOR('',#2131,1.);
#1203=VECTOR('',#2132,1.);
#1204=VECTOR('',#2133,1.);
#1205=VECTOR('',#2134,1.);
#1206=VECTOR('',#2135,1.);
#1207=VECTOR('',#2136,1.);
#1208=VECTOR('',#2137,1.);
#1209=VECTOR('',#2138,1.);
#1210=VECTOR('',#2141,1.);
#1211=VECTOR('',#2142,1.);
#1212=VECTOR('',#2143,1.);
#1213=VECTOR('',#2144,1.);
#1214=VECTOR('',#2147,1.);
#1215=VECTOR('',#2148,1.);
#1216=VECTOR('',#2149,1.);
#1217=VECTOR('',#2150,1.);
#1218=VECTOR('',#2153,1.);
#1219=VECTOR('',#2154,1.);
#1220=VECTOR('',#2155,1.);
#1221=VECTOR('',#2158,1.);
#1222=VECTOR('',#2159,1.);
#1223=VECTOR('',#2160,1.);
#1224=VECTOR('',#2167,1.);
#1225=VECTOR('',#2168,1.);
#1226=VECTOR('',#2169,1.);
#1227=VECTOR('',#2170,1.);
#1228=VECTOR('',#2173,1.);
#1229=VECTOR('',#2174,1.);
#1230=VECTOR('',#2175,1.);
#1231=VECTOR('',#2178,1.);
#1232=VECTOR('',#2179,1.);
#1233=VECTOR('',#2182,1.);
#1234=VECTOR('',#2183,1.);
#1235=VECTOR('',#2186,1.);
#1236=VECTOR('',#2189,1.);
#1237=VECTOR('',#2190,1.);
#1238=VECTOR('',#2191,1.);
#1239=VECTOR('',#2192,1.);
#1240=VECTOR('',#2195,1.);
#1241=VECTOR('',#2196,1.);
#1242=VECTOR('',#2199,1.);
#1243=VECTOR('',#2202,1.);
#1244=VECTOR('',#2207,1.);
#1245=VECTOR('',#2208,1.);
#1246=VECTOR('',#2209,1.);
#1247=VECTOR('',#2212,1.);
#1248=VECTOR('',#2213,1.);
#1249=VECTOR('',#2216,1.);
#1250=VECTOR('',#2217,1.);
#1251=VECTOR('',#2220,1.);
#1252=VECTOR('',#2223,1.);
#1253=VECTOR('',#2228,1.);
#1254=VECTOR('',#2229,1.);
#1255=VECTOR('',#2230,1.);
#1256=VECTOR('',#2233,1.);
#1257=VECTOR('',#2234,1.);
#1258=VECTOR('',#2237,1.);
#1259=VECTOR('',#2238,1.);
#1260=VECTOR('',#2241,1.);
#1261=VECTOR('',#2244,1.);
#1262=VECTOR('',#2249,1.);
#1263=VECTOR('',#2250,1.);
#1264=VECTOR('',#2251,1.);
#1265=VECTOR('',#2254,1.);
#1266=VECTOR('',#2255,1.);
#1267=VECTOR('',#2258,1.);
#1268=VECTOR('',#2259,1.);
#1269=VECTOR('',#2262,1.);
#1270=VECTOR('',#2267,1.);
#1271=VECTOR('',#2268,1.);
#1272=VECTOR('',#2269,1.);
#1273=VECTOR('',#2272,1.);
#1274=VECTOR('',#2273,1.);
#1275=VECTOR('',#2276,1.);
#1276=VECTOR('',#2277,1.);
#1277=VECTOR('',#2280,1.);
#1278=VECTOR('',#2285,1.);
#1279=VECTOR('',#2286,1.);
#1280=VECTOR('',#2287,1.);
#1281=VECTOR('',#2290,1.);
#1282=VECTOR('',#2291,1.);
#1283=VECTOR('',#2294,1.);
#1284=VECTOR('',#2295,1.);
#1285=VECTOR('',#2298,1.);
#1286=VECTOR('',#2303,1.);
#1287=VECTOR('',#2310,1.);
#1288=VECTOR('',#2323,1.);
#1289=VECTOR('',#2324,1.);
#1290=VECTOR('',#2325,1.);
#1291=VECTOR('',#2326,1.);
#1292=VECTOR('',#2329,1.);
#1293=VECTOR('',#2330,1.);
#1294=VECTOR('',#2331,1.);
#1295=VECTOR('',#2334,1.);
#1296=VECTOR('',#2335,1.);
#1297=VECTOR('',#2336,1.);
#1298=VECTOR('',#2339,1.);
#1299=VECTOR('',#2342,1.);
#1300=VECTOR('',#2349,1.);
#1301=VECTOR('',#2350,1.);
#1302=VECTOR('',#2351,1.);
#1303=VECTOR('',#2352,1.);
#1304=VECTOR('',#2355,1.);
#1305=VECTOR('',#2356,1.);
#1306=VECTOR('',#2357,1.);
#1307=VECTOR('',#2358,1.);
#1308=VECTOR('',#2361,1.);
#1309=VECTOR('',#2362,1.);
#1310=VECTOR('',#2365,1.);
#1311=VECTOR('',#2368,1.);
#1312=EDGE_LOOP('',(#42,#43,#44,#45));
#1313=EDGE_LOOP('',(#46,#47,#48,#49));
#1314=EDGE_LOOP('',(#50,#51,#52,#53));
#1315=EDGE_LOOP('',(#54,#55,#56,#57));
#1316=EDGE_LOOP('',(#58,#59,#60,#61));
#1317=EDGE_LOOP('',(#62,#63,#64,#65));
#1318=EDGE_LOOP('',(#66,#67,#68,#69));
#1319=EDGE_LOOP('',(#70,#71,#72,#73));
#1320=EDGE_LOOP('',(#74,#75,#76,#77));
#1321=EDGE_LOOP('',(#78,#79,#80,#81));
#1322=EDGE_LOOP('',(#82,#83,#84,#85));
#1323=EDGE_LOOP('',(#86,#87,#88,#89));
#1324=EDGE_LOOP('',(#90,#91,#92,#93));
#1325=EDGE_LOOP('',(#94,#95));
#1326=EDGE_LOOP('',(#96,#97,#98,#99));
#1327=EDGE_LOOP('',(#100,#101,#102,#103));
#1328=EDGE_LOOP('',(#104,#105,#106,#107));
#1329=EDGE_LOOP('',(#108,#109,#110,#111));
#1330=EDGE_LOOP('',(#112,#113,#114,#115));
#1331=EDGE_LOOP('',(#116,#117,#118,#119));
#1332=EDGE_LOOP('',(#120,#121,#122,#123));
#1333=EDGE_LOOP('',(#124,#125,#126,#127));
#1334=EDGE_LOOP('',(#128,#129,#130,#131));
#1335=EDGE_LOOP('',(#132,#133,#134,#135));
#1336=EDGE_LOOP('',(#136,#137,#138,#139));
#1337=EDGE_LOOP('',(#140,#141,#142,#143));
#1338=EDGE_LOOP('',(#144,#145,#146,#147));
#1339=EDGE_LOOP('',(#148,#149,#150,#151));
#1340=EDGE_LOOP('',(#152,#153,#154,#155,#156,#157,#158,#159,#160,#161,#162,
#163));
#1341=EDGE_LOOP('',(#164,#165,#166,#167,#168,#169,#170,#171,#172,#173,#174,
#175));
#1342=EDGE_LOOP('',(#176,#177,#178,#179));
#1343=EDGE_LOOP('',(#180,#181,#182,#183));
#1344=EDGE_LOOP('',(#184,#185,#186,#187));
#1345=EDGE_LOOP('',(#188,#189,#190,#191));
#1346=EDGE_LOOP('',(#192,#193,#194,#195));
#1347=EDGE_LOOP('',(#196,#197,#198,#199));
#1348=EDGE_LOOP('',(#200,#201,#202,#203));
#1349=EDGE_LOOP('',(#204,#205,#206,#207));
#1350=EDGE_LOOP('',(#208,#209));
#1351=EDGE_LOOP('',(#210,#211,#212,#213));
#1352=EDGE_LOOP('',(#214,#215,#216,#217));
#1353=EDGE_LOOP('',(#218,#219));
#1354=EDGE_LOOP('',(#220,#221,#222,#223));
#1355=EDGE_LOOP('',(#224,#225));
#1356=EDGE_LOOP('',(#226,#227,#228,#229));
#1357=EDGE_LOOP('',(#230,#231,#232,#233));
#1358=EDGE_LOOP('',(#234,#235,#236,#237));
#1359=EDGE_LOOP('',(#238,#239,#240,#241));
#1360=EDGE_LOOP('',(#242,#243,#244,#245));
#1361=EDGE_LOOP('',(#246,#247,#248,#249));
#1362=EDGE_LOOP('',(#250,#251,#252,#253));
#1363=EDGE_LOOP('',(#254,#255,#256,#257));
#1364=EDGE_LOOP('',(#258,#259,#260,#261));
#1365=EDGE_LOOP('',(#262,#263,#264,#265,#266,#267));
#1366=EDGE_LOOP('',(#268,#269,#270,#271));
#1367=EDGE_LOOP('',(#272,#273,#274,#275,#276,#277));
#1368=EDGE_LOOP('',(#278,#279,#280,#281));
#1369=EDGE_LOOP('',(#282,#283,#284,#285));
#1370=EDGE_LOOP('',(#286,#287,#288,#289));
#1371=EDGE_LOOP('',(#290,#291,#292,#293));
#1372=EDGE_LOOP('',(#294,#295,#296,#297));
#1373=EDGE_LOOP('',(#298,#299,#300,#301));
#1374=EDGE_LOOP('',(#302,#303,#304,#305));
#1375=EDGE_LOOP('',(#306,#307,#308,#309));
#1376=EDGE_LOOP('',(#310,#311,#312,#313));
#1377=EDGE_LOOP('',(#314,#315,#316,#317));
#1378=EDGE_LOOP('',(#318,#319,#320,#321));
#1379=EDGE_LOOP('',(#322,#323,#324,#325));
#1380=EDGE_LOOP('',(#326,#327,#328,#329));
#1381=EDGE_LOOP('',(#330,#331,#332,#333));
#1382=EDGE_LOOP('',(#334,#335,#336,#337));
#1383=EDGE_LOOP('',(#338,#339,#340,#341));
#1384=EDGE_LOOP('',(#342,#343,#344,#345));
#1385=EDGE_LOOP('',(#346,#347));
#1386=EDGE_LOOP('',(#348,#349,#350,#351));
#1387=EDGE_LOOP('',(#352,#353,#354,#355));
#1388=EDGE_LOOP('',(#356,#357,#358,#359));
#1389=EDGE_LOOP('',(#360,#361,#362,#363));
#1390=EDGE_LOOP('',(#364,#365,#366,#367));
#1391=EDGE_LOOP('',(#368,#369));
#1392=EDGE_LOOP('',(#370,#371,#372,#373));
#1393=EDGE_LOOP('',(#374,#375,#376,#377));
#1394=EDGE_LOOP('',(#378,#379,#380,#381));
#1395=EDGE_LOOP('',(#382,#383,#384,#385));
#1396=EDGE_LOOP('',(#386,#387,#388,#389));
#1397=EDGE_LOOP('',(#390,#391,#392,#393));
#1398=EDGE_LOOP('',(#394,#395,#396,#397));
#1399=EDGE_LOOP('',(#398,#399,#400,#401));
#1400=EDGE_LOOP('',(#402,#403,#404,#405));
#1401=EDGE_LOOP('',(#406,#407,#408,#409));
#1402=EDGE_LOOP('',(#410,#411,#412,#413));
#1403=EDGE_LOOP('',(#414,#415,#416,#417));
#1404=EDGE_LOOP('',(#418,#419,#420,#421));
#1405=EDGE_LOOP('',(#422,#423,#424,#425));
#1406=EDGE_LOOP('',(#426,#427,#428,#429));
#1407=EDGE_LOOP('',(#430,#431,#432,#433));
#1408=EDGE_LOOP('',(#434,#435,#436,#437));
#1409=EDGE_LOOP('',(#438,#439));
#1410=EDGE_LOOP('',(#440,#441,#442,#443));
#1411=EDGE_LOOP('',(#444,#445));
#1412=EDGE_LOOP('',(#446,#447,#448,#449));
#1413=EDGE_LOOP('',(#450,#451,#452,#453));
#1414=EDGE_LOOP('',(#454,#455,#456,#457));
#1415=EDGE_LOOP('',(#458,#459,#460,#461));
#1416=EDGE_LOOP('',(#462,#463,#464,#465));
#1417=EDGE_LOOP('',(#466,#467,#468,#469));
#1418=EDGE_LOOP('',(#470,#471,#472,#473));
#1419=EDGE_LOOP('',(#474,#475,#476,#477));
#1420=EDGE_LOOP('',(#478,#479,#480,#481));
#1421=EDGE_LOOP('',(#482,#483,#484,#485));
#1422=EDGE_LOOP('',(#486,#487,#488,#489));
#1423=EDGE_LOOP('',(#490,#491,#492,#493));
#1424=EDGE_LOOP('',(#494,#495,#496,#497));
#1425=EDGE_LOOP('',(#498,#499,#500,#501));
#1426=FACE_BOUND('',#1312,.T.);
#1427=FACE_BOUND('',#1313,.T.);
#1428=FACE_BOUND('',#1314,.T.);
#1429=FACE_BOUND('',#1315,.T.);
#1430=FACE_BOUND('',#1316,.T.);
#1431=FACE_BOUND('',#1317,.T.);
#1432=FACE_BOUND('',#1318,.T.);
#1433=FACE_BOUND('',#1319,.T.);
#1434=FACE_BOUND('',#1320,.T.);
#1435=FACE_BOUND('',#1321,.T.);
#1436=FACE_BOUND('',#1322,.T.);
#1437=FACE_BOUND('',#1323,.T.);
#1438=FACE_BOUND('',#1324,.T.);
#1439=FACE_BOUND('',#1325,.T.);
#1440=FACE_BOUND('',#1326,.T.);
#1441=FACE_BOUND('',#1327,.T.);
#1442=FACE_BOUND('',#1328,.T.);
#1443=FACE_BOUND('',#1329,.T.);
#1444=FACE_BOUND('',#1330,.T.);
#1445=FACE_BOUND('',#1331,.T.);
#1446=FACE_BOUND('',#1332,.T.);
#1447=FACE_BOUND('',#1333,.T.);
#1448=FACE_BOUND('',#1334,.T.);
#1449=FACE_BOUND('',#1335,.T.);
#1450=FACE_BOUND('',#1336,.T.);
#1451=FACE_BOUND('',#1337,.T.);
#1452=FACE_BOUND('',#1338,.T.);
#1453=FACE_BOUND('',#1339,.T.);
#1454=FACE_BOUND('',#1340,.T.);
#1455=FACE_BOUND('',#1341,.T.);
#1456=FACE_BOUND('',#1342,.T.);
#1457=FACE_BOUND('',#1343,.T.);
#1458=FACE_BOUND('',#1344,.T.);
#1459=FACE_BOUND('',#1345,.T.);
#1460=FACE_BOUND('',#1346,.T.);
#1461=FACE_BOUND('',#1347,.T.);
#1462=FACE_BOUND('',#1348,.T.);
#1463=FACE_BOUND('',#1349,.T.);
#1464=FACE_BOUND('',#1350,.T.);
#1465=FACE_BOUND('',#1351,.T.);
#1466=FACE_BOUND('',#1352,.T.);
#1467=FACE_BOUND('',#1353,.T.);
#1468=FACE_BOUND('',#1354,.T.);
#1469=FACE_BOUND('',#1355,.T.);
#1470=FACE_BOUND('',#1356,.T.);
#1471=FACE_BOUND('',#1357,.T.);
#1472=FACE_BOUND('',#1358,.T.);
#1473=FACE_BOUND('',#1359,.T.);
#1474=FACE_BOUND('',#1360,.T.);
#1475=FACE_BOUND('',#1361,.T.);
#1476=FACE_BOUND('',#1362,.T.);
#1477=FACE_BOUND('',#1363,.T.);
#1478=FACE_BOUND('',#1364,.T.);
#1479=FACE_BOUND('',#1365,.T.);
#1480=FACE_BOUND('',#1366,.T.);
#1481=FACE_BOUND('',#1367,.T.);
#1482=FACE_BOUND('',#1368,.T.);
#1483=FACE_BOUND('',#1369,.T.);
#1484=FACE_BOUND('',#1370,.T.);
#1485=FACE_BOUND('',#1371,.T.);
#1486=FACE_BOUND('',#1372,.T.);
#1487=FACE_BOUND('',#1373,.T.);
#1488=FACE_BOUND('',#1374,.T.);
#1489=FACE_BOUND('',#1375,.T.);
#1490=FACE_BOUND('',#1376,.T.);
#1491=FACE_BOUND('',#1377,.T.);
#1492=FACE_BOUND('',#1378,.T.);
#1493=FACE_BOUND('',#1379,.T.);
#1494=FACE_BOUND('',#1380,.T.);
#1495=FACE_BOUND('',#1381,.T.);
#1496=FACE_BOUND('',#1382,.T.);
#1497=FACE_BOUND('',#1383,.T.);
#1498=FACE_BOUND('',#1384,.T.);
#1499=FACE_BOUND('',#1385,.T.);
#1500=FACE_BOUND('',#1386,.T.);
#1501=FACE_BOUND('',#1387,.T.);
#1502=FACE_BOUND('',#1388,.T.);
#1503=FACE_BOUND('',#1389,.T.);
#1504=FACE_BOUND('',#1390,.T.);
#1505=FACE_BOUND('',#1391,.T.);
#1506=FACE_BOUND('',#1392,.T.);
#1507=FACE_BOUND('',#1393,.T.);
#1508=FACE_BOUND('',#1394,.T.);
#1509=FACE_BOUND('',#1395,.T.);
#1510=FACE_BOUND('',#1396,.T.);
#1511=FACE_BOUND('',#1397,.T.);
#1512=FACE_BOUND('',#1398,.T.);
#1513=FACE_BOUND('',#1399,.T.);
#1514=FACE_BOUND('',#1400,.T.);
#1515=FACE_BOUND('',#1401,.T.);
#1516=FACE_BOUND('',#1402,.T.);
#1517=FACE_BOUND('',#1403,.T.);
#1518=FACE_BOUND('',#1404,.T.);
#1519=FACE_BOUND('',#1405,.T.);
#1520=FACE_BOUND('',#1406,.T.);
#1521=FACE_BOUND('',#1407,.T.);
#1522=FACE_BOUND('',#1408,.T.);
#1523=FACE_BOUND('',#1409,.T.);
#1524=FACE_BOUND('',#1410,.T.);
#1525=FACE_BOUND('',#1411,.T.);
#1526=FACE_BOUND('',#1412,.T.);
#1527=FACE_BOUND('',#1413,.T.);
#1528=FACE_BOUND('',#1414,.T.);
#1529=FACE_BOUND('',#1415,.T.);
#1530=FACE_BOUND('',#1416,.T.);
#1531=FACE_BOUND('',#1417,.T.);
#1532=FACE_BOUND('',#1418,.T.);
#1533=FACE_BOUND('',#1419,.T.);
#1534=FACE_BOUND('',#1420,.T.);
#1535=FACE_BOUND('',#1421,.T.);
#1536=FACE_BOUND('',#1422,.T.);
#1537=FACE_BOUND('',#1423,.T.);
#1538=FACE_BOUND('',#1424,.T.);
#1539=FACE_BOUND('',#1425,.T.);
#1540=PLANE('',#1810);
#1541=PLANE('',#1811);
#1542=PLANE('',#1812);
#1543=PLANE('',#1813);
#1544=PLANE('',#1814);
#1545=PLANE('',#1815);
#1546=PLANE('',#1817);
#1547=PLANE('',#1818);
#1548=PLANE('',#1819);
#1549=PLANE('',#1820);
#1550=PLANE('',#1821);
#1551=PLANE('',#1822);
#1552=PLANE('',#1824);
#1553=PLANE('',#1826);
#1554=PLANE('',#1827);
#1555=PLANE('',#1828);
#1556=PLANE('',#1829);
#1557=PLANE('',#1830);
#1558=PLANE('',#1831);
#1559=PLANE('',#1832);
#1560=PLANE('',#1833);
#1561=PLANE('',#1834);
#1562=PLANE('',#1835);
#1563=PLANE('',#1836);
#1564=PLANE('',#1837);
#1565=PLANE('',#1838);
#1566=PLANE('',#1839);
#1567=PLANE('',#1840);
#1568=PLANE('',#1841);
#1569=PLANE('',#1842);
#1570=PLANE('',#1843);
#1571=PLANE('',#1844);
#1572=PLANE('',#1845);
#1573=PLANE('',#1846);
#1574=PLANE('',#1847);
#1575=PLANE('',#1848);
#1576=PLANE('',#1850);
#1577=PLANE('',#1851);
#1578=PLANE('',#1853);
#1579=PLANE('',#1854);
#1580=PLANE('',#1859);
#1581=PLANE('',#1860);
#1582=PLANE('',#1861);
#1583=PLANE('',#1862);
#1584=PLANE('',#1863);
#1585=PLANE('',#1864);
#1586=PLANE('',#1865);
#1587=PLANE('',#1866);
#1588=PLANE('',#1867);
#1589=PLANE('',#1868);
#1590=PLANE('',#1869);
#1591=PLANE('',#1870);
#1592=PLANE('',#1871);
#1593=PLANE('',#1872);
#1594=PLANE('',#1873);
#1595=PLANE('',#1874);
#1596=PLANE('',#1875);
#1597=PLANE('',#1876);
#1598=PLANE('',#1877);
#1599=PLANE('',#1878);
#1600=PLANE('',#1879);
#1601=PLANE('',#1880);
#1602=PLANE('',#1882);
#1603=PLANE('',#1883);
#1604=PLANE('',#1884);
#1605=PLANE('',#1885);
#1606=PLANE('',#1886);
#1607=PLANE('',#1888);
#1608=PLANE('',#1889);
#1609=PLANE('',#1890);
#1610=PLANE('',#1891);
#1611=PLANE('',#1892);
#1612=PLANE('',#1893);
#1613=PLANE('',#1894);
#1614=PLANE('',#1895);
#1615=PLANE('',#1896);
#1616=PLANE('',#1897);
#1617=PLANE('',#1898);
#1618=PLANE('',#1899);
#1619=PLANE('',#1900);
#1620=PLANE('',#1901);
#1621=PLANE('',#1902);
#1622=PLANE('',#1903);
#1623=PLANE('',#1904);
#1624=PLANE('',#1906);
#1625=PLANE('',#1907);
#1626=PLANE('',#1912);
#1627=PLANE('',#1913);
#1628=PLANE('',#1914);
#1629=PLANE('',#1915);
#1630=PLANE('',#1916);
#1631=PLANE('',#1917);
#1632=PLANE('',#1919);
#1633=PLANE('',#1920);
#1634=PLANE('',#1921);
#1635=PLANE('',#1922);
#1636=PLANE('',#1923);
#1637=PLANE('',#1924);
#1638=ADVANCED_FACE('',(#1426),#1540,.T.);
#1639=ADVANCED_FACE('',(#1427),#1541,.F.);
#1640=ADVANCED_FACE('',(#1428),#1542,.F.);
#1641=ADVANCED_FACE('',(#1429),#1543,.T.);
#1642=ADVANCED_FACE('',(#1430),#1544,.T.);
#1643=ADVANCED_FACE('',(#1431),#1545,.T.);
#1644=ADVANCED_FACE('',(#1432),#1546,.T.);
#1645=ADVANCED_FACE('',(#1433),#1547,.F.);
#1646=ADVANCED_FACE('',(#1434),#1548,.T.);
#1647=ADVANCED_FACE('',(#1435),#1549,.F.);
#1648=ADVANCED_FACE('',(#1436),#1550,.T.);
#1649=ADVANCED_FACE('',(#1437),#1551,.T.);
#1650=ADVANCED_FACE('',(#1438,#1439),#1552,.T.);
#1651=ADVANCED_FACE('',(#1440,#1441,#1442),#1553,.F.);
#1652=ADVANCED_FACE('',(#1443),#1554,.F.);
#1653=ADVANCED_FACE('',(#1444),#1555,.F.);
#1654=ADVANCED_FACE('',(#1445),#1556,.T.);
#1655=ADVANCED_FACE('',(#1446),#1557,.F.);
#1656=ADVANCED_FACE('',(#1447),#1558,.F.);
#1657=ADVANCED_FACE('',(#1448),#1559,.T.);
#1658=ADVANCED_FACE('',(#1449),#1560,.F.);
#1659=ADVANCED_FACE('',(#1450),#1561,.F.);
#1660=ADVANCED_FACE('',(#1451),#1562,.T.);
#1661=ADVANCED_FACE('',(#1452),#1563,.F.);
#1662=ADVANCED_FACE('',(#1453),#1564,.T.);
#1663=ADVANCED_FACE('',(#1454),#1565,.T.);
#1664=ADVANCED_FACE('',(#1455),#1566,.F.);
#1665=ADVANCED_FACE('',(#1456),#1567,.T.);
#1666=ADVANCED_FACE('',(#1457),#1568,.F.);
#1667=ADVANCED_FACE('',(#1458),#1569,.F.);
#1668=ADVANCED_FACE('',(#1459),#1570,.T.);
#1669=ADVANCED_FACE('',(#1460),#1571,.T.);
#1670=ADVANCED_FACE('',(#1461),#1572,.F.);
#1671=ADVANCED_FACE('',(#1462),#1573,.F.);
#1672=ADVANCED_FACE('',(#1463),#1574,.T.);
#1673=ADVANCED_FACE('',(#1464,#1465),#1575,.T.);
#1674=ADVANCED_FACE('',(#1466),#1576,.F.);
#1675=ADVANCED_FACE('',(#1467),#1577,.T.);
#1676=ADVANCED_FACE('',(#1468),#1578,.T.);
#1677=ADVANCED_FACE('',(#1469),#1579,.T.);
#1678=ADVANCED_FACE('',(#1470),#10,.T.);
#1679=ADVANCED_FACE('',(#1471),#11,.T.);
#1680=ADVANCED_FACE('',(#1472,#1473,#1474,#1475,#1476,#1477),#1580,.F.);
#1681=ADVANCED_FACE('',(#1478),#1581,.F.);
#1682=ADVANCED_FACE('',(#1479),#1582,.F.);
#1683=ADVANCED_FACE('',(#1480),#1583,.T.);
#1684=ADVANCED_FACE('',(#1481),#1584,.F.);
#1685=ADVANCED_FACE('',(#1482),#1585,.T.);
#1686=ADVANCED_FACE('',(#1483),#1586,.F.);
#1687=ADVANCED_FACE('',(#1484,#1485),#1587,.F.);
#1688=ADVANCED_FACE('',(#1486),#1588,.T.);
#1689=ADVANCED_FACE('',(#1487),#1589,.F.);
#1690=ADVANCED_FACE('',(#1488),#1590,.F.);
#1691=ADVANCED_FACE('',(#1489),#1591,.T.);
#1692=ADVANCED_FACE('',(#1490),#1592,.T.);
#1693=ADVANCED_FACE('',(#1491),#1593,.T.);
#1694=ADVANCED_FACE('',(#1492),#1594,.F.);
#1695=ADVANCED_FACE('',(#1493),#1595,.T.);
#1696=ADVANCED_FACE('',(#1494),#1596,.F.);
#1697=ADVANCED_FACE('',(#1495),#1597,.F.);
#1698=ADVANCED_FACE('',(#1496),#1598,.F.);
#1699=ADVANCED_FACE('',(#1497),#1599,.T.);
#1700=ADVANCED_FACE('',(#1498),#1600,.T.);
#1701=ADVANCED_FACE('',(#1499,#1500),#1601,.T.);
#1702=ADVANCED_FACE('',(#1501),#1602,.T.);
#1703=ADVANCED_FACE('',(#1502),#1603,.F.);
#1704=ADVANCED_FACE('',(#1503),#1604,.F.);
#1705=ADVANCED_FACE('',(#1504),#1605,.T.);
#1706=ADVANCED_FACE('',(#1505,#1506),#1606,.T.);
#1707=ADVANCED_FACE('',(#1507),#1607,.T.);
#1708=ADVANCED_FACE('',(#1508),#1608,.F.);
#1709=ADVANCED_FACE('',(#1509),#1609,.F.);
#1710=ADVANCED_FACE('',(#1510),#1610,.T.);
#1711=ADVANCED_FACE('',(#1511),#1611,.T.);
#1712=ADVANCED_FACE('',(#1512),#1612,.T.);
#1713=ADVANCED_FACE('',(#1513),#1613,.F.);
#1714=ADVANCED_FACE('',(#1514),#1614,.F.);
#1715=ADVANCED_FACE('',(#1515),#1615,.T.);
#1716=ADVANCED_FACE('',(#1516),#1616,.T.);
#1717=ADVANCED_FACE('',(#1517),#1617,.T.);
#1718=ADVANCED_FACE('',(#1518),#1618,.F.);
#1719=ADVANCED_FACE('',(#1519),#1619,.F.);
#1720=ADVANCED_FACE('',(#1520),#1620,.T.);
#1721=ADVANCED_FACE('',(#1521),#1621,.T.);
#1722=ADVANCED_FACE('',(#1522),#1622,.F.);
#1723=ADVANCED_FACE('',(#1523),#1623,.T.);
#1724=ADVANCED_FACE('',(#1524),#1624,.F.);
#1725=ADVANCED_FACE('',(#1525),#1625,.T.);
#1726=ADVANCED_FACE('',(#1526),#12,.T.);
#1727=ADVANCED_FACE('',(#1527),#13,.T.);
#1728=ADVANCED_FACE('',(#1528),#1626,.T.);
#1729=ADVANCED_FACE('',(#1529),#1627,.T.);
#1730=ADVANCED_FACE('',(#1530),#1628,.F.);
#1731=ADVANCED_FACE('',(#1531),#1629,.T.);
#1732=ADVANCED_FACE('',(#1532),#1630,.T.);
#1733=ADVANCED_FACE('',(#1533),#1631,.T.);
#1734=ADVANCED_FACE('',(#1534),#1632,.T.);
#1735=ADVANCED_FACE('',(#1535),#1633,.F.);
#1736=ADVANCED_FACE('',(#1536),#1634,.F.);
#1737=ADVANCED_FACE('',(#1537),#1635,.F.);
#1738=ADVANCED_FACE('',(#1538),#1636,.T.);
#1739=ADVANCED_FACE('',(#1539),#1637,.T.);
#1740=CLOSED_SHELL('',(#1638,#1639,#1640,#1641,#1642,#1643));
#1741=CLOSED_SHELL('',(#1644,#1645,#1646,#1647,#1648,#1649));
#1742=CLOSED_SHELL('',(#1650,#1651,#1652,#1653,#1654,#1655,#1656,#1657,
#1658,#1659,#1660,#1661,#1662,#1663,#1664,#1665,#1666,#1667,#1668,#1669,
#1670,#1671,#1672,#1673,#1674,#1675,#1676,#1677,#1678,#1679));
#1743=CLOSED_SHELL('',(#1680,#1681,#1682,#1683,#1684,#1685,#1686,#1687,
#1688,#1689,#1690,#1691,#1692,#1693,#1694,#1695,#1696,#1697,#1698,#1699,
#1700,#1701,#1702,#1703,#1704,#1705,#1706,#1707,#1708,#1709,#1710,#1711,
#1712,#1713,#1714,#1715,#1716,#1717,#1718,#1719,#1720,#1721,#1722,#1723,
#1724,#1725,#1726,#1727));
#1744=CLOSED_SHELL('',(#1728,#1729,#1730,#1731,#1732,#1733));
#1745=CLOSED_SHELL('',(#1734,#1735,#1736,#1737,#1738,#1739));
#1746=STYLED_ITEM('',(#1752),#1791);
#1747=STYLED_ITEM('',(#1753),#1792);
#1748=STYLED_ITEM('',(#1754),#1793);
#1749=STYLED_ITEM('',(#1755),#1794);
#1750=STYLED_ITEM('',(#1756),#1795);
#1751=STYLED_ITEM('',(#1757),#1796);
#1752=PRESENTATION_STYLE_ASSIGNMENT((#1758));
#1753=PRESENTATION_STYLE_ASSIGNMENT((#1759));
#1754=PRESENTATION_STYLE_ASSIGNMENT((#1760));
#1755=PRESENTATION_STYLE_ASSIGNMENT((#1761));
#1756=PRESENTATION_STYLE_ASSIGNMENT((#1762));
#1757=PRESENTATION_STYLE_ASSIGNMENT((#1763));
#1758=SURFACE_STYLE_USAGE(.BOTH.,#1764);
#1759=SURFACE_STYLE_USAGE(.BOTH.,#1765);
#1760=SURFACE_STYLE_USAGE(.BOTH.,#1766);
#1761=SURFACE_STYLE_USAGE(.BOTH.,#1767);
#1762=SURFACE_STYLE_USAGE(.BOTH.,#1768);
#1763=SURFACE_STYLE_USAGE(.BOTH.,#1769);
#1764=SURFACE_SIDE_STYLE('',(#1770));
#1765=SURFACE_SIDE_STYLE('',(#1771));
#1766=SURFACE_SIDE_STYLE('',(#1772));
#1767=SURFACE_SIDE_STYLE('',(#1773));
#1768=SURFACE_SIDE_STYLE('',(#1774));
#1769=SURFACE_SIDE_STYLE('',(#1775));
#1770=SURFACE_STYLE_FILL_AREA(#1776);
#1771=SURFACE_STYLE_FILL_AREA(#1777);
#1772=SURFACE_STYLE_FILL_AREA(#1778);
#1773=SURFACE_STYLE_FILL_AREA(#1779);
#1774=SURFACE_STYLE_FILL_AREA(#1780);
#1775=SURFACE_STYLE_FILL_AREA(#1781);
#1776=FILL_AREA_STYLE('',(#1782));
#1777=FILL_AREA_STYLE('',(#1783));
#1778=FILL_AREA_STYLE('',(#1784));
#1779=FILL_AREA_STYLE('',(#1785));
#1780=FILL_AREA_STYLE('',(#1786));
#1781=FILL_AREA_STYLE('',(#1787));
#1782=FILL_AREA_STYLE_COLOUR('',#1788);
#1783=FILL_AREA_STYLE_COLOUR('',#1788);
#1784=FILL_AREA_STYLE_COLOUR('',#1789);
#1785=FILL_AREA_STYLE_COLOUR('',#1790);
#1786=FILL_AREA_STYLE_COLOUR('',#1788);
#1787=FILL_AREA_STYLE_COLOUR('',#1788);
#1788=COLOUR_RGB('',0.615686274509804,0.811764705882353,0.929411764705882);
#1789=COLOUR_RGB('',0.231372549019608,0.380392156862745,0.705882352941177);
#1790=COLOUR_RGB('',0.647058823529412,0.647058823529412,0.647058823529412);
#1791=MANIFOLD_SOLID_BREP('Part 1',#1740);
#1792=MANIFOLD_SOLID_BREP('Part 3',#1741);
#1793=MANIFOLD_SOLID_BREP('Part 6',#1742);
#1794=MANIFOLD_SOLID_BREP('Part 5',#1743);
#1795=MANIFOLD_SOLID_BREP('Part 2',#1744);
#1796=MANIFOLD_SOLID_BREP('Part 4',#1745);
#1797=SHAPE_DEFINITION_REPRESENTATION(#2928,#1803);
#1798=SHAPE_DEFINITION_REPRESENTATION(#2929,#1804);
#1799=SHAPE_DEFINITION_REPRESENTATION(#2930,#1805);
#1800=SHAPE_DEFINITION_REPRESENTATION(#2931,#1806);
#1801=SHAPE_DEFINITION_REPRESENTATION(#2932,#1807);
#1802=SHAPE_DEFINITION_REPRESENTATION(#2933,#1808);
#1803=SHAPE_REPRESENTATION('Part 1',(#1809),#2898);
#1804=SHAPE_REPRESENTATION('Part 3',(#1816),#2899);
#1805=SHAPE_REPRESENTATION('Part 6',(#1823),#2900);
#1806=SHAPE_REPRESENTATION('Part 5',(#1858),#2901);
#1807=SHAPE_REPRESENTATION('Part 2',(#1911),#2902);
#1808=SHAPE_REPRESENTATION('Part 4',(#1918),#2903);
#1809=AXIS2_PLACEMENT_3D('',#2371,#1925,#1926);
#1810=AXIS2_PLACEMENT_3D('',#2372,#1927,#1928);
#1811=AXIS2_PLACEMENT_3D('',#2381,#1933,#1934);
#1812=AXIS2_PLACEMENT_3D('',#2390,#1939,#1940);
#1813=AXIS2_PLACEMENT_3D('',#2393,#1943,#1944);
#1814=AXIS2_PLACEMENT_3D('',#2395,#1946,#1947);
#1815=AXIS2_PLACEMENT_3D('',#2397,#1949,#1950);
#1816=AXIS2_PLACEMENT_3D('',#2398,#1951,#1952);
#1817=AXIS2_PLACEMENT_3D('',#2399,#1953,#1954);
#1818=AXIS2_PLACEMENT_3D('',#2408,#1959,#1960);
#1819=AXIS2_PLACEMENT_3D('',#2417,#1965,#1966);
#1820=AXIS2_PLACEMENT_3D('',#2420,#1969,#1970);
#1821=AXIS2_PLACEMENT_3D('',#2422,#1972,#1973);
#1822=AXIS2_PLACEMENT_3D('',#2424,#1975,#1976);
#1823=AXIS2_PLACEMENT_3D('',#2425,#1977,#1978);
#1824=AXIS2_PLACEMENT_3D('',#2426,#1979,#1980);
#1825=AXIS2_PLACEMENT_3D('',#2438,#1986,#1987);
#1826=AXIS2_PLACEMENT_3D('',#2439,#1988,#1989);
#1827=AXIS2_PLACEMENT_3D('',#2464,#2002,#2003);
#1828=AXIS2_PLACEMENT_3D('',#2470,#2007,#2008);
#1829=AXIS2_PLACEMENT_3D('',#2476,#2012,#2013);
#1830=AXIS2_PLACEMENT_3D('',#2482,#2017,#2018);
#1831=AXIS2_PLACEMENT_3D('',#2488,#2022,#2023);
#1832=AXIS2_PLACEMENT_3D('',#2494,#2027,#2028);
#1833=AXIS2_PLACEMENT_3D('',#2500,#2032,#2033);
#1834=AXIS2_PLACEMENT_3D('',#2506,#2037,#2038);
#1835=AXIS2_PLACEMENT_3D('',#2512,#2042,#2043);
#1836=AXIS2_PLACEMENT_3D('',#2518,#2047,#2048);
#1837=AXIS2_PLACEMENT_3D('',#2524,#2052,#2053);
#1838=AXIS2_PLACEMENT_3D('',#2527,#2056,#2057);
#1839=AXIS2_PLACEMENT_3D('',#2528,#2058,#2059);
#1840=AXIS2_PLACEMENT_3D('',#2529,#2060,#2061);
#1841=AXIS2_PLACEMENT_3D('',#2532,#2064,#2065);
#1842=AXIS2_PLACEMENT_3D('',#2534,#2067,#2068);
#1843=AXIS2_PLACEMENT_3D('',#2536,#2070,#2071);
#1844=AXIS2_PLACEMENT_3D('',#2537,#2072,#2073);
#1845=AXIS2_PLACEMENT_3D('',#2543,#2077,#2078);
#1846=AXIS2_PLACEMENT_3D('',#2547,#2081,#2082);
#1847=AXIS2_PLACEMENT_3D('',#2551,#2085,#2086);
#1848=AXIS2_PLACEMENT_3D('',#2553,#2088,#2089);
#1849=AXIS2_PLACEMENT_3D('',#2557,#2091,#2092);
#1850=AXIS2_PLACEMENT_3D('',#2558,#2093,#2094);
#1851=AXIS2_PLACEMENT_3D('',#2572,#2096,#2097);
#1852=AXIS2_PLACEMENT_3D('',#2573,#2098,#2099);
#1853=AXIS2_PLACEMENT_3D('',#2574,#2100,#2101);
#1854=AXIS2_PLACEMENT_3D('',#2588,#2103,#2104);
#1855=AXIS2_PLACEMENT_3D('',#2589,#2105,#2106);
#1856=AXIS2_PLACEMENT_3D('',#2590,#2107,#2108);
#1857=AXIS2_PLACEMENT_3D('',#2591,#2109,#2110);
#1858=AXIS2_PLACEMENT_3D('',#2592,#2111,#2112);
#1859=AXIS2_PLACEMENT_3D('',#2593,#2113,#2114);
#1860=AXIS2_PLACEMENT_3D('',#2642,#2139,#2140);
#1861=AXIS2_PLACEMENT_3D('',#2651,#2145,#2146);
#1862=AXIS2_PLACEMENT_3D('',#2658,#2151,#2152);
#1863=AXIS2_PLACEMENT_3D('',#2664,#2156,#2157);
#1864=AXIS2_PLACEMENT_3D('',#2668,#2161,#2162);
#1865=AXIS2_PLACEMENT_3D('',#2669,#2163,#2164);
#1866=AXIS2_PLACEMENT_3D('',#2670,#2165,#2166);
#1867=AXIS2_PLACEMENT_3D('',#2679,#2171,#2172);
#1868=AXIS2_PLACEMENT_3D('',#2685,#2176,#2177);
#1869=AXIS2_PLACEMENT_3D('',#2689,#2180,#2181);
#1870=AXIS2_PLACEMENT_3D('',#2693,#2184,#2185);
#1871=AXIS2_PLACEMENT_3D('',#2695,#2187,#2188);
#1872=AXIS2_PLACEMENT_3D('',#2704,#2193,#2194);
#1873=AXIS2_PLACEMENT_3D('',#2707,#2197,#2198);
#1874=AXIS2_PLACEMENT_3D('',#2709,#2200,#2201);
#1875=AXIS2_PLACEMENT_3D('',#2711,#2203,#2204);
#1876=AXIS2_PLACEMENT_3D('',#2712,#2205,#2206);
#1877=AXIS2_PLACEMENT_3D('',#2718,#2210,#2211);
#1878=AXIS2_PLACEMENT_3D('',#2722,#2214,#2215);
#1879=AXIS2_PLACEMENT_3D('',#2726,#2218,#2219);
#1880=AXIS2_PLACEMENT_3D('',#2728,#2221,#2222);
#1881=AXIS2_PLACEMENT_3D('',#2732,#2224,#2225);
#1882=AXIS2_PLACEMENT_3D('',#2733,#2226,#2227);
#1883=AXIS2_PLACEMENT_3D('',#2739,#2231,#2232);
#1884=AXIS2_PLACEMENT_3D('',#2743,#2235,#2236);
#1885=AXIS2_PLACEMENT_3D('',#2747,#2239,#2240);
#1886=AXIS2_PLACEMENT_3D('',#2749,#2242,#2243);
#1887=AXIS2_PLACEMENT_3D('',#2753,#2245,#2246);
#1888=AXIS2_PLACEMENT_3D('',#2754,#2247,#2248);
#1889=AXIS2_PLACEMENT_3D('',#2760,#2252,#2253);
#1890=AXIS2_PLACEMENT_3D('',#2764,#2256,#2257);
#1891=AXIS2_PLACEMENT_3D('',#2768,#2260,#2261);
#1892=AXIS2_PLACEMENT_3D('',#2770,#2263,#2264);
#1893=AXIS2_PLACEMENT_3D('',#2771,#2265,#2266);
#1894=AXIS2_PLACEMENT_3D('',#2777,#2270,#2271);
#1895=AXIS2_PLACEMENT_3D('',#2781,#2274,#2275);
#1896=AXIS2_PLACEMENT_3D('',#2785,#2278,#2279);
#1897=AXIS2_PLACEMENT_3D('',#2787,#2281,#2282);
#1898=AXIS2_PLACEMENT_3D('',#2788,#2283,#2284);
#1899=AXIS2_PLACEMENT_3D('',#2794,#2288,#2289);
#1900=AXIS2_PLACEMENT_3D('',#2798,#2292,#2293);
#1901=AXIS2_PLACEMENT_3D('',#2802,#2296,#2297);
#1902=AXIS2_PLACEMENT_3D('',#2804,#2299,#2300);
#1903=AXIS2_PLACEMENT_3D('',#2805,#2301,#2302);
#1904=AXIS2_PLACEMENT_3D('',#2819,#2304,#2305);
#1905=AXIS2_PLACEMENT_3D('',#2820,#2306,#2307);
#1906=AXIS2_PLACEMENT_3D('',#2821,#2308,#2309);
#1907=AXIS2_PLACEMENT_3D('',#2834,#2311,#2312);
#1908=AXIS2_PLACEMENT_3D('',#2835,#2313,#2314);
#1909=AXIS2_PLACEMENT_3D('',#2836,#2315,#2316);
#1910=AXIS2_PLACEMENT_3D('',#2837,#2317,#2318);
#1911=AXIS2_PLACEMENT_3D('',#2838,#2319,#2320);
#1912=AXIS2_PLACEMENT_3D('',#2839,#2321,#2322);
#1913=AXIS2_PLACEMENT_3D('',#2848,#2327,#2328);
#1914=AXIS2_PLACEMENT_3D('',#2854,#2332,#2333);
#1915=AXIS2_PLACEMENT_3D('',#2860,#2337,#2338);
#1916=AXIS2_PLACEMENT_3D('',#2862,#2340,#2341);
#1917=AXIS2_PLACEMENT_3D('',#2864,#2343,#2344);
#1918=AXIS2_PLACEMENT_3D('',#2865,#2345,#2346);
#1919=AXIS2_PLACEMENT_3D('',#2866,#2347,#2348);
#1920=AXIS2_PLACEMENT_3D('',#2875,#2353,#2354);
#1921=AXIS2_PLACEMENT_3D('',#2884,#2359,#2360);
#1922=AXIS2_PLACEMENT_3D('',#2887,#2363,#2364);
#1923=AXIS2_PLACEMENT_3D('',#2889,#2366,#2367);
#1924=AXIS2_PLACEMENT_3D('',#2891,#2369,#2370);
#1925=DIRECTION('',(0.,0.,1.));
#1926=DIRECTION('',(1.,0.,0.));
#1927=DIRECTION('',(0.,0.,1.));
#1928=DIRECTION('',(1.,0.,0.));
#1929=DIRECTION('',(0.,-1.,0.));
#1930=DIRECTION('',(1.,0.,0.));
#1931=DIRECTION('',(0.,1.,0.));
#1932=DIRECTION('',(1.,0.,0.));
#1933=DIRECTION('',(0.,0.,1.));
#1934=DIRECTION('',(1.,0.,0.));
#1935=DIRECTION('',(1.,0.,0.));
#1936=DIRECTION('',(0.,-1.,0.));
#1937=DIRECTION('',(1.,0.,0.));
#1938=DIRECTION('',(0.,1.,0.));
#1939=DIRECTION('',(1.,0.,0.));
#1940=DIRECTION('',(0.,0.,-1.));
#1941=DIRECTION('',(0.,0.,1.));
#1942=DIRECTION('',(0.,0.,-1.));
#1943=DIRECTION('',(0.,1.,0.));
#1944=DIRECTION('',(0.,0.,1.));
#1945=DIRECTION('',(0.,0.,1.));
#1946=DIRECTION('',(1.,0.,0.));
#1947=DIRECTION('',(0.,0.,-1.));
#1948=DIRECTION('',(0.,0.,1.));
#1949=DIRECTION('',(0.,-1.,0.));
#1950=DIRECTION('',(0.,0.,-1.));
#1951=DIRECTION('',(0.,0.,1.));
#1952=DIRECTION('',(1.,0.,0.));
#1953=DIRECTION('',(0.,0.,1.));
#1954=DIRECTION('',(1.,0.,0.));
#1955=DIRECTION('',(-1.,0.,0.));
#1956=DIRECTION('',(0.,-1.,0.));
#1957=DIRECTION('',(1.,0.,0.));
#1958=DIRECTION('',(0.,-1.,0.));
#1959=DIRECTION('',(0.,0.,1.));
#1960=DIRECTION('',(1.,0.,0.));
#1961=DIRECTION('',(0.,-1.,0.));
#1962=DIRECTION('',(-1.,0.,0.));
#1963=DIRECTION('',(0.,-1.,0.));
#1964=DIRECTION('',(1.,0.,0.));
#1965=DIRECTION('',(1.,0.,0.));
#1966=DIRECTION('',(0.,0.,-1.));
#1967=DIRECTION('',(0.,0.,1.));
#1968=DIRECTION('',(0.,0.,-1.));
#1969=DIRECTION('',(0.,1.,0.));
#1970=DIRECTION('',(0.,0.,1.));
#1971=DIRECTION('',(0.,0.,1.));
#1972=DIRECTION('',(0.,1.,0.));
#1973=DIRECTION('',(0.,0.,1.));
#1974=DIRECTION('',(0.,0.,1.));
#1975=DIRECTION('',(-1.,0.,0.));
#1976=DIRECTION('',(0.,0.,1.));
#1977=DIRECTION('',(0.,0.,1.));
#1978=DIRECTION('',(1.,0.,0.));
#1979=DIRECTION('',(0.,1.,0.));
#1980=DIRECTION('',(-1.,0.,0.));
#1981=DIRECTION('',(-1.,0.,0.));
#1982=DIRECTION('',(0.,0.,-1.));
#1983=DIRECTION('',(-1.,0.,0.));
#1984=DIRECTION('',(0.,0.,-1.));
#1985=DIRECTION('',(0.999806695842366,0.,-0.0196614075988952));
#1986=DIRECTION('',(0.,1.,0.));
#1987=DIRECTION('',(0.,0.,1.));
#1988=DIRECTION('',(0.,-1.,0.));
#1989=DIRECTION('',(0.,0.,-1.));
#1990=DIRECTION('',(0.,0.,-1.));
#1991=DIRECTION('',(-1.,0.,0.));
#1992=DIRECTION('',(0.,0.,-1.));
#1993=DIRECTION('',(-1.,0.,0.));
#1994=DIRECTION('',(0.,0.,-1.));
#1995=DIRECTION('',(-1.,0.,0.));
#1996=DIRECTION('',(0.,0.,-1.));
#1997=DIRECTION('',(-1.,0.,0.));
#1998=DIRECTION('',(1.,0.,0.));
#1999=DIRECTION('',(0.,0.,1.));
#2000=DIRECTION('',(1.,0.,0.));
#2001=DIRECTION('',(0.,0.,1.));
#2002=DIRECTION('',(-1.,0.,0.));
#2003=DIRECTION('',(0.,0.,1.));
#2004=DIRECTION('',(0.,-1.,0.));
#2005=DIRECTION('',(0.,0.,1.));
#2006=DIRECTION('',(0.,-1.,0.));
#2007=DIRECTION('',(0.,-1.,0.));
#2008=DIRECTION('',(0.,0.,-1.));
#2009=DIRECTION('',(1.,0.,0.));
#2010=DIRECTION('',(0.,0.,1.));
#2011=DIRECTION('',(1.,0.,0.));
#2012=DIRECTION('',(1.,0.,0.));
#2013=DIRECTION('',(0.,0.,-1.));
#2014=DIRECTION('',(0.,1.,0.));
#2015=DIRECTION('',(0.,0.,1.));
#2016=DIRECTION('',(0.,1.,0.));
#2017=DIRECTION('',(0.,1.,0.));
#2018=DIRECTION('',(0.,0.,1.));
#2019=DIRECTION('',(-1.,0.,0.));
#2020=DIRECTION('',(0.,0.,1.));
#2021=DIRECTION('',(-1.,0.,0.));
#2022=DIRECTION('',(-1.,0.,0.));
#2023=DIRECTION('',(0.,0.,1.));
#2024=DIRECTION('',(0.,-1.,0.));
#2025=DIRECTION('',(0.,0.,1.));
#2026=DIRECTION('',(0.,-1.,0.));
#2027=DIRECTION('',(0.,-1.,0.));
#2028=DIRECTION('',(0.,0.,-1.));
#2029=DIRECTION('',(1.,0.,0.));
#2030=DIRECTION('',(0.,0.,1.));
#2031=DIRECTION('',(1.,0.,0.));
#2032=DIRECTION('',(1.,0.,0.));
#2033=DIRECTION('',(0.,0.,-1.));
#2034=DIRECTION('',(0.,1.,0.));
#2035=DIRECTION('',(0.,0.,1.));
#2036=DIRECTION('',(0.,1.,0.));
#2037=DIRECTION('',(0.,1.,0.));
#2038=DIRECTION('',(0.,0.,1.));
#2039=DIRECTION('',(-1.,0.,0.));
#2040=DIRECTION('',(0.,0.,1.));
#2041=DIRECTION('',(-1.,0.,0.));
#2042=DIRECTION('',(-1.,0.,0.));
#2043=DIRECTION('',(0.,0.,1.));
#2044=DIRECTION('',(0.,-1.,0.));
#2045=DIRECTION('',(0.,0.,1.));
#2046=DIRECTION('',(0.,-1.,0.));
#2047=DIRECTION('',(0.,-1.,0.));
#2048=DIRECTION('',(0.,0.,-1.));
#2049=DIRECTION('',(1.,0.,0.));
#2050=DIRECTION('',(0.,0.,1.));
#2051=DIRECTION('',(1.,0.,0.));
#2052=DIRECTION('',(-1.,0.,0.));
#2053=DIRECTION('',(0.,0.,1.));
#2054=DIRECTION('',(0.,-1.,0.));
#2055=DIRECTION('',(0.,-1.,0.));
#2056=DIRECTION('',(0.,0.,-1.));
#2057=DIRECTION('',(1.,0.,0.));
#2058=DIRECTION('',(0.,0.,-1.));
#2059=DIRECTION('',(1.,0.,0.));
#2060=DIRECTION('',(0.,0.,1.));
#2061=DIRECTION('',(1.,0.,0.));
#2062=DIRECTION('',(0.,-1.,0.));
#2063=DIRECTION('',(0.,-1.,0.));
#2064=DIRECTION('',(-1.,0.,0.));
#2065=DIRECTION('',(0.,0.,1.));
#2066=DIRECTION('',(0.,-1.,0.));
#2067=DIRECTION('',(0.,0.,1.));
#2068=DIRECTION('',(1.,0.,0.));
#2069=DIRECTION('',(0.,-1.,0.));
#2070=DIRECTION('',(-1.,0.,0.));
#2071=DIRECTION('',(0.,0.,1.));
#2072=DIRECTION('',(0.,0.,1.));
#2073=DIRECTION('',(1.,0.,0.));
#2074=DIRECTION('',(0.,-1.,0.));
#2075=DIRECTION('',(-1.,0.,0.));
#2076=DIRECTION('',(0.,-1.,0.));
#2077=DIRECTION('',(-1.,0.,0.));
#2078=DIRECTION('',(0.,0.,1.));
#2079=DIRECTION('',(0.,-1.,0.));
#2080=DIRECTION('',(0.,0.,-1.));
#2081=DIRECTION('',(0.,0.,1.));
#2082=DIRECTION('',(1.,0.,0.));
#2083=DIRECTION('',(0.,-1.,0.));
#2084=DIRECTION('',(-1.,0.,0.));
#2085=DIRECTION('',(-1.,0.,0.));
#2086=DIRECTION('',(0.,0.,1.));
#2087=DIRECTION('',(0.,0.,-1.));
#2088=DIRECTION('',(0.,1.,0.));
#2089=DIRECTION('',(-1.,0.,0.));
#2090=DIRECTION('',(-0.999806695842366,0.,-0.0196614075988949));
#2091=DIRECTION('',(0.,1.,0.));
#2092=DIRECTION('',(0.,0.,1.));
#2093=DIRECTION('',(-0.0196614075988949,0.,0.999806695842366));
#2094=DIRECTION('',(0.999806695842366,0.,0.0196614075988949));
#2095=DIRECTION('',(-0.999806695842366,0.,-0.0196614075988949));
#2096=DIRECTION('',(0.,1.,0.));
#2097=DIRECTION('',(-1.,0.,0.));
#2098=DIRECTION('',(0.,1.,0.));
#2099=DIRECTION('',(0.,0.,1.));
#2100=DIRECTION('',(-0.0196614075988952,0.,-0.999806695842366));
#2101=DIRECTION('',(-0.999806695842366,0.,0.0196614075988952));
#2102=DIRECTION('',(0.999806695842366,0.,-0.0196614075988952));
#2103=DIRECTION('',(0.,1.,0.));
#2104=DIRECTION('',(-1.,0.,0.));
#2105=DIRECTION('',(0.,1.,0.));
#2106=DIRECTION('',(0.,0.,1.));
#2107=DIRECTION('',(0.,1.,0.));
#2108=DIRECTION('',(0.,0.,1.));
#2109=DIRECTION('',(0.,1.,0.));
#2110=DIRECTION('',(0.,0.,1.));
#2111=DIRECTION('',(0.,0.,1.));
#2112=DIRECTION('',(1.,0.,0.));
#2113=DIRECTION('',(0.,-1.,0.));
#2114=DIRECTION('',(0.,0.,-1.));
#2115=DIRECTION('',(-1.,0.,0.));
#2116=DIRECTION('',(0.,0.,-1.));
#2117=DIRECTION('',(-1.,0.,0.));
#2118=DIRECTION('',(0.,0.,-1.));
#2119=DIRECTION('',(1.,0.,0.));
#2120=DIRECTION('',(0.,0.,-1.));
#2121=DIRECTION('',(1.,0.,0.));
#2122=DIRECTION('',(0.,0.,-1.));
#2123=DIRECTION('',(-1.,0.,0.));
#2124=DIRECTION('',(0.,0.,-1.));
#2125=DIRECTION('',(-1.,0.,0.));
#2126=DIRECTION('',(0.,0.,-1.));
#2127=DIRECTION('',(0.,0.,-1.));
#2128=DIRECTION('',(-1.,0.,0.));
#2129=DIRECTION('',(0.,0.,-1.));
#2130=DIRECTION('',(-1.,0.,0.));
#2131=DIRECTION('',(-1.,0.,0.));
#2132=DIRECTION('',(0.,0.,-1.));
#2133=DIRECTION('',(-1.,0.,0.));
#2134=DIRECTION('',(0.,0.,-1.));
#2135=DIRECTION('',(-1.,0.,0.));
#2136=DIRECTION('',(0.,0.,-1.));
#2137=DIRECTION('',(-1.,0.,0.));
#2138=DIRECTION('',(0.,0.,-1.));
#2139=DIRECTION('',(0.,1.,0.));
#2140=DIRECTION('',(0.,0.,1.));
#2141=DIRECTION('',(1.,0.,0.));
#2142=DIRECTION('',(0.,0.,-1.));
#2143=DIRECTION('',(1.,0.,0.));
#2144=DIRECTION('',(0.,0.,-1.));
#2145=DIRECTION('',(-1.,0.,0.));
#2146=DIRECTION('',(0.,0.,1.));
#2147=DIRECTION('',(0.,1.,0.));
#2148=DIRECTION('',(0.,0.,-1.));
#2149=DIRECTION('',(0.,1.,0.));
#2150=DIRECTION('',(0.,1.,0.));
#2151=DIRECTION('',(0.,1.,0.));
#2152=DIRECTION('',(0.,0.,1.));
#2153=DIRECTION('',(1.,0.,0.));
#2154=DIRECTION('',(0.,0.,-1.));
#2155=DIRECTION('',(1.,0.,0.));
#2156=DIRECTION('',(1.,0.,0.));
#2157=DIRECTION('',(0.,0.,-1.));
#2158=DIRECTION('',(0.,-1.,0.));
#2159=DIRECTION('',(0.,-1.,0.));
#2160=DIRECTION('',(0.,-1.,0.));
#2161=DIRECTION('',(0.,0.,1.));
#2162=DIRECTION('',(1.,0.,0.));
#2163=DIRECTION('',(0.,0.,1.));
#2164=DIRECTION('',(1.,0.,0.));
#2165=DIRECTION('',(0.,0.,1.));
#2166=DIRECTION('',(1.,0.,0.));
#2167=DIRECTION('',(-1.,0.,0.));
#2168=DIRECTION('',(0.,1.,0.));
#2169=DIRECTION('',(-1.,0.,0.));
#2170=DIRECTION('',(0.,1.,0.));
#2171=DIRECTION('',(0.,-1.,0.));
#2172=DIRECTION('',(0.,0.,-1.));
#2173=DIRECTION('',(0.,0.,-1.));
#2174=DIRECTION('',(-1.,0.,0.));
#2175=DIRECTION('',(0.,0.,-1.));
#2176=DIRECTION('',(-1.,0.,0.));
#2177=DIRECTION('',(0.,0.,1.));
#2178=DIRECTION('',(0.,0.,-1.));
#2179=DIRECTION('',(0.,-1.,0.));
#2180=DIRECTION('',(0.,-1.,0.));
#2181=DIRECTION('',(0.,0.,-1.));
#2182=DIRECTION('',(0.,0.,-1.));
#2183=DIRECTION('',(1.,0.,0.));
#2184=DIRECTION('',(-1.,0.,0.));
#2185=DIRECTION('',(0.,0.,1.));
#2186=DIRECTION('',(0.,1.,0.));
#2187=DIRECTION('',(0.,0.,1.));
#2188=DIRECTION('',(1.,0.,0.));
#2189=DIRECTION('',(-1.,0.,0.));
#2190=DIRECTION('',(0.,-1.,0.));
#2191=DIRECTION('',(1.,0.,0.));
#2192=DIRECTION('',(0.,1.,0.));
#2193=DIRECTION('',(0.707106781186549,0.,0.707106781186546));
#2194=DIRECTION('',(0.,-1.,0.));
#2195=DIRECTION('',(0.577350269189624,0.577350269189626,-0.577350269189626));
#2196=DIRECTION('',(-0.577350269189624,0.577350269189626,0.577350269189626));
#2197=DIRECTION('',(0.,0.707106781186548,-0.707106781186548));
#2198=DIRECTION('',(-1.,0.,0.));
#2199=DIRECTION('',(-0.577350269189628,-0.577350269189625,-0.577350269189625));
#2200=DIRECTION('',(0.,0.707106781186548,0.707106781186548));
#2201=DIRECTION('',(1.,0.,0.));
#2202=DIRECTION('',(-0.577350269189628,0.577350269189625,-0.577350269189625));
#2203=DIRECTION('',(0.707106781186545,0.,-0.70710678118655));
#2204=DIRECTION('',(0.,1.,0.));
#2205=DIRECTION('',(0.,0.,-1.));
#2206=DIRECTION('',(-1.,0.,0.));
#2207=DIRECTION('',(0.,-1.,0.));
#2208=DIRECTION('',(1.,0.,0.));
#2209=DIRECTION('',(0.,-1.,0.));
#2210=DIRECTION('',(-1.,0.,0.));
#2211=DIRECTION('',(0.,0.,1.));
#2212=DIRECTION('',(0.,-1.,0.));
#2213=DIRECTION('',(0.,0.,-1.));
#2214=DIRECTION('',(0.,0.,-1.));
#2215=DIRECTION('',(-1.,0.,0.));
#2216=DIRECTION('',(0.,-1.,0.));
#2217=DIRECTION('',(1.,0.,0.));
#2218=DIRECTION('',(-1.,0.,0.));
#2219=DIRECTION('',(0.,0.,1.));
#2220=DIRECTION('',(0.,0.,-1.));
#2221=DIRECTION('',(0.,1.,0.));
#2222=DIRECTION('',(-1.,0.,0.));
#2223=DIRECTION('',(-0.999784494227582,0.,-0.020759698988604));
#2224=DIRECTION('',(0.,1.,0.));
#2225=DIRECTION('',(0.,0.,1.));
#2226=DIRECTION('',(0.,0.,1.));
#2227=DIRECTION('',(1.,0.,0.));
#2228=DIRECTION('',(0.,-1.,0.));
#2229=DIRECTION('',(-1.,0.,0.));
#2230=DIRECTION('',(0.,-1.,0.));
#2231=DIRECTION('',(-1.,0.,0.));
#2232=DIRECTION('',(0.,0.,1.));
#2233=DIRECTION('',(0.,-1.,0.));
#2234=DIRECTION('',(0.,0.,-1.));
#2235=DIRECTION('',(0.,0.,1.));
#2236=DIRECTION('',(1.,0.,0.));
#2237=DIRECTION('',(0.,-1.,0.));
#2238=DIRECTION('',(-1.,0.,0.));
#2239=DIRECTION('',(-1.,0.,0.));
#2240=DIRECTION('',(0.,0.,1.));
#2241=DIRECTION('',(0.,0.,-1.));
#2242=DIRECTION('',(0.,1.,0.));
#2243=DIRECTION('',(-1.,0.,0.));
#2244=DIRECTION('',(-0.999932006152216,0.,-0.0116611780024109));
#2245=DIRECTION('',(0.,1.,0.));
#2246=DIRECTION('',(0.,0.,1.));
#2247=DIRECTION('',(0.,0.,-1.));
#2248=DIRECTION('',(-1.,0.,0.));
#2249=DIRECTION('',(0.,1.,0.));
#2250=DIRECTION('',(-1.,0.,0.));
#2251=DIRECTION('',(0.,1.,0.));
#2252=DIRECTION('',(1.,0.,0.));
#2253=DIRECTION('',(0.,0.,-1.));
#2254=DIRECTION('',(0.,1.,0.));
#2255=DIRECTION('',(0.,0.,-1.));
#2256=DIRECTION('',(0.,0.,-1.));
#2257=DIRECTION('',(-1.,0.,0.));
#2258=DIRECTION('',(0.,1.,0.));
#2259=DIRECTION('',(-1.,0.,0.));
#2260=DIRECTION('',(1.,0.,0.));
#2261=DIRECTION('',(0.,0.,-1.));
#2262=DIRECTION('',(0.,0.,-1.));
#2263=DIRECTION('',(0.,1.,0.));
#2264=DIRECTION('',(-1.,0.,0.));
#2265=DIRECTION('',(0.,0.,-1.));
#2266=DIRECTION('',(-1.,0.,0.));
#2267=DIRECTION('',(0.,1.,0.));
#2268=DIRECTION('',(-1.,0.,0.));
#2269=DIRECTION('',(0.,1.,0.));
#2270=DIRECTION('',(1.,0.,0.));
#2271=DIRECTION('',(0.,0.,-1.));
#2272=DIRECTION('',(0.,1.,0.));
#2273=DIRECTION('',(0.,0.,-1.));
#2274=DIRECTION('',(0.,0.,-1.));
#2275=DIRECTION('',(-1.,0.,0.));
#2276=DIRECTION('',(0.,1.,0.));
#2277=DIRECTION('',(-1.,0.,0.));
#2278=DIRECTION('',(1.,0.,0.));
#2279=DIRECTION('',(0.,0.,-1.));
#2280=DIRECTION('',(0.,0.,-1.));
#2281=DIRECTION('',(0.,1.,0.));
#2282=DIRECTION('',(-1.,0.,0.));
#2283=DIRECTION('',(0.,0.,-1.));
#2284=DIRECTION('',(-1.,0.,0.));
#2285=DIRECTION('',(0.,1.,0.));
#2286=DIRECTION('',(-1.,0.,0.));
#2287=DIRECTION('',(0.,1.,0.));
#2288=DIRECTION('',(1.,0.,0.));
#2289=DIRECTION('',(0.,0.,-1.));
#2290=DIRECTION('',(0.,1.,0.));
#2291=DIRECTION('',(0.,0.,-1.));
#2292=DIRECTION('',(0.,0.,-1.));
#2293=DIRECTION('',(-1.,0.,0.));
#2294=DIRECTION('',(0.,1.,0.));
#2295=DIRECTION('',(-1.,0.,0.));
#2296=DIRECTION('',(1.,0.,0.));
#2297=DIRECTION('',(0.,0.,-1.));
#2298=DIRECTION('',(0.,0.,-1.));
#2299=DIRECTION('',(0.,1.,0.));
#2300=DIRECTION('',(-1.,0.,0.));
#2301=DIRECTION('',(-0.0116611780024109,0.,0.999932006152216));
#2302=DIRECTION('',(0.999932006152216,0.,0.0116611780024109));
#2303=DIRECTION('',(-0.999932006152216,0.,-0.0116611780024109));
#2304=DIRECTION('',(0.,1.,0.));
#2305=DIRECTION('',(-1.,0.,0.));
#2306=DIRECTION('',(0.,1.,0.));
#2307=DIRECTION('',(0.,0.,1.));
#2308=DIRECTION('',(-0.020759698988604,0.,0.999784494227582));
#2309=DIRECTION('',(0.999784494227582,0.,0.020759698988604));
#2310=DIRECTION('',(-0.999784494227582,0.,-0.020759698988604));
#2311=DIRECTION('',(0.,1.,0.));
#2312=DIRECTION('',(-1.,0.,0.));
#2313=DIRECTION('',(0.,1.,0.));
#2314=DIRECTION('',(0.,0.,1.));
#2315=DIRECTION('',(0.,1.,0.));
#2316=DIRECTION('',(0.,0.,1.));
#2317=DIRECTION('',(0.,1.,0.));
#2318=DIRECTION('',(0.,0.,1.));
#2319=DIRECTION('',(0.,0.,1.));
#2320=DIRECTION('',(1.,0.,0.));
#2321=DIRECTION('',(0.,1.,0.));
#2322=DIRECTION('',(0.,0.,1.));
#2323=DIRECTION('',(1.,0.,0.));
#2324=DIRECTION('',(0.,0.,1.));
#2325=DIRECTION('',(1.,0.,0.));
#2326=DIRECTION('',(0.,0.,-1.));
#2327=DIRECTION('',(0.,0.,1.));
#2328=DIRECTION('',(1.,0.,0.));
#2329=DIRECTION('',(0.,-1.,0.));
#2330=DIRECTION('',(1.,0.,0.));
#2331=DIRECTION('',(0.,-1.,0.));
#2332=DIRECTION('',(0.,0.,1.));
#2333=DIRECTION('',(1.,0.,0.));
#2334=DIRECTION('',(1.,0.,0.));
#2335=DIRECTION('',(0.,-1.,0.));
#2336=DIRECTION('',(0.,-1.,0.));
#2337=DIRECTION('',(1.,0.,0.));
#2338=DIRECTION('',(0.,0.,-1.));
#2339=DIRECTION('',(0.,0.,1.));
#2340=DIRECTION('',(-1.,0.,0.));
#2341=DIRECTION('',(0.,0.,1.));
#2342=DIRECTION('',(0.,0.,1.));
#2343=DIRECTION('',(0.,-1.,0.));
#2344=DIRECTION('',(0.,0.,-1.));
#2345=DIRECTION('',(0.,0.,1.));
#2346=DIRECTION('',(1.,0.,0.));
#2347=DIRECTION('',(0.,0.,1.));
#2348=DIRECTION('',(1.,0.,0.));
#2349=DIRECTION('',(0.,1.,0.));
#2350=DIRECTION('',(-1.,0.,0.));
#2351=DIRECTION('',(0.,-1.,0.));
#2352=DIRECTION('',(1.,0.,0.));
#2353=DIRECTION('',(0.,0.,1.));
#2354=DIRECTION('',(1.,0.,0.));
#2355=DIRECTION('',(-1.,0.,0.));
#2356=DIRECTION('',(0.,1.,0.));
#2357=DIRECTION('',(1.,0.,0.));
#2358=DIRECTION('',(0.,-1.,0.));
#2359=DIRECTION('',(0.,1.,0.));
#2360=DIRECTION('',(0.,0.,1.));
#2361=DIRECTION('',(0.,0.,1.));
#2362=DIRECTION('',(0.,0.,-1.));
#2363=DIRECTION('',(1.,0.,0.));
#2364=DIRECTION('',(0.,0.,-1.));
#2365=DIRECTION('',(0.,0.,1.));
#2366=DIRECTION('',(0.,1.,0.));
#2367=DIRECTION('',(0.,0.,1.));
#2368=DIRECTION('',(0.,0.,1.));
#2369=DIRECTION('',(1.,0.,0.));
#2370=DIRECTION('',(0.,0.,-1.));
#2371=CARTESIAN_POINT('',(0.,0.,0.));
#2372=CARTESIAN_POINT('',(-0.0280681993298154,0.0357384196646875,0.0344));
#2373=CARTESIAN_POINT('',(-0.0595165415799411,0.0357384196646875,0.0344));
#2374=CARTESIAN_POINT('',(-0.0595165415799411,0.0514325150628043,0.0344));
#2375=CARTESIAN_POINT('',(-0.0595165415799411,0.0459426815557887,0.0344));
#2376=CARTESIAN_POINT('',(-0.056322832172132,0.0459426815557887,0.0344));
#2377=CARTESIAN_POINT('',(-0.0531291227643228,0.0459426815557887,0.0344));
#2378=CARTESIAN_POINT('',(-0.0531291227643228,0.0486875983092965,0.0344));
#2379=CARTESIAN_POINT('',(-0.0531291227643228,0.0514325150628043,0.0344));
#2380=CARTESIAN_POINT('',(-0.0280681993298154,0.0514325150628043,0.0344));
#2381=CARTESIAN_POINT('',(-0.0280681993298154,0.0357384196646875,0.));
#2382=CARTESIAN_POINT('',(-0.0280681993298154,0.0459426815557887,0.));
#2383=CARTESIAN_POINT('',(-0.0595165415799411,0.0459426815557887,0.));
#2384=CARTESIAN_POINT('',(-0.0531291227643228,0.0459426815557887,0.));
#2385=CARTESIAN_POINT('',(-0.0595165415799411,0.0357384196646875,0.));
#2386=CARTESIAN_POINT('',(-0.0595165415799411,0.0514325150628043,0.));
#2387=CARTESIAN_POINT('',(-0.0280681993298154,0.0514325150628043,0.));
#2388=CARTESIAN_POINT('',(-0.0531291227643228,0.0514325150628043,0.));
#2389=CARTESIAN_POINT('',(-0.0531291227643228,0.0357384196646875,0.));
#2390=CARTESIAN_POINT('',(-0.0595165415799411,0.0357384196646875,0.0344));
#2391=CARTESIAN_POINT('',(-0.0595165415799411,0.0459426815557887,-0.0069));
#2392=CARTESIAN_POINT('',(-0.0595165415799411,0.0514325150628043,0.0344));
#2393=CARTESIAN_POINT('',(-0.0280681993298154,0.0514325150628043,0.0344));
#2394=CARTESIAN_POINT('',(-0.0531291227643228,0.0514325150628043,-0.0069));
#2395=CARTESIAN_POINT('',(-0.0531291227643228,0.0486875983092965,-0.0069));
#2396=CARTESIAN_POINT('',(-0.0531291227643228,0.0459426815557887,-0.0069));
#2397=CARTESIAN_POINT('',(-0.056322832172132,0.0459426815557887,-0.0069));
#2398=CARTESIAN_POINT('',(0.,0.,0.));
#2399=CARTESIAN_POINT('',(-0.0280681993298154,0.0357384196646875,0.0344));
#2400=CARTESIAN_POINT('',(-0.000166175771369019,0.0270205837452938,0.0344));
#2401=CARTESIAN_POINT('',(0.00338014292031039,0.0270205837452938,0.0344));
#2402=CARTESIAN_POINT('',(-0.00371249446304843,0.0270205837452938,0.0344));
#2403=CARTESIAN_POINT('',(-0.00371249446304843,0.0235324540059322,0.0344));
#2404=CARTESIAN_POINT('',(-0.00371249446304843,0.0200443242665705,0.0344));
#2405=CARTESIAN_POINT('',(-0.0280681993298154,0.0200443242665705,0.0344));
#2406=CARTESIAN_POINT('',(0.00338014292031039,0.0200443242665705,0.0344));
#2407=CARTESIAN_POINT('',(0.00338014292031039,0.0357384196646875,0.0344));
#2408=CARTESIAN_POINT('',(-0.0280681993298154,0.0357384196646875,0.));
#2409=CARTESIAN_POINT('',(-0.00371249446304843,0.0357384196646875,0.));
#2410=CARTESIAN_POINT('',(-0.00371249446304843,0.0270205837452938,0.));
#2411=CARTESIAN_POINT('',(-0.00371249446304843,0.0200443242665705,0.));
#2412=CARTESIAN_POINT('',(-0.0280681993298154,0.0270205837452938,0.));
#2413=CARTESIAN_POINT('',(0.00338014292031039,0.0270205837452938,0.));
#2414=CARTESIAN_POINT('',(0.00338014292031039,0.0357384196646875,0.));
#2415=CARTESIAN_POINT('',(0.00338014292031039,0.0200443242665705,0.));
#2416=CARTESIAN_POINT('',(-0.0280681993298154,0.0200443242665705,0.));
#2417=CARTESIAN_POINT('',(0.00338014292031039,0.0357384196646875,0.0344));
#2418=CARTESIAN_POINT('',(0.00338014292031039,0.0270205837452938,-0.0069));
#2419=CARTESIAN_POINT('',(0.00338014292031039,0.0200443242665705,0.0344));
#2420=CARTESIAN_POINT('',(-0.0280681993298154,0.0200443242665705,0.0344));
#2421=CARTESIAN_POINT('',(-0.00371249446304843,0.0200443242665705,-0.0069));
#2422=CARTESIAN_POINT('',(-0.000166175771369019,0.0270205837452938,-0.0069));
#2423=CARTESIAN_POINT('',(-0.00371249446304843,0.0270205837452938,-0.0069));
#2424=CARTESIAN_POINT('',(-0.00371249446304843,0.0235324540059322,-0.0069));
#2425=CARTESIAN_POINT('',(0.,0.,0.));
#2426=CARTESIAN_POINT('',(-0.0287923068729754,0.0529325150628043,0.03005));
#2427=CARTESIAN_POINT('',(-0.0403745182324491,0.0529325150628043,0.0332923025450915));
#2428=CARTESIAN_POINT('',(-0.0290026990985786,0.0529325150628043,0.0332923025450915));
#2429=CARTESIAN_POINT('',(-0.0517463373663195,0.0529325150628043,0.0332923025450915));
#2430=CARTESIAN_POINT('',(-0.0290026990985786,0.0529325150628043,0.0301516987399632));
#2431=CARTESIAN_POINT('',(-0.0290026990985786,0.0529325150628043,0.0270110949348349));
#2432=CARTESIAN_POINT('',(-0.0403745182324491,0.0529325150628043,0.0270110949348349));
#2433=CARTESIAN_POINT('',(-0.0517463373663195,0.0529325150628043,0.0270110949348349));
#2434=CARTESIAN_POINT('',(-0.0517463373663195,0.0529325150628043,0.0301516987399632));
#2435=CARTESIAN_POINT('',(-0.040568123950135,0.0529325150628043,0.0296805001611258));
#2436=CARTESIAN_POINT('',(-0.0457963419145426,0.0529325150628043,0.0297833141599133));
#2437=CARTESIAN_POINT('',(-0.0353399059857275,0.0529325150628043,0.0295776861623383));
#2438=CARTESIAN_POINT('',(-0.0406896406259208,0.0529325150628043,0.0235012281280272));
#2439=CARTESIAN_POINT('',(-0.0280681993298154,0.0514325150628043,0.0257));
#2440=CARTESIAN_POINT('',(-0.00589144142978976,0.0514325150628043,0.0301625624505256));
#2441=CARTESIAN_POINT('',(-0.00589144142978976,0.0514325150628043,0.0332923025450915));
#2442=CARTESIAN_POINT('',(-0.00589144142978976,0.0514325150628043,0.0270328223559597));
#2443=CARTESIAN_POINT('',(-0.0163286534807872,0.0514325150628043,0.0332923025450915));
#2444=CARTESIAN_POINT('',(-0.0267658655317846,0.0514325150628043,0.0332923025450915));
#2445=CARTESIAN_POINT('',(-0.0267658655317846,0.0514325150628043,0.0301625624505256));
#2446=CARTESIAN_POINT('',(-0.0267658655317846,0.0514325150628043,0.0270328223559597));
#2447=CARTESIAN_POINT('',(-0.0163286534807872,0.0514325150628043,0.0270328223559597));
#2448=CARTESIAN_POINT('',(-0.0290026990985786,0.0514325150628043,0.0301516987399632));
#2449=CARTESIAN_POINT('',(-0.0290026990985786,0.0514325150628043,0.0332923025450915));
#2450=CARTESIAN_POINT('',(-0.0290026990985786,0.0514325150628043,0.0270110949348349));
#2451=CARTESIAN_POINT('',(-0.0403745182324491,0.0514325150628043,0.0332923025450915));
#2452=CARTESIAN_POINT('',(-0.0517463373663195,0.0514325150628043,0.0332923025450915));
#2453=CARTESIAN_POINT('',(-0.0517463373663195,0.0514325150628043,0.0301516987399632));
#2454=CARTESIAN_POINT('',(-0.0517463373663195,0.0514325150628043,0.0270110949348349));
#2455=CARTESIAN_POINT('',(-0.0403745182324491,0.0514325150628043,0.0270110949348349));
#2456=CARTESIAN_POINT('',(-0.0280681993298154,0.0514325150628043,0.0344));
#2457=CARTESIAN_POINT('',(-0.0531291227643228,0.0514325150628043,0.0344));
#2458=CARTESIAN_POINT('',(-0.00445549098162806,0.0514325150628043,0.0344));
#2459=CARTESIAN_POINT('',(-0.00445549098162806,0.0514325150628043,0.0257));
#2460=CARTESIAN_POINT('',(-0.00445549098162806,0.0514325150628043,0.0257));
#2461=CARTESIAN_POINT('',(-0.0280681993298154,0.0514325150628043,0.0257));
#2462=CARTESIAN_POINT('',(-0.0531291227643228,0.0514325150628043,0.0257));
#2463=CARTESIAN_POINT('',(-0.0531291227643228,0.0514325150628043,0.0257));
#2464=CARTESIAN_POINT('',(-0.00445549098162806,0.0486875983092965,0.0257));
#2465=CARTESIAN_POINT('',(-0.00445549098162806,0.0486875983092965,0.0344));
#2466=CARTESIAN_POINT('',(-0.00445549098162806,0.0459426815557887,0.0344));
#2467=CARTESIAN_POINT('',(-0.00445549098162806,0.0459426815557887,0.0257));
#2468=CARTESIAN_POINT('',(-0.00445549098162806,0.0459426815557887,0.0257));
#2469=CARTESIAN_POINT('',(-0.00445549098162806,0.0486875983092965,0.0257));
#2470=CARTESIAN_POINT('',(-0.000537674030658832,0.0459426815557887,0.0257));
#2471=CARTESIAN_POINT('',(-0.000537674030658832,0.0459426815557887,0.0344));
#2472=CARTESIAN_POINT('',(0.00338014292031039,0.0459426815557887,0.0344));
#2473=CARTESIAN_POINT('',(0.00338014292031039,0.0459426815557887,0.0257));
#2474=CARTESIAN_POINT('',(0.00338014292031039,0.0459426815557887,0.0257));
#2475=CARTESIAN_POINT('',(-0.000537674030658832,0.0459426815557887,0.0257));
#2476=CARTESIAN_POINT('',(0.00338014292031039,0.0357384196646875,0.0257));
#2477=CARTESIAN_POINT('',(0.00338014292031039,0.0357384196646875,0.0344));
#2478=CARTESIAN_POINT('',(0.00338014292031039,0.0270205837452938,0.0344));
#2479=CARTESIAN_POINT('',(0.00338014292031039,0.0270205837452938,0.0257));
#2480=CARTESIAN_POINT('',(0.00338014292031039,0.0270205837452938,0.0257));
#2481=CARTESIAN_POINT('',(0.00338014292031039,0.0357384196646875,0.0257));
#2482=CARTESIAN_POINT('',(-0.000166175771369019,0.0270205837452938,0.0257));
#2483=CARTESIAN_POINT('',(-0.000166175771369019,0.0270205837452938,0.0344));
#2484=CARTESIAN_POINT('',(-0.00371249446304843,0.0270205837452938,0.0344));
#2485=CARTESIAN_POINT('',(-0.00371249446304843,0.0270205837452938,0.0257));
#2486=CARTESIAN_POINT('',(-0.00371249446304843,0.0270205837452938,0.0257));
#2487=CARTESIAN_POINT('',(-0.000166175771369019,0.0270205837452938,0.0257));
#2488=CARTESIAN_POINT('',(-0.00371249446304843,0.0235324540059322,0.0257));
#2489=CARTESIAN_POINT('',(-0.00371249446304843,0.0235324540059322,0.0344));
#2490=CARTESIAN_POINT('',(-0.00371249446304843,0.0200443242665705,0.0344));
#2491=CARTESIAN_POINT('',(-0.00371249446304843,0.0200443242665705,0.0257));
#2492=CARTESIAN_POINT('',(-0.00371249446304843,0.0200443242665705,0.0257));
#2493=CARTESIAN_POINT('',(-0.00371249446304843,0.0235324540059322,0.0257));
#2494=CARTESIAN_POINT('',(-0.0280681993298154,0.0200443242665705,0.0257));
#2495=CARTESIAN_POINT('',(-0.0280681993298154,0.0200443242665705,0.0344));
#2496=CARTESIAN_POINT('',(-0.0531291227643228,0.0200443242665705,0.0344));
#2497=CARTESIAN_POINT('',(-0.0531291227643228,0.0200443242665705,0.0257));
#2498=CARTESIAN_POINT('',(-0.0531291227643228,0.0200443242665705,0.0257));
#2499=CARTESIAN_POINT('',(-0.0280681993298154,0.0200443242665705,0.0257));
#2500=CARTESIAN_POINT('',(-0.0531291227643228,0.0233297959331241,0.0257));
#2501=CARTESIAN_POINT('',(-0.0531291227643228,0.0233297959331241,0.0344));
#2502=CARTESIAN_POINT('',(-0.0531291227643228,0.0266152675996777,0.0344));
#2503=CARTESIAN_POINT('',(-0.0531291227643228,0.0266152675996777,0.0257));
#2504=CARTESIAN_POINT('',(-0.0531291227643228,0.0266152675996777,0.0257));
#2505=CARTESIAN_POINT('',(-0.0531291227643228,0.0233297959331241,0.0257));
#2506=CARTESIAN_POINT('',(-0.056322832172132,0.0266152675996777,0.0257));
#2507=CARTESIAN_POINT('',(-0.056322832172132,0.0266152675996777,0.0344));
#2508=CARTESIAN_POINT('',(-0.0595165415799411,0.0266152675996777,0.0344));
#2509=CARTESIAN_POINT('',(-0.0595165415799411,0.0266152675996777,0.0257));
#2510=CARTESIAN_POINT('',(-0.0595165415799411,0.0266152675996777,0.0257));
#2511=CARTESIAN_POINT('',(-0.056322832172132,0.0266152675996777,0.0257));
#2512=CARTESIAN_POINT('',(-0.0595165415799411,0.0357384196646875,0.0257));
#2513=CARTESIAN_POINT('',(-0.0595165415799411,0.0357384196646875,0.0344));
#2514=CARTESIAN_POINT('',(-0.0595165415799411,0.0459426815557887,0.0344));
#2515=CARTESIAN_POINT('',(-0.0595165415799411,0.0459426815557887,0.0257));
#2516=CARTESIAN_POINT('',(-0.0595165415799411,0.0459426815557887,0.0257));
#2517=CARTESIAN_POINT('',(-0.0595165415799411,0.0357384196646875,0.0257));
#2518=CARTESIAN_POINT('',(-0.056322832172132,0.0459426815557887,0.0257));
#2519=CARTESIAN_POINT('',(-0.056322832172132,0.0459426815557887,0.0344));
#2520=CARTESIAN_POINT('',(-0.0531291227643228,0.0459426815557887,0.0344));
#2521=CARTESIAN_POINT('',(-0.0531291227643228,0.0459426815557887,0.0257));
#2522=CARTESIAN_POINT('',(-0.0531291227643228,0.0459426815557887,0.0257));
#2523=CARTESIAN_POINT('',(-0.056322832172132,0.0459426815557887,0.0257));
#2524=CARTESIAN_POINT('',(-0.0531291227643228,0.0486875983092965,0.0257));
#2525=CARTESIAN_POINT('',(-0.0531291227643228,0.0486875983092965,0.0344));
#2526=CARTESIAN_POINT('',(-0.0531291227643228,0.0486875983092965,0.0257));
#2527=CARTESIAN_POINT('',(-0.0280681993298154,0.0357384196646875,0.0257));
#2528=CARTESIAN_POINT('',(-0.0280681993298154,0.0357384196646875,0.0344));
#2529=CARTESIAN_POINT('',(-0.0403745182324491,0.0529325150628043,0.0332923025450915));
#2530=CARTESIAN_POINT('',(-0.0290026990985786,0.0529325150628043,0.0332923025450915));
#2531=CARTESIAN_POINT('',(-0.0517463373663195,0.0529325150628043,0.0332923025450915));
#2532=CARTESIAN_POINT('',(-0.0290026990985786,0.0529325150628043,0.0301516987399632));
#2533=CARTESIAN_POINT('',(-0.0290026990985786,0.0529325150628043,0.0270110949348349));
#2534=CARTESIAN_POINT('',(-0.0403745182324491,0.0529325150628043,0.0270110949348349));
#2535=CARTESIAN_POINT('',(-0.0517463373663195,0.0529325150628043,0.0270110949348349));
#2536=CARTESIAN_POINT('',(-0.0517463373663195,0.0529325150628043,0.0301516987399632));
#2537=CARTESIAN_POINT('',(-0.0163286534807872,0.0529325150628043,0.0332923025450915));
#2538=CARTESIAN_POINT('',(-0.00589144142978976,0.0529325150628043,0.0332923025450915));
#2539=CARTESIAN_POINT('',(-0.00589144142978976,0.0529325150628043,0.0332923025450915));
#2540=CARTESIAN_POINT('',(-0.0163286534807872,0.0529325150628043,0.0332923025450915));
#2541=CARTESIAN_POINT('',(-0.0267658655317846,0.0529325150628043,0.0332923025450915));
#2542=CARTESIAN_POINT('',(-0.0267658655317846,0.0529325150628043,0.0332923025450915));
#2543=CARTESIAN_POINT('',(-0.00589144142978976,0.0529325150628043,0.0301625624505256));
#2544=CARTESIAN_POINT('',(-0.00589144142978976,0.0529325150628043,0.0270328223559597));
#2545=CARTESIAN_POINT('',(-0.00589144142978976,0.0529325150628043,0.0270328223559597));
#2546=CARTESIAN_POINT('',(-0.00589144142978976,0.0529325150628043,0.0301625624505256));
#2547=CARTESIAN_POINT('',(-0.0163286534807872,0.0529325150628043,0.0270328223559597));
#2548=CARTESIAN_POINT('',(-0.0267658655317846,0.0529325150628043,0.0270328223559597));
#2549=CARTESIAN_POINT('',(-0.0267658655317846,0.0529325150628043,0.0270328223559597));
#2550=CARTESIAN_POINT('',(-0.0163286534807872,0.0529325150628043,0.0270328223559597));
#2551=CARTESIAN_POINT('',(-0.0267658655317846,0.0529325150628043,0.0301625624505256));
#2552=CARTESIAN_POINT('',(-0.0267658655317846,0.0529325150628043,0.0301625624505256));
#2553=CARTESIAN_POINT('',(-0.0287923068729754,0.0529325150628043,0.03005));
#2554=CARTESIAN_POINT('',(-0.0152410251675687,0.0529325150628043,0.0296805001611258));
#2555=CARTESIAN_POINT('',(-0.0100128072031611,0.0529325150628043,0.0297833141599133));
#2556=CARTESIAN_POINT('',(-0.0204692431319762,0.0529325150628043,0.0295776861623383));
#2557=CARTESIAN_POINT('',(-0.0151195084917828,0.0529325150628043,0.0235012281280272));
#2558=CARTESIAN_POINT('',(-0.0152410251675687,0.0536325150628043,0.0296805001611258));
#2559=CARTESIAN_POINT('',(-0.0152410251675687,0.0536325150628043,0.0296805001611258));
#2560=CARTESIAN_POINT('',(-0.0122746470589795,0.0536325150628043,0.029738834606502));
#2561=CARTESIAN_POINT('',(-0.0182074032761578,0.0536325150628043,0.0296221657157496));
#2562=CARTESIAN_POINT('',(-0.0122746470589795,0.0536325150628043,0.029738834606502));
#2563=CARTESIAN_POINT('',(-0.0118689302411602,0.0536325150628043,0.0297468131125053));
#2564=CARTESIAN_POINT('',(-0.0110700104319139,0.0535740515637567,0.0297625240375008));
#2565=CARTESIAN_POINT('',(-0.0102934991894031,0.0532329491574318,0.0297777942933489));
#2566=CARTESIAN_POINT('',(-0.0100128072031611,0.0529325150628043,0.0297833141599133));
#2567=CARTESIAN_POINT('',(-0.0204692431319762,0.0529325150628043,0.0295776861623383));
#2568=CARTESIAN_POINT('',(-0.0201887495367998,0.0532327368127868,0.0295832021275009));
#2569=CARTESIAN_POINT('',(-0.019426358592725,0.0535704039219609,0.0295981947047296));
#2570=CARTESIAN_POINT('',(-0.0186137807968923,0.0536325150628043,0.0296141742168855));
#2571=CARTESIAN_POINT('',(-0.0182074032761578,0.0536325150628043,0.0296221657157496));
#2572=CARTESIAN_POINT('',(-0.0260024437392565,0.0536325150628043,0.0305087693514855));
#2573=CARTESIAN_POINT('',(-0.0151195084917828,0.0536325150628043,0.0235012281280272));
#2574=CARTESIAN_POINT('',(-0.040568123950135,0.0536325150628043,0.0296805001611258));
#2575=CARTESIAN_POINT('',(-0.0457963419145426,0.0529325150628043,0.0297833141599133));
#2576=CARTESIAN_POINT('',(-0.0455158483193662,0.0532327368127868,0.0297777981947507));
#2577=CARTESIAN_POINT('',(-0.0447534573752914,0.0535704039219609,0.029762805617522));
#2578=CARTESIAN_POINT('',(-0.0439408795794586,0.0536325150628043,0.0297468261053662));
#2579=CARTESIAN_POINT('',(-0.0435345020587242,0.0536325150628043,0.029738834606502));
#2580=CARTESIAN_POINT('',(-0.0435345020587242,0.0536325150628043,0.029738834606502));
#2581=CARTESIAN_POINT('',(-0.040568123950135,0.0536325150628043,0.0296805001611258));
#2582=CARTESIAN_POINT('',(-0.0376017458415458,0.0536325150628043,0.0296221657157496));
#2583=CARTESIAN_POINT('',(-0.0376017458415458,0.0536325150628043,0.0296221657157496));
#2584=CARTESIAN_POINT('',(-0.0371960290237265,0.0536325150628043,0.0296141872097464));
#2585=CARTESIAN_POINT('',(-0.0363971092144803,0.0535740515637567,0.0295984762847507));
#2586=CARTESIAN_POINT('',(-0.0356205979719694,0.0532329491574318,0.0295832060289027));
#2587=CARTESIAN_POINT('',(-0.0353399059857275,0.0529325150628043,0.0295776861623383));
#2588=CARTESIAN_POINT('',(-0.0260024437392565,0.0536325150628043,0.0305087693514855));
#2589=CARTESIAN_POINT('',(-0.0406896406259208,0.0536325150628043,0.0235012281280272));
#2590=CARTESIAN_POINT('',(-0.0406896406259208,0.0521839850628043,0.0235012281280272));
#2591=CARTESIAN_POINT('',(-0.0151195084917828,0.0521839850628043,0.0235012281280272));
#2592=CARTESIAN_POINT('',(0.,0.,0.));
#2593=CARTESIAN_POINT('',(-0.0280681993298154,0.0261527654311664,0.0448));
#2594=CARTESIAN_POINT('',(-0.0278451166189962,0.0261527654311664,0.0438975307590053));
#2595=CARTESIAN_POINT('',(-0.0226188713378929,0.0261527654311664,0.0438975307590053));
#2596=CARTESIAN_POINT('',(-0.0330713619000996,0.0261527654311664,0.0438975307590053));
#2597=CARTESIAN_POINT('',(-0.0330713619000996,0.0261527654311664,0.0414845509872818));
#2598=CARTESIAN_POINT('',(-0.0330713619000996,0.0261527654311664,0.0390715712155585));
#2599=CARTESIAN_POINT('',(-0.0278451166189962,0.0261527654311664,0.0390715712155585));
#2600=CARTESIAN_POINT('',(-0.0226188713378929,0.0261527654311664,0.0390715712155585));
#2601=CARTESIAN_POINT('',(-0.0226188713378929,0.0261527654311664,0.0414845509872818));
#2602=CARTESIAN_POINT('',(-0.0537009496507505,0.0261527654311664,0.0438975307590053));
#2603=CARTESIAN_POINT('',(-0.0586683592014682,0.0261527654311664,0.0438975307590053));
#2604=CARTESIAN_POINT('',(-0.0487335401000328,0.0261527654311664,0.0438975307590053));
#2605=CARTESIAN_POINT('',(-0.0586683592014682,0.0261527654311664,0.0414845509872818));
#2606=CARTESIAN_POINT('',(-0.0586683592014682,0.0261527654311664,0.0390715712155585));
#2607=CARTESIAN_POINT('',(-0.0537009496507505,0.0261527654311664,0.0390715712155585));
#2608=CARTESIAN_POINT('',(-0.0487335401000328,0.0261527654311664,0.0390715712155585));
#2609=CARTESIAN_POINT('',(-0.0487335401000328,0.0261527654311664,0.0414845509872818));
#2610=CARTESIAN_POINT('',(-0.0280681993298154,0.0261527654311664,0.0386));
#2611=CARTESIAN_POINT('',(0.00338014292031039,0.0261527654311664,0.0386));
#2612=CARTESIAN_POINT('',(-0.0595165415799411,0.0261527654311664,0.0386));
#2613=CARTESIAN_POINT('',(-0.0595165415799411,0.0261527654311664,0.0448));
#2614=CARTESIAN_POINT('',(-0.0595165415799411,0.0261527654311664,0.0448));
#2615=CARTESIAN_POINT('',(-0.0280681993298154,0.0261527654311664,0.0448));
#2616=CARTESIAN_POINT('',(0.00338014292031039,0.0261527654311664,0.0448));
#2617=CARTESIAN_POINT('',(0.00338014292031039,0.0261527654311664,0.0448));
#2618=CARTESIAN_POINT('',(0.00253196054183748,0.0261527654311664,0.0414845509872818));
#2619=CARTESIAN_POINT('',(0.00253196054183748,0.0261527654311664,0.0438975307590053));
#2620=CARTESIAN_POINT('',(0.00253196054183748,0.0261527654311664,0.0390715712155585));
#2621=CARTESIAN_POINT('',(-0.00243544900888025,0.0261527654311664,0.0438975307590053));
#2622=CARTESIAN_POINT('',(-0.00740285855959796,0.0261527654311664,0.0438975307590053));
#2623=CARTESIAN_POINT('',(-0.00740285855959796,0.0261527654311664,0.0414845509872818));
#2624=CARTESIAN_POINT('',(-0.00740285855959796,0.0261527654311664,0.0390715712155585));
#2625=CARTESIAN_POINT('',(-0.00243544900888025,0.0261527654311664,0.0390715712155585));
#2626=CARTESIAN_POINT('',(-0.041600258255048,0.0261527654311664,0.0438975307590053));
#2627=CARTESIAN_POINT('',(-0.0367205724274681,0.0261527654311664,0.0438975307590053));
#2628=CARTESIAN_POINT('',(-0.0464799440826279,0.0261527654311664,0.0438975307590053));
#2629=CARTESIAN_POINT('',(-0.0464799440826279,0.0261527654311664,0.0414845509872818));
#2630=CARTESIAN_POINT('',(-0.0464799440826279,0.0261527654311664,0.0390715712155585));
#2631=CARTESIAN_POINT('',(-0.041600258255048,0.0261527654311664,0.0390715712155585));
#2632=CARTESIAN_POINT('',(-0.0367205724274681,0.0261527654311664,0.0390715712155585));
#2633=CARTESIAN_POINT('',(-0.0367205724274681,0.0261527654311664,0.0414845509872818));
#2634=CARTESIAN_POINT('',(-0.0136883018255888,0.0261527654311664,0.0438975307590053));
#2635=CARTESIAN_POINT('',(-0.0090903815124015,0.0261527654311664,0.0438975307590053));
#2636=CARTESIAN_POINT('',(-0.0182862221387761,0.0261527654311664,0.0438975307590053));
#2637=CARTESIAN_POINT('',(-0.0182862221387761,0.0261527654311664,0.0416158525327223));
#2638=CARTESIAN_POINT('',(-0.0182862221387761,0.0261527654311664,0.0393341743064392));
#2639=CARTESIAN_POINT('',(-0.0136883018255888,0.0261527654311664,0.0393341743064392));
#2640=CARTESIAN_POINT('',(-0.0090903815124015,0.0261527654311664,0.0393341743064392));
#2641=CARTESIAN_POINT('',(-0.0090903815124015,0.0261527654311664,0.0416158525327223));
#2642=CARTESIAN_POINT('',(-0.0280681993298154,0.0200443242665705,0.0386));
#2643=CARTESIAN_POINT('',(-0.0280681993298154,0.0200443242665705,0.0344));
#2644=CARTESIAN_POINT('',(-0.0595165415799411,0.0200443242665705,0.0344));
#2645=CARTESIAN_POINT('',(0.00338014292031039,0.0200443242665705,0.0344));
#2646=CARTESIAN_POINT('',(0.00338014292031039,0.0200443242665705,0.0386));
#2647=CARTESIAN_POINT('',(0.00338014292031039,0.0200443242665705,0.0448));
#2648=CARTESIAN_POINT('',(-0.0280681993298154,0.0200443242665705,0.0448));
#2649=CARTESIAN_POINT('',(-0.0595165415799411,0.0200443242665705,0.0448));
#2650=CARTESIAN_POINT('',(-0.0595165415799411,0.0200443242665705,0.0386));
#2651=CARTESIAN_POINT('',(0.00338014292031039,0.0357384196646875,0.0386));
#2652=CARTESIAN_POINT('',(0.00338014292031039,0.0357384196646875,0.0344));
#2653=CARTESIAN_POINT('',(0.00338014292031039,0.0514325150628043,0.0344));
#2654=CARTESIAN_POINT('',(0.00338014292031039,0.0514325150628043,0.0386));
#2655=CARTESIAN_POINT('',(0.00338014292031039,0.0514325150628043,0.0386));
#2656=CARTESIAN_POINT('',(0.00338014292031039,0.0357384196646875,0.0386));
#2657=CARTESIAN_POINT('',(0.00338014292031039,0.0357384196646875,0.0448));
#2658=CARTESIAN_POINT('',(-0.0280681993298154,0.0514325150628043,0.0386));
#2659=CARTESIAN_POINT('',(-0.0280681993298154,0.0514325150628043,0.0344));
#2660=CARTESIAN_POINT('',(-0.0595165415799411,0.0514325150628043,0.0344));
#2661=CARTESIAN_POINT('',(-0.0595165415799411,0.0514325150628043,0.0386));
#2662=CARTESIAN_POINT('',(-0.0595165415799411,0.0514325150628043,0.0386));
#2663=CARTESIAN_POINT('',(-0.0280681993298154,0.0514325150628043,0.0386));
#2664=CARTESIAN_POINT('',(-0.0595165415799411,0.0357384196646875,0.0386));
#2665=CARTESIAN_POINT('',(-0.0595165415799411,0.0357384196646875,0.0344));
#2666=CARTESIAN_POINT('',(-0.0595165415799411,0.0357384196646875,0.0448));
#2667=CARTESIAN_POINT('',(-0.0595165415799411,0.0357384196646875,0.0386));
#2668=CARTESIAN_POINT('',(-0.0280681993298154,0.0357384196646875,0.0386));
#2669=CARTESIAN_POINT('',(-0.0280681993298154,0.0357384196646875,0.0344));
#2670=CARTESIAN_POINT('',(-0.0281749246678279,0.0232442514446931,0.0448));
#2671=CARTESIAN_POINT('',(-0.0281749246678279,0.018892714866466,0.0448));
#2672=CARTESIAN_POINT('',(0.00446215812090953,0.018892714866466,0.0448));
#2673=CARTESIAN_POINT('',(-0.0608120074565654,0.018892714866466,0.0448));
#2674=CARTESIAN_POINT('',(-0.0608120074565654,0.0232442514446931,0.0448));
#2675=CARTESIAN_POINT('',(-0.0608120074565654,0.0275957880229202,0.0448));
#2676=CARTESIAN_POINT('',(-0.0281749246678279,0.0275957880229202,0.0448));
#2677=CARTESIAN_POINT('',(0.00446215812090953,0.0275957880229202,0.0448));
#2678=CARTESIAN_POINT('',(0.00446215812090953,0.0232442514446931,0.0448));
#2679=CARTESIAN_POINT('',(-0.0281749246678279,0.018892714866466,0.0461));
#2680=CARTESIAN_POINT('',(0.00446215812090953,0.018892714866466,0.0461));
#2681=CARTESIAN_POINT('',(0.00446215812090953,0.018892714866466,0.0451));
#2682=CARTESIAN_POINT('',(-0.0281749246678279,0.018892714866466,0.0451));
#2683=CARTESIAN_POINT('',(-0.0608120074565654,0.018892714866466,0.0451));
#2684=CARTESIAN_POINT('',(-0.0608120074565654,0.018892714866466,0.0461));
#2685=CARTESIAN_POINT('',(0.00446215812090953,0.0232442514446931,0.0461));
#2686=CARTESIAN_POINT('',(0.00446215812090953,0.0275957880229202,0.0461));
#2687=CARTESIAN_POINT('',(0.00446215812090953,0.0275957880229202,0.0451));
#2688=CARTESIAN_POINT('',(0.00446215812090953,0.018892714866466,0.0451));
#2689=CARTESIAN_POINT('',(-0.0281749246678279,0.0275957880229202,0.0461));
#2690=CARTESIAN_POINT('',(-0.0608120074565654,0.0275957880229202,0.0461));
#2691=CARTESIAN_POINT('',(-0.0608120074565654,0.0275957880229202,0.0451));
#2692=CARTESIAN_POINT('',(0.00446215812090953,0.0275957880229202,0.0451));
#2693=CARTESIAN_POINT('',(-0.0608120074565654,0.0232442514446931,0.0461));
#2694=CARTESIAN_POINT('',(-0.0608120074565654,0.0232442514446931,0.0451));
#2695=CARTESIAN_POINT('',(-0.0281749246678279,0.0232442514446931,0.0461));
#2696=CARTESIAN_POINT('',(-0.0608120074565654,0.0265957880229202,0.0461));
#2697=CARTESIAN_POINT('',(0.00346215812090953,0.0265957880229202,0.0461));
#2698=CARTESIAN_POINT('',(-0.0598120074565654,0.0265957880229202,0.0461));
#2699=CARTESIAN_POINT('',(-0.0598120074565654,0.0232442514446931,0.0461));
#2700=CARTESIAN_POINT('',(-0.0598120074565654,0.0198927148664661,0.0461));
#2701=CARTESIAN_POINT('',(-0.0281749246678279,0.0198927148664661,0.0461));
#2702=CARTESIAN_POINT('',(0.00346215812090953,0.0198927148664661,0.0461));
#2703=CARTESIAN_POINT('',(0.00346215812090953,0.0275957880229202,0.0461));
#2704=CARTESIAN_POINT('',(0.00346215812090953,0.0232442514446931,0.0461));
#2705=CARTESIAN_POINT('',(-0.0070835361420029,0.0160500937600077,0.0566456942629125));
#2706=CARTESIAN_POINT('',(0.0023449792615005,0.021009893725875,0.047217178859409));
#2707=CARTESIAN_POINT('',(-0.0281749246678279,0.018892714866466,0.0451));
#2708=CARTESIAN_POINT('',(-0.0499329798603194,0.0297717424627119,0.0559790275962459));
#2709=CARTESIAN_POINT('',(-0.0281749246678279,0.0265957880229202,0.0461));
#2710=CARTESIAN_POINT('',(-0.0492663131936528,0.0160500937600077,0.0566456942629125));
#2711=CARTESIAN_POINT('',(-0.0608120074565654,0.0232442514446931,0.0451));
#2712=CARTESIAN_POINT('',(-0.0537009496507505,0.0265127654311664,0.0438975307590053));
#2713=CARTESIAN_POINT('',(-0.0487335401000328,0.0265127654311664,0.0438975307590053));
#2714=CARTESIAN_POINT('',(-0.0487335401000328,0.0265127654311664,0.0438975307590053));
#2715=CARTESIAN_POINT('',(-0.0537009496507505,0.0265127654311664,0.0438975307590053));
#2716=CARTESIAN_POINT('',(-0.0586683592014682,0.0265127654311664,0.0438975307590053));
#2717=CARTESIAN_POINT('',(-0.0586683592014682,0.0265127654311664,0.0438975307590053));
#2718=CARTESIAN_POINT('',(-0.0487335401000328,0.0265127654311664,0.0414845509872818));
#2719=CARTESIAN_POINT('',(-0.0487335401000328,0.0265127654311664,0.0390715712155585));
#2720=CARTESIAN_POINT('',(-0.0487335401000328,0.0265127654311664,0.0390715712155585));
#2721=CARTESIAN_POINT('',(-0.0487335401000328,0.0265127654311664,0.0414845509872818));
#2722=CARTESIAN_POINT('',(-0.0537009496507505,0.0265127654311664,0.0390715712155585));
#2723=CARTESIAN_POINT('',(-0.0586683592014682,0.0265127654311664,0.0390715712155585));
#2724=CARTESIAN_POINT('',(-0.0586683592014682,0.0265127654311664,0.0390715712155585));
#2725=CARTESIAN_POINT('',(-0.0537009496507505,0.0265127654311664,0.0390715712155585));
#2726=CARTESIAN_POINT('',(-0.0586683592014682,0.0265127654311664,0.0414845509872818));
#2727=CARTESIAN_POINT('',(-0.0586683592014682,0.0265127654311664,0.0414845509872818));
#2728=CARTESIAN_POINT('',(-0.0280681993298154,0.0265127654311664,0.0417));
#2729=CARTESIAN_POINT('',(-0.0535512392915305,0.0265127654311664,0.0408178721856558));
#2730=CARTESIAN_POINT('',(-0.0499958611496826,0.0265127654311664,0.0408916966752748));
#2731=CARTESIAN_POINT('',(-0.0571066174333784,0.0265127654311664,0.0407440476960367));
#2732=CARTESIAN_POINT('',(-0.053492512042852,0.0265127654311664,0.0379895752700976));
#2733=CARTESIAN_POINT('',(-0.00243544900888025,0.0265127654311664,0.0438975307590053));
#2734=CARTESIAN_POINT('',(0.00253196054183748,0.0265127654311664,0.0438975307590053));
#2735=CARTESIAN_POINT('',(0.00253196054183748,0.0265127654311664,0.0438975307590053));
#2736=CARTESIAN_POINT('',(-0.00243544900888025,0.0265127654311664,0.0438975307590053));
#2737=CARTESIAN_POINT('',(-0.00740285855959796,0.0265127654311664,0.0438975307590053));
#2738=CARTESIAN_POINT('',(-0.00740285855959796,0.0265127654311664,0.0438975307590053));
#2739=CARTESIAN_POINT('',(0.00253196054183748,0.0265127654311664,0.0414845509872818));
#2740=CARTESIAN_POINT('',(0.00253196054183748,0.0265127654311664,0.0390715712155585));
#2741=CARTESIAN_POINT('',(0.00253196054183748,0.0265127654311664,0.0390715712155585));
#2742=CARTESIAN_POINT('',(0.00253196054183748,0.0265127654311664,0.0414845509872818));
#2743=CARTESIAN_POINT('',(-0.00243544900888025,0.0265127654311664,0.0390715712155585));
#2744=CARTESIAN_POINT('',(-0.00740285855959796,0.0265127654311664,0.0390715712155585));
#2745=CARTESIAN_POINT('',(-0.00740285855959796,0.0265127654311664,0.0390715712155585));
#2746=CARTESIAN_POINT('',(-0.00243544900888025,0.0265127654311664,0.0390715712155585));
#2747=CARTESIAN_POINT('',(-0.00740285855959796,0.0265127654311664,0.0414845509872818));
#2748=CARTESIAN_POINT('',(-0.00740285855959796,0.0265127654311664,0.0414845509872818));
#2749=CARTESIAN_POINT('',(-0.0280681993298154,0.0265127654311664,0.0417));
#2750=CARTESIAN_POINT('',(-0.0020679138861946,0.0265127654311664,0.0410419708064517));
#2751=CARTESIAN_POINT('',(0.000734679194461164,0.0265127654311664,0.0410746545655282));
#2752=CARTESIAN_POINT('',(-0.00487050696685036,0.0265127654311664,0.0410092870473753));
#2753=CARTESIAN_POINT('',(-0.00204536813635622,0.0265127654311664,0.0391086998400503));
#2754=CARTESIAN_POINT('',(-0.041600258255048,0.0215527654311664,0.0438975307590053));
#2755=CARTESIAN_POINT('',(-0.0367205724274681,0.0215527654311664,0.0438975307590053));
#2756=CARTESIAN_POINT('',(-0.0367205724274681,0.0215527654311664,0.0438975307590053));
#2757=CARTESIAN_POINT('',(-0.041600258255048,0.0215527654311664,0.0438975307590053));
#2758=CARTESIAN_POINT('',(-0.0464799440826279,0.0215527654311664,0.0438975307590053));
#2759=CARTESIAN_POINT('',(-0.0464799440826279,0.0215527654311664,0.0438975307590053));
#2760=CARTESIAN_POINT('',(-0.0367205724274681,0.0215527654311664,0.0414845509872818));
#2761=CARTESIAN_POINT('',(-0.0367205724274681,0.0215527654311664,0.0390715712155585));
#2762=CARTESIAN_POINT('',(-0.0367205724274681,0.0215527654311664,0.0390715712155585));
#2763=CARTESIAN_POINT('',(-0.0367205724274681,0.0215527654311664,0.0414845509872818));
#2764=CARTESIAN_POINT('',(-0.041600258255048,0.0215527654311664,0.0390715712155585));
#2765=CARTESIAN_POINT('',(-0.0464799440826279,0.0215527654311664,0.0390715712155585));
#2766=CARTESIAN_POINT('',(-0.0464799440826279,0.0215527654311664,0.0390715712155585));
#2767=CARTESIAN_POINT('',(-0.041600258255048,0.0215527654311664,0.0390715712155585));
#2768=CARTESIAN_POINT('',(-0.0464799440826279,0.0215527654311664,0.0414845509872818));
#2769=CARTESIAN_POINT('',(-0.0464799440826279,0.0215527654311664,0.0414845509872818));
#2770=CARTESIAN_POINT('',(-0.0280681993298154,0.0215527654311664,0.0417));
#2771=CARTESIAN_POINT('',(-0.0278451166189962,0.0215527654311664,0.0438975307590053));
#2772=CARTESIAN_POINT('',(-0.0226188713378929,0.0215527654311664,0.0438975307590053));
#2773=CARTESIAN_POINT('',(-0.0226188713378929,0.0215527654311664,0.0438975307590053));
#2774=CARTESIAN_POINT('',(-0.0278451166189962,0.0215527654311664,0.0438975307590053));
#2775=CARTESIAN_POINT('',(-0.0330713619000996,0.0215527654311664,0.0438975307590053));
#2776=CARTESIAN_POINT('',(-0.0330713619000996,0.0215527654311664,0.0438975307590053));
#2777=CARTESIAN_POINT('',(-0.0226188713378929,0.0215527654311664,0.0414845509872818));
#2778=CARTESIAN_POINT('',(-0.0226188713378929,0.0215527654311664,0.0390715712155585));
#2779=CARTESIAN_POINT('',(-0.0226188713378929,0.0215527654311664,0.0390715712155585));
#2780=CARTESIAN_POINT('',(-0.0226188713378929,0.0215527654311664,0.0414845509872818));
#2781=CARTESIAN_POINT('',(-0.0278451166189962,0.0215527654311664,0.0390715712155585));
#2782=CARTESIAN_POINT('',(-0.0330713619000996,0.0215527654311664,0.0390715712155585));
#2783=CARTESIAN_POINT('',(-0.0330713619000996,0.0215527654311664,0.0390715712155585));
#2784=CARTESIAN_POINT('',(-0.0278451166189962,0.0215527654311664,0.0390715712155585));
#2785=CARTESIAN_POINT('',(-0.0330713619000996,0.0215527654311664,0.0414845509872818));
#2786=CARTESIAN_POINT('',(-0.0330713619000996,0.0215527654311664,0.0414845509872818));
#2787=CARTESIAN_POINT('',(-0.0280681993298154,0.0215527654311664,0.0417));
#2788=CARTESIAN_POINT('',(-0.0136883018255888,0.0215527654311664,0.0438975307590053));
#2789=CARTESIAN_POINT('',(-0.0090903815124015,0.0215527654311664,0.0438975307590053));
#2790=CARTESIAN_POINT('',(-0.0090903815124015,0.0215527654311664,0.0438975307590053));
#2791=CARTESIAN_POINT('',(-0.0136883018255888,0.0215527654311664,0.0438975307590053));
#2792=CARTESIAN_POINT('',(-0.0182862221387761,0.0215527654311664,0.0438975307590053));
#2793=CARTESIAN_POINT('',(-0.0182862221387761,0.0215527654311664,0.0438975307590053));
#2794=CARTESIAN_POINT('',(-0.0090903815124015,0.0215527654311664,0.0416158525327223));
#2795=CARTESIAN_POINT('',(-0.0090903815124015,0.0215527654311664,0.0393341743064392));
#2796=CARTESIAN_POINT('',(-0.0090903815124015,0.0215527654311664,0.0393341743064392));
#2797=CARTESIAN_POINT('',(-0.0090903815124015,0.0215527654311664,0.0416158525327223));
#2798=CARTESIAN_POINT('',(-0.0136883018255888,0.0215527654311664,0.0393341743064392));
#2799=CARTESIAN_POINT('',(-0.0182862221387761,0.0215527654311664,0.0393341743064392));
#2800=CARTESIAN_POINT('',(-0.0182862221387761,0.0215527654311664,0.0393341743064392));
#2801=CARTESIAN_POINT('',(-0.0136883018255888,0.0215527654311664,0.0393341743064392));
#2802=CARTESIAN_POINT('',(-0.0182862221387761,0.0215527654311664,0.0416158525327223));
#2803=CARTESIAN_POINT('',(-0.0182862221387761,0.0215527654311664,0.0416158525327223));
#2804=CARTESIAN_POINT('',(-0.0280681993298154,0.0215527654311664,0.0417));
#2805=CARTESIAN_POINT('',(-0.0020679138861946,0.0271127654311664,0.0410419708064517));
#2806=CARTESIAN_POINT('',(-0.0020679138861946,0.0271127654311664,0.0410419708064517));
#2807=CARTESIAN_POINT('',(-0.000954822666273301,0.0271127654311664,0.0410549516439173));
#2808=CARTESIAN_POINT('',(-0.00318100510611589,0.0271127654311664,0.0410289899689862));
#2809=CARTESIAN_POINT('',(-0.000954822666273301,0.0271127654311664,0.0410549516439173));
#2810=CARTESIAN_POINT('',(-0.000646084956952286,0.0271127654311664,0.0410585521341129));
#2811=CARTESIAN_POINT('',(-2.9114917523613E-5,0.0270633666535177,0.0410657472207865));
#2812=CARTESIAN_POINT('',(0.000528880494324807,0.0267471593823503,0.0410722545470667));
#2813=CARTESIAN_POINT('',(0.000734679194461165,0.0265127654311664,0.0410746545655282));
#2814=CARTESIAN_POINT('',(-0.00487050696685036,0.0265127654311664,0.0410092870473754));
#2815=CARTESIAN_POINT('',(-0.00466474563031675,0.0267471168271618,0.0410116866301035));
#2816=CARTESIAN_POINT('',(-0.00411422541166103,0.0270609428303029,0.041018106780898));
#2817=CARTESIAN_POINT('',(-0.00349048236600022,0.0271127654311664,0.0410253808541734));
#2818=CARTESIAN_POINT('',(-0.0031810051061159,0.0271127654311664,0.0410289899689863));
#2819=CARTESIAN_POINT('',(-0.0274596472124534,0.0271127654311664,0.0414845509872818));
#2820=CARTESIAN_POINT('',(-0.00204536813635622,0.0271127654311664,0.0391086998400503));
#2821=CARTESIAN_POINT('',(-0.0535512392915305,0.0271127654311664,0.0408178721856558));
#2822=CARTESIAN_POINT('',(-0.0535512392915305,0.0271127654311664,0.0408178721856558));
#2823=CARTESIAN_POINT('',(-0.051719968193126,0.0271127654311664,0.0408558970169958));
#2824=CARTESIAN_POINT('',(-0.0553825103899351,0.0271127654311664,0.0407798473543157));
#2825=CARTESIAN_POINT('',(-0.051719968193126,0.0271127654311664,0.0408558970169958));
#2826=CARTESIAN_POINT('',(-0.051406163443712,0.0271127654311664,0.0408624129133481));
#2827=CARTESIAN_POINT('',(-0.0507821999699379,0.0270543049767926,0.0408753689993549));
#2828=CARTESIAN_POINT('',(-0.0502107344735188,0.0267454683817538,0.0408872350082363));
#2829=CARTESIAN_POINT('',(-0.0499958611496826,0.0265127654311664,0.0408916966752749));
#2830=CARTESIAN_POINT('',(-0.0571066174333784,0.0265127654311664,0.0407440476960367));
#2831=CARTESIAN_POINT('',(-0.0566767347537345,0.0269783186518902,0.0407529738547052));
#2832=CARTESIAN_POINT('',(-0.0560113089101137,0.0271127654311664,0.0407667908725651));
#2833=CARTESIAN_POINT('',(-0.0553825103899351,0.0271127654311665,0.0407798473543157));
#2834=CARTESIAN_POINT('',(-0.0274596472124534,0.0271127654311664,0.0414845509872818));
#2835=CARTESIAN_POINT('',(-0.053492512042852,0.0271127654311664,0.0379895752700976));
#2836=CARTESIAN_POINT('',(-0.053492512042852,0.0256642354311664,0.0379895752700976));
#2837=CARTESIAN_POINT('',(-0.00204536813635622,0.0256642354311664,0.0391086998400503));
#2838=CARTESIAN_POINT('',(0.,0.,0.));
#2839=CARTESIAN_POINT('',(-0.0280681993298154,0.0514325150628043,0.0344));
#2840=CARTESIAN_POINT('',(-0.0280681993298154,0.0514325150628043,0.));
#2841=CARTESIAN_POINT('',(-0.00445549098162806,0.0514325150628043,0.));
#2842=CARTESIAN_POINT('',(0.00338014292031039,0.0514325150628043,0.));
#2843=CARTESIAN_POINT('',(-0.00445549098162806,0.0514325150628043,-0.0069));
#2844=CARTESIAN_POINT('',(-0.00445549098162806,0.0514325150628043,0.0344));
#2845=CARTESIAN_POINT('',(-0.0280681993298154,0.0514325150628043,0.0344));
#2846=CARTESIAN_POINT('',(0.00338014292031039,0.0514325150628043,0.0344));
#2847=CARTESIAN_POINT('',(0.00338014292031039,0.0514325150628043,0.0344));
#2848=CARTESIAN_POINT('',(-0.0280681993298154,0.0357384196646875,0.0344));
#2849=CARTESIAN_POINT('',(-0.00445549098162806,0.0486875983092965,0.0344));
#2850=CARTESIAN_POINT('',(-0.00445549098162806,0.0459426815557887,0.0344));
#2851=CARTESIAN_POINT('',(-0.000537674030658832,0.0459426815557887,0.0344));
#2852=CARTESIAN_POINT('',(0.00338014292031039,0.0459426815557887,0.0344));
#2853=CARTESIAN_POINT('',(0.00338014292031039,0.0357384196646875,0.0344));
#2854=CARTESIAN_POINT('',(-0.0280681993298154,0.0357384196646875,0.));
#2855=CARTESIAN_POINT('',(-0.0280681993298154,0.0459426815557887,0.));
#2856=CARTESIAN_POINT('',(-0.00445549098162806,0.0459426815557887,0.));
#2857=CARTESIAN_POINT('',(0.00338014292031039,0.0459426815557887,0.));
#2858=CARTESIAN_POINT('',(-0.00445549098162806,0.0357384196646875,0.));
#2859=CARTESIAN_POINT('',(0.00338014292031039,0.0357384196646875,0.));
#2860=CARTESIAN_POINT('',(0.00338014292031039,0.0357384196646875,0.0344));
#2861=CARTESIAN_POINT('',(0.00338014292031039,0.0459426815557887,-0.0069));
#2862=CARTESIAN_POINT('',(-0.00445549098162806,0.0486875983092965,-0.0069));
#2863=CARTESIAN_POINT('',(-0.00445549098162806,0.0459426815557887,-0.0069));
#2864=CARTESIAN_POINT('',(-0.000537674030658832,0.0459426815557887,-0.0069));
#2865=CARTESIAN_POINT('',(0.,0.,0.));
#2866=CARTESIAN_POINT('',(-0.0280681993298154,0.0357384196646875,0.0344));
#2867=CARTESIAN_POINT('',(-0.0531291227643228,0.0233297959331241,0.0344));
#2868=CARTESIAN_POINT('',(-0.0531291227643228,0.0200443242665705,0.0344));
#2869=CARTESIAN_POINT('',(-0.0531291227643228,0.0266152675996777,0.0344));
#2870=CARTESIAN_POINT('',(-0.056322832172132,0.0266152675996777,0.0344));
#2871=CARTESIAN_POINT('',(-0.0595165415799411,0.0266152675996777,0.0344));
#2872=CARTESIAN_POINT('',(-0.0595165415799411,0.0357384196646875,0.0344));
#2873=CARTESIAN_POINT('',(-0.0595165415799411,0.0200443242665705,0.0344));
#2874=CARTESIAN_POINT('',(-0.0280681993298154,0.0200443242665705,0.0344));
#2875=CARTESIAN_POINT('',(-0.0280681993298154,0.0357384196646875,0.));
#2876=CARTESIAN_POINT('',(-0.0280681993298154,0.0266152675996777,0.));
#2877=CARTESIAN_POINT('',(-0.0531291227643228,0.0266152675996777,0.));
#2878=CARTESIAN_POINT('',(-0.0595165415799411,0.0266152675996777,0.));
#2879=CARTESIAN_POINT('',(-0.0531291227643228,0.0357384196646875,0.));
#2880=CARTESIAN_POINT('',(-0.0531291227643228,0.0200443242665705,0.));
#2881=CARTESIAN_POINT('',(-0.0280681993298154,0.0200443242665705,0.));
#2882=CARTESIAN_POINT('',(-0.0595165415799411,0.0200443242665705,0.));
#2883=CARTESIAN_POINT('',(-0.0595165415799411,0.0357384196646875,0.));
#2884=CARTESIAN_POINT('',(-0.0280681993298154,0.0200443242665705,0.0344));
#2885=CARTESIAN_POINT('',(-0.0531291227643228,0.0200443242665705,-0.0069));
#2886=CARTESIAN_POINT('',(-0.0595165415799411,0.0200443242665705,0.0344));
#2887=CARTESIAN_POINT('',(-0.0595165415799411,0.0357384196646875,0.0344));
#2888=CARTESIAN_POINT('',(-0.0595165415799411,0.0266152675996777,-0.0069));
#2889=CARTESIAN_POINT('',(-0.056322832172132,0.0266152675996777,-0.0069));
#2890=CARTESIAN_POINT('',(-0.0531291227643228,0.0266152675996777,-0.0069));
#2891=CARTESIAN_POINT('',(-0.0531291227643228,0.0233297959331241,-0.0069));
#2892=MECHANICAL_DESIGN_GEOMETRIC_PRESENTATION_REPRESENTATION('',(#1746),
#2898);
#2893=MECHANICAL_DESIGN_GEOMETRIC_PRESENTATION_REPRESENTATION('',(#1747),
#2899);
#2894=MECHANICAL_DESIGN_GEOMETRIC_PRESENTATION_REPRESENTATION('',(#1748),
#2900);
#2895=MECHANICAL_DESIGN_GEOMETRIC_PRESENTATION_REPRESENTATION('',(#1749),
#2901);
#2896=MECHANICAL_DESIGN_GEOMETRIC_PRESENTATION_REPRESENTATION('',(#1750),
#2902);
#2897=MECHANICAL_DESIGN_GEOMETRIC_PRESENTATION_REPRESENTATION('',(#1751),
#2903);
#2898=(
GEOMETRIC_REPRESENTATION_CONTEXT(3)
GLOBAL_UNCERTAINTY_ASSIGNED_CONTEXT((#2904))
GLOBAL_UNIT_ASSIGNED_CONTEXT((#2922,#2916,#2910))
REPRESENTATION_CONTEXT('Part 1','TOP_LEVEL_ASSEMBLY_PART')
);
#2899=(
GEOMETRIC_REPRESENTATION_CONTEXT(3)
GLOBAL_UNCERTAINTY_ASSIGNED_CONTEXT((#2905))
GLOBAL_UNIT_ASSIGNED_CONTEXT((#2923,#2917,#2911))
REPRESENTATION_CONTEXT('Part 3','TOP_LEVEL_ASSEMBLY_PART')
);
#2900=(
GEOMETRIC_REPRESENTATION_CONTEXT(3)
GLOBAL_UNCERTAINTY_ASSIGNED_CONTEXT((#2906))
GLOBAL_UNIT_ASSIGNED_CONTEXT((#2924,#2918,#2912))
REPRESENTATION_CONTEXT('Part 6','TOP_LEVEL_ASSEMBLY_PART')
);
#2901=(
GEOMETRIC_REPRESENTATION_CONTEXT(3)
GLOBAL_UNCERTAINTY_ASSIGNED_CONTEXT((#2907))
GLOBAL_UNIT_ASSIGNED_CONTEXT((#2925,#2919,#2913))
REPRESENTATION_CONTEXT('Part 5','TOP_LEVEL_ASSEMBLY_PART')
);
#2902=(
GEOMETRIC_REPRESENTATION_CONTEXT(3)
GLOBAL_UNCERTAINTY_ASSIGNED_CONTEXT((#2908))
GLOBAL_UNIT_ASSIGNED_CONTEXT((#2926,#2920,#2914))
REPRESENTATION_CONTEXT('Part 2','TOP_LEVEL_ASSEMBLY_PART')
);
#2903=(
GEOMETRIC_REPRESENTATION_CONTEXT(3)
GLOBAL_UNCERTAINTY_ASSIGNED_CONTEXT((#2909))
GLOBAL_UNIT_ASSIGNED_CONTEXT((#2927,#2921,#2915))
REPRESENTATION_CONTEXT('Part 4','TOP_LEVEL_ASSEMBLY_PART')
);
#2904=UNCERTAINTY_MEASURE_WITH_UNIT(LENGTH_MEASURE(1.E-8),#2922,
'DISTANCE_ACCURACY_VALUE','Maximum Tolerance applied to model');
#2905=UNCERTAINTY_MEASURE_WITH_UNIT(LENGTH_MEASURE(1.E-8),#2923,
'DISTANCE_ACCURACY_VALUE','Maximum Tolerance applied to model');
#2906=UNCERTAINTY_MEASURE_WITH_UNIT(LENGTH_MEASURE(2.E-5),#2924,
'DISTANCE_ACCURACY_VALUE','Maximum Tolerance applied to model');
#2907=UNCERTAINTY_MEASURE_WITH_UNIT(LENGTH_MEASURE(2.E-5),#2925,
'DISTANCE_ACCURACY_VALUE','Maximum Tolerance applied to model');
#2908=UNCERTAINTY_MEASURE_WITH_UNIT(LENGTH_MEASURE(1.E-8),#2926,
'DISTANCE_ACCURACY_VALUE','Maximum Tolerance applied to model');
#2909=UNCERTAINTY_MEASURE_WITH_UNIT(LENGTH_MEASURE(1.E-8),#2927,
'DISTANCE_ACCURACY_VALUE','Maximum Tolerance applied to model');
#2910=(
NAMED_UNIT(*)
SI_UNIT($,.STERADIAN.)
SOLID_ANGLE_UNIT()
);
#2911=(
NAMED_UNIT(*)
SI_UNIT($,.STERADIAN.)
SOLID_ANGLE_UNIT()
);
#2912=(
NAMED_UNIT(*)
SI_UNIT($,.STERADIAN.)
SOLID_ANGLE_UNIT()
);
#2913=(
NAMED_UNIT(*)
SI_UNIT($,.STERADIAN.)
SOLID_ANGLE_UNIT()
);
#2914=(
NAMED_UNIT(*)
SI_UNIT($,.STERADIAN.)
SOLID_ANGLE_UNIT()
);
#2915=(
NAMED_UNIT(*)
SI_UNIT($,.STERADIAN.)
SOLID_ANGLE_UNIT()
);
#2916=(
NAMED_UNIT(*)
PLANE_ANGLE_UNIT()
SI_UNIT($,.RADIAN.)
);
#2917=(
NAMED_UNIT(*)
PLANE_ANGLE_UNIT()
SI_UNIT($,.RADIAN.)
);
#2918=(
NAMED_UNIT(*)
PLANE_ANGLE_UNIT()
SI_UNIT($,.RADIAN.)
);
#2919=(
NAMED_UNIT(*)
PLANE_ANGLE_UNIT()
SI_UNIT($,.RADIAN.)
);
#2920=(
NAMED_UNIT(*)
PLANE_ANGLE_UNIT()
SI_UNIT($,.RADIAN.)
);
#2921=(
NAMED_UNIT(*)
PLANE_ANGLE_UNIT()
SI_UNIT($,.RADIAN.)
);
#2922=(
LENGTH_UNIT()
NAMED_UNIT(*)
SI_UNIT($,.METRE.)
);
#2923=(
LENGTH_UNIT()
NAMED_UNIT(*)
SI_UNIT($,.METRE.)
);
#2924=(
LENGTH_UNIT()
NAMED_UNIT(*)
SI_UNIT($,.METRE.)
);
#2925=(
LENGTH_UNIT()
NAMED_UNIT(*)
SI_UNIT($,.METRE.)
);
#2926=(
LENGTH_UNIT()
NAMED_UNIT(*)
SI_UNIT($,.METRE.)
);
#2927=(
LENGTH_UNIT()
NAMED_UNIT(*)
SI_UNIT($,.METRE.)
);
#2928=PRODUCT_DEFINITION_SHAPE('','',#2934);
#2929=PRODUCT_DEFINITION_SHAPE('','',#2935);
#2930=PRODUCT_DEFINITION_SHAPE('','',#2936);
#2931=PRODUCT_DEFINITION_SHAPE('','',#2937);
#2932=PRODUCT_DEFINITION_SHAPE('','',#2938);
#2933=PRODUCT_DEFINITION_SHAPE('','',#2939);
#2934=PRODUCT_DEFINITION('','',#2946,#2940);
#2935=PRODUCT_DEFINITION('','',#2947,#2941);
#2936=PRODUCT_DEFINITION('','',#2948,#2942);
#2937=PRODUCT_DEFINITION('','',#2949,#2943);
#2938=PRODUCT_DEFINITION('','',#2950,#2944);
#2939=PRODUCT_DEFINITION('','',#2951,#2945);
#2940=PRODUCT_DEFINITION_CONTEXT('',#2982,'design');
#2941=PRODUCT_DEFINITION_CONTEXT('',#2983,'design');
#2942=PRODUCT_DEFINITION_CONTEXT('',#2984,'design');
#2943=PRODUCT_DEFINITION_CONTEXT('',#2985,'design');
#2944=PRODUCT_DEFINITION_CONTEXT('',#2986,'design');
#2945=PRODUCT_DEFINITION_CONTEXT('',#2987,'design');
#2946=PRODUCT_DEFINITION_FORMATION_WITH_SPECIFIED_SOURCE('','',#2958,
 .NOT_KNOWN.);
#2947=PRODUCT_DEFINITION_FORMATION_WITH_SPECIFIED_SOURCE('','',#2959,
 .NOT_KNOWN.);
#2948=PRODUCT_DEFINITION_FORMATION_WITH_SPECIFIED_SOURCE('','',#2960,
 .NOT_KNOWN.);
#2949=PRODUCT_DEFINITION_FORMATION_WITH_SPECIFIED_SOURCE('','',#2961,
 .NOT_KNOWN.);
#2950=PRODUCT_DEFINITION_FORMATION_WITH_SPECIFIED_SOURCE('','',#2962,
 .NOT_KNOWN.);
#2951=PRODUCT_DEFINITION_FORMATION_WITH_SPECIFIED_SOURCE('','',#2963,
 .NOT_KNOWN.);
#2952=PRODUCT_RELATED_PRODUCT_CATEGORY('','',(#2958));
#2953=PRODUCT_RELATED_PRODUCT_CATEGORY('','',(#2959));
#2954=PRODUCT_RELATED_PRODUCT_CATEGORY('','',(#2960));
#2955=PRODUCT_RELATED_PRODUCT_CATEGORY('','',(#2961));
#2956=PRODUCT_RELATED_PRODUCT_CATEGORY('','',(#2962));
#2957=PRODUCT_RELATED_PRODUCT_CATEGORY('','',(#2963));
#2958=PRODUCT('Part 1','Part 1','Part 1',(#2970));
#2959=PRODUCT('Part 3','Part 3','Part 3',(#2971));
#2960=PRODUCT('Part 6','Part 6','Part 6',(#2972));
#2961=PRODUCT('Part 5','Part 5','Part 5',(#2973));
#2962=PRODUCT('Part 2','Part 2','Part 2',(#2974));
#2963=PRODUCT('Part 4','Part 4','Part 4',(#2975));
#2964=PRODUCT_CATEGORY('','');
#2965=PRODUCT_CATEGORY('','');
#2966=PRODUCT_CATEGORY('','');
#2967=PRODUCT_CATEGORY('','');
#2968=PRODUCT_CATEGORY('','');
#2969=PRODUCT_CATEGORY('','');
#2970=PRODUCT_CONTEXT('',#2982,'mechanical');
#2971=PRODUCT_CONTEXT('',#2983,'mechanical');
#2972=PRODUCT_CONTEXT('',#2984,'mechanical');
#2973=PRODUCT_CONTEXT('',#2985,'mechanical');
#2974=PRODUCT_CONTEXT('',#2986,'mechanical');
#2975=PRODUCT_CONTEXT('',#2987,'mechanical');
#2976=APPLICATION_PROTOCOL_DEFINITION('international standard',
'ap242_managed_model_based_3d_engineering',2020,#2982);
#2977=APPLICATION_PROTOCOL_DEFINITION('international standard',
'ap242_managed_model_based_3d_engineering',2020,#2983);
#2978=APPLICATION_PROTOCOL_DEFINITION('international standard',
'ap242_managed_model_based_3d_engineering',2020,#2984);
#2979=APPLICATION_PROTOCOL_DEFINITION('international standard',
'ap242_managed_model_based_3d_engineering',2020,#2985);
#2980=APPLICATION_PROTOCOL_DEFINITION('international standard',
'ap242_managed_model_based_3d_engineering',2020,#2986);
#2981=APPLICATION_PROTOCOL_DEFINITION('international standard',
'ap242_managed_model_based_3d_engineering',2020,#2987);
#2982=APPLICATION_CONTEXT('managed model based 3d engineering');
#2983=APPLICATION_CONTEXT('managed model based 3d engineering');
#2984=APPLICATION_CONTEXT('managed model based 3d engineering');
#2985=APPLICATION_CONTEXT('managed model based 3d engineering');
#2986=APPLICATION_CONTEXT('managed model based 3d engineering');
#2987=APPLICATION_CONTEXT('managed model based 3d engineering');
ENDSEC;
END-ISO-10303-21;
