ISO-10303-21;
HEADER;
/* Generated by software containing ST-Developer
 * from STEP Tools, Inc. (www.steptools.com) 
 */
/* OPTION: using custom renumber hook */

FILE_DESCRIPTION(
/* description */ ('STEP AP242 Edition 2',
'CAx-IF Rec.Pracs.---Representation and Presentation of Product Manufa
cturing Information (PMI)---4.0---2014-10-13',
'CAx-IF Rec.Pracs.---3D Tessellated Geometry---0.4---2014-09-14','2;1',
'CAx-IF Rec.Pracs.---User Defined Attributes---1.5---2016-08-15'),
/* implementation_level */ '2;1');

FILE_NAME(
/* name */ 'drawers to dresser',
/* time_stamp */ '2026-09-07T01:31:47Z',
/* author */ (''),
/* organization */ (''),
/* preprocessor_version */ 'ST-DEVELOPER v20',
/* originating_system */ 'ONSHAPE BY PTC INC, 1.220',
/* authorisation */ '  ');

FILE_SCHEMA (('AP242_MANAGED_MODEL_BASED_3D_ENGINEERING_MIM_LF { 1 0 10303 442 3 1 4 }'));
ENDSEC;

DATA;
#10=B_SPLINE_SURFACE_WITH_KNOTS('',3,1,((#8674,#8675),(#8676,#8677),(#8678,
#8679),(#8680,#8681),(#8682,#8683)),.SURF_OF_LINEAR_EXTRUSION.,.F.,.F.,
 .F.,(4,1,4),(2,2),(0.,0.0728706360221045,0.145741272044209),(0.,1.),
 .UNSPECIFIED.);
#11=B_SPLINE_SURFACE_WITH_KNOTS('',3,1,((#8691,#8692),(#8693,#8694),(#8695,
#8696),(#8697,#8698),(#8699,#8700)),.SURF_OF_LINEAR_EXTRUSION.,.F.,.F.,
 .F.,(4,1,4),(2,2),(0.145741272044209,0.217633194307721,0.289525116571233),
(0.,1.),.UNSPECIFIED.);
#12=B_SPLINE_SURFACE_WITH_KNOTS('',3,1,((#8712,#8713),(#8714,#8715),(#8716,
#8717),(#8718,#8719),(#8720,#8721)),.SURF_OF_LINEAR_EXTRUSION.,.F.,.F.,
 .F.,(4,1,4),(2,2),(0.295633132296465,0.369144268022429,0.442655403748394),
(0.,1.),.UNSPECIFIED.);
#13=B_SPLINE_SURFACE_WITH_KNOTS('',3,1,((#8733,#8734),(#8735,#8736),(#8737,
#8738),(#8739,#8740),(#8741,#8742),(#8743,#8744),(#8745,#8746)),
 .SURF_OF_LINEAR_EXTRUSION.,.F.,.F.,.F.,(4,1,1,1,4),(2,2),(0.447120150929832,
0.484870329341096,0.522620507752359,0.560370686163623,0.598120864574886),
(0.,1.),.UNSPECIFIED.);
#14=B_SPLINE_SURFACE_WITH_KNOTS('',3,1,((#8754,#8755),(#8756,#8757),(#8758,
#8759),(#8760,#8761),(#8762,#8763),(#8764,#8765),(#8766,#8767),(#8768,#8769)),
 .SURF_OF_LINEAR_EXTRUSION.,.F.,.F.,.F.,(4,1,1,1,1,4),(2,2),(0.598120864574886,
0.644937881168468,0.668346389465258,0.691754897762049,0.738571914355631,
0.785388930949212),(0.,1.),.UNSPECIFIED.);
#15=B_SPLINE_SURFACE_WITH_KNOTS('',3,1,((#8777,#8778),(#8779,#8780),(#8781,
#8782),(#8783,#8784),(#8785,#8786),(#8787,#8788),(#8789,#8790)),
 .SURF_OF_LINEAR_EXTRUSION.,.F.,.F.,.F.,(4,1,1,1,4),(2,2),(0.447120150929832,
0.484870329341096,0.522620507752359,0.560370686163623,0.598120864574886),
(0.,1.),.UNSPECIFIED.);
#16=B_SPLINE_SURFACE_WITH_KNOTS('',3,1,((#8804,#8805),(#8806,#8807),(#8808,
#8809),(#8810,#8811),(#8812,#8813)),.SURF_OF_LINEAR_EXTRUSION.,.F.,.F.,
 .F.,(4,1,4),(2,2),(0.295633132296465,0.369144268022421,0.442655403748378),
(0.,1.),.UNSPECIFIED.);
#17=B_SPLINE_SURFACE_WITH_KNOTS('',3,1,((#8825,#8826),(#8827,#8828),(#8829,
#8830),(#8831,#8832),(#8833,#8834)),.SURF_OF_LINEAR_EXTRUSION.,.F.,.F.,
 .F.,(4,1,4),(2,2),(0.145741272044209,0.217633194307701,0.289525116571194),
(0.,1.),.UNSPECIFIED.);
#18=B_SPLINE_SURFACE_WITH_KNOTS('',3,1,((#8842,#8843),(#8844,#8845),(#8846,
#8847),(#8848,#8849),(#8850,#8851)),.SURF_OF_LINEAR_EXTRUSION.,.F.,.F.,
 .F.,(4,1,4),(2,2),(0.,0.0728706360221045,0.145741272044209),(0.,1.),
 .UNSPECIFIED.);
#19=B_SPLINE_SURFACE_WITH_KNOTS('',3,1,((#8931,#8932),(#8933,#8934),(#8935,
#8936),(#8937,#8938)),.SURF_OF_LINEAR_EXTRUSION.,.F.,.F.,.F.,(4,4),(2,2),
(0.763864161711555,0.785388930949212),(0.,1.),.PIECEWISE_BEZIER_KNOTS.);
#20=B_SPLINE_SURFACE_WITH_KNOTS('',3,1,((#8949,#8950),(#8951,#8952),(#8953,
#8954),(#8955,#8956),(#8957,#8958),(#8959,#8960)),
 .SURF_OF_LINEAR_EXTRUSION.,.F.,.F.,.F.,(4,1,1,4),(2,2),(0.598120864574886,
0.670909932818989,0.70730446694104,0.743699001063092),(0.,1.),
 .UNSPECIFIED.);
#21=B_SPLINE_SURFACE_WITH_KNOTS('',3,1,((#9205,#9206),(#9207,#9208),(#9209,
#9210),(#9211,#9212),(#9213,#9214),(#9215,#9216),(#9217,#9218),(#9219,#9220)),
 .SURF_OF_LINEAR_EXTRUSION.,.F.,.F.,.F.,(4,1,1,1,1,4),(2,2),(0.,0.0438251103439301,
0.0876502206878603,0.109562775859825,0.13147533103179,0.175300441375721),
(0.,1.),.UNSPECIFIED.);
#22=B_SPLINE_SURFACE_WITH_KNOTS('',3,1,((#9232,#9233),(#9234,#9235),(#9236,
#9237),(#9238,#9239),(#9240,#9241),(#9242,#9243),(#9244,#9245)),
 .SURF_OF_LINEAR_EXTRUSION.,.F.,.F.,.F.,(4,1,1,1,4),(2,2),(0.186081421985199,
0.232904431152791,0.279727440320382,0.326550449487973,0.373373458655564),
(0.,1.),.UNSPECIFIED.);
#23=B_SPLINE_SURFACE_WITH_KNOTS('',3,1,((#9257,#9258),(#9259,#9260),(#9261,
#9262),(#9263,#9264),(#9265,#9266)),.SURF_OF_LINEAR_EXTRUSION.,.F.,.F.,
 .F.,(4,1,4),(2,2),(0.377185250094631,0.471561951213227,0.565938652331822),
(0.,1.),.UNSPECIFIED.);
#24=B_SPLINE_SURFACE_WITH_KNOTS('',3,1,((#9278,#9279),(#9280,#9281),(#9282,
#9283),(#9284,#9285),(#9286,#9287),(#9288,#9289),(#9290,#9291)),
 .SURF_OF_LINEAR_EXTRUSION.,.F.,.F.,.F.,(4,1,1,1,4),(2,2),(0.582464985588743,
0.627412215101616,0.672359444614489,0.717306674127362,0.762253903640235),
(0.,1.),.UNSPECIFIED.);
#25=B_SPLINE_SURFACE_WITH_KNOTS('',3,1,((#9382,#9383),(#9384,#9385),(#9386,
#9387),(#9388,#9389),(#9390,#9391),(#9392,#9393),(#9394,#9395)),
 .SURF_OF_LINEAR_EXTRUSION.,.F.,.F.,.F.,(4,1,1,1,4),(2,2),(0.186081421985202,
0.232904431153096,0.27972744032099,0.326550449488884,0.373373458656778),
(0.,1.),.UNSPECIFIED.);
#26=B_SPLINE_SURFACE_WITH_KNOTS('',3,1,((#9409,#9410),(#9411,#9412),(#9413,
#9414),(#9415,#9416),(#9417,#9418),(#9419,#9420),(#9421,#9422),(#9423,#9424)),
 .SURF_OF_LINEAR_EXTRUSION.,.F.,.F.,.F.,(4,1,1,1,1,4),(2,2),(0.,0.0438251103439301,
0.0876502206878603,0.109562775859825,0.13147533103179,0.175300441375721),
(0.,1.),.UNSPECIFIED.);
#27=B_SPLINE_SURFACE_WITH_KNOTS('',3,1,((#9520,#9521),(#9522,#9523),(#9524,
#9525),(#9526,#9527),(#9528,#9529),(#9530,#9531),(#9532,#9533)),
 .SURF_OF_LINEAR_EXTRUSION.,.F.,.F.,.F.,(4,1,1,1,4),(2,2),(0.582464985588974,
0.627412215101789,0.672359444614605,0.71730667412742,0.762253903640236),
(0.,1.),.UNSPECIFIED.);
#28=B_SPLINE_SURFACE_WITH_KNOTS('',3,1,((#9545,#9546),(#9547,#9548),(#9549,
#9550),(#9551,#9552),(#9553,#9554)),.SURF_OF_LINEAR_EXTRUSION.,.F.,.F.,
 .F.,(4,1,4),(2,2),(0.377185250094631,0.471561951213227,0.565938652331822),
(0.,1.),.UNSPECIFIED.);
#29=B_SPLINE_CURVE_WITH_KNOTS('',3,(#8386,#8387,#8388,#8389,#8390),
 .UNSPECIFIED.,.F.,.F.,(4,1,4),(0.447120150929832,0.533506680760204,0.598120864574886),
 .UNSPECIFIED.);
#30=B_SPLINE_CURVE_WITH_KNOTS('',3,(#8393,#8394,#8395,#8396,#8397),
 .UNSPECIFIED.,.F.,.F.,(4,1,4),(0.598120864574886,0.67521952902958,0.743699001063092),
 .UNSPECIFIED.);
#31=B_SPLINE_CURVE_WITH_KNOTS('',3,(#8401,#8402,#8403,#8404),
 .UNSPECIFIED.,.F.,.F.,(4,4),(0.763864161711555,0.785388930949212),
 .PIECEWISE_BEZIER_KNOTS.);
#32=B_SPLINE_CURVE_WITH_KNOTS('',3,(#8442,#8443,#8444,#8445,#8446),
 .UNSPECIFIED.,.F.,.F.,(4,1,4),(0.,0.0699490439975336,0.145741272044209),
 .UNSPECIFIED.);
#33=B_SPLINE_CURVE_WITH_KNOTS('',3,(#8448,#8449,#8450,#8451,#8452),
 .UNSPECIFIED.,.F.,.F.,(4,1,4),(0.145741272044209,0.214515783475138,0.289525116571194),
 .UNSPECIFIED.);
#34=B_SPLINE_CURVE_WITH_KNOTS('',3,(#8456,#8457,#8458,#8459,#8460),
 .UNSPECIFIED.,.F.,.F.,(4,1,4),(0.295633132296465,0.375688395730922,0.442655403748378),
 .UNSPECIFIED.);
#35=B_SPLINE_CURVE_WITH_KNOTS('',3,(#8476,#8477,#8478,#8479,#8480,#8481),
 .UNSPECIFIED.,.F.,.F.,(4,1,1,4),(0.598120864574886,0.67521952902958,0.743699001063091,
0.785388930949212),.UNSPECIFIED.);
#36=B_SPLINE_CURVE_WITH_KNOTS('',3,(#8483,#8484,#8485,#8486,#8487),
 .UNSPECIFIED.,.F.,.F.,(4,1,4),(0.447120150929832,0.533506680760204,0.598120864574886),
 .UNSPECIFIED.);
#37=B_SPLINE_CURVE_WITH_KNOTS('',3,(#8491,#8492,#8493,#8494,#8495),
 .UNSPECIFIED.,.F.,.F.,(4,1,4),(0.295633132296465,0.375688395730922,0.442655403748394),
 .UNSPECIFIED.);
#38=B_SPLINE_CURVE_WITH_KNOTS('',3,(#8499,#8500,#8501,#8502,#8503),
 .UNSPECIFIED.,.F.,.F.,(4,1,4),(0.145741272044209,0.214515783475138,0.289525116571233),
 .UNSPECIFIED.);
#39=B_SPLINE_CURVE_WITH_KNOTS('',3,(#8505,#8506,#8507,#8508,#8509),
 .UNSPECIFIED.,.F.,.F.,(4,1,4),(0.,0.0699490439975336,0.145741272044209),
 .UNSPECIFIED.);
#40=B_SPLINE_CURVE_WITH_KNOTS('',3,(#8686,#8687,#8688,#8689,#8690),
 .UNSPECIFIED.,.F.,.F.,(4,1,4),(0.,0.0699490439975336,0.145741272044209),
 .UNSPECIFIED.);
#41=B_SPLINE_CURVE_WITH_KNOTS('',3,(#8703,#8704,#8705,#8706,#8707),
 .UNSPECIFIED.,.F.,.F.,(4,1,4),(0.145741272044209,0.214515783475138,0.289525116571233),
 .UNSPECIFIED.);
#42=B_SPLINE_CURVE_WITH_KNOTS('',3,(#8724,#8725,#8726,#8727,#8728),
 .UNSPECIFIED.,.F.,.F.,(4,1,4),(0.295633132296465,0.375688395730922,0.442655403748394),
 .UNSPECIFIED.);
#43=B_SPLINE_CURVE_WITH_KNOTS('',3,(#8749,#8750,#8751,#8752,#8753),
 .UNSPECIFIED.,.F.,.F.,(4,1,4),(0.447120150929832,0.533506680760204,0.598120864574886),
 .UNSPECIFIED.);
#44=B_SPLINE_CURVE_WITH_KNOTS('',3,(#8770,#8771,#8772,#8773,#8774,#8775),
 .UNSPECIFIED.,.F.,.F.,(4,1,1,4),(0.598120864574886,0.67521952902958,0.743699001063091,
0.785388930949212),.UNSPECIFIED.);
#45=B_SPLINE_CURVE_WITH_KNOTS('',3,(#8793,#8794,#8795,#8796,#8797),
 .UNSPECIFIED.,.F.,.F.,(4,1,4),(0.447120150929832,0.533506680760204,0.598120864574886),
 .UNSPECIFIED.);
#46=B_SPLINE_CURVE_WITH_KNOTS('',3,(#8816,#8817,#8818,#8819,#8820),
 .UNSPECIFIED.,.F.,.F.,(4,1,4),(0.295633132296465,0.375688395730922,0.442655403748378),
 .UNSPECIFIED.);
#47=B_SPLINE_CURVE_WITH_KNOTS('',3,(#8837,#8838,#8839,#8840,#8841),
 .UNSPECIFIED.,.F.,.F.,(4,1,4),(0.145741272044209,0.214515783475138,0.289525116571194),
 .UNSPECIFIED.);
#48=B_SPLINE_CURVE_WITH_KNOTS('',3,(#8854,#8855,#8856,#8857,#8858),
 .UNSPECIFIED.,.F.,.F.,(4,1,4),(0.,0.0699490439975336,0.145741272044209),
 .UNSPECIFIED.);
#49=B_SPLINE_CURVE_WITH_KNOTS('',3,(#8941,#8942,#8943,#8944),
 .UNSPECIFIED.,.F.,.F.,(4,4),(0.763864161711555,0.785388930949212),
 .PIECEWISE_BEZIER_KNOTS.);
#50=B_SPLINE_CURVE_WITH_KNOTS('',3,(#8961,#8962,#8963,#8964,#8965),
 .UNSPECIFIED.,.F.,.F.,(4,1,4),(0.598120864574886,0.67521952902958,0.743699001063092),
 .UNSPECIFIED.);
#51=B_SPLINE_CURVE_WITH_KNOTS('',3,(#8977,#8978,#8979,#8980,#8981),
 .UNSPECIFIED.,.F.,.F.,(4,1,4),(0.,0.0992935166064055,0.175300441375721),
 .UNSPECIFIED.);
#52=B_SPLINE_CURVE_WITH_KNOTS('',3,(#9028,#9029,#9030,#9031,#9032),
 .UNSPECIFIED.,.F.,.F.,(4,1,4),(0.582464985588743,0.666145543903333,0.762253903640235),
 .UNSPECIFIED.);
#53=B_SPLINE_CURVE_WITH_KNOTS('',3,(#9036,#9037,#9038,#9039,#9040),
 .UNSPECIFIED.,.F.,.F.,(4,1,4),(0.377185250094631,0.473190647300486,0.565938652331822),
 .UNSPECIFIED.);
#54=B_SPLINE_CURVE_WITH_KNOTS('',3,(#9044,#9045,#9046,#9047,#9048),
 .UNSPECIFIED.,.F.,.F.,(4,1,4),(0.186081421985199,0.284157871030023,0.373373458655564),
 .UNSPECIFIED.);
#55=B_SPLINE_CURVE_WITH_KNOTS('',3,(#9054,#9055,#9056,#9057,#9058),
 .UNSPECIFIED.,.F.,.F.,(4,1,4),(0.186081421985202,0.284157871030023,0.373373458656778),
 .UNSPECIFIED.);
#56=B_SPLINE_CURVE_WITH_KNOTS('',3,(#9062,#9063,#9064,#9065,#9066),
 .UNSPECIFIED.,.F.,.F.,(4,1,4),(0.377185250094631,0.473190647300486,0.565938652331822),
 .UNSPECIFIED.);
#57=B_SPLINE_CURVE_WITH_KNOTS('',3,(#9070,#9071,#9072,#9073,#9074),
 .UNSPECIFIED.,.F.,.F.,(4,1,4),(0.582464985588974,0.666145543903333,0.762253903640236),
 .UNSPECIFIED.);
#58=B_SPLINE_CURVE_WITH_KNOTS('',3,(#9120,#9121,#9122,#9123,#9124),
 .UNSPECIFIED.,.F.,.F.,(4,1,4),(0.,0.0992935166064055,0.175300441375721),
 .UNSPECIFIED.);
#59=B_SPLINE_CURVE_WITH_KNOTS('',3,(#9223,#9224,#9225,#9226,#9227),
 .UNSPECIFIED.,.F.,.F.,(4,1,4),(0.,0.0992935166064055,0.175300441375721),
 .UNSPECIFIED.);
#60=B_SPLINE_CURVE_WITH_KNOTS('',3,(#9248,#9249,#9250,#9251,#9252),
 .UNSPECIFIED.,.F.,.F.,(4,1,4),(0.186081421985199,0.284157871030023,0.373373458655564),
 .UNSPECIFIED.);
#61=B_SPLINE_CURVE_WITH_KNOTS('',3,(#9269,#9270,#9271,#9272,#9273),
 .UNSPECIFIED.,.F.,.F.,(4,1,4),(0.377185250094631,0.473190647300486,0.565938652331822),
 .UNSPECIFIED.);
#62=B_SPLINE_CURVE_WITH_KNOTS('',3,(#9294,#9295,#9296,#9297,#9298),
 .UNSPECIFIED.,.F.,.F.,(4,1,4),(0.582464985588743,0.666145543903333,0.762253903640235),
 .UNSPECIFIED.);
#63=B_SPLINE_CURVE_WITH_KNOTS('',3,(#9398,#9399,#9400,#9401,#9402),
 .UNSPECIFIED.,.F.,.F.,(4,1,4),(0.186081421985202,0.284157871030023,0.373373458656778),
 .UNSPECIFIED.);
#64=B_SPLINE_CURVE_WITH_KNOTS('',3,(#9427,#9428,#9429,#9430,#9431),
 .UNSPECIFIED.,.F.,.F.,(4,1,4),(0.,0.0992935166064055,0.175300441375721),
 .UNSPECIFIED.);
#65=B_SPLINE_CURVE_WITH_KNOTS('',3,(#9536,#9537,#9538,#9539,#9540),
 .UNSPECIFIED.,.F.,.F.,(4,1,4),(0.582464985588974,0.666145543903333,0.762253903640236),
 .UNSPECIFIED.);
#66=B_SPLINE_CURVE_WITH_KNOTS('',3,(#9557,#9558,#9559,#9560,#9561),
 .UNSPECIFIED.,.F.,.F.,(4,1,4),(0.377185250094631,0.473190647300486,0.565938652331822),
 .UNSPECIFIED.);
#67=SHAPE_REPRESENTATION_RELATIONSHIP('','',#5504,#71);
#68=SHAPE_REPRESENTATION_RELATIONSHIP('','',#5505,#72);
#69=SHAPE_REPRESENTATION_RELATIONSHIP('','',#5506,#73);
#70=SHAPE_REPRESENTATION_RELATIONSHIP('','',#5507,#74);
#71=ADVANCED_BREP_SHAPE_REPRESENTATION('',(#5496),#10027);
#72=ADVANCED_BREP_SHAPE_REPRESENTATION('',(#5497),#10028);
#73=ADVANCED_BREP_SHAPE_REPRESENTATION('',(#5498),#10029);
#74=ADVANCED_BREP_SHAPE_REPRESENTATION('',(#5499),#10030);
#75=ELLIPSE('',#5577,0.00170710678118655,0.00120710678118655);
#76=ELLIPSE('',#5578,0.00170710678118655,0.00120710678118655);
#77=ELLIPSE('',#5580,0.00170710678118655,0.00120710678118655);
#78=ELLIPSE('',#5582,0.00170710678118655,0.00120710678118655);
#79=ELLIPSE('',#5890,0.00204852813742386,0.00144852813742386);
#80=ELLIPSE('',#5891,0.00204852813742386,0.00144852813742386);
#81=ELLIPSE('',#5893,0.00204852813742386,0.00144852813742386);
#82=ELLIPSE('',#5895,0.00204852813742386,0.00144852813742386);
#83=ELLIPSE('',#6078,0.00136568542494924,0.000965685424949238);
#84=ELLIPSE('',#6079,0.00136568542494924,0.000965685424949238);
#85=ELLIPSE('',#6081,0.00136568542494924,0.000965685424949238);
#86=ELLIPSE('',#6083,0.00136568542494924,0.000965685424949238);
#87=CYLINDRICAL_SURFACE('',#5576,0.00120710678118655);
#88=CYLINDRICAL_SURFACE('',#5579,0.00120710678118655);
#89=CYLINDRICAL_SURFACE('',#5581,0.00120710678118655);
#90=CYLINDRICAL_SURFACE('',#5583,0.00120710678118655);
#91=CYLINDRICAL_SURFACE('',#5584,0.00802659744888153);
#92=CYLINDRICAL_SURFACE('',#5586,0.00213428450992885);
#93=CYLINDRICAL_SURFACE('',#5588,0.00224543393880101);
#94=CYLINDRICAL_SURFACE('',#5590,0.000289970241748948);
#95=CYLINDRICAL_SURFACE('',#5592,0.000285994133897414);
#96=CYLINDRICAL_SURFACE('',#5594,0.000674207105997133);
#97=CYLINDRICAL_SURFACE('',#5596,0.00627861284024146);
#98=CYLINDRICAL_SURFACE('',#5598,0.000797080636074638);
#99=CYLINDRICAL_SURFACE('',#5600,0.00319217808100476);
#100=CYLINDRICAL_SURFACE('',#5602,0.00383423802698959);
#101=CYLINDRICAL_SURFACE('',#5604,0.00346563724115234);
#102=CYLINDRICAL_SURFACE('',#5606,0.0013700244620368);
#103=CYLINDRICAL_SURFACE('',#5608,0.000667215217018042);
#104=CYLINDRICAL_SURFACE('',#5610,0.000491667479107175);
#105=CYLINDRICAL_SURFACE('',#5612,0.000674998805954432);
#106=CYLINDRICAL_SURFACE('',#5614,0.000198746688899047);
#107=CYLINDRICAL_SURFACE('',#5616,0.000300726433605721);
#108=CYLINDRICAL_SURFACE('',#5618,0.000464412576511479);
#109=CYLINDRICAL_SURFACE('',#5620,0.00395370068073409);
#110=CYLINDRICAL_SURFACE('',#5622,0.000974188252112126);
#111=CYLINDRICAL_SURFACE('',#5624,0.000798636512469189);
#112=CYLINDRICAL_SURFACE('',#5626,0.0371559944272396);
#113=CYLINDRICAL_SURFACE('',#5628,0.0014641908208895);
#114=CYLINDRICAL_SURFACE('',#5630,0.00163520856206906);
#115=CYLINDRICAL_SURFACE('',#5632,0.00410831810878096);
#116=CYLINDRICAL_SURFACE('',#5635,0.00346563724115229);
#117=CYLINDRICAL_SURFACE('',#5637,0.00383423802698966);
#118=CYLINDRICAL_SURFACE('',#5639,0.00319217808100484);
#119=CYLINDRICAL_SURFACE('',#5641,0.00079708063607463);
#120=CYLINDRICAL_SURFACE('',#5643,0.00627861284024904);
#121=CYLINDRICAL_SURFACE('',#5645,0.00067420710599711);
#122=CYLINDRICAL_SURFACE('',#5647,0.000285994133897427);
#123=CYLINDRICAL_SURFACE('',#5649,0.000289970241748948);
#124=CYLINDRICAL_SURFACE('',#5651,0.00224543393880102);
#125=CYLINDRICAL_SURFACE('',#5653,0.00213428450992884);
#126=CYLINDRICAL_SURFACE('',#5655,0.0080265974488818);
#127=CYLINDRICAL_SURFACE('',#5657,0.00410831810878096);
#128=CYLINDRICAL_SURFACE('',#5659,0.00163520856206903);
#129=CYLINDRICAL_SURFACE('',#5661,0.00146419082088945);
#130=CYLINDRICAL_SURFACE('',#5663,0.03715599442724);
#131=CYLINDRICAL_SURFACE('',#5665,0.000798636512469192);
#132=CYLINDRICAL_SURFACE('',#5667,0.000974188252112159);
#133=CYLINDRICAL_SURFACE('',#5669,0.00395370068073427);
#134=CYLINDRICAL_SURFACE('',#5671,0.00046441257651145);
#135=CYLINDRICAL_SURFACE('',#5673,0.000300726433605722);
#136=CYLINDRICAL_SURFACE('',#5675,0.000198746688899042);
#137=CYLINDRICAL_SURFACE('',#5677,0.000674998805954404);
#138=CYLINDRICAL_SURFACE('',#5679,0.000491667479107174);
#139=CYLINDRICAL_SURFACE('',#5681,0.000667215217018079);
#140=CYLINDRICAL_SURFACE('',#5683,0.00137002446203681);
#141=CYLINDRICAL_SURFACE('',#5742,0.00875674976996792);
#142=CYLINDRICAL_SURFACE('',#5744,0.00279972453860804);
#143=CYLINDRICAL_SURFACE('',#5746,0.000843819474063552);
#144=CYLINDRICAL_SURFACE('',#5748,0.000496010211997529);
#145=CYLINDRICAL_SURFACE('',#5750,0.000418909680332425);
#146=CYLINDRICAL_SURFACE('',#5752,0.000778595363830563);
#147=CYLINDRICAL_SURFACE('',#5754,0.00796640739836358);
#148=CYLINDRICAL_SURFACE('',#5756,0.0087567497699635);
#149=CYLINDRICAL_SURFACE('',#5758,0.0041634656357108);
#150=CYLINDRICAL_SURFACE('',#5760,0.0642806571447846);
#151=CYLINDRICAL_SURFACE('',#5762,0.00707517294632456);
#152=CYLINDRICAL_SURFACE('',#5764,0.00090949459166321);
#153=CYLINDRICAL_SURFACE('',#5766,0.00055480246248933);
#154=CYLINDRICAL_SURFACE('',#5768,0.000674346056344925);
#155=CYLINDRICAL_SURFACE('',#5770,0.000558968644428138);
#156=CYLINDRICAL_SURFACE('',#5772,0.00259587612880027);
#157=CYLINDRICAL_SURFACE('',#5774,0.0642806571451004);
#158=CYLINDRICAL_SURFACE('',#5776,0.00599198211442019);
#159=CYLINDRICAL_SURFACE('',#5778,0.00599198211456866);
#160=CYLINDRICAL_SURFACE('',#5781,0.00599198211413969);
#161=CYLINDRICAL_SURFACE('',#5783,0.00599198211444961);
#162=CYLINDRICAL_SURFACE('',#5785,0.0642806571449368);
#163=CYLINDRICAL_SURFACE('',#5787,0.00259587612880034);
#164=CYLINDRICAL_SURFACE('',#5789,0.000558968644428129);
#165=CYLINDRICAL_SURFACE('',#5791,0.000674346056344924);
#166=CYLINDRICAL_SURFACE('',#5793,0.000554802462489326);
#167=CYLINDRICAL_SURFACE('',#5795,0.00090949459166313);
#168=CYLINDRICAL_SURFACE('',#5797,0.00707517294632454);
#169=CYLINDRICAL_SURFACE('',#5799,0.0642806571450579);
#170=CYLINDRICAL_SURFACE('',#5801,0.00416346563571084);
#171=CYLINDRICAL_SURFACE('',#5803,0.00875674976996707);
#172=CYLINDRICAL_SURFACE('',#5805,0.00796640739836352);
#173=CYLINDRICAL_SURFACE('',#5807,0.000778595363830566);
#174=CYLINDRICAL_SURFACE('',#5809,0.000418909680332424);
#175=CYLINDRICAL_SURFACE('',#5811,0.000496010211997528);
#176=CYLINDRICAL_SURFACE('',#5813,0.000843819474063598);
#177=CYLINDRICAL_SURFACE('',#5815,0.00279972453860812);
#178=CYLINDRICAL_SURFACE('',#5817,0.00875674976996667);
#179=CYLINDRICAL_SURFACE('',#5820,0.00641080792778604);
#180=CYLINDRICAL_SURFACE('',#5889,0.00144852813742386);
#181=CYLINDRICAL_SURFACE('',#5892,0.00144852813742386);
#182=CYLINDRICAL_SURFACE('',#5894,0.00144852813742386);
#183=CYLINDRICAL_SURFACE('',#5896,0.00144852813742386);
#184=CYLINDRICAL_SURFACE('',#5897,0.00524353888382181);
#185=CYLINDRICAL_SURFACE('',#5899,0.0104965573591422);
#186=CYLINDRICAL_SURFACE('',#5901,0.0104965573577465);
#187=CYLINDRICAL_SURFACE('',#5903,0.0104965573590221);
#188=CYLINDRICAL_SURFACE('',#5905,0.00409706818430689);
#189=CYLINDRICAL_SURFACE('',#5907,0.00248022352906249);
#190=CYLINDRICAL_SURFACE('',#5909,0.00436336660505745);
#191=CYLINDRICAL_SURFACE('',#5911,0.00134330962191268);
#192=CYLINDRICAL_SURFACE('',#5913,0.000625594566938251);
#193=CYLINDRICAL_SURFACE('',#5915,0.000549108813484679);
#194=CYLINDRICAL_SURFACE('',#5917,0.00663026496067938);
#195=CYLINDRICAL_SURFACE('',#5919,0.00197329566846382);
#196=CYLINDRICAL_SURFACE('',#5921,0.0103426055057089);
#197=CYLINDRICAL_SURFACE('',#5923,0.00746104629379351);
#198=CYLINDRICAL_SURFACE('',#5925,0.0111397151531245);
#199=CYLINDRICAL_SURFACE('',#5927,0.0151247937728211);
#200=CYLINDRICAL_SURFACE('',#5929,0.0129477517352453);
#201=CYLINDRICAL_SURFACE('',#5931,0.00449716133202535);
#202=CYLINDRICAL_SURFACE('',#5933,0.00299582275325819);
#203=CYLINDRICAL_SURFACE('',#5935,0.00453673381577177);
#204=CYLINDRICAL_SURFACE('',#5937,0.000825642416439697);
#205=CYLINDRICAL_SURFACE('',#5939,0.00072584350169848);
#206=CYLINDRICAL_SURFACE('',#5941,0.00138623478980112);
#207=CYLINDRICAL_SURFACE('',#5943,0.0160062863733711);
#208=CYLINDRICAL_SURFACE('',#5945,0.00323779787507836);
#209=CYLINDRICAL_SURFACE('',#5948,0.0104965573589444);
#210=CYLINDRICAL_SURFACE('',#5950,0.00524353888382185);
#211=CYLINDRICAL_SURFACE('',#5952,0.00323779787507838);
#212=CYLINDRICAL_SURFACE('',#5954,0.0160062863733713);
#213=CYLINDRICAL_SURFACE('',#5956,0.00138623478980112);
#214=CYLINDRICAL_SURFACE('',#5958,0.000725843501698459);
#215=CYLINDRICAL_SURFACE('',#5960,0.0008256424164397);
#216=CYLINDRICAL_SURFACE('',#5962,0.0045367338157718);
#217=CYLINDRICAL_SURFACE('',#5964,0.0029958227532582);
#218=CYLINDRICAL_SURFACE('',#5966,0.00449716133202538);
#219=CYLINDRICAL_SURFACE('',#5968,0.0129477517352446);
#220=CYLINDRICAL_SURFACE('',#5970,0.0151247937728211);
#221=CYLINDRICAL_SURFACE('',#5972,0.0111397151531244);
#222=CYLINDRICAL_SURFACE('',#5974,0.0074610462937934);
#223=CYLINDRICAL_SURFACE('',#5976,0.0103426055057089);
#224=CYLINDRICAL_SURFACE('',#5978,0.00197329566846382);
#225=CYLINDRICAL_SURFACE('',#5980,0.00663026496067883);
#226=CYLINDRICAL_SURFACE('',#5982,0.00054910881348467);
#227=CYLINDRICAL_SURFACE('',#5984,0.000625594566938259);
#228=CYLINDRICAL_SURFACE('',#5986,0.00134330962191268);
#229=CYLINDRICAL_SURFACE('',#5988,0.00436336660505727);
#230=CYLINDRICAL_SURFACE('',#5990,0.0024802235290625);
#231=CYLINDRICAL_SURFACE('',#5992,0.00409706818430684);
#232=CYLINDRICAL_SURFACE('',#5994,0.0104965573590988);
#233=CYLINDRICAL_SURFACE('',#5996,0.0104965573570432);
#234=CYLINDRICAL_SURFACE('',#6077,0.000965685424949238);
#235=CYLINDRICAL_SURFACE('',#6080,0.000965685424949238);
#236=CYLINDRICAL_SURFACE('',#6082,0.000965685424949238);
#237=CYLINDRICAL_SURFACE('',#6084,0.000965685424949238);
#238=CYLINDRICAL_SURFACE('',#6085,0.000372146968072717);
#239=CYLINDRICAL_SURFACE('',#6087,0.000432887345684902);
#240=CYLINDRICAL_SURFACE('',#6089,0.00114956296029595);
#241=CYLINDRICAL_SURFACE('',#6091,0.000604703652626023);
#242=CYLINDRICAL_SURFACE('',#6093,0.0013655522808082);
#243=CYLINDRICAL_SURFACE('',#6095,0.000431814626888524);
#244=CYLINDRICAL_SURFACE('',#6097,0.00290120478534842);
#245=CYLINDRICAL_SURFACE('',#6099,0.0011770994456545);
#246=CYLINDRICAL_SURFACE('',#6101,0.000477043794752639);
#247=CYLINDRICAL_SURFACE('',#6103,0.00114023150222911);
#248=CYLINDRICAL_SURFACE('',#6105,0.000422844036800521);
#249=CYLINDRICAL_SURFACE('',#6107,0.000400760489173536);
#250=CYLINDRICAL_SURFACE('',#6109,0.000627789759347423);
#251=CYLINDRICAL_SURFACE('',#6111,0.000580591699051579);
#252=CYLINDRICAL_SURFACE('',#6113,0.000802370170629246);
#253=CYLINDRICAL_SURFACE('',#6115,0.00149308869751423);
#254=CYLINDRICAL_SURFACE('',#6117,0.000931419030461943);
#255=CYLINDRICAL_SURFACE('',#6119,0.000438123987817614);
#256=CYLINDRICAL_SURFACE('',#6121,0.00137953180873835);
#257=CYLINDRICAL_SURFACE('',#6123,0.000327353837957721);
#258=CYLINDRICAL_SURFACE('',#6125,0.000589959992349179);
#259=CYLINDRICAL_SURFACE('',#6127,0.00346014442699804);
#260=CYLINDRICAL_SURFACE('',#6129,0.0019191433580303);
#261=CYLINDRICAL_SURFACE('',#6131,0.000569264156100553);
#262=CYLINDRICAL_SURFACE('',#6133,0.00127586846638681);
#263=CYLINDRICAL_SURFACE('',#6135,0.0015213283119627);
#264=CYLINDRICAL_SURFACE('',#6137,0.000430860905837113);
#265=CYLINDRICAL_SURFACE('',#6139,0.00101937600398276);
#266=CYLINDRICAL_SURFACE('',#6141,0.000227255992497189);
#267=CYLINDRICAL_SURFACE('',#6143,0.000481653948831341);
#268=CYLINDRICAL_SURFACE('',#6145,0.000667184483955417);
#269=CYLINDRICAL_SURFACE('',#6148,0.00127586846638677);
#270=CYLINDRICAL_SURFACE('',#6150,0.000569264156100564);
#271=CYLINDRICAL_SURFACE('',#6152,0.00191914335803015);
#272=CYLINDRICAL_SURFACE('',#6154,0.00346014442699931);
#273=CYLINDRICAL_SURFACE('',#6156,0.000589959992349199);
#274=CYLINDRICAL_SURFACE('',#6158,0.000327353837957721);
#275=CYLINDRICAL_SURFACE('',#6160,0.00137953180873848);
#276=CYLINDRICAL_SURFACE('',#6162,0.000438123987817605);
#277=CYLINDRICAL_SURFACE('',#6164,0.000931419030461865);
#278=CYLINDRICAL_SURFACE('',#6166,0.00149308869751423);
#279=CYLINDRICAL_SURFACE('',#6168,0.000802370170629288);
#280=CYLINDRICAL_SURFACE('',#6170,0.000580591699051564);
#281=CYLINDRICAL_SURFACE('',#6172,0.000627789759347429);
#282=CYLINDRICAL_SURFACE('',#6174,0.000400760489173536);
#283=CYLINDRICAL_SURFACE('',#6176,0.000422844036800519);
#284=CYLINDRICAL_SURFACE('',#6178,0.00114023150222924);
#285=CYLINDRICAL_SURFACE('',#6180,0.000477043794752631);
#286=CYLINDRICAL_SURFACE('',#6182,0.00117709944565453);
#287=CYLINDRICAL_SURFACE('',#6184,0.00290120478534864);
#288=CYLINDRICAL_SURFACE('',#6186,0.000431814626888556);
#289=CYLINDRICAL_SURFACE('',#6188,0.00136555228080827);
#290=CYLINDRICAL_SURFACE('',#6190,0.000604703652626012);
#291=CYLINDRICAL_SURFACE('',#6192,0.00114956296029596);
#292=CYLINDRICAL_SURFACE('',#6194,0.000432887345684976);
#293=CYLINDRICAL_SURFACE('',#6196,0.000372146968072672);
#294=CYLINDRICAL_SURFACE('',#6198,0.000667184483955366);
#295=CYLINDRICAL_SURFACE('',#6200,0.00187332438983546);
#296=CYLINDRICAL_SURFACE('',#6202,0.000227255992497197);
#297=CYLINDRICAL_SURFACE('',#6204,0.0010193760039827);
#298=CYLINDRICAL_SURFACE('',#6206,0.000430860905837103);
#299=CYLINDRICAL_SURFACE('',#6208,0.00152132831196278);
#300=LINE('',#8040,#671);
#301=LINE('',#8043,#672);
#302=LINE('',#8045,#673);
#303=LINE('',#8047,#674);
#304=LINE('',#8099,#675);
#305=LINE('',#8102,#676);
#306=LINE('',#8104,#677);
#307=LINE('',#8106,#678);
#308=LINE('',#8108,#679);
#309=LINE('',#8109,#680);
#310=LINE('',#8112,#681);
#311=LINE('',#8114,#682);
#312=LINE('',#8116,#683);
#313=LINE('',#8118,#684);
#314=LINE('',#8120,#685);
#315=LINE('',#8122,#686);
#316=LINE('',#8124,#687);
#317=LINE('',#8127,#688);
#318=LINE('',#8129,#689);
#319=LINE('',#8131,#690);
#320=LINE('',#8132,#691);
#321=LINE('',#8134,#692);
#322=LINE('',#8135,#693);
#323=LINE('',#8137,#694);
#324=LINE('',#8140,#695);
#325=LINE('',#8142,#696);
#326=LINE('',#8144,#697);
#327=LINE('',#8146,#698);
#328=LINE('',#8148,#699);
#329=LINE('',#8150,#700);
#330=LINE('',#8152,#701);
#331=LINE('',#8154,#702);
#332=LINE('',#8157,#703);
#333=LINE('',#8159,#704);
#334=LINE('',#8161,#705);
#335=LINE('',#8163,#706);
#336=LINE('',#8165,#707);
#337=LINE('',#8167,#708);
#338=LINE('',#8169,#709);
#339=LINE('',#8171,#710);
#340=LINE('',#8173,#711);
#341=LINE('',#8183,#712);
#342=LINE('',#8187,#713);
#343=LINE('',#8189,#714);
#344=LINE('',#8193,#715);
#345=LINE('',#8197,#716);
#346=LINE('',#8201,#717);
#347=LINE('',#8205,#718);
#348=LINE('',#8209,#719);
#349=LINE('',#8213,#720);
#350=LINE('',#8217,#721);
#351=LINE('',#8221,#722);
#352=LINE('',#8225,#723);
#353=LINE('',#8229,#724);
#354=LINE('',#8233,#725);
#355=LINE('',#8237,#726);
#356=LINE('',#8241,#727);
#357=LINE('',#8245,#728);
#358=LINE('',#8249,#729);
#359=LINE('',#8253,#730);
#360=LINE('',#8257,#731);
#361=LINE('',#8261,#732);
#362=LINE('',#8265,#733);
#363=LINE('',#8269,#734);
#364=LINE('',#8273,#735);
#365=LINE('',#8277,#736);
#366=LINE('',#8284,#737);
#367=LINE('',#8288,#738);
#368=LINE('',#8290,#739);
#369=LINE('',#8294,#740);
#370=LINE('',#8298,#741);
#371=LINE('',#8302,#742);
#372=LINE('',#8306,#743);
#373=LINE('',#8310,#744);
#374=LINE('',#8314,#745);
#375=LINE('',#8318,#746);
#376=LINE('',#8322,#747);
#377=LINE('',#8326,#748);
#378=LINE('',#8330,#749);
#379=LINE('',#8334,#750);
#380=LINE('',#8338,#751);
#381=LINE('',#8342,#752);
#382=LINE('',#8346,#753);
#383=LINE('',#8350,#754);
#384=LINE('',#8354,#755);
#385=LINE('',#8358,#756);
#386=LINE('',#8362,#757);
#387=LINE('',#8366,#758);
#388=LINE('',#8370,#759);
#389=LINE('',#8374,#760);
#390=LINE('',#8378,#761);
#391=LINE('',#8406,#762);
#392=LINE('',#8463,#763);
#393=LINE('',#8466,#764);
#394=LINE('',#8468,#765);
#395=LINE('',#8470,#766);
#396=LINE('',#8474,#767);
#397=LINE('',#8543,#768);
#398=LINE('',#8546,#769);
#399=LINE('',#8548,#770);
#400=LINE('',#8550,#771);
#401=LINE('',#8551,#772);
#402=LINE('',#8554,#773);
#403=LINE('',#8556,#774);
#404=LINE('',#8558,#775);
#405=LINE('',#8560,#776);
#406=LINE('',#8563,#777);
#407=LINE('',#8564,#778);
#408=LINE('',#8566,#779);
#409=LINE('',#8569,#780);
#410=LINE('',#8570,#781);
#411=LINE('',#8572,#782);
#412=LINE('',#8573,#783);
#413=LINE('',#8576,#784);
#414=LINE('',#8578,#785);
#415=LINE('',#8580,#786);
#416=LINE('',#8582,#787);
#417=LINE('',#8584,#788);
#418=LINE('',#8586,#789);
#419=LINE('',#8588,#790);
#420=LINE('',#8590,#791);
#421=LINE('',#8593,#792);
#422=LINE('',#8594,#793);
#423=LINE('',#8596,#794);
#424=LINE('',#8598,#795);
#425=LINE('',#8601,#796);
#426=LINE('',#8603,#797);
#427=LINE('',#8605,#798);
#428=LINE('',#8607,#799);
#429=LINE('',#8611,#800);
#430=LINE('',#8615,#801);
#431=LINE('',#8619,#802);
#432=LINE('',#8623,#803);
#433=LINE('',#8627,#804);
#434=LINE('',#8631,#805);
#435=LINE('',#8635,#806);
#436=LINE('',#8639,#807);
#437=LINE('',#8643,#808);
#438=LINE('',#8647,#809);
#439=LINE('',#8651,#810);
#440=LINE('',#8655,#811);
#441=LINE('',#8659,#812);
#442=LINE('',#8663,#813);
#443=LINE('',#8667,#814);
#444=LINE('',#8671,#815);
#445=LINE('',#8684,#816);
#446=LINE('',#8701,#817);
#447=LINE('',#8709,#818);
#448=LINE('',#8722,#819);
#449=LINE('',#8730,#820);
#450=LINE('',#8747,#821);
#451=LINE('',#8791,#822);
#452=LINE('',#8799,#823);
#453=LINE('',#8801,#824);
#454=LINE('',#8814,#825);
#455=LINE('',#8822,#826);
#456=LINE('',#8835,#827);
#457=LINE('',#8852,#828);
#458=LINE('',#8860,#829);
#459=LINE('',#8864,#830);
#460=LINE('',#8868,#831);
#461=LINE('',#8872,#832);
#462=LINE('',#8876,#833);
#463=LINE('',#8880,#834);
#464=LINE('',#8884,#835);
#465=LINE('',#8888,#836);
#466=LINE('',#8892,#837);
#467=LINE('',#8896,#838);
#468=LINE('',#8900,#839);
#469=LINE('',#8904,#840);
#470=LINE('',#8908,#841);
#471=LINE('',#8912,#842);
#472=LINE('',#8916,#843);
#473=LINE('',#8920,#844);
#474=LINE('',#8924,#845);
#475=LINE('',#8928,#846);
#476=LINE('',#8930,#847);
#477=LINE('',#8939,#848);
#478=LINE('',#8946,#849);
#479=LINE('',#8969,#850);
#480=LINE('',#8972,#851);
#481=LINE('',#8974,#852);
#482=LINE('',#8976,#853);
#483=LINE('',#9126,#854);
#484=LINE('',#9129,#855);
#485=LINE('',#9131,#856);
#486=LINE('',#9133,#857);
#487=LINE('',#9134,#858);
#488=LINE('',#9137,#859);
#489=LINE('',#9139,#860);
#490=LINE('',#9141,#861);
#491=LINE('',#9143,#862);
#492=LINE('',#9146,#863);
#493=LINE('',#9147,#864);
#494=LINE('',#9149,#865);
#495=LINE('',#9152,#866);
#496=LINE('',#9153,#867);
#497=LINE('',#9155,#868);
#498=LINE('',#9156,#869);
#499=LINE('',#9159,#870);
#500=LINE('',#9161,#871);
#501=LINE('',#9163,#872);
#502=LINE('',#9165,#873);
#503=LINE('',#9167,#874);
#504=LINE('',#9169,#875);
#505=LINE('',#9171,#876);
#506=LINE('',#9173,#877);
#507=LINE('',#9175,#878);
#508=LINE('',#9177,#879);
#509=LINE('',#9179,#880);
#510=LINE('',#9181,#881);
#511=LINE('',#9183,#882);
#512=LINE('',#9185,#883);
#513=LINE('',#9187,#884);
#514=LINE('',#9189,#885);
#515=LINE('',#9200,#886);
#516=LINE('',#9204,#887);
#517=LINE('',#9221,#888);
#518=LINE('',#9229,#889);
#519=LINE('',#9246,#890);
#520=LINE('',#9254,#891);
#521=LINE('',#9267,#892);
#522=LINE('',#9275,#893);
#523=LINE('',#9292,#894);
#524=LINE('',#9300,#895);
#525=LINE('',#9304,#896);
#526=LINE('',#9308,#897);
#527=LINE('',#9312,#898);
#528=LINE('',#9316,#899);
#529=LINE('',#9320,#900);
#530=LINE('',#9324,#901);
#531=LINE('',#9328,#902);
#532=LINE('',#9332,#903);
#533=LINE('',#9336,#904);
#534=LINE('',#9340,#905);
#535=LINE('',#9344,#906);
#536=LINE('',#9348,#907);
#537=LINE('',#9352,#908);
#538=LINE('',#9356,#909);
#539=LINE('',#9360,#910);
#540=LINE('',#9364,#911);
#541=LINE('',#9368,#912);
#542=LINE('',#9372,#913);
#543=LINE('',#9376,#914);
#544=LINE('',#9396,#915);
#545=LINE('',#9404,#916);
#546=LINE('',#9406,#917);
#547=LINE('',#9425,#918);
#548=LINE('',#9433,#919);
#549=LINE('',#9437,#920);
#550=LINE('',#9441,#921);
#551=LINE('',#9445,#922);
#552=LINE('',#9449,#923);
#553=LINE('',#9453,#924);
#554=LINE('',#9457,#925);
#555=LINE('',#9461,#926);
#556=LINE('',#9465,#927);
#557=LINE('',#9469,#928);
#558=LINE('',#9473,#929);
#559=LINE('',#9477,#930);
#560=LINE('',#9481,#931);
#561=LINE('',#9485,#932);
#562=LINE('',#9489,#933);
#563=LINE('',#9493,#934);
#564=LINE('',#9497,#935);
#565=LINE('',#9501,#936);
#566=LINE('',#9505,#937);
#567=LINE('',#9509,#938);
#568=LINE('',#9513,#939);
#569=LINE('',#9517,#940);
#570=LINE('',#9534,#941);
#571=LINE('',#9542,#942);
#572=LINE('',#9555,#943);
#573=LINE('',#9629,#944);
#574=LINE('',#9632,#945);
#575=LINE('',#9634,#946);
#576=LINE('',#9636,#947);
#577=LINE('',#9700,#948);
#578=LINE('',#9703,#949);
#579=LINE('',#9705,#950);
#580=LINE('',#9707,#951);
#581=LINE('',#9709,#952);
#582=LINE('',#9712,#953);
#583=LINE('',#9713,#954);
#584=LINE('',#9715,#955);
#585=LINE('',#9718,#956);
#586=LINE('',#9719,#957);
#587=LINE('',#9721,#958);
#588=LINE('',#9724,#959);
#589=LINE('',#9726,#960);
#590=LINE('',#9728,#961);
#591=LINE('',#9729,#962);
#592=LINE('',#9730,#963);
#593=LINE('',#9733,#964);
#594=LINE('',#9735,#965);
#595=LINE('',#9737,#966);
#596=LINE('',#9739,#967);
#597=LINE('',#9741,#968);
#598=LINE('',#9743,#969);
#599=LINE('',#9745,#970);
#600=LINE('',#9747,#971);
#601=LINE('',#9750,#972);
#602=LINE('',#9752,#973);
#603=LINE('',#9754,#974);
#604=LINE('',#9756,#975);
#605=LINE('',#9758,#976);
#606=LINE('',#9760,#977);
#607=LINE('',#9762,#978);
#608=LINE('',#9764,#979);
#609=LINE('',#9774,#980);
#610=LINE('',#9778,#981);
#611=LINE('',#9780,#982);
#612=LINE('',#9784,#983);
#613=LINE('',#9788,#984);
#614=LINE('',#9792,#985);
#615=LINE('',#9796,#986);
#616=LINE('',#9800,#987);
#617=LINE('',#9804,#988);
#618=LINE('',#9808,#989);
#619=LINE('',#9812,#990);
#620=LINE('',#9816,#991);
#621=LINE('',#9820,#992);
#622=LINE('',#9824,#993);
#623=LINE('',#9828,#994);
#624=LINE('',#9832,#995);
#625=LINE('',#9836,#996);
#626=LINE('',#9840,#997);
#627=LINE('',#9844,#998);
#628=LINE('',#9848,#999);
#629=LINE('',#9852,#1000);
#630=LINE('',#9856,#1001);
#631=LINE('',#9860,#1002);
#632=LINE('',#9864,#1003);
#633=LINE('',#9868,#1004);
#634=LINE('',#9872,#1005);
#635=LINE('',#9876,#1006);
#636=LINE('',#9880,#1007);
#637=LINE('',#9884,#1008);
#638=LINE('',#9888,#1009);
#639=LINE('',#9892,#1010);
#640=LINE('',#9899,#1011);
#641=LINE('',#9903,#1012);
#642=LINE('',#9905,#1013);
#643=LINE('',#9909,#1014);
#644=LINE('',#9913,#1015);
#645=LINE('',#9917,#1016);
#646=LINE('',#9921,#1017);
#647=LINE('',#9925,#1018);
#648=LINE('',#9929,#1019);
#649=LINE('',#9933,#1020);
#650=LINE('',#9937,#1021);
#651=LINE('',#9941,#1022);
#652=LINE('',#9945,#1023);
#653=LINE('',#9949,#1024);
#654=LINE('',#9953,#1025);
#655=LINE('',#9957,#1026);
#656=LINE('',#9961,#1027);
#657=LINE('',#9965,#1028);
#658=LINE('',#9969,#1029);
#659=LINE('',#9973,#1030);
#660=LINE('',#9977,#1031);
#661=LINE('',#9981,#1032);
#662=LINE('',#9985,#1033);
#663=LINE('',#9989,#1034);
#664=LINE('',#9993,#1035);
#665=LINE('',#9997,#1036);
#666=LINE('',#10001,#1037);
#667=LINE('',#10005,#1038);
#668=LINE('',#10009,#1039);
#669=LINE('',#10013,#1040);
#670=LINE('',#10017,#1041);
#671=VECTOR('',#6265,1.);
#672=VECTOR('',#6266,1.);
#673=VECTOR('',#6267,1.);
#674=VECTOR('',#6268,1.);
#675=VECTOR('',#6321,1.);
#676=VECTOR('',#6322,1.);
#677=VECTOR('',#6323,1.);
#678=VECTOR('',#6324,1.);
#679=VECTOR('',#6325,1.);
#680=VECTOR('',#6326,1.);
#681=VECTOR('',#6327,1.);
#682=VECTOR('',#6328,1.);
#683=VECTOR('',#6329,1.);
#684=VECTOR('',#6332,1.);
#685=VECTOR('',#6333,1.);
#686=VECTOR('',#6334,1.);
#687=VECTOR('',#6337,1.);
#688=VECTOR('',#6338,1.);
#689=VECTOR('',#6339,1.);
#690=VECTOR('',#6340,1.);
#691=VECTOR('',#6341,1.);
#692=VECTOR('',#6344,1.);
#693=VECTOR('',#6345,1.);
#694=VECTOR('',#6348,1.);
#695=VECTOR('',#6353,1.);
#696=VECTOR('',#6354,1.);
#697=VECTOR('',#6355,1.);
#698=VECTOR('',#6358,1.);
#699=VECTOR('',#6359,1.);
#700=VECTOR('',#6362,1.);
#701=VECTOR('',#6363,1.);
#702=VECTOR('',#6366,1.);
#703=VECTOR('',#6371,1.);
#704=VECTOR('',#6374,1.);
#705=VECTOR('',#6375,1.);
#706=VECTOR('',#6376,1.);
#707=VECTOR('',#6379,1.);
#708=VECTOR('',#6380,1.);
#709=VECTOR('',#6383,1.);
#710=VECTOR('',#6384,1.);
#711=VECTOR('',#6387,1.);
#712=VECTOR('',#6406,1.);
#713=VECTOR('',#6409,1.);
#714=VECTOR('',#6412,1.);
#715=VECTOR('',#6417,1.);
#716=VECTOR('',#6422,1.);
#717=VECTOR('',#6427,1.);
#718=VECTOR('',#6432,1.);
#719=VECTOR('',#6437,1.);
#720=VECTOR('',#6442,1.);
#721=VECTOR('',#6447,1.);
#722=VECTOR('',#6452,1.);
#723=VECTOR('',#6457,1.);
#724=VECTOR('',#6462,1.);
#725=VECTOR('',#6467,1.);
#726=VECTOR('',#6472,1.);
#727=VECTOR('',#6477,1.);
#728=VECTOR('',#6482,1.);
#729=VECTOR('',#6487,1.);
#730=VECTOR('',#6492,1.);
#731=VECTOR('',#6497,1.);
#732=VECTOR('',#6502,1.);
#733=VECTOR('',#6507,1.);
#734=VECTOR('',#6512,1.);
#735=VECTOR('',#6517,1.);
#736=VECTOR('',#6522,1.);
#737=VECTOR('',#6533,1.);
#738=VECTOR('',#6536,1.);
#739=VECTOR('',#6539,1.);
#740=VECTOR('',#6544,1.);
#741=VECTOR('',#6549,1.);
#742=VECTOR('',#6554,1.);
#743=VECTOR('',#6559,1.);
#744=VECTOR('',#6564,1.);
#745=VECTOR('',#6569,1.);
#746=VECTOR('',#6574,1.);
#747=VECTOR('',#6579,1.);
#748=VECTOR('',#6584,1.);
#749=VECTOR('',#6589,1.);
#750=VECTOR('',#6594,1.);
#751=VECTOR('',#6599,1.);
#752=VECTOR('',#6604,1.);
#753=VECTOR('',#6609,1.);
#754=VECTOR('',#6614,1.);
#755=VECTOR('',#6619,1.);
#756=VECTOR('',#6624,1.);
#757=VECTOR('',#6629,1.);
#758=VECTOR('',#6634,1.);
#759=VECTOR('',#6639,1.);
#760=VECTOR('',#6644,1.);
#761=VECTOR('',#6649,1.);
#762=VECTOR('',#6664,1.);
#763=VECTOR('',#6703,1.);
#764=VECTOR('',#6704,1.);
#765=VECTOR('',#6705,1.);
#766=VECTOR('',#6706,1.);
#767=VECTOR('',#6709,1.);
#768=VECTOR('',#6748,1.);
#769=VECTOR('',#6749,1.);
#770=VECTOR('',#6750,1.);
#771=VECTOR('',#6751,1.);
#772=VECTOR('',#6752,1.);
#773=VECTOR('',#6753,1.);
#774=VECTOR('',#6754,1.);
#775=VECTOR('',#6755,1.);
#776=VECTOR('',#6758,1.);
#777=VECTOR('',#6759,1.);
#778=VECTOR('',#6760,1.);
#779=VECTOR('',#6763,1.);
#780=VECTOR('',#6764,1.);
#781=VECTOR('',#6765,1.);
#782=VECTOR('',#6768,1.);
#783=VECTOR('',#6769,1.);
#784=VECTOR('',#6774,1.);
#785=VECTOR('',#6775,1.);
#786=VECTOR('',#6776,1.);
#787=VECTOR('',#6779,1.);
#788=VECTOR('',#6780,1.);
#789=VECTOR('',#6783,1.);
#790=VECTOR('',#6784,1.);
#791=VECTOR('',#6787,1.);
#792=VECTOR('',#6792,1.);
#793=VECTOR('',#6793,1.);
#794=VECTOR('',#6796,1.);
#795=VECTOR('',#6799,1.);
#796=VECTOR('',#6804,1.);
#797=VECTOR('',#6805,1.);
#798=VECTOR('',#6806,1.);
#799=VECTOR('',#6809,1.);
#800=VECTOR('',#6814,1.);
#801=VECTOR('',#6819,1.);
#802=VECTOR('',#6824,1.);
#803=VECTOR('',#6829,1.);
#804=VECTOR('',#6834,1.);
#805=VECTOR('',#6839,1.);
#806=VECTOR('',#6844,1.);
#807=VECTOR('',#6849,1.);
#808=VECTOR('',#6854,1.);
#809=VECTOR('',#6859,1.);
#810=VECTOR('',#6864,1.);
#811=VECTOR('',#6869,1.);
#812=VECTOR('',#6874,1.);
#813=VECTOR('',#6879,1.);
#814=VECTOR('',#6884,1.);
#815=VECTOR('',#6889,1.);
#816=VECTOR('',#6892,1.);
#817=VECTOR('',#6893,1.);
#818=VECTOR('',#6896,1.);
#819=VECTOR('',#6899,1.);
#820=VECTOR('',#6902,1.);
#821=VECTOR('',#6905,1.);
#822=VECTOR('',#6908,1.);
#823=VECTOR('',#6909,1.);
#824=VECTOR('',#6912,1.);
#825=VECTOR('',#6915,1.);
#826=VECTOR('',#6918,1.);
#827=VECTOR('',#6921,1.);
#828=VECTOR('',#6922,1.);
#829=VECTOR('',#6925,1.);
#830=VECTOR('',#6930,1.);
#831=VECTOR('',#6935,1.);
#832=VECTOR('',#6940,1.);
#833=VECTOR('',#6945,1.);
#834=VECTOR('',#6950,1.);
#835=VECTOR('',#6955,1.);
#836=VECTOR('',#6960,1.);
#837=VECTOR('',#6965,1.);
#838=VECTOR('',#6970,1.);
#839=VECTOR('',#6975,1.);
#840=VECTOR('',#6980,1.);
#841=VECTOR('',#6985,1.);
#842=VECTOR('',#6990,1.);
#843=VECTOR('',#6995,1.);
#844=VECTOR('',#7000,1.);
#845=VECTOR('',#7005,1.);
#846=VECTOR('',#7010,1.);
#847=VECTOR('',#7011,1.);
#848=VECTOR('',#7012,1.);
#849=VECTOR('',#7015,1.);
#850=VECTOR('',#7024,1.);
#851=VECTOR('',#7025,1.);
#852=VECTOR('',#7026,1.);
#853=VECTOR('',#7027,1.);
#854=VECTOR('',#7130,1.);
#855=VECTOR('',#7131,1.);
#856=VECTOR('',#7132,1.);
#857=VECTOR('',#7133,1.);
#858=VECTOR('',#7134,1.);
#859=VECTOR('',#7135,1.);
#860=VECTOR('',#7136,1.);
#861=VECTOR('',#7137,1.);
#862=VECTOR('',#7140,1.);
#863=VECTOR('',#7141,1.);
#864=VECTOR('',#7142,1.);
#865=VECTOR('',#7145,1.);
#866=VECTOR('',#7146,1.);
#867=VECTOR('',#7147,1.);
#868=VECTOR('',#7150,1.);
#869=VECTOR('',#7151,1.);
#870=VECTOR('',#7156,1.);
#871=VECTOR('',#7157,1.);
#872=VECTOR('',#7158,1.);
#873=VECTOR('',#7161,1.);
#874=VECTOR('',#7162,1.);
#875=VECTOR('',#7165,1.);
#876=VECTOR('',#7166,1.);
#877=VECTOR('',#7169,1.);
#878=VECTOR('',#7172,1.);
#879=VECTOR('',#7173,1.);
#880=VECTOR('',#7174,1.);
#881=VECTOR('',#7177,1.);
#882=VECTOR('',#7178,1.);
#883=VECTOR('',#7181,1.);
#884=VECTOR('',#7182,1.);
#885=VECTOR('',#7185,1.);
#886=VECTOR('',#7206,1.);
#887=VECTOR('',#7209,1.);
#888=VECTOR('',#7210,1.);
#889=VECTOR('',#7213,1.);
#890=VECTOR('',#7216,1.);
#891=VECTOR('',#7219,1.);
#892=VECTOR('',#7222,1.);
#893=VECTOR('',#7225,1.);
#894=VECTOR('',#7228,1.);
#895=VECTOR('',#7231,1.);
#896=VECTOR('',#7236,1.);
#897=VECTOR('',#7241,1.);
#898=VECTOR('',#7246,1.);
#899=VECTOR('',#7251,1.);
#900=VECTOR('',#7256,1.);
#901=VECTOR('',#7261,1.);
#902=VECTOR('',#7266,1.);
#903=VECTOR('',#7271,1.);
#904=VECTOR('',#7276,1.);
#905=VECTOR('',#7281,1.);
#906=VECTOR('',#7286,1.);
#907=VECTOR('',#7291,1.);
#908=VECTOR('',#7296,1.);
#909=VECTOR('',#7301,1.);
#910=VECTOR('',#7306,1.);
#911=VECTOR('',#7311,1.);
#912=VECTOR('',#7316,1.);
#913=VECTOR('',#7321,1.);
#914=VECTOR('',#7326,1.);
#915=VECTOR('',#7335,1.);
#916=VECTOR('',#7336,1.);
#917=VECTOR('',#7339,1.);
#918=VECTOR('',#7342,1.);
#919=VECTOR('',#7345,1.);
#920=VECTOR('',#7350,1.);
#921=VECTOR('',#7355,1.);
#922=VECTOR('',#7360,1.);
#923=VECTOR('',#7365,1.);
#924=VECTOR('',#7370,1.);
#925=VECTOR('',#7375,1.);
#926=VECTOR('',#7380,1.);
#927=VECTOR('',#7385,1.);
#928=VECTOR('',#7390,1.);
#929=VECTOR('',#7395,1.);
#930=VECTOR('',#7400,1.);
#931=VECTOR('',#7405,1.);
#932=VECTOR('',#7410,1.);
#933=VECTOR('',#7415,1.);
#934=VECTOR('',#7420,1.);
#935=VECTOR('',#7425,1.);
#936=VECTOR('',#7430,1.);
#937=VECTOR('',#7435,1.);
#938=VECTOR('',#7440,1.);
#939=VECTOR('',#7445,1.);
#940=VECTOR('',#7450,1.);
#941=VECTOR('',#7453,1.);
#942=VECTOR('',#7456,1.);
#943=VECTOR('',#7459,1.);
#944=VECTOR('',#7532,1.);
#945=VECTOR('',#7533,1.);
#946=VECTOR('',#7534,1.);
#947=VECTOR('',#7535,1.);
#948=VECTOR('',#7600,1.);
#949=VECTOR('',#7601,1.);
#950=VECTOR('',#7602,1.);
#951=VECTOR('',#7603,1.);
#952=VECTOR('',#7606,1.);
#953=VECTOR('',#7607,1.);
#954=VECTOR('',#7608,1.);
#955=VECTOR('',#7611,1.);
#956=VECTOR('',#7612,1.);
#957=VECTOR('',#7613,1.);
#958=VECTOR('',#7616,1.);
#959=VECTOR('',#7617,1.);
#960=VECTOR('',#7618,1.);
#961=VECTOR('',#7619,1.);
#962=VECTOR('',#7620,1.);
#963=VECTOR('',#7621,1.);
#964=VECTOR('',#7626,1.);
#965=VECTOR('',#7627,1.);
#966=VECTOR('',#7628,1.);
#967=VECTOR('',#7631,1.);
#968=VECTOR('',#7632,1.);
#969=VECTOR('',#7635,1.);
#970=VECTOR('',#7636,1.);
#971=VECTOR('',#7639,1.);
#972=VECTOR('',#7644,1.);
#973=VECTOR('',#7645,1.);
#974=VECTOR('',#7646,1.);
#975=VECTOR('',#7649,1.);
#976=VECTOR('',#7650,1.);
#977=VECTOR('',#7653,1.);
#978=VECTOR('',#7654,1.);
#979=VECTOR('',#7657,1.);
#980=VECTOR('',#7676,1.);
#981=VECTOR('',#7679,1.);
#982=VECTOR('',#7682,1.);
#983=VECTOR('',#7687,1.);
#984=VECTOR('',#7692,1.);
#985=VECTOR('',#7697,1.);
#986=VECTOR('',#7702,1.);
#987=VECTOR('',#7707,1.);
#988=VECTOR('',#7712,1.);
#989=VECTOR('',#7717,1.);
#990=VECTOR('',#7722,1.);
#991=VECTOR('',#7727,1.);
#992=VECTOR('',#7732,1.);
#993=VECTOR('',#7737,1.);
#994=VECTOR('',#7742,1.);
#995=VECTOR('',#7747,1.);
#996=VECTOR('',#7752,1.);
#997=VECTOR('',#7757,1.);
#998=VECTOR('',#7762,1.);
#999=VECTOR('',#7767,1.);
#1000=VECTOR('',#7772,1.);
#1001=VECTOR('',#7777,1.);
#1002=VECTOR('',#7782,1.);
#1003=VECTOR('',#7787,1.);
#1004=VECTOR('',#7792,1.);
#1005=VECTOR('',#7797,1.);
#1006=VECTOR('',#7802,1.);
#1007=VECTOR('',#7807,1.);
#1008=VECTOR('',#7812,1.);
#1009=VECTOR('',#7817,1.);
#1010=VECTOR('',#7822,1.);
#1011=VECTOR('',#7833,1.);
#1012=VECTOR('',#7836,1.);
#1013=VECTOR('',#7839,1.);
#1014=VECTOR('',#7844,1.);
#1015=VECTOR('',#7849,1.);
#1016=VECTOR('',#7854,1.);
#1017=VECTOR('',#7859,1.);
#1018=VECTOR('',#7864,1.);
#1019=VECTOR('',#7869,1.);
#1020=VECTOR('',#7874,1.);
#1021=VECTOR('',#7879,1.);
#1022=VECTOR('',#7884,1.);
#1023=VECTOR('',#7889,1.);
#1024=VECTOR('',#7894,1.);
#1025=VECTOR('',#7899,1.);
#1026=VECTOR('',#7904,1.);
#1027=VECTOR('',#7909,1.);
#1028=VECTOR('',#7914,1.);
#1029=VECTOR('',#7919,1.);
#1030=VECTOR('',#7924,1.);
#1031=VECTOR('',#7929,1.);
#1032=VECTOR('',#7934,1.);
#1033=VECTOR('',#7939,1.);
#1034=VECTOR('',#7944,1.);
#1035=VECTOR('',#7949,1.);
#1036=VECTOR('',#7954,1.);
#1037=VECTOR('',#7959,1.);
#1038=VECTOR('',#7964,1.);
#1039=VECTOR('',#7969,1.);
#1040=VECTOR('',#7974,1.);
#1041=VECTOR('',#7979,1.);
#1042=ORIENTED_EDGE('',*,*,#2688,.F.);
#1043=ORIENTED_EDGE('',*,*,#2689,.F.);
#1044=ORIENTED_EDGE('',*,*,#2690,.F.);
#1045=ORIENTED_EDGE('',*,*,#2691,.T.);
#1046=ORIENTED_EDGE('',*,*,#2692,.F.);
#1047=ORIENTED_EDGE('',*,*,#2693,.F.);
#1048=ORIENTED_EDGE('',*,*,#2694,.T.);
#1049=ORIENTED_EDGE('',*,*,#2695,.T.);
#1050=ORIENTED_EDGE('',*,*,#2696,.T.);
#1051=ORIENTED_EDGE('',*,*,#2697,.T.);
#1052=ORIENTED_EDGE('',*,*,#2698,.T.);
#1053=ORIENTED_EDGE('',*,*,#2699,.T.);
#1054=ORIENTED_EDGE('',*,*,#2700,.T.);
#1055=ORIENTED_EDGE('',*,*,#2701,.T.);
#1056=ORIENTED_EDGE('',*,*,#2702,.T.);
#1057=ORIENTED_EDGE('',*,*,#2703,.T.);
#1058=ORIENTED_EDGE('',*,*,#2704,.T.);
#1059=ORIENTED_EDGE('',*,*,#2705,.T.);
#1060=ORIENTED_EDGE('',*,*,#2706,.T.);
#1061=ORIENTED_EDGE('',*,*,#2707,.T.);
#1062=ORIENTED_EDGE('',*,*,#2708,.T.);
#1063=ORIENTED_EDGE('',*,*,#2709,.T.);
#1064=ORIENTED_EDGE('',*,*,#2710,.T.);
#1065=ORIENTED_EDGE('',*,*,#2711,.F.);
#1066=ORIENTED_EDGE('',*,*,#2712,.T.);
#1067=ORIENTED_EDGE('',*,*,#2713,.T.);
#1068=ORIENTED_EDGE('',*,*,#2714,.T.);
#1069=ORIENTED_EDGE('',*,*,#2715,.T.);
#1070=ORIENTED_EDGE('',*,*,#2716,.T.);
#1071=ORIENTED_EDGE('',*,*,#2717,.F.);
#1072=ORIENTED_EDGE('',*,*,#2718,.F.);
#1073=ORIENTED_EDGE('',*,*,#2719,.F.);
#1074=ORIENTED_EDGE('',*,*,#2720,.F.);
#1075=ORIENTED_EDGE('',*,*,#2721,.F.);
#1076=ORIENTED_EDGE('',*,*,#2722,.F.);
#1077=ORIENTED_EDGE('',*,*,#2723,.F.);
#1078=ORIENTED_EDGE('',*,*,#2724,.F.);
#1079=ORIENTED_EDGE('',*,*,#2725,.F.);
#1080=ORIENTED_EDGE('',*,*,#2726,.F.);
#1081=ORIENTED_EDGE('',*,*,#2727,.T.);
#1082=ORIENTED_EDGE('',*,*,#2728,.T.);
#1083=ORIENTED_EDGE('',*,*,#2729,.F.);
#1084=ORIENTED_EDGE('',*,*,#2730,.T.);
#1085=ORIENTED_EDGE('',*,*,#2731,.T.);
#1086=ORIENTED_EDGE('',*,*,#2732,.T.);
#1087=ORIENTED_EDGE('',*,*,#2733,.F.);
#1088=ORIENTED_EDGE('',*,*,#2734,.T.);
#1089=ORIENTED_EDGE('',*,*,#2735,.F.);
#1090=ORIENTED_EDGE('',*,*,#2736,.F.);
#1091=ORIENTED_EDGE('',*,*,#2737,.F.);
#1092=ORIENTED_EDGE('',*,*,#2738,.F.);
#1093=ORIENTED_EDGE('',*,*,#2739,.F.);
#1094=ORIENTED_EDGE('',*,*,#2740,.F.);
#1095=ORIENTED_EDGE('',*,*,#2741,.F.);
#1096=ORIENTED_EDGE('',*,*,#2742,.F.);
#1097=ORIENTED_EDGE('',*,*,#2743,.T.);
#1098=ORIENTED_EDGE('',*,*,#2744,.T.);
#1099=ORIENTED_EDGE('',*,*,#2745,.F.);
#1100=ORIENTED_EDGE('',*,*,#2746,.F.);
#1101=ORIENTED_EDGE('',*,*,#2747,.F.);
#1102=ORIENTED_EDGE('',*,*,#2748,.T.);
#1103=ORIENTED_EDGE('',*,*,#2749,.T.);
#1104=ORIENTED_EDGE('',*,*,#2750,.F.);
#1105=ORIENTED_EDGE('',*,*,#2751,.F.);
#1106=ORIENTED_EDGE('',*,*,#2752,.F.);
#1107=ORIENTED_EDGE('',*,*,#2753,.T.);
#1108=ORIENTED_EDGE('',*,*,#2746,.T.);
#1109=ORIENTED_EDGE('',*,*,#2754,.F.);
#1110=ORIENTED_EDGE('',*,*,#2755,.T.);
#1111=ORIENTED_EDGE('',*,*,#2756,.T.);
#1112=ORIENTED_EDGE('',*,*,#2757,.T.);
#1113=ORIENTED_EDGE('',*,*,#2752,.T.);
#1114=ORIENTED_EDGE('',*,*,#2758,.F.);
#1115=ORIENTED_EDGE('',*,*,#2744,.F.);
#1116=ORIENTED_EDGE('',*,*,#2759,.T.);
#1117=ORIENTED_EDGE('',*,*,#2754,.T.);
#1118=ORIENTED_EDGE('',*,*,#2760,.F.);
#1119=ORIENTED_EDGE('',*,*,#2761,.F.);
#1120=ORIENTED_EDGE('',*,*,#2753,.F.);
#1121=ORIENTED_EDGE('',*,*,#2757,.F.);
#1122=ORIENTED_EDGE('',*,*,#2745,.T.);
#1123=ORIENTED_EDGE('',*,*,#2760,.T.);
#1124=ORIENTED_EDGE('',*,*,#2758,.T.);
#1125=ORIENTED_EDGE('',*,*,#2751,.T.);
#1126=ORIENTED_EDGE('',*,*,#2748,.F.);
#1127=ORIENTED_EDGE('',*,*,#2762,.F.);
#1128=ORIENTED_EDGE('',*,*,#2763,.T.);
#1129=ORIENTED_EDGE('',*,*,#2764,.T.);
#1130=ORIENTED_EDGE('',*,*,#2747,.T.);
#1131=ORIENTED_EDGE('',*,*,#2765,.F.);
#1132=ORIENTED_EDGE('',*,*,#2766,.F.);
#1133=ORIENTED_EDGE('',*,*,#2762,.T.);
#1134=ORIENTED_EDGE('',*,*,#2750,.T.);
#1135=ORIENTED_EDGE('',*,*,#2767,.F.);
#1136=ORIENTED_EDGE('',*,*,#2768,.F.);
#1137=ORIENTED_EDGE('',*,*,#2765,.T.);
#1138=ORIENTED_EDGE('',*,*,#2749,.F.);
#1139=ORIENTED_EDGE('',*,*,#2764,.F.);
#1140=ORIENTED_EDGE('',*,*,#2769,.T.);
#1141=ORIENTED_EDGE('',*,*,#2767,.T.);
#1142=ORIENTED_EDGE('',*,*,#2763,.F.);
#1143=ORIENTED_EDGE('',*,*,#2766,.T.);
#1144=ORIENTED_EDGE('',*,*,#2768,.T.);
#1145=ORIENTED_EDGE('',*,*,#2769,.F.);
#1146=ORIENTED_EDGE('',*,*,#2756,.F.);
#1147=ORIENTED_EDGE('',*,*,#2770,.T.);
#1148=ORIENTED_EDGE('',*,*,#2742,.T.);
#1149=ORIENTED_EDGE('',*,*,#2761,.T.);
#1150=ORIENTED_EDGE('',*,*,#2771,.F.);
#1151=ORIENTED_EDGE('',*,*,#2772,.T.);
#1152=ORIENTED_EDGE('',*,*,#2773,.F.);
#1153=ORIENTED_EDGE('',*,*,#2770,.F.);
#1154=ORIENTED_EDGE('',*,*,#2773,.T.);
#1155=ORIENTED_EDGE('',*,*,#2774,.T.);
#1156=ORIENTED_EDGE('',*,*,#2775,.F.);
#1157=ORIENTED_EDGE('',*,*,#2743,.F.);
#1158=ORIENTED_EDGE('',*,*,#2771,.T.);
#1159=ORIENTED_EDGE('',*,*,#2755,.F.);
#1160=ORIENTED_EDGE('',*,*,#2776,.F.);
#1161=ORIENTED_EDGE('',*,*,#2777,.T.);
#1162=ORIENTED_EDGE('',*,*,#2775,.T.);
#1163=ORIENTED_EDGE('',*,*,#2778,.T.);
#1164=ORIENTED_EDGE('',*,*,#2776,.T.);
#1165=ORIENTED_EDGE('',*,*,#2759,.F.);
#1166=ORIENTED_EDGE('',*,*,#2779,.F.);
#1167=ORIENTED_EDGE('',*,*,#2774,.F.);
#1168=ORIENTED_EDGE('',*,*,#2780,.F.);
#1169=ORIENTED_EDGE('',*,*,#2716,.F.);
#1170=ORIENTED_EDGE('',*,*,#2780,.T.);
#1171=ORIENTED_EDGE('',*,*,#2772,.F.);
#1172=ORIENTED_EDGE('',*,*,#2781,.F.);
#1173=ORIENTED_EDGE('',*,*,#2713,.F.);
#1174=ORIENTED_EDGE('',*,*,#2779,.T.);
#1175=ORIENTED_EDGE('',*,*,#2715,.F.);
#1176=ORIENTED_EDGE('',*,*,#2782,.F.);
#1177=ORIENTED_EDGE('',*,*,#2778,.F.);
#1178=ORIENTED_EDGE('',*,*,#2781,.T.);
#1179=ORIENTED_EDGE('',*,*,#2777,.F.);
#1180=ORIENTED_EDGE('',*,*,#2782,.T.);
#1181=ORIENTED_EDGE('',*,*,#2714,.F.);
#1182=ORIENTED_EDGE('',*,*,#2688,.T.);
#1183=ORIENTED_EDGE('',*,*,#2783,.F.);
#1184=ORIENTED_EDGE('',*,*,#2784,.F.);
#1185=ORIENTED_EDGE('',*,*,#2785,.T.);
#1186=ORIENTED_EDGE('',*,*,#2712,.F.);
#1187=ORIENTED_EDGE('',*,*,#2786,.F.);
#1188=ORIENTED_EDGE('',*,*,#2787,.T.);
#1189=ORIENTED_EDGE('',*,*,#2783,.T.);
#1190=ORIENTED_EDGE('',*,*,#2711,.T.);
#1191=ORIENTED_EDGE('',*,*,#2788,.F.);
#1192=ORIENTED_EDGE('',*,*,#2789,.F.);
#1193=ORIENTED_EDGE('',*,*,#2786,.T.);
#1194=ORIENTED_EDGE('',*,*,#2710,.F.);
#1195=ORIENTED_EDGE('',*,*,#2790,.F.);
#1196=ORIENTED_EDGE('',*,*,#2791,.T.);
#1197=ORIENTED_EDGE('',*,*,#2788,.T.);
#1198=ORIENTED_EDGE('',*,*,#2709,.F.);
#1199=ORIENTED_EDGE('',*,*,#2792,.F.);
#1200=ORIENTED_EDGE('',*,*,#2793,.T.);
#1201=ORIENTED_EDGE('',*,*,#2790,.T.);
#1202=ORIENTED_EDGE('',*,*,#2708,.F.);
#1203=ORIENTED_EDGE('',*,*,#2794,.F.);
#1204=ORIENTED_EDGE('',*,*,#2795,.T.);
#1205=ORIENTED_EDGE('',*,*,#2792,.T.);
#1206=ORIENTED_EDGE('',*,*,#2707,.F.);
#1207=ORIENTED_EDGE('',*,*,#2796,.F.);
#1208=ORIENTED_EDGE('',*,*,#2797,.T.);
#1209=ORIENTED_EDGE('',*,*,#2794,.T.);
#1210=ORIENTED_EDGE('',*,*,#2706,.F.);
#1211=ORIENTED_EDGE('',*,*,#2798,.F.);
#1212=ORIENTED_EDGE('',*,*,#2799,.T.);
#1213=ORIENTED_EDGE('',*,*,#2796,.T.);
#1214=ORIENTED_EDGE('',*,*,#2705,.F.);
#1215=ORIENTED_EDGE('',*,*,#2800,.F.);
#1216=ORIENTED_EDGE('',*,*,#2801,.T.);
#1217=ORIENTED_EDGE('',*,*,#2798,.T.);
#1218=ORIENTED_EDGE('',*,*,#2704,.F.);
#1219=ORIENTED_EDGE('',*,*,#2802,.F.);
#1220=ORIENTED_EDGE('',*,*,#2803,.T.);
#1221=ORIENTED_EDGE('',*,*,#2800,.T.);
#1222=ORIENTED_EDGE('',*,*,#2703,.F.);
#1223=ORIENTED_EDGE('',*,*,#2804,.F.);
#1224=ORIENTED_EDGE('',*,*,#2805,.T.);
#1225=ORIENTED_EDGE('',*,*,#2802,.T.);
#1226=ORIENTED_EDGE('',*,*,#2702,.F.);
#1227=ORIENTED_EDGE('',*,*,#2806,.F.);
#1228=ORIENTED_EDGE('',*,*,#2807,.T.);
#1229=ORIENTED_EDGE('',*,*,#2804,.T.);
#1230=ORIENTED_EDGE('',*,*,#2701,.F.);
#1231=ORIENTED_EDGE('',*,*,#2808,.F.);
#1232=ORIENTED_EDGE('',*,*,#2809,.T.);
#1233=ORIENTED_EDGE('',*,*,#2806,.T.);
#1234=ORIENTED_EDGE('',*,*,#2700,.F.);
#1235=ORIENTED_EDGE('',*,*,#2810,.F.);
#1236=ORIENTED_EDGE('',*,*,#2811,.T.);
#1237=ORIENTED_EDGE('',*,*,#2808,.T.);
#1238=ORIENTED_EDGE('',*,*,#2699,.F.);
#1239=ORIENTED_EDGE('',*,*,#2812,.F.);
#1240=ORIENTED_EDGE('',*,*,#2813,.T.);
#1241=ORIENTED_EDGE('',*,*,#2810,.T.);
#1242=ORIENTED_EDGE('',*,*,#2698,.F.);
#1243=ORIENTED_EDGE('',*,*,#2814,.F.);
#1244=ORIENTED_EDGE('',*,*,#2815,.T.);
#1245=ORIENTED_EDGE('',*,*,#2812,.T.);
#1246=ORIENTED_EDGE('',*,*,#2697,.F.);
#1247=ORIENTED_EDGE('',*,*,#2816,.F.);
#1248=ORIENTED_EDGE('',*,*,#2817,.T.);
#1249=ORIENTED_EDGE('',*,*,#2814,.T.);
#1250=ORIENTED_EDGE('',*,*,#2696,.F.);
#1251=ORIENTED_EDGE('',*,*,#2818,.F.);
#1252=ORIENTED_EDGE('',*,*,#2819,.T.);
#1253=ORIENTED_EDGE('',*,*,#2816,.T.);
#1254=ORIENTED_EDGE('',*,*,#2695,.F.);
#1255=ORIENTED_EDGE('',*,*,#2820,.F.);
#1256=ORIENTED_EDGE('',*,*,#2821,.T.);
#1257=ORIENTED_EDGE('',*,*,#2818,.T.);
#1258=ORIENTED_EDGE('',*,*,#2694,.F.);
#1259=ORIENTED_EDGE('',*,*,#2822,.F.);
#1260=ORIENTED_EDGE('',*,*,#2823,.T.);
#1261=ORIENTED_EDGE('',*,*,#2820,.T.);
#1262=ORIENTED_EDGE('',*,*,#2693,.T.);
#1263=ORIENTED_EDGE('',*,*,#2824,.F.);
#1264=ORIENTED_EDGE('',*,*,#2825,.F.);
#1265=ORIENTED_EDGE('',*,*,#2822,.T.);
#1266=ORIENTED_EDGE('',*,*,#2692,.T.);
#1267=ORIENTED_EDGE('',*,*,#2826,.F.);
#1268=ORIENTED_EDGE('',*,*,#2827,.F.);
#1269=ORIENTED_EDGE('',*,*,#2824,.T.);
#1270=ORIENTED_EDGE('',*,*,#2691,.F.);
#1271=ORIENTED_EDGE('',*,*,#2828,.F.);
#1272=ORIENTED_EDGE('',*,*,#2829,.T.);
#1273=ORIENTED_EDGE('',*,*,#2826,.T.);
#1274=ORIENTED_EDGE('',*,*,#2690,.T.);
#1275=ORIENTED_EDGE('',*,*,#2830,.F.);
#1276=ORIENTED_EDGE('',*,*,#2831,.F.);
#1277=ORIENTED_EDGE('',*,*,#2828,.T.);
#1278=ORIENTED_EDGE('',*,*,#2689,.T.);
#1279=ORIENTED_EDGE('',*,*,#2785,.F.);
#1280=ORIENTED_EDGE('',*,*,#2832,.F.);
#1281=ORIENTED_EDGE('',*,*,#2830,.T.);
#1282=ORIENTED_EDGE('',*,*,#2784,.T.);
#1283=ORIENTED_EDGE('',*,*,#2787,.F.);
#1284=ORIENTED_EDGE('',*,*,#2789,.T.);
#1285=ORIENTED_EDGE('',*,*,#2791,.F.);
#1286=ORIENTED_EDGE('',*,*,#2793,.F.);
#1287=ORIENTED_EDGE('',*,*,#2795,.F.);
#1288=ORIENTED_EDGE('',*,*,#2797,.F.);
#1289=ORIENTED_EDGE('',*,*,#2799,.F.);
#1290=ORIENTED_EDGE('',*,*,#2801,.F.);
#1291=ORIENTED_EDGE('',*,*,#2803,.F.);
#1292=ORIENTED_EDGE('',*,*,#2805,.F.);
#1293=ORIENTED_EDGE('',*,*,#2807,.F.);
#1294=ORIENTED_EDGE('',*,*,#2809,.F.);
#1295=ORIENTED_EDGE('',*,*,#2811,.F.);
#1296=ORIENTED_EDGE('',*,*,#2813,.F.);
#1297=ORIENTED_EDGE('',*,*,#2815,.F.);
#1298=ORIENTED_EDGE('',*,*,#2817,.F.);
#1299=ORIENTED_EDGE('',*,*,#2819,.F.);
#1300=ORIENTED_EDGE('',*,*,#2821,.F.);
#1301=ORIENTED_EDGE('',*,*,#2823,.F.);
#1302=ORIENTED_EDGE('',*,*,#2825,.T.);
#1303=ORIENTED_EDGE('',*,*,#2827,.T.);
#1304=ORIENTED_EDGE('',*,*,#2829,.F.);
#1305=ORIENTED_EDGE('',*,*,#2831,.T.);
#1306=ORIENTED_EDGE('',*,*,#2832,.T.);
#1307=ORIENTED_EDGE('',*,*,#2717,.T.);
#1308=ORIENTED_EDGE('',*,*,#2833,.F.);
#1309=ORIENTED_EDGE('',*,*,#2834,.F.);
#1310=ORIENTED_EDGE('',*,*,#2835,.T.);
#1311=ORIENTED_EDGE('',*,*,#2741,.T.);
#1312=ORIENTED_EDGE('',*,*,#2836,.F.);
#1313=ORIENTED_EDGE('',*,*,#2837,.F.);
#1314=ORIENTED_EDGE('',*,*,#2833,.T.);
#1315=ORIENTED_EDGE('',*,*,#2740,.T.);
#1316=ORIENTED_EDGE('',*,*,#2838,.F.);
#1317=ORIENTED_EDGE('',*,*,#2839,.F.);
#1318=ORIENTED_EDGE('',*,*,#2836,.T.);
#1319=ORIENTED_EDGE('',*,*,#2739,.T.);
#1320=ORIENTED_EDGE('',*,*,#2840,.F.);
#1321=ORIENTED_EDGE('',*,*,#2841,.F.);
#1322=ORIENTED_EDGE('',*,*,#2838,.T.);
#1323=ORIENTED_EDGE('',*,*,#2738,.T.);
#1324=ORIENTED_EDGE('',*,*,#2842,.F.);
#1325=ORIENTED_EDGE('',*,*,#2843,.F.);
#1326=ORIENTED_EDGE('',*,*,#2840,.T.);
#1327=ORIENTED_EDGE('',*,*,#2737,.T.);
#1328=ORIENTED_EDGE('',*,*,#2844,.F.);
#1329=ORIENTED_EDGE('',*,*,#2845,.F.);
#1330=ORIENTED_EDGE('',*,*,#2842,.T.);
#1331=ORIENTED_EDGE('',*,*,#2736,.T.);
#1332=ORIENTED_EDGE('',*,*,#2846,.F.);
#1333=ORIENTED_EDGE('',*,*,#2847,.F.);
#1334=ORIENTED_EDGE('',*,*,#2844,.T.);
#1335=ORIENTED_EDGE('',*,*,#2735,.T.);
#1336=ORIENTED_EDGE('',*,*,#2848,.F.);
#1337=ORIENTED_EDGE('',*,*,#2849,.F.);
#1338=ORIENTED_EDGE('',*,*,#2846,.T.);
#1339=ORIENTED_EDGE('',*,*,#2734,.F.);
#1340=ORIENTED_EDGE('',*,*,#2850,.F.);
#1341=ORIENTED_EDGE('',*,*,#2851,.T.);
#1342=ORIENTED_EDGE('',*,*,#2848,.T.);
#1343=ORIENTED_EDGE('',*,*,#2733,.T.);
#1344=ORIENTED_EDGE('',*,*,#2852,.F.);
#1345=ORIENTED_EDGE('',*,*,#2853,.F.);
#1346=ORIENTED_EDGE('',*,*,#2850,.T.);
#1347=ORIENTED_EDGE('',*,*,#2732,.F.);
#1348=ORIENTED_EDGE('',*,*,#2854,.F.);
#1349=ORIENTED_EDGE('',*,*,#2855,.T.);
#1350=ORIENTED_EDGE('',*,*,#2852,.T.);
#1351=ORIENTED_EDGE('',*,*,#2731,.F.);
#1352=ORIENTED_EDGE('',*,*,#2856,.F.);
#1353=ORIENTED_EDGE('',*,*,#2857,.T.);
#1354=ORIENTED_EDGE('',*,*,#2854,.T.);
#1355=ORIENTED_EDGE('',*,*,#2730,.F.);
#1356=ORIENTED_EDGE('',*,*,#2858,.F.);
#1357=ORIENTED_EDGE('',*,*,#2859,.T.);
#1358=ORIENTED_EDGE('',*,*,#2856,.T.);
#1359=ORIENTED_EDGE('',*,*,#2729,.T.);
#1360=ORIENTED_EDGE('',*,*,#2860,.F.);
#1361=ORIENTED_EDGE('',*,*,#2861,.F.);
#1362=ORIENTED_EDGE('',*,*,#2858,.T.);
#1363=ORIENTED_EDGE('',*,*,#2728,.F.);
#1364=ORIENTED_EDGE('',*,*,#2862,.F.);
#1365=ORIENTED_EDGE('',*,*,#2863,.T.);
#1366=ORIENTED_EDGE('',*,*,#2860,.T.);
#1367=ORIENTED_EDGE('',*,*,#2727,.F.);
#1368=ORIENTED_EDGE('',*,*,#2864,.F.);
#1369=ORIENTED_EDGE('',*,*,#2865,.T.);
#1370=ORIENTED_EDGE('',*,*,#2862,.T.);
#1371=ORIENTED_EDGE('',*,*,#2726,.T.);
#1372=ORIENTED_EDGE('',*,*,#2866,.F.);
#1373=ORIENTED_EDGE('',*,*,#2867,.F.);
#1374=ORIENTED_EDGE('',*,*,#2864,.T.);
#1375=ORIENTED_EDGE('',*,*,#2725,.T.);
#1376=ORIENTED_EDGE('',*,*,#2868,.F.);
#1377=ORIENTED_EDGE('',*,*,#2869,.F.);
#1378=ORIENTED_EDGE('',*,*,#2866,.T.);
#1379=ORIENTED_EDGE('',*,*,#2724,.T.);
#1380=ORIENTED_EDGE('',*,*,#2870,.F.);
#1381=ORIENTED_EDGE('',*,*,#2871,.F.);
#1382=ORIENTED_EDGE('',*,*,#2868,.T.);
#1383=ORIENTED_EDGE('',*,*,#2723,.T.);
#1384=ORIENTED_EDGE('',*,*,#2872,.F.);
#1385=ORIENTED_EDGE('',*,*,#2873,.F.);
#1386=ORIENTED_EDGE('',*,*,#2870,.T.);
#1387=ORIENTED_EDGE('',*,*,#2722,.T.);
#1388=ORIENTED_EDGE('',*,*,#2874,.F.);
#1389=ORIENTED_EDGE('',*,*,#2875,.F.);
#1390=ORIENTED_EDGE('',*,*,#2872,.T.);
#1391=ORIENTED_EDGE('',*,*,#2721,.T.);
#1392=ORIENTED_EDGE('',*,*,#2876,.F.);
#1393=ORIENTED_EDGE('',*,*,#2877,.F.);
#1394=ORIENTED_EDGE('',*,*,#2874,.T.);
#1395=ORIENTED_EDGE('',*,*,#2720,.T.);
#1396=ORIENTED_EDGE('',*,*,#2878,.F.);
#1397=ORIENTED_EDGE('',*,*,#2879,.F.);
#1398=ORIENTED_EDGE('',*,*,#2876,.T.);
#1399=ORIENTED_EDGE('',*,*,#2719,.T.);
#1400=ORIENTED_EDGE('',*,*,#2880,.F.);
#1401=ORIENTED_EDGE('',*,*,#2881,.F.);
#1402=ORIENTED_EDGE('',*,*,#2878,.T.);
#1403=ORIENTED_EDGE('',*,*,#2718,.T.);
#1404=ORIENTED_EDGE('',*,*,#2835,.F.);
#1405=ORIENTED_EDGE('',*,*,#2882,.F.);
#1406=ORIENTED_EDGE('',*,*,#2880,.T.);
#1407=ORIENTED_EDGE('',*,*,#2834,.T.);
#1408=ORIENTED_EDGE('',*,*,#2837,.T.);
#1409=ORIENTED_EDGE('',*,*,#2839,.T.);
#1410=ORIENTED_EDGE('',*,*,#2841,.T.);
#1411=ORIENTED_EDGE('',*,*,#2843,.T.);
#1412=ORIENTED_EDGE('',*,*,#2845,.T.);
#1413=ORIENTED_EDGE('',*,*,#2847,.T.);
#1414=ORIENTED_EDGE('',*,*,#2849,.T.);
#1415=ORIENTED_EDGE('',*,*,#2851,.F.);
#1416=ORIENTED_EDGE('',*,*,#2853,.T.);
#1417=ORIENTED_EDGE('',*,*,#2855,.F.);
#1418=ORIENTED_EDGE('',*,*,#2857,.F.);
#1419=ORIENTED_EDGE('',*,*,#2859,.F.);
#1420=ORIENTED_EDGE('',*,*,#2861,.T.);
#1421=ORIENTED_EDGE('',*,*,#2863,.F.);
#1422=ORIENTED_EDGE('',*,*,#2865,.F.);
#1423=ORIENTED_EDGE('',*,*,#2867,.T.);
#1424=ORIENTED_EDGE('',*,*,#2869,.T.);
#1425=ORIENTED_EDGE('',*,*,#2871,.T.);
#1426=ORIENTED_EDGE('',*,*,#2873,.T.);
#1427=ORIENTED_EDGE('',*,*,#2875,.T.);
#1428=ORIENTED_EDGE('',*,*,#2877,.T.);
#1429=ORIENTED_EDGE('',*,*,#2879,.T.);
#1430=ORIENTED_EDGE('',*,*,#2881,.T.);
#1431=ORIENTED_EDGE('',*,*,#2882,.T.);
#1432=ORIENTED_EDGE('',*,*,#2883,.T.);
#1433=ORIENTED_EDGE('',*,*,#2884,.T.);
#1434=ORIENTED_EDGE('',*,*,#2885,.F.);
#1435=ORIENTED_EDGE('',*,*,#2886,.T.);
#1436=ORIENTED_EDGE('',*,*,#2887,.T.);
#1437=ORIENTED_EDGE('',*,*,#2888,.T.);
#1438=ORIENTED_EDGE('',*,*,#2889,.T.);
#1439=ORIENTED_EDGE('',*,*,#2890,.F.);
#1440=ORIENTED_EDGE('',*,*,#2891,.F.);
#1441=ORIENTED_EDGE('',*,*,#2892,.F.);
#1442=ORIENTED_EDGE('',*,*,#2893,.F.);
#1443=ORIENTED_EDGE('',*,*,#2894,.F.);
#1444=ORIENTED_EDGE('',*,*,#2895,.T.);
#1445=ORIENTED_EDGE('',*,*,#2896,.T.);
#1446=ORIENTED_EDGE('',*,*,#2897,.F.);
#1447=ORIENTED_EDGE('',*,*,#2898,.F.);
#1448=ORIENTED_EDGE('',*,*,#2899,.F.);
#1449=ORIENTED_EDGE('',*,*,#2900,.F.);
#1450=ORIENTED_EDGE('',*,*,#2901,.F.);
#1451=ORIENTED_EDGE('',*,*,#2902,.F.);
#1452=ORIENTED_EDGE('',*,*,#2903,.F.);
#1453=ORIENTED_EDGE('',*,*,#2904,.F.);
#1454=ORIENTED_EDGE('',*,*,#2905,.T.);
#1455=ORIENTED_EDGE('',*,*,#2906,.T.);
#1456=ORIENTED_EDGE('',*,*,#2907,.F.);
#1457=ORIENTED_EDGE('',*,*,#2908,.T.);
#1458=ORIENTED_EDGE('',*,*,#2909,.F.);
#1459=ORIENTED_EDGE('',*,*,#2910,.T.);
#1460=ORIENTED_EDGE('',*,*,#2911,.T.);
#1461=ORIENTED_EDGE('',*,*,#2912,.T.);
#1462=ORIENTED_EDGE('',*,*,#2913,.T.);
#1463=ORIENTED_EDGE('',*,*,#2914,.F.);
#1464=ORIENTED_EDGE('',*,*,#2915,.F.);
#1465=ORIENTED_EDGE('',*,*,#2916,.F.);
#1466=ORIENTED_EDGE('',*,*,#2917,.F.);
#1467=ORIENTED_EDGE('',*,*,#2918,.T.);
#1468=ORIENTED_EDGE('',*,*,#2919,.F.);
#1469=ORIENTED_EDGE('',*,*,#2920,.T.);
#1470=ORIENTED_EDGE('',*,*,#2921,.F.);
#1471=ORIENTED_EDGE('',*,*,#2922,.F.);
#1472=ORIENTED_EDGE('',*,*,#2923,.T.);
#1473=ORIENTED_EDGE('',*,*,#2924,.T.);
#1474=ORIENTED_EDGE('',*,*,#2925,.T.);
#1475=ORIENTED_EDGE('',*,*,#2926,.T.);
#1476=ORIENTED_EDGE('',*,*,#2927,.T.);
#1477=ORIENTED_EDGE('',*,*,#2928,.T.);
#1478=ORIENTED_EDGE('',*,*,#2929,.T.);
#1479=ORIENTED_EDGE('',*,*,#2930,.T.);
#1480=ORIENTED_EDGE('',*,*,#2931,.F.);
#1481=ORIENTED_EDGE('',*,*,#2932,.F.);
#1482=ORIENTED_EDGE('',*,*,#2933,.T.);
#1483=ORIENTED_EDGE('',*,*,#2934,.T.);
#1484=ORIENTED_EDGE('',*,*,#2935,.T.);
#1485=ORIENTED_EDGE('',*,*,#2936,.T.);
#1486=ORIENTED_EDGE('',*,*,#2937,.T.);
#1487=ORIENTED_EDGE('',*,*,#2938,.F.);
#1488=ORIENTED_EDGE('',*,*,#2939,.F.);
#1489=ORIENTED_EDGE('',*,*,#2940,.T.);
#1490=ORIENTED_EDGE('',*,*,#2941,.T.);
#1491=ORIENTED_EDGE('',*,*,#2942,.F.);
#1492=ORIENTED_EDGE('',*,*,#2943,.F.);
#1493=ORIENTED_EDGE('',*,*,#2944,.T.);
#1494=ORIENTED_EDGE('',*,*,#2945,.T.);
#1495=ORIENTED_EDGE('',*,*,#2946,.F.);
#1496=ORIENTED_EDGE('',*,*,#2947,.F.);
#1497=ORIENTED_EDGE('',*,*,#2948,.T.);
#1498=ORIENTED_EDGE('',*,*,#2939,.T.);
#1499=ORIENTED_EDGE('',*,*,#2949,.F.);
#1500=ORIENTED_EDGE('',*,*,#2950,.F.);
#1501=ORIENTED_EDGE('',*,*,#2951,.T.);
#1502=ORIENTED_EDGE('',*,*,#2947,.T.);
#1503=ORIENTED_EDGE('',*,*,#2952,.F.);
#1504=ORIENTED_EDGE('',*,*,#2941,.F.);
#1505=ORIENTED_EDGE('',*,*,#2953,.T.);
#1506=ORIENTED_EDGE('',*,*,#2950,.T.);
#1507=ORIENTED_EDGE('',*,*,#2954,.F.);
#1508=ORIENTED_EDGE('',*,*,#2942,.T.);
#1509=ORIENTED_EDGE('',*,*,#2954,.T.);
#1510=ORIENTED_EDGE('',*,*,#2952,.T.);
#1511=ORIENTED_EDGE('',*,*,#2949,.T.);
#1512=ORIENTED_EDGE('',*,*,#2944,.F.);
#1513=ORIENTED_EDGE('',*,*,#2955,.F.);
#1514=ORIENTED_EDGE('',*,*,#2956,.T.);
#1515=ORIENTED_EDGE('',*,*,#2957,.T.);
#1516=ORIENTED_EDGE('',*,*,#2943,.T.);
#1517=ORIENTED_EDGE('',*,*,#2958,.F.);
#1518=ORIENTED_EDGE('',*,*,#2959,.F.);
#1519=ORIENTED_EDGE('',*,*,#2955,.T.);
#1520=ORIENTED_EDGE('',*,*,#2946,.T.);
#1521=ORIENTED_EDGE('',*,*,#2960,.F.);
#1522=ORIENTED_EDGE('',*,*,#2961,.F.);
#1523=ORIENTED_EDGE('',*,*,#2958,.T.);
#1524=ORIENTED_EDGE('',*,*,#2945,.F.);
#1525=ORIENTED_EDGE('',*,*,#2957,.F.);
#1526=ORIENTED_EDGE('',*,*,#2962,.T.);
#1527=ORIENTED_EDGE('',*,*,#2960,.T.);
#1528=ORIENTED_EDGE('',*,*,#2956,.F.);
#1529=ORIENTED_EDGE('',*,*,#2959,.T.);
#1530=ORIENTED_EDGE('',*,*,#2961,.T.);
#1531=ORIENTED_EDGE('',*,*,#2962,.F.);
#1532=ORIENTED_EDGE('',*,*,#2963,.F.);
#1533=ORIENTED_EDGE('',*,*,#2913,.F.);
#1534=ORIENTED_EDGE('',*,*,#2964,.F.);
#1535=ORIENTED_EDGE('',*,*,#2953,.F.);
#1536=ORIENTED_EDGE('',*,*,#2964,.T.);
#1537=ORIENTED_EDGE('',*,*,#2912,.F.);
#1538=ORIENTED_EDGE('',*,*,#2965,.F.);
#1539=ORIENTED_EDGE('',*,*,#2951,.F.);
#1540=ORIENTED_EDGE('',*,*,#2963,.T.);
#1541=ORIENTED_EDGE('',*,*,#2940,.F.);
#1542=ORIENTED_EDGE('',*,*,#2966,.F.);
#1543=ORIENTED_EDGE('',*,*,#2910,.F.);
#1544=ORIENTED_EDGE('',*,*,#2965,.T.);
#1545=ORIENTED_EDGE('',*,*,#2911,.F.);
#1546=ORIENTED_EDGE('',*,*,#2966,.T.);
#1547=ORIENTED_EDGE('',*,*,#2948,.F.);
#1548=ORIENTED_EDGE('',*,*,#2915,.T.);
#1549=ORIENTED_EDGE('',*,*,#2967,.F.);
#1550=ORIENTED_EDGE('',*,*,#2968,.F.);
#1551=ORIENTED_EDGE('',*,*,#2969,.T.);
#1552=ORIENTED_EDGE('',*,*,#2914,.T.);
#1553=ORIENTED_EDGE('',*,*,#2970,.F.);
#1554=ORIENTED_EDGE('',*,*,#2971,.F.);
#1555=ORIENTED_EDGE('',*,*,#2967,.T.);
#1556=ORIENTED_EDGE('',*,*,#2938,.T.);
#1557=ORIENTED_EDGE('',*,*,#2972,.F.);
#1558=ORIENTED_EDGE('',*,*,#2973,.F.);
#1559=ORIENTED_EDGE('',*,*,#2970,.T.);
#1560=ORIENTED_EDGE('',*,*,#2937,.F.);
#1561=ORIENTED_EDGE('',*,*,#2974,.F.);
#1562=ORIENTED_EDGE('',*,*,#2975,.T.);
#1563=ORIENTED_EDGE('',*,*,#2972,.T.);
#1564=ORIENTED_EDGE('',*,*,#2936,.F.);
#1565=ORIENTED_EDGE('',*,*,#2976,.F.);
#1566=ORIENTED_EDGE('',*,*,#2977,.T.);
#1567=ORIENTED_EDGE('',*,*,#2974,.T.);
#1568=ORIENTED_EDGE('',*,*,#2935,.F.);
#1569=ORIENTED_EDGE('',*,*,#2978,.F.);
#1570=ORIENTED_EDGE('',*,*,#2979,.T.);
#1571=ORIENTED_EDGE('',*,*,#2976,.T.);
#1572=ORIENTED_EDGE('',*,*,#2934,.F.);
#1573=ORIENTED_EDGE('',*,*,#2980,.F.);
#1574=ORIENTED_EDGE('',*,*,#2981,.T.);
#1575=ORIENTED_EDGE('',*,*,#2978,.T.);
#1576=ORIENTED_EDGE('',*,*,#2933,.F.);
#1577=ORIENTED_EDGE('',*,*,#2982,.F.);
#1578=ORIENTED_EDGE('',*,*,#2983,.T.);
#1579=ORIENTED_EDGE('',*,*,#2980,.T.);
#1580=ORIENTED_EDGE('',*,*,#2932,.T.);
#1581=ORIENTED_EDGE('',*,*,#2984,.F.);
#1582=ORIENTED_EDGE('',*,*,#2985,.F.);
#1583=ORIENTED_EDGE('',*,*,#2982,.T.);
#1584=ORIENTED_EDGE('',*,*,#2931,.T.);
#1585=ORIENTED_EDGE('',*,*,#2986,.F.);
#1586=ORIENTED_EDGE('',*,*,#2987,.F.);
#1587=ORIENTED_EDGE('',*,*,#2984,.T.);
#1588=ORIENTED_EDGE('',*,*,#2930,.F.);
#1589=ORIENTED_EDGE('',*,*,#2988,.F.);
#1590=ORIENTED_EDGE('',*,*,#2989,.T.);
#1591=ORIENTED_EDGE('',*,*,#2986,.T.);
#1592=ORIENTED_EDGE('',*,*,#2929,.F.);
#1593=ORIENTED_EDGE('',*,*,#2990,.F.);
#1594=ORIENTED_EDGE('',*,*,#2991,.T.);
#1595=ORIENTED_EDGE('',*,*,#2988,.T.);
#1596=ORIENTED_EDGE('',*,*,#2928,.F.);
#1597=ORIENTED_EDGE('',*,*,#2992,.F.);
#1598=ORIENTED_EDGE('',*,*,#2993,.T.);
#1599=ORIENTED_EDGE('',*,*,#2990,.T.);
#1600=ORIENTED_EDGE('',*,*,#2927,.F.);
#1601=ORIENTED_EDGE('',*,*,#2994,.F.);
#1602=ORIENTED_EDGE('',*,*,#2995,.T.);
#1603=ORIENTED_EDGE('',*,*,#2992,.T.);
#1604=ORIENTED_EDGE('',*,*,#2926,.F.);
#1605=ORIENTED_EDGE('',*,*,#2996,.F.);
#1606=ORIENTED_EDGE('',*,*,#2997,.T.);
#1607=ORIENTED_EDGE('',*,*,#2994,.T.);
#1608=ORIENTED_EDGE('',*,*,#2925,.F.);
#1609=ORIENTED_EDGE('',*,*,#2998,.F.);
#1610=ORIENTED_EDGE('',*,*,#2999,.T.);
#1611=ORIENTED_EDGE('',*,*,#2996,.T.);
#1612=ORIENTED_EDGE('',*,*,#2924,.F.);
#1613=ORIENTED_EDGE('',*,*,#3000,.F.);
#1614=ORIENTED_EDGE('',*,*,#3001,.T.);
#1615=ORIENTED_EDGE('',*,*,#2998,.T.);
#1616=ORIENTED_EDGE('',*,*,#2923,.F.);
#1617=ORIENTED_EDGE('',*,*,#3002,.F.);
#1618=ORIENTED_EDGE('',*,*,#3003,.T.);
#1619=ORIENTED_EDGE('',*,*,#3000,.T.);
#1620=ORIENTED_EDGE('',*,*,#2922,.T.);
#1621=ORIENTED_EDGE('',*,*,#3004,.F.);
#1622=ORIENTED_EDGE('',*,*,#3005,.F.);
#1623=ORIENTED_EDGE('',*,*,#3002,.T.);
#1624=ORIENTED_EDGE('',*,*,#2921,.T.);
#1625=ORIENTED_EDGE('',*,*,#3006,.F.);
#1626=ORIENTED_EDGE('',*,*,#3007,.F.);
#1627=ORIENTED_EDGE('',*,*,#3004,.T.);
#1628=ORIENTED_EDGE('',*,*,#2920,.F.);
#1629=ORIENTED_EDGE('',*,*,#3008,.F.);
#1630=ORIENTED_EDGE('',*,*,#3009,.T.);
#1631=ORIENTED_EDGE('',*,*,#3006,.T.);
#1632=ORIENTED_EDGE('',*,*,#2919,.T.);
#1633=ORIENTED_EDGE('',*,*,#3010,.F.);
#1634=ORIENTED_EDGE('',*,*,#3011,.F.);
#1635=ORIENTED_EDGE('',*,*,#3008,.T.);
#1636=ORIENTED_EDGE('',*,*,#2918,.F.);
#1637=ORIENTED_EDGE('',*,*,#3012,.F.);
#1638=ORIENTED_EDGE('',*,*,#3013,.T.);
#1639=ORIENTED_EDGE('',*,*,#3010,.T.);
#1640=ORIENTED_EDGE('',*,*,#2917,.T.);
#1641=ORIENTED_EDGE('',*,*,#3014,.F.);
#1642=ORIENTED_EDGE('',*,*,#3015,.F.);
#1643=ORIENTED_EDGE('',*,*,#3012,.T.);
#1644=ORIENTED_EDGE('',*,*,#2916,.T.);
#1645=ORIENTED_EDGE('',*,*,#2969,.F.);
#1646=ORIENTED_EDGE('',*,*,#3016,.F.);
#1647=ORIENTED_EDGE('',*,*,#3014,.T.);
#1648=ORIENTED_EDGE('',*,*,#2968,.T.);
#1649=ORIENTED_EDGE('',*,*,#2971,.T.);
#1650=ORIENTED_EDGE('',*,*,#2973,.T.);
#1651=ORIENTED_EDGE('',*,*,#2975,.F.);
#1652=ORIENTED_EDGE('',*,*,#2977,.F.);
#1653=ORIENTED_EDGE('',*,*,#2979,.F.);
#1654=ORIENTED_EDGE('',*,*,#2981,.F.);
#1655=ORIENTED_EDGE('',*,*,#2983,.F.);
#1656=ORIENTED_EDGE('',*,*,#2985,.T.);
#1657=ORIENTED_EDGE('',*,*,#2987,.T.);
#1658=ORIENTED_EDGE('',*,*,#2989,.F.);
#1659=ORIENTED_EDGE('',*,*,#2991,.F.);
#1660=ORIENTED_EDGE('',*,*,#2993,.F.);
#1661=ORIENTED_EDGE('',*,*,#2995,.F.);
#1662=ORIENTED_EDGE('',*,*,#2997,.F.);
#1663=ORIENTED_EDGE('',*,*,#2999,.F.);
#1664=ORIENTED_EDGE('',*,*,#3001,.F.);
#1665=ORIENTED_EDGE('',*,*,#3003,.F.);
#1666=ORIENTED_EDGE('',*,*,#3005,.T.);
#1667=ORIENTED_EDGE('',*,*,#3007,.T.);
#1668=ORIENTED_EDGE('',*,*,#3009,.F.);
#1669=ORIENTED_EDGE('',*,*,#3011,.T.);
#1670=ORIENTED_EDGE('',*,*,#3013,.F.);
#1671=ORIENTED_EDGE('',*,*,#3015,.T.);
#1672=ORIENTED_EDGE('',*,*,#3016,.T.);
#1673=ORIENTED_EDGE('',*,*,#2883,.F.);
#1674=ORIENTED_EDGE('',*,*,#3017,.F.);
#1675=ORIENTED_EDGE('',*,*,#3018,.T.);
#1676=ORIENTED_EDGE('',*,*,#3019,.T.);
#1677=ORIENTED_EDGE('',*,*,#2909,.T.);
#1678=ORIENTED_EDGE('',*,*,#3020,.F.);
#1679=ORIENTED_EDGE('',*,*,#3021,.F.);
#1680=ORIENTED_EDGE('',*,*,#3017,.T.);
#1681=ORIENTED_EDGE('',*,*,#2908,.F.);
#1682=ORIENTED_EDGE('',*,*,#3022,.F.);
#1683=ORIENTED_EDGE('',*,*,#3023,.T.);
#1684=ORIENTED_EDGE('',*,*,#3020,.T.);
#1685=ORIENTED_EDGE('',*,*,#2907,.T.);
#1686=ORIENTED_EDGE('',*,*,#3024,.F.);
#1687=ORIENTED_EDGE('',*,*,#3025,.F.);
#1688=ORIENTED_EDGE('',*,*,#3022,.T.);
#1689=ORIENTED_EDGE('',*,*,#2906,.F.);
#1690=ORIENTED_EDGE('',*,*,#3026,.F.);
#1691=ORIENTED_EDGE('',*,*,#3027,.T.);
#1692=ORIENTED_EDGE('',*,*,#3024,.T.);
#1693=ORIENTED_EDGE('',*,*,#2905,.F.);
#1694=ORIENTED_EDGE('',*,*,#3028,.F.);
#1695=ORIENTED_EDGE('',*,*,#3029,.T.);
#1696=ORIENTED_EDGE('',*,*,#3026,.T.);
#1697=ORIENTED_EDGE('',*,*,#2904,.T.);
#1698=ORIENTED_EDGE('',*,*,#3030,.F.);
#1699=ORIENTED_EDGE('',*,*,#3031,.F.);
#1700=ORIENTED_EDGE('',*,*,#3028,.T.);
#1701=ORIENTED_EDGE('',*,*,#2903,.T.);
#1702=ORIENTED_EDGE('',*,*,#3032,.F.);
#1703=ORIENTED_EDGE('',*,*,#3033,.F.);
#1704=ORIENTED_EDGE('',*,*,#3030,.T.);
#1705=ORIENTED_EDGE('',*,*,#2902,.T.);
#1706=ORIENTED_EDGE('',*,*,#3034,.F.);
#1707=ORIENTED_EDGE('',*,*,#3035,.F.);
#1708=ORIENTED_EDGE('',*,*,#3032,.T.);
#1709=ORIENTED_EDGE('',*,*,#2901,.T.);
#1710=ORIENTED_EDGE('',*,*,#3036,.F.);
#1711=ORIENTED_EDGE('',*,*,#3037,.F.);
#1712=ORIENTED_EDGE('',*,*,#3034,.T.);
#1713=ORIENTED_EDGE('',*,*,#2900,.T.);
#1714=ORIENTED_EDGE('',*,*,#3038,.F.);
#1715=ORIENTED_EDGE('',*,*,#3039,.F.);
#1716=ORIENTED_EDGE('',*,*,#3036,.T.);
#1717=ORIENTED_EDGE('',*,*,#2899,.T.);
#1718=ORIENTED_EDGE('',*,*,#3040,.F.);
#1719=ORIENTED_EDGE('',*,*,#3041,.F.);
#1720=ORIENTED_EDGE('',*,*,#3038,.T.);
#1721=ORIENTED_EDGE('',*,*,#2898,.T.);
#1722=ORIENTED_EDGE('',*,*,#3042,.F.);
#1723=ORIENTED_EDGE('',*,*,#3043,.F.);
#1724=ORIENTED_EDGE('',*,*,#3040,.T.);
#1725=ORIENTED_EDGE('',*,*,#2897,.T.);
#1726=ORIENTED_EDGE('',*,*,#3044,.F.);
#1727=ORIENTED_EDGE('',*,*,#3045,.F.);
#1728=ORIENTED_EDGE('',*,*,#3042,.T.);
#1729=ORIENTED_EDGE('',*,*,#2896,.F.);
#1730=ORIENTED_EDGE('',*,*,#3046,.F.);
#1731=ORIENTED_EDGE('',*,*,#3047,.T.);
#1732=ORIENTED_EDGE('',*,*,#3044,.T.);
#1733=ORIENTED_EDGE('',*,*,#2895,.F.);
#1734=ORIENTED_EDGE('',*,*,#3048,.F.);
#1735=ORIENTED_EDGE('',*,*,#3049,.T.);
#1736=ORIENTED_EDGE('',*,*,#3046,.T.);
#1737=ORIENTED_EDGE('',*,*,#2894,.T.);
#1738=ORIENTED_EDGE('',*,*,#3050,.F.);
#1739=ORIENTED_EDGE('',*,*,#3051,.F.);
#1740=ORIENTED_EDGE('',*,*,#3048,.T.);
#1741=ORIENTED_EDGE('',*,*,#2893,.T.);
#1742=ORIENTED_EDGE('',*,*,#3052,.F.);
#1743=ORIENTED_EDGE('',*,*,#3053,.F.);
#1744=ORIENTED_EDGE('',*,*,#3050,.T.);
#1745=ORIENTED_EDGE('',*,*,#2892,.T.);
#1746=ORIENTED_EDGE('',*,*,#3054,.F.);
#1747=ORIENTED_EDGE('',*,*,#3055,.F.);
#1748=ORIENTED_EDGE('',*,*,#3052,.T.);
#1749=ORIENTED_EDGE('',*,*,#2891,.T.);
#1750=ORIENTED_EDGE('',*,*,#3056,.F.);
#1751=ORIENTED_EDGE('',*,*,#3057,.F.);
#1752=ORIENTED_EDGE('',*,*,#3054,.T.);
#1753=ORIENTED_EDGE('',*,*,#2890,.T.);
#1754=ORIENTED_EDGE('',*,*,#3058,.F.);
#1755=ORIENTED_EDGE('',*,*,#3059,.F.);
#1756=ORIENTED_EDGE('',*,*,#3056,.T.);
#1757=ORIENTED_EDGE('',*,*,#2889,.F.);
#1758=ORIENTED_EDGE('',*,*,#3060,.F.);
#1759=ORIENTED_EDGE('',*,*,#3061,.T.);
#1760=ORIENTED_EDGE('',*,*,#3058,.T.);
#1761=ORIENTED_EDGE('',*,*,#2888,.F.);
#1762=ORIENTED_EDGE('',*,*,#3062,.F.);
#1763=ORIENTED_EDGE('',*,*,#3063,.T.);
#1764=ORIENTED_EDGE('',*,*,#3060,.T.);
#1765=ORIENTED_EDGE('',*,*,#2887,.F.);
#1766=ORIENTED_EDGE('',*,*,#3064,.F.);
#1767=ORIENTED_EDGE('',*,*,#3065,.T.);
#1768=ORIENTED_EDGE('',*,*,#3062,.T.);
#1769=ORIENTED_EDGE('',*,*,#2886,.F.);
#1770=ORIENTED_EDGE('',*,*,#3066,.F.);
#1771=ORIENTED_EDGE('',*,*,#3067,.T.);
#1772=ORIENTED_EDGE('',*,*,#3064,.T.);
#1773=ORIENTED_EDGE('',*,*,#2885,.T.);
#1774=ORIENTED_EDGE('',*,*,#3068,.F.);
#1775=ORIENTED_EDGE('',*,*,#3069,.F.);
#1776=ORIENTED_EDGE('',*,*,#3066,.T.);
#1777=ORIENTED_EDGE('',*,*,#2884,.F.);
#1778=ORIENTED_EDGE('',*,*,#3019,.F.);
#1779=ORIENTED_EDGE('',*,*,#3070,.T.);
#1780=ORIENTED_EDGE('',*,*,#3068,.T.);
#1781=ORIENTED_EDGE('',*,*,#3018,.F.);
#1782=ORIENTED_EDGE('',*,*,#3021,.T.);
#1783=ORIENTED_EDGE('',*,*,#3023,.F.);
#1784=ORIENTED_EDGE('',*,*,#3025,.T.);
#1785=ORIENTED_EDGE('',*,*,#3027,.F.);
#1786=ORIENTED_EDGE('',*,*,#3029,.F.);
#1787=ORIENTED_EDGE('',*,*,#3031,.T.);
#1788=ORIENTED_EDGE('',*,*,#3033,.T.);
#1789=ORIENTED_EDGE('',*,*,#3035,.T.);
#1790=ORIENTED_EDGE('',*,*,#3037,.T.);
#1791=ORIENTED_EDGE('',*,*,#3039,.T.);
#1792=ORIENTED_EDGE('',*,*,#3041,.T.);
#1793=ORIENTED_EDGE('',*,*,#3043,.T.);
#1794=ORIENTED_EDGE('',*,*,#3045,.T.);
#1795=ORIENTED_EDGE('',*,*,#3047,.F.);
#1796=ORIENTED_EDGE('',*,*,#3049,.F.);
#1797=ORIENTED_EDGE('',*,*,#3051,.T.);
#1798=ORIENTED_EDGE('',*,*,#3053,.T.);
#1799=ORIENTED_EDGE('',*,*,#3055,.T.);
#1800=ORIENTED_EDGE('',*,*,#3057,.T.);
#1801=ORIENTED_EDGE('',*,*,#3059,.T.);
#1802=ORIENTED_EDGE('',*,*,#3061,.F.);
#1803=ORIENTED_EDGE('',*,*,#3063,.F.);
#1804=ORIENTED_EDGE('',*,*,#3065,.F.);
#1805=ORIENTED_EDGE('',*,*,#3067,.F.);
#1806=ORIENTED_EDGE('',*,*,#3069,.T.);
#1807=ORIENTED_EDGE('',*,*,#3070,.F.);
#1808=ORIENTED_EDGE('',*,*,#3071,.T.);
#1809=ORIENTED_EDGE('',*,*,#3072,.T.);
#1810=ORIENTED_EDGE('',*,*,#3073,.T.);
#1811=ORIENTED_EDGE('',*,*,#3074,.T.);
#1812=ORIENTED_EDGE('',*,*,#3075,.F.);
#1813=ORIENTED_EDGE('',*,*,#3076,.T.);
#1814=ORIENTED_EDGE('',*,*,#3077,.T.);
#1815=ORIENTED_EDGE('',*,*,#3078,.T.);
#1816=ORIENTED_EDGE('',*,*,#3079,.T.);
#1817=ORIENTED_EDGE('',*,*,#3080,.T.);
#1818=ORIENTED_EDGE('',*,*,#3081,.T.);
#1819=ORIENTED_EDGE('',*,*,#3082,.F.);
#1820=ORIENTED_EDGE('',*,*,#3083,.F.);
#1821=ORIENTED_EDGE('',*,*,#3084,.F.);
#1822=ORIENTED_EDGE('',*,*,#3085,.F.);
#1823=ORIENTED_EDGE('',*,*,#3086,.F.);
#1824=ORIENTED_EDGE('',*,*,#3087,.F.);
#1825=ORIENTED_EDGE('',*,*,#3088,.F.);
#1826=ORIENTED_EDGE('',*,*,#3089,.F.);
#1827=ORIENTED_EDGE('',*,*,#3090,.F.);
#1828=ORIENTED_EDGE('',*,*,#3091,.T.);
#1829=ORIENTED_EDGE('',*,*,#3092,.T.);
#1830=ORIENTED_EDGE('',*,*,#3093,.T.);
#1831=ORIENTED_EDGE('',*,*,#3094,.T.);
#1832=ORIENTED_EDGE('',*,*,#3095,.T.);
#1833=ORIENTED_EDGE('',*,*,#3096,.T.);
#1834=ORIENTED_EDGE('',*,*,#3097,.T.);
#1835=ORIENTED_EDGE('',*,*,#3098,.F.);
#1836=ORIENTED_EDGE('',*,*,#3099,.T.);
#1837=ORIENTED_EDGE('',*,*,#3100,.F.);
#1838=ORIENTED_EDGE('',*,*,#3101,.T.);
#1839=ORIENTED_EDGE('',*,*,#3102,.F.);
#1840=ORIENTED_EDGE('',*,*,#3103,.T.);
#1841=ORIENTED_EDGE('',*,*,#3104,.F.);
#1842=ORIENTED_EDGE('',*,*,#3105,.T.);
#1843=ORIENTED_EDGE('',*,*,#3106,.F.);
#1844=ORIENTED_EDGE('',*,*,#3107,.T.);
#1845=ORIENTED_EDGE('',*,*,#3108,.F.);
#1846=ORIENTED_EDGE('',*,*,#3109,.T.);
#1847=ORIENTED_EDGE('',*,*,#3110,.F.);
#1848=ORIENTED_EDGE('',*,*,#3111,.F.);
#1849=ORIENTED_EDGE('',*,*,#3112,.F.);
#1850=ORIENTED_EDGE('',*,*,#3113,.F.);
#1851=ORIENTED_EDGE('',*,*,#3114,.F.);
#1852=ORIENTED_EDGE('',*,*,#3115,.F.);
#1853=ORIENTED_EDGE('',*,*,#3116,.F.);
#1854=ORIENTED_EDGE('',*,*,#3117,.T.);
#1855=ORIENTED_EDGE('',*,*,#3118,.T.);
#1856=ORIENTED_EDGE('',*,*,#3119,.T.);
#1857=ORIENTED_EDGE('',*,*,#3120,.T.);
#1858=ORIENTED_EDGE('',*,*,#3121,.T.);
#1859=ORIENTED_EDGE('',*,*,#3122,.T.);
#1860=ORIENTED_EDGE('',*,*,#3123,.T.);
#1861=ORIENTED_EDGE('',*,*,#3124,.T.);
#1862=ORIENTED_EDGE('',*,*,#3125,.T.);
#1863=ORIENTED_EDGE('',*,*,#3126,.F.);
#1864=ORIENTED_EDGE('',*,*,#3127,.F.);
#1865=ORIENTED_EDGE('',*,*,#3128,.F.);
#1866=ORIENTED_EDGE('',*,*,#3129,.F.);
#1867=ORIENTED_EDGE('',*,*,#3130,.F.);
#1868=ORIENTED_EDGE('',*,*,#3131,.F.);
#1869=ORIENTED_EDGE('',*,*,#3132,.T.);
#1870=ORIENTED_EDGE('',*,*,#3133,.F.);
#1871=ORIENTED_EDGE('',*,*,#3134,.T.);
#1872=ORIENTED_EDGE('',*,*,#3135,.T.);
#1873=ORIENTED_EDGE('',*,*,#3136,.F.);
#1874=ORIENTED_EDGE('',*,*,#3137,.T.);
#1875=ORIENTED_EDGE('',*,*,#3138,.T.);
#1876=ORIENTED_EDGE('',*,*,#3139,.T.);
#1877=ORIENTED_EDGE('',*,*,#3140,.T.);
#1878=ORIENTED_EDGE('',*,*,#3141,.F.);
#1879=ORIENTED_EDGE('',*,*,#3142,.T.);
#1880=ORIENTED_EDGE('',*,*,#3133,.T.);
#1881=ORIENTED_EDGE('',*,*,#3143,.F.);
#1882=ORIENTED_EDGE('',*,*,#3144,.F.);
#1883=ORIENTED_EDGE('',*,*,#3145,.T.);
#1884=ORIENTED_EDGE('',*,*,#3141,.T.);
#1885=ORIENTED_EDGE('',*,*,#3146,.F.);
#1886=ORIENTED_EDGE('',*,*,#3135,.F.);
#1887=ORIENTED_EDGE('',*,*,#3147,.T.);
#1888=ORIENTED_EDGE('',*,*,#3144,.T.);
#1889=ORIENTED_EDGE('',*,*,#3148,.F.);
#1890=ORIENTED_EDGE('',*,*,#3136,.T.);
#1891=ORIENTED_EDGE('',*,*,#3148,.T.);
#1892=ORIENTED_EDGE('',*,*,#3146,.T.);
#1893=ORIENTED_EDGE('',*,*,#3143,.T.);
#1894=ORIENTED_EDGE('',*,*,#3149,.F.);
#1895=ORIENTED_EDGE('',*,*,#3150,.T.);
#1896=ORIENTED_EDGE('',*,*,#3151,.F.);
#1897=ORIENTED_EDGE('',*,*,#3147,.F.);
#1898=ORIENTED_EDGE('',*,*,#3151,.T.);
#1899=ORIENTED_EDGE('',*,*,#3152,.T.);
#1900=ORIENTED_EDGE('',*,*,#3153,.F.);
#1901=ORIENTED_EDGE('',*,*,#3145,.F.);
#1902=ORIENTED_EDGE('',*,*,#3149,.T.);
#1903=ORIENTED_EDGE('',*,*,#3134,.F.);
#1904=ORIENTED_EDGE('',*,*,#3154,.F.);
#1905=ORIENTED_EDGE('',*,*,#3155,.T.);
#1906=ORIENTED_EDGE('',*,*,#3153,.T.);
#1907=ORIENTED_EDGE('',*,*,#3156,.T.);
#1908=ORIENTED_EDGE('',*,*,#3154,.T.);
#1909=ORIENTED_EDGE('',*,*,#3142,.F.);
#1910=ORIENTED_EDGE('',*,*,#3138,.F.);
#1911=ORIENTED_EDGE('',*,*,#3157,.F.);
#1912=ORIENTED_EDGE('',*,*,#3158,.T.);
#1913=ORIENTED_EDGE('',*,*,#3159,.T.);
#1914=ORIENTED_EDGE('',*,*,#3137,.F.);
#1915=ORIENTED_EDGE('',*,*,#3160,.F.);
#1916=ORIENTED_EDGE('',*,*,#3161,.T.);
#1917=ORIENTED_EDGE('',*,*,#3157,.T.);
#1918=ORIENTED_EDGE('',*,*,#3140,.F.);
#1919=ORIENTED_EDGE('',*,*,#3162,.F.);
#1920=ORIENTED_EDGE('',*,*,#3163,.T.);
#1921=ORIENTED_EDGE('',*,*,#3160,.T.);
#1922=ORIENTED_EDGE('',*,*,#3139,.F.);
#1923=ORIENTED_EDGE('',*,*,#3159,.F.);
#1924=ORIENTED_EDGE('',*,*,#3164,.T.);
#1925=ORIENTED_EDGE('',*,*,#3162,.T.);
#1926=ORIENTED_EDGE('',*,*,#3158,.F.);
#1927=ORIENTED_EDGE('',*,*,#3161,.F.);
#1928=ORIENTED_EDGE('',*,*,#3163,.F.);
#1929=ORIENTED_EDGE('',*,*,#3164,.F.);
#1930=ORIENTED_EDGE('',*,*,#3165,.F.);
#1931=ORIENTED_EDGE('',*,*,#3150,.F.);
#1932=ORIENTED_EDGE('',*,*,#3166,.F.);
#1933=ORIENTED_EDGE('',*,*,#3074,.F.);
#1934=ORIENTED_EDGE('',*,*,#3166,.T.);
#1935=ORIENTED_EDGE('',*,*,#3155,.F.);
#1936=ORIENTED_EDGE('',*,*,#3167,.F.);
#1937=ORIENTED_EDGE('',*,*,#3071,.F.);
#1938=ORIENTED_EDGE('',*,*,#3165,.T.);
#1939=ORIENTED_EDGE('',*,*,#3073,.F.);
#1940=ORIENTED_EDGE('',*,*,#3168,.F.);
#1941=ORIENTED_EDGE('',*,*,#3152,.F.);
#1942=ORIENTED_EDGE('',*,*,#3167,.T.);
#1943=ORIENTED_EDGE('',*,*,#3156,.F.);
#1944=ORIENTED_EDGE('',*,*,#3168,.T.);
#1945=ORIENTED_EDGE('',*,*,#3072,.F.);
#1946=ORIENTED_EDGE('',*,*,#3076,.F.);
#1947=ORIENTED_EDGE('',*,*,#3169,.F.);
#1948=ORIENTED_EDGE('',*,*,#3170,.T.);
#1949=ORIENTED_EDGE('',*,*,#3171,.T.);
#1950=ORIENTED_EDGE('',*,*,#3075,.T.);
#1951=ORIENTED_EDGE('',*,*,#3172,.F.);
#1952=ORIENTED_EDGE('',*,*,#3173,.F.);
#1953=ORIENTED_EDGE('',*,*,#3169,.T.);
#1954=ORIENTED_EDGE('',*,*,#3103,.F.);
#1955=ORIENTED_EDGE('',*,*,#3174,.F.);
#1956=ORIENTED_EDGE('',*,*,#3175,.T.);
#1957=ORIENTED_EDGE('',*,*,#3172,.T.);
#1958=ORIENTED_EDGE('',*,*,#3102,.T.);
#1959=ORIENTED_EDGE('',*,*,#3176,.F.);
#1960=ORIENTED_EDGE('',*,*,#3177,.F.);
#1961=ORIENTED_EDGE('',*,*,#3174,.T.);
#1962=ORIENTED_EDGE('',*,*,#3101,.F.);
#1963=ORIENTED_EDGE('',*,*,#3178,.F.);
#1964=ORIENTED_EDGE('',*,*,#3179,.T.);
#1965=ORIENTED_EDGE('',*,*,#3176,.T.);
#1966=ORIENTED_EDGE('',*,*,#3100,.T.);
#1967=ORIENTED_EDGE('',*,*,#3180,.F.);
#1968=ORIENTED_EDGE('',*,*,#3181,.F.);
#1969=ORIENTED_EDGE('',*,*,#3178,.T.);
#1970=ORIENTED_EDGE('',*,*,#3099,.F.);
#1971=ORIENTED_EDGE('',*,*,#3182,.F.);
#1972=ORIENTED_EDGE('',*,*,#3183,.T.);
#1973=ORIENTED_EDGE('',*,*,#3180,.T.);
#1974=ORIENTED_EDGE('',*,*,#3098,.T.);
#1975=ORIENTED_EDGE('',*,*,#3184,.F.);
#1976=ORIENTED_EDGE('',*,*,#3185,.F.);
#1977=ORIENTED_EDGE('',*,*,#3182,.T.);
#1978=ORIENTED_EDGE('',*,*,#3097,.F.);
#1979=ORIENTED_EDGE('',*,*,#3186,.F.);
#1980=ORIENTED_EDGE('',*,*,#3187,.T.);
#1981=ORIENTED_EDGE('',*,*,#3184,.T.);
#1982=ORIENTED_EDGE('',*,*,#3096,.F.);
#1983=ORIENTED_EDGE('',*,*,#3188,.F.);
#1984=ORIENTED_EDGE('',*,*,#3189,.T.);
#1985=ORIENTED_EDGE('',*,*,#3186,.T.);
#1986=ORIENTED_EDGE('',*,*,#3095,.F.);
#1987=ORIENTED_EDGE('',*,*,#3190,.F.);
#1988=ORIENTED_EDGE('',*,*,#3191,.T.);
#1989=ORIENTED_EDGE('',*,*,#3188,.T.);
#1990=ORIENTED_EDGE('',*,*,#3094,.F.);
#1991=ORIENTED_EDGE('',*,*,#3192,.F.);
#1992=ORIENTED_EDGE('',*,*,#3193,.T.);
#1993=ORIENTED_EDGE('',*,*,#3190,.T.);
#1994=ORIENTED_EDGE('',*,*,#3093,.F.);
#1995=ORIENTED_EDGE('',*,*,#3194,.F.);
#1996=ORIENTED_EDGE('',*,*,#3195,.T.);
#1997=ORIENTED_EDGE('',*,*,#3192,.T.);
#1998=ORIENTED_EDGE('',*,*,#3092,.F.);
#1999=ORIENTED_EDGE('',*,*,#3196,.F.);
#2000=ORIENTED_EDGE('',*,*,#3197,.T.);
#2001=ORIENTED_EDGE('',*,*,#3194,.T.);
#2002=ORIENTED_EDGE('',*,*,#3091,.F.);
#2003=ORIENTED_EDGE('',*,*,#3198,.F.);
#2004=ORIENTED_EDGE('',*,*,#3199,.T.);
#2005=ORIENTED_EDGE('',*,*,#3196,.T.);
#2006=ORIENTED_EDGE('',*,*,#3090,.T.);
#2007=ORIENTED_EDGE('',*,*,#3200,.F.);
#2008=ORIENTED_EDGE('',*,*,#3201,.F.);
#2009=ORIENTED_EDGE('',*,*,#3198,.T.);
#2010=ORIENTED_EDGE('',*,*,#3089,.T.);
#2011=ORIENTED_EDGE('',*,*,#3202,.F.);
#2012=ORIENTED_EDGE('',*,*,#3203,.F.);
#2013=ORIENTED_EDGE('',*,*,#3200,.T.);
#2014=ORIENTED_EDGE('',*,*,#3088,.T.);
#2015=ORIENTED_EDGE('',*,*,#3204,.F.);
#2016=ORIENTED_EDGE('',*,*,#3205,.F.);
#2017=ORIENTED_EDGE('',*,*,#3202,.T.);
#2018=ORIENTED_EDGE('',*,*,#3087,.T.);
#2019=ORIENTED_EDGE('',*,*,#3206,.F.);
#2020=ORIENTED_EDGE('',*,*,#3207,.F.);
#2021=ORIENTED_EDGE('',*,*,#3204,.T.);
#2022=ORIENTED_EDGE('',*,*,#3086,.T.);
#2023=ORIENTED_EDGE('',*,*,#3208,.F.);
#2024=ORIENTED_EDGE('',*,*,#3209,.F.);
#2025=ORIENTED_EDGE('',*,*,#3206,.T.);
#2026=ORIENTED_EDGE('',*,*,#3085,.T.);
#2027=ORIENTED_EDGE('',*,*,#3210,.F.);
#2028=ORIENTED_EDGE('',*,*,#3211,.F.);
#2029=ORIENTED_EDGE('',*,*,#3208,.T.);
#2030=ORIENTED_EDGE('',*,*,#3084,.T.);
#2031=ORIENTED_EDGE('',*,*,#3212,.F.);
#2032=ORIENTED_EDGE('',*,*,#3213,.F.);
#2033=ORIENTED_EDGE('',*,*,#3210,.T.);
#2034=ORIENTED_EDGE('',*,*,#3083,.T.);
#2035=ORIENTED_EDGE('',*,*,#3214,.F.);
#2036=ORIENTED_EDGE('',*,*,#3215,.F.);
#2037=ORIENTED_EDGE('',*,*,#3212,.T.);
#2038=ORIENTED_EDGE('',*,*,#3082,.T.);
#2039=ORIENTED_EDGE('',*,*,#3216,.F.);
#2040=ORIENTED_EDGE('',*,*,#3217,.F.);
#2041=ORIENTED_EDGE('',*,*,#3214,.T.);
#2042=ORIENTED_EDGE('',*,*,#3081,.F.);
#2043=ORIENTED_EDGE('',*,*,#3218,.F.);
#2044=ORIENTED_EDGE('',*,*,#3219,.T.);
#2045=ORIENTED_EDGE('',*,*,#3216,.T.);
#2046=ORIENTED_EDGE('',*,*,#3080,.F.);
#2047=ORIENTED_EDGE('',*,*,#3220,.F.);
#2048=ORIENTED_EDGE('',*,*,#3221,.T.);
#2049=ORIENTED_EDGE('',*,*,#3218,.T.);
#2050=ORIENTED_EDGE('',*,*,#3079,.F.);
#2051=ORIENTED_EDGE('',*,*,#3222,.F.);
#2052=ORIENTED_EDGE('',*,*,#3223,.T.);
#2053=ORIENTED_EDGE('',*,*,#3220,.T.);
#2054=ORIENTED_EDGE('',*,*,#3078,.F.);
#2055=ORIENTED_EDGE('',*,*,#3224,.F.);
#2056=ORIENTED_EDGE('',*,*,#3225,.T.);
#2057=ORIENTED_EDGE('',*,*,#3222,.T.);
#2058=ORIENTED_EDGE('',*,*,#3077,.F.);
#2059=ORIENTED_EDGE('',*,*,#3171,.F.);
#2060=ORIENTED_EDGE('',*,*,#3226,.T.);
#2061=ORIENTED_EDGE('',*,*,#3224,.T.);
#2062=ORIENTED_EDGE('',*,*,#3170,.F.);
#2063=ORIENTED_EDGE('',*,*,#3173,.T.);
#2064=ORIENTED_EDGE('',*,*,#3175,.F.);
#2065=ORIENTED_EDGE('',*,*,#3177,.T.);
#2066=ORIENTED_EDGE('',*,*,#3179,.F.);
#2067=ORIENTED_EDGE('',*,*,#3181,.T.);
#2068=ORIENTED_EDGE('',*,*,#3183,.F.);
#2069=ORIENTED_EDGE('',*,*,#3185,.T.);
#2070=ORIENTED_EDGE('',*,*,#3187,.F.);
#2071=ORIENTED_EDGE('',*,*,#3189,.F.);
#2072=ORIENTED_EDGE('',*,*,#3191,.F.);
#2073=ORIENTED_EDGE('',*,*,#3193,.F.);
#2074=ORIENTED_EDGE('',*,*,#3195,.F.);
#2075=ORIENTED_EDGE('',*,*,#3197,.F.);
#2076=ORIENTED_EDGE('',*,*,#3199,.F.);
#2077=ORIENTED_EDGE('',*,*,#3201,.T.);
#2078=ORIENTED_EDGE('',*,*,#3203,.T.);
#2079=ORIENTED_EDGE('',*,*,#3205,.T.);
#2080=ORIENTED_EDGE('',*,*,#3207,.T.);
#2081=ORIENTED_EDGE('',*,*,#3209,.T.);
#2082=ORIENTED_EDGE('',*,*,#3211,.T.);
#2083=ORIENTED_EDGE('',*,*,#3213,.T.);
#2084=ORIENTED_EDGE('',*,*,#3215,.T.);
#2085=ORIENTED_EDGE('',*,*,#3217,.T.);
#2086=ORIENTED_EDGE('',*,*,#3219,.F.);
#2087=ORIENTED_EDGE('',*,*,#3221,.F.);
#2088=ORIENTED_EDGE('',*,*,#3223,.F.);
#2089=ORIENTED_EDGE('',*,*,#3225,.F.);
#2090=ORIENTED_EDGE('',*,*,#3226,.F.);
#2091=ORIENTED_EDGE('',*,*,#3105,.F.);
#2092=ORIENTED_EDGE('',*,*,#3227,.F.);
#2093=ORIENTED_EDGE('',*,*,#3228,.T.);
#2094=ORIENTED_EDGE('',*,*,#3229,.T.);
#2095=ORIENTED_EDGE('',*,*,#3104,.T.);
#2096=ORIENTED_EDGE('',*,*,#3230,.F.);
#2097=ORIENTED_EDGE('',*,*,#3231,.F.);
#2098=ORIENTED_EDGE('',*,*,#3227,.T.);
#2099=ORIENTED_EDGE('',*,*,#3132,.F.);
#2100=ORIENTED_EDGE('',*,*,#3232,.F.);
#2101=ORIENTED_EDGE('',*,*,#3233,.T.);
#2102=ORIENTED_EDGE('',*,*,#3230,.T.);
#2103=ORIENTED_EDGE('',*,*,#3131,.T.);
#2104=ORIENTED_EDGE('',*,*,#3234,.F.);
#2105=ORIENTED_EDGE('',*,*,#3235,.F.);
#2106=ORIENTED_EDGE('',*,*,#3232,.T.);
#2107=ORIENTED_EDGE('',*,*,#3130,.T.);
#2108=ORIENTED_EDGE('',*,*,#3236,.F.);
#2109=ORIENTED_EDGE('',*,*,#3237,.F.);
#2110=ORIENTED_EDGE('',*,*,#3234,.T.);
#2111=ORIENTED_EDGE('',*,*,#3129,.T.);
#2112=ORIENTED_EDGE('',*,*,#3238,.F.);
#2113=ORIENTED_EDGE('',*,*,#3239,.F.);
#2114=ORIENTED_EDGE('',*,*,#3236,.T.);
#2115=ORIENTED_EDGE('',*,*,#3128,.T.);
#2116=ORIENTED_EDGE('',*,*,#3240,.F.);
#2117=ORIENTED_EDGE('',*,*,#3241,.F.);
#2118=ORIENTED_EDGE('',*,*,#3238,.T.);
#2119=ORIENTED_EDGE('',*,*,#3127,.T.);
#2120=ORIENTED_EDGE('',*,*,#3242,.F.);
#2121=ORIENTED_EDGE('',*,*,#3243,.F.);
#2122=ORIENTED_EDGE('',*,*,#3240,.T.);
#2123=ORIENTED_EDGE('',*,*,#3126,.T.);
#2124=ORIENTED_EDGE('',*,*,#3244,.F.);
#2125=ORIENTED_EDGE('',*,*,#3245,.F.);
#2126=ORIENTED_EDGE('',*,*,#3242,.T.);
#2127=ORIENTED_EDGE('',*,*,#3125,.F.);
#2128=ORIENTED_EDGE('',*,*,#3246,.F.);
#2129=ORIENTED_EDGE('',*,*,#3247,.T.);
#2130=ORIENTED_EDGE('',*,*,#3244,.T.);
#2131=ORIENTED_EDGE('',*,*,#3124,.F.);
#2132=ORIENTED_EDGE('',*,*,#3248,.F.);
#2133=ORIENTED_EDGE('',*,*,#3249,.T.);
#2134=ORIENTED_EDGE('',*,*,#3246,.T.);
#2135=ORIENTED_EDGE('',*,*,#3123,.F.);
#2136=ORIENTED_EDGE('',*,*,#3250,.F.);
#2137=ORIENTED_EDGE('',*,*,#3251,.T.);
#2138=ORIENTED_EDGE('',*,*,#3248,.T.);
#2139=ORIENTED_EDGE('',*,*,#3122,.F.);
#2140=ORIENTED_EDGE('',*,*,#3252,.F.);
#2141=ORIENTED_EDGE('',*,*,#3253,.T.);
#2142=ORIENTED_EDGE('',*,*,#3250,.T.);
#2143=ORIENTED_EDGE('',*,*,#3121,.F.);
#2144=ORIENTED_EDGE('',*,*,#3254,.F.);
#2145=ORIENTED_EDGE('',*,*,#3255,.T.);
#2146=ORIENTED_EDGE('',*,*,#3252,.T.);
#2147=ORIENTED_EDGE('',*,*,#3120,.F.);
#2148=ORIENTED_EDGE('',*,*,#3256,.F.);
#2149=ORIENTED_EDGE('',*,*,#3257,.T.);
#2150=ORIENTED_EDGE('',*,*,#3254,.T.);
#2151=ORIENTED_EDGE('',*,*,#3119,.F.);
#2152=ORIENTED_EDGE('',*,*,#3258,.F.);
#2153=ORIENTED_EDGE('',*,*,#3259,.T.);
#2154=ORIENTED_EDGE('',*,*,#3256,.T.);
#2155=ORIENTED_EDGE('',*,*,#3118,.F.);
#2156=ORIENTED_EDGE('',*,*,#3260,.F.);
#2157=ORIENTED_EDGE('',*,*,#3261,.T.);
#2158=ORIENTED_EDGE('',*,*,#3258,.T.);
#2159=ORIENTED_EDGE('',*,*,#3117,.F.);
#2160=ORIENTED_EDGE('',*,*,#3262,.F.);
#2161=ORIENTED_EDGE('',*,*,#3263,.T.);
#2162=ORIENTED_EDGE('',*,*,#3260,.T.);
#2163=ORIENTED_EDGE('',*,*,#3116,.T.);
#2164=ORIENTED_EDGE('',*,*,#3264,.F.);
#2165=ORIENTED_EDGE('',*,*,#3265,.F.);
#2166=ORIENTED_EDGE('',*,*,#3262,.T.);
#2167=ORIENTED_EDGE('',*,*,#3115,.T.);
#2168=ORIENTED_EDGE('',*,*,#3266,.F.);
#2169=ORIENTED_EDGE('',*,*,#3267,.F.);
#2170=ORIENTED_EDGE('',*,*,#3264,.T.);
#2171=ORIENTED_EDGE('',*,*,#3114,.T.);
#2172=ORIENTED_EDGE('',*,*,#3268,.F.);
#2173=ORIENTED_EDGE('',*,*,#3269,.F.);
#2174=ORIENTED_EDGE('',*,*,#3266,.T.);
#2175=ORIENTED_EDGE('',*,*,#3113,.T.);
#2176=ORIENTED_EDGE('',*,*,#3270,.F.);
#2177=ORIENTED_EDGE('',*,*,#3271,.F.);
#2178=ORIENTED_EDGE('',*,*,#3268,.T.);
#2179=ORIENTED_EDGE('',*,*,#3112,.T.);
#2180=ORIENTED_EDGE('',*,*,#3272,.F.);
#2181=ORIENTED_EDGE('',*,*,#3273,.F.);
#2182=ORIENTED_EDGE('',*,*,#3270,.T.);
#2183=ORIENTED_EDGE('',*,*,#3111,.T.);
#2184=ORIENTED_EDGE('',*,*,#3274,.F.);
#2185=ORIENTED_EDGE('',*,*,#3275,.F.);
#2186=ORIENTED_EDGE('',*,*,#3272,.T.);
#2187=ORIENTED_EDGE('',*,*,#3110,.T.);
#2188=ORIENTED_EDGE('',*,*,#3276,.F.);
#2189=ORIENTED_EDGE('',*,*,#3277,.F.);
#2190=ORIENTED_EDGE('',*,*,#3274,.T.);
#2191=ORIENTED_EDGE('',*,*,#3109,.F.);
#2192=ORIENTED_EDGE('',*,*,#3278,.F.);
#2193=ORIENTED_EDGE('',*,*,#3279,.T.);
#2194=ORIENTED_EDGE('',*,*,#3276,.T.);
#2195=ORIENTED_EDGE('',*,*,#3108,.T.);
#2196=ORIENTED_EDGE('',*,*,#3280,.F.);
#2197=ORIENTED_EDGE('',*,*,#3281,.F.);
#2198=ORIENTED_EDGE('',*,*,#3278,.T.);
#2199=ORIENTED_EDGE('',*,*,#3107,.F.);
#2200=ORIENTED_EDGE('',*,*,#3282,.F.);
#2201=ORIENTED_EDGE('',*,*,#3283,.T.);
#2202=ORIENTED_EDGE('',*,*,#3280,.T.);
#2203=ORIENTED_EDGE('',*,*,#3106,.T.);
#2204=ORIENTED_EDGE('',*,*,#3229,.F.);
#2205=ORIENTED_EDGE('',*,*,#3284,.F.);
#2206=ORIENTED_EDGE('',*,*,#3282,.T.);
#2207=ORIENTED_EDGE('',*,*,#3228,.F.);
#2208=ORIENTED_EDGE('',*,*,#3231,.T.);
#2209=ORIENTED_EDGE('',*,*,#3233,.F.);
#2210=ORIENTED_EDGE('',*,*,#3235,.T.);
#2211=ORIENTED_EDGE('',*,*,#3237,.T.);
#2212=ORIENTED_EDGE('',*,*,#3239,.T.);
#2213=ORIENTED_EDGE('',*,*,#3241,.T.);
#2214=ORIENTED_EDGE('',*,*,#3243,.T.);
#2215=ORIENTED_EDGE('',*,*,#3245,.T.);
#2216=ORIENTED_EDGE('',*,*,#3247,.F.);
#2217=ORIENTED_EDGE('',*,*,#3249,.F.);
#2218=ORIENTED_EDGE('',*,*,#3251,.F.);
#2219=ORIENTED_EDGE('',*,*,#3253,.F.);
#2220=ORIENTED_EDGE('',*,*,#3255,.F.);
#2221=ORIENTED_EDGE('',*,*,#3257,.F.);
#2222=ORIENTED_EDGE('',*,*,#3259,.F.);
#2223=ORIENTED_EDGE('',*,*,#3261,.F.);
#2224=ORIENTED_EDGE('',*,*,#3263,.F.);
#2225=ORIENTED_EDGE('',*,*,#3265,.T.);
#2226=ORIENTED_EDGE('',*,*,#3267,.T.);
#2227=ORIENTED_EDGE('',*,*,#3269,.T.);
#2228=ORIENTED_EDGE('',*,*,#3271,.T.);
#2229=ORIENTED_EDGE('',*,*,#3273,.T.);
#2230=ORIENTED_EDGE('',*,*,#3275,.T.);
#2231=ORIENTED_EDGE('',*,*,#3277,.T.);
#2232=ORIENTED_EDGE('',*,*,#3279,.F.);
#2233=ORIENTED_EDGE('',*,*,#3281,.T.);
#2234=ORIENTED_EDGE('',*,*,#3283,.F.);
#2235=ORIENTED_EDGE('',*,*,#3284,.T.);
#2236=ORIENTED_EDGE('',*,*,#3285,.F.);
#2237=ORIENTED_EDGE('',*,*,#3286,.F.);
#2238=ORIENTED_EDGE('',*,*,#3287,.T.);
#2239=ORIENTED_EDGE('',*,*,#3288,.T.);
#2240=ORIENTED_EDGE('',*,*,#3289,.T.);
#2241=ORIENTED_EDGE('',*,*,#3290,.T.);
#2242=ORIENTED_EDGE('',*,*,#3291,.T.);
#2243=ORIENTED_EDGE('',*,*,#3292,.F.);
#2244=ORIENTED_EDGE('',*,*,#3293,.T.);
#2245=ORIENTED_EDGE('',*,*,#3294,.F.);
#2246=ORIENTED_EDGE('',*,*,#3295,.F.);
#2247=ORIENTED_EDGE('',*,*,#3296,.F.);
#2248=ORIENTED_EDGE('',*,*,#3297,.F.);
#2249=ORIENTED_EDGE('',*,*,#3298,.F.);
#2250=ORIENTED_EDGE('',*,*,#3299,.F.);
#2251=ORIENTED_EDGE('',*,*,#3300,.F.);
#2252=ORIENTED_EDGE('',*,*,#3301,.F.);
#2253=ORIENTED_EDGE('',*,*,#3302,.T.);
#2254=ORIENTED_EDGE('',*,*,#3303,.T.);
#2255=ORIENTED_EDGE('',*,*,#3304,.T.);
#2256=ORIENTED_EDGE('',*,*,#3305,.T.);
#2257=ORIENTED_EDGE('',*,*,#3306,.F.);
#2258=ORIENTED_EDGE('',*,*,#3307,.F.);
#2259=ORIENTED_EDGE('',*,*,#3308,.F.);
#2260=ORIENTED_EDGE('',*,*,#3309,.T.);
#2261=ORIENTED_EDGE('',*,*,#3310,.T.);
#2262=ORIENTED_EDGE('',*,*,#3311,.T.);
#2263=ORIENTED_EDGE('',*,*,#3312,.T.);
#2264=ORIENTED_EDGE('',*,*,#3313,.T.);
#2265=ORIENTED_EDGE('',*,*,#3314,.F.);
#2266=ORIENTED_EDGE('',*,*,#3315,.F.);
#2267=ORIENTED_EDGE('',*,*,#3316,.T.);
#2268=ORIENTED_EDGE('',*,*,#3317,.T.);
#2269=ORIENTED_EDGE('',*,*,#3318,.T.);
#2270=ORIENTED_EDGE('',*,*,#3319,.T.);
#2271=ORIENTED_EDGE('',*,*,#3320,.F.);
#2272=ORIENTED_EDGE('',*,*,#3321,.T.);
#2273=ORIENTED_EDGE('',*,*,#3322,.F.);
#2274=ORIENTED_EDGE('',*,*,#3323,.T.);
#2275=ORIENTED_EDGE('',*,*,#3324,.F.);
#2276=ORIENTED_EDGE('',*,*,#3325,.F.);
#2277=ORIENTED_EDGE('',*,*,#3326,.F.);
#2278=ORIENTED_EDGE('',*,*,#3327,.T.);
#2279=ORIENTED_EDGE('',*,*,#3328,.T.);
#2280=ORIENTED_EDGE('',*,*,#3329,.T.);
#2281=ORIENTED_EDGE('',*,*,#3330,.T.);
#2282=ORIENTED_EDGE('',*,*,#3331,.F.);
#2283=ORIENTED_EDGE('',*,*,#3332,.F.);
#2284=ORIENTED_EDGE('',*,*,#3333,.F.);
#2285=ORIENTED_EDGE('',*,*,#3334,.F.);
#2286=ORIENTED_EDGE('',*,*,#3335,.F.);
#2287=ORIENTED_EDGE('',*,*,#3336,.T.);
#2288=ORIENTED_EDGE('',*,*,#3337,.T.);
#2289=ORIENTED_EDGE('',*,*,#3338,.T.);
#2290=ORIENTED_EDGE('',*,*,#3339,.F.);
#2291=ORIENTED_EDGE('',*,*,#3340,.F.);
#2292=ORIENTED_EDGE('',*,*,#3341,.F.);
#2293=ORIENTED_EDGE('',*,*,#3342,.F.);
#2294=ORIENTED_EDGE('',*,*,#3343,.T.);
#2295=ORIENTED_EDGE('',*,*,#3344,.T.);
#2296=ORIENTED_EDGE('',*,*,#3345,.T.);
#2297=ORIENTED_EDGE('',*,*,#3346,.T.);
#2298=ORIENTED_EDGE('',*,*,#3347,.T.);
#2299=ORIENTED_EDGE('',*,*,#3348,.T.);
#2300=ORIENTED_EDGE('',*,*,#3349,.T.);
#2301=ORIENTED_EDGE('',*,*,#3350,.T.);
#2302=ORIENTED_EDGE('',*,*,#3351,.F.);
#2303=ORIENTED_EDGE('',*,*,#3352,.T.);
#2304=ORIENTED_EDGE('',*,*,#3353,.T.);
#2305=ORIENTED_EDGE('',*,*,#3354,.F.);
#2306=ORIENTED_EDGE('',*,*,#3355,.F.);
#2307=ORIENTED_EDGE('',*,*,#3356,.T.);
#2308=ORIENTED_EDGE('',*,*,#3351,.T.);
#2309=ORIENTED_EDGE('',*,*,#3357,.F.);
#2310=ORIENTED_EDGE('',*,*,#3358,.F.);
#2311=ORIENTED_EDGE('',*,*,#3359,.T.);
#2312=ORIENTED_EDGE('',*,*,#3355,.T.);
#2313=ORIENTED_EDGE('',*,*,#3360,.F.);
#2314=ORIENTED_EDGE('',*,*,#3361,.F.);
#2315=ORIENTED_EDGE('',*,*,#3362,.F.);
#2316=ORIENTED_EDGE('',*,*,#3363,.F.);
#2317=ORIENTED_EDGE('',*,*,#3364,.F.);
#2318=ORIENTED_EDGE('',*,*,#3353,.F.);
#2319=ORIENTED_EDGE('',*,*,#3365,.T.);
#2320=ORIENTED_EDGE('',*,*,#3358,.T.);
#2321=ORIENTED_EDGE('',*,*,#3366,.F.);
#2322=ORIENTED_EDGE('',*,*,#3354,.T.);
#2323=ORIENTED_EDGE('',*,*,#3366,.T.);
#2324=ORIENTED_EDGE('',*,*,#3360,.T.);
#2325=ORIENTED_EDGE('',*,*,#3357,.T.);
#2326=ORIENTED_EDGE('',*,*,#3361,.T.);
#2327=ORIENTED_EDGE('',*,*,#3367,.F.);
#2328=ORIENTED_EDGE('',*,*,#3368,.F.);
#2329=ORIENTED_EDGE('',*,*,#3369,.T.);
#2330=ORIENTED_EDGE('',*,*,#3364,.T.);
#2331=ORIENTED_EDGE('',*,*,#3370,.F.);
#2332=ORIENTED_EDGE('',*,*,#3371,.F.);
#2333=ORIENTED_EDGE('',*,*,#3367,.T.);
#2334=ORIENTED_EDGE('',*,*,#3363,.T.);
#2335=ORIENTED_EDGE('',*,*,#3372,.F.);
#2336=ORIENTED_EDGE('',*,*,#3373,.F.);
#2337=ORIENTED_EDGE('',*,*,#3370,.T.);
#2338=ORIENTED_EDGE('',*,*,#3362,.T.);
#2339=ORIENTED_EDGE('',*,*,#3369,.F.);
#2340=ORIENTED_EDGE('',*,*,#3374,.F.);
#2341=ORIENTED_EDGE('',*,*,#3372,.T.);
#2342=ORIENTED_EDGE('',*,*,#3368,.T.);
#2343=ORIENTED_EDGE('',*,*,#3371,.T.);
#2344=ORIENTED_EDGE('',*,*,#3373,.T.);
#2345=ORIENTED_EDGE('',*,*,#3374,.T.);
#2346=ORIENTED_EDGE('',*,*,#3375,.F.);
#2347=ORIENTED_EDGE('',*,*,#3376,.T.);
#2348=ORIENTED_EDGE('',*,*,#3377,.F.);
#2349=ORIENTED_EDGE('',*,*,#3352,.F.);
#2350=ORIENTED_EDGE('',*,*,#3377,.T.);
#2351=ORIENTED_EDGE('',*,*,#3378,.T.);
#2352=ORIENTED_EDGE('',*,*,#3379,.F.);
#2353=ORIENTED_EDGE('',*,*,#3365,.F.);
#2354=ORIENTED_EDGE('',*,*,#3380,.F.);
#2355=ORIENTED_EDGE('',*,*,#3381,.T.);
#2356=ORIENTED_EDGE('',*,*,#3375,.T.);
#2357=ORIENTED_EDGE('',*,*,#3356,.F.);
#2358=ORIENTED_EDGE('',*,*,#3379,.T.);
#2359=ORIENTED_EDGE('',*,*,#3382,.T.);
#2360=ORIENTED_EDGE('',*,*,#3380,.T.);
#2361=ORIENTED_EDGE('',*,*,#3359,.F.);
#2362=ORIENTED_EDGE('',*,*,#3383,.F.);
#2363=ORIENTED_EDGE('',*,*,#3382,.F.);
#2364=ORIENTED_EDGE('',*,*,#3384,.F.);
#2365=ORIENTED_EDGE('',*,*,#3319,.F.);
#2366=ORIENTED_EDGE('',*,*,#3384,.T.);
#2367=ORIENTED_EDGE('',*,*,#3378,.F.);
#2368=ORIENTED_EDGE('',*,*,#3385,.F.);
#2369=ORIENTED_EDGE('',*,*,#3316,.F.);
#2370=ORIENTED_EDGE('',*,*,#3383,.T.);
#2371=ORIENTED_EDGE('',*,*,#3318,.F.);
#2372=ORIENTED_EDGE('',*,*,#3386,.F.);
#2373=ORIENTED_EDGE('',*,*,#3381,.F.);
#2374=ORIENTED_EDGE('',*,*,#3385,.T.);
#2375=ORIENTED_EDGE('',*,*,#3376,.F.);
#2376=ORIENTED_EDGE('',*,*,#3386,.T.);
#2377=ORIENTED_EDGE('',*,*,#3317,.F.);
#2378=ORIENTED_EDGE('',*,*,#3321,.F.);
#2379=ORIENTED_EDGE('',*,*,#3387,.F.);
#2380=ORIENTED_EDGE('',*,*,#3388,.T.);
#2381=ORIENTED_EDGE('',*,*,#3389,.T.);
#2382=ORIENTED_EDGE('',*,*,#3320,.T.);
#2383=ORIENTED_EDGE('',*,*,#3390,.F.);
#2384=ORIENTED_EDGE('',*,*,#3391,.F.);
#2385=ORIENTED_EDGE('',*,*,#3387,.T.);
#2386=ORIENTED_EDGE('',*,*,#3350,.F.);
#2387=ORIENTED_EDGE('',*,*,#3392,.F.);
#2388=ORIENTED_EDGE('',*,*,#3393,.T.);
#2389=ORIENTED_EDGE('',*,*,#3390,.T.);
#2390=ORIENTED_EDGE('',*,*,#3349,.F.);
#2391=ORIENTED_EDGE('',*,*,#3394,.F.);
#2392=ORIENTED_EDGE('',*,*,#3395,.T.);
#2393=ORIENTED_EDGE('',*,*,#3392,.T.);
#2394=ORIENTED_EDGE('',*,*,#3348,.F.);
#2395=ORIENTED_EDGE('',*,*,#3396,.F.);
#2396=ORIENTED_EDGE('',*,*,#3397,.T.);
#2397=ORIENTED_EDGE('',*,*,#3394,.T.);
#2398=ORIENTED_EDGE('',*,*,#3347,.F.);
#2399=ORIENTED_EDGE('',*,*,#3398,.F.);
#2400=ORIENTED_EDGE('',*,*,#3399,.T.);
#2401=ORIENTED_EDGE('',*,*,#3396,.T.);
#2402=ORIENTED_EDGE('',*,*,#3346,.F.);
#2403=ORIENTED_EDGE('',*,*,#3400,.F.);
#2404=ORIENTED_EDGE('',*,*,#3401,.T.);
#2405=ORIENTED_EDGE('',*,*,#3398,.T.);
#2406=ORIENTED_EDGE('',*,*,#3345,.F.);
#2407=ORIENTED_EDGE('',*,*,#3402,.F.);
#2408=ORIENTED_EDGE('',*,*,#3403,.T.);
#2409=ORIENTED_EDGE('',*,*,#3400,.T.);
#2410=ORIENTED_EDGE('',*,*,#3344,.F.);
#2411=ORIENTED_EDGE('',*,*,#3404,.F.);
#2412=ORIENTED_EDGE('',*,*,#3405,.T.);
#2413=ORIENTED_EDGE('',*,*,#3402,.T.);
#2414=ORIENTED_EDGE('',*,*,#3343,.F.);
#2415=ORIENTED_EDGE('',*,*,#3406,.F.);
#2416=ORIENTED_EDGE('',*,*,#3407,.T.);
#2417=ORIENTED_EDGE('',*,*,#3404,.T.);
#2418=ORIENTED_EDGE('',*,*,#3342,.T.);
#2419=ORIENTED_EDGE('',*,*,#3408,.F.);
#2420=ORIENTED_EDGE('',*,*,#3409,.F.);
#2421=ORIENTED_EDGE('',*,*,#3406,.T.);
#2422=ORIENTED_EDGE('',*,*,#3341,.T.);
#2423=ORIENTED_EDGE('',*,*,#3410,.F.);
#2424=ORIENTED_EDGE('',*,*,#3411,.F.);
#2425=ORIENTED_EDGE('',*,*,#3408,.T.);
#2426=ORIENTED_EDGE('',*,*,#3340,.T.);
#2427=ORIENTED_EDGE('',*,*,#3412,.F.);
#2428=ORIENTED_EDGE('',*,*,#3413,.F.);
#2429=ORIENTED_EDGE('',*,*,#3410,.T.);
#2430=ORIENTED_EDGE('',*,*,#3339,.T.);
#2431=ORIENTED_EDGE('',*,*,#3414,.F.);
#2432=ORIENTED_EDGE('',*,*,#3415,.F.);
#2433=ORIENTED_EDGE('',*,*,#3412,.T.);
#2434=ORIENTED_EDGE('',*,*,#3338,.F.);
#2435=ORIENTED_EDGE('',*,*,#3416,.F.);
#2436=ORIENTED_EDGE('',*,*,#3417,.T.);
#2437=ORIENTED_EDGE('',*,*,#3414,.T.);
#2438=ORIENTED_EDGE('',*,*,#3337,.F.);
#2439=ORIENTED_EDGE('',*,*,#3418,.F.);
#2440=ORIENTED_EDGE('',*,*,#3419,.T.);
#2441=ORIENTED_EDGE('',*,*,#3416,.T.);
#2442=ORIENTED_EDGE('',*,*,#3336,.F.);
#2443=ORIENTED_EDGE('',*,*,#3420,.F.);
#2444=ORIENTED_EDGE('',*,*,#3421,.T.);
#2445=ORIENTED_EDGE('',*,*,#3418,.T.);
#2446=ORIENTED_EDGE('',*,*,#3335,.T.);
#2447=ORIENTED_EDGE('',*,*,#3422,.F.);
#2448=ORIENTED_EDGE('',*,*,#3423,.F.);
#2449=ORIENTED_EDGE('',*,*,#3420,.T.);
#2450=ORIENTED_EDGE('',*,*,#3334,.T.);
#2451=ORIENTED_EDGE('',*,*,#3424,.F.);
#2452=ORIENTED_EDGE('',*,*,#3425,.F.);
#2453=ORIENTED_EDGE('',*,*,#3422,.T.);
#2454=ORIENTED_EDGE('',*,*,#3333,.T.);
#2455=ORIENTED_EDGE('',*,*,#3426,.F.);
#2456=ORIENTED_EDGE('',*,*,#3427,.F.);
#2457=ORIENTED_EDGE('',*,*,#3424,.T.);
#2458=ORIENTED_EDGE('',*,*,#3332,.T.);
#2459=ORIENTED_EDGE('',*,*,#3428,.F.);
#2460=ORIENTED_EDGE('',*,*,#3429,.F.);
#2461=ORIENTED_EDGE('',*,*,#3426,.T.);
#2462=ORIENTED_EDGE('',*,*,#3331,.T.);
#2463=ORIENTED_EDGE('',*,*,#3430,.F.);
#2464=ORIENTED_EDGE('',*,*,#3431,.F.);
#2465=ORIENTED_EDGE('',*,*,#3428,.T.);
#2466=ORIENTED_EDGE('',*,*,#3330,.F.);
#2467=ORIENTED_EDGE('',*,*,#3432,.F.);
#2468=ORIENTED_EDGE('',*,*,#3433,.T.);
#2469=ORIENTED_EDGE('',*,*,#3430,.T.);
#2470=ORIENTED_EDGE('',*,*,#3329,.F.);
#2471=ORIENTED_EDGE('',*,*,#3434,.F.);
#2472=ORIENTED_EDGE('',*,*,#3435,.T.);
#2473=ORIENTED_EDGE('',*,*,#3432,.T.);
#2474=ORIENTED_EDGE('',*,*,#3328,.F.);
#2475=ORIENTED_EDGE('',*,*,#3436,.F.);
#2476=ORIENTED_EDGE('',*,*,#3437,.T.);
#2477=ORIENTED_EDGE('',*,*,#3434,.T.);
#2478=ORIENTED_EDGE('',*,*,#3327,.F.);
#2479=ORIENTED_EDGE('',*,*,#3438,.F.);
#2480=ORIENTED_EDGE('',*,*,#3439,.T.);
#2481=ORIENTED_EDGE('',*,*,#3436,.T.);
#2482=ORIENTED_EDGE('',*,*,#3326,.T.);
#2483=ORIENTED_EDGE('',*,*,#3440,.F.);
#2484=ORIENTED_EDGE('',*,*,#3441,.F.);
#2485=ORIENTED_EDGE('',*,*,#3438,.T.);
#2486=ORIENTED_EDGE('',*,*,#3325,.T.);
#2487=ORIENTED_EDGE('',*,*,#3442,.F.);
#2488=ORIENTED_EDGE('',*,*,#3443,.F.);
#2489=ORIENTED_EDGE('',*,*,#3440,.T.);
#2490=ORIENTED_EDGE('',*,*,#3324,.T.);
#2491=ORIENTED_EDGE('',*,*,#3444,.F.);
#2492=ORIENTED_EDGE('',*,*,#3445,.F.);
#2493=ORIENTED_EDGE('',*,*,#3442,.T.);
#2494=ORIENTED_EDGE('',*,*,#3323,.F.);
#2495=ORIENTED_EDGE('',*,*,#3446,.F.);
#2496=ORIENTED_EDGE('',*,*,#3447,.T.);
#2497=ORIENTED_EDGE('',*,*,#3444,.T.);
#2498=ORIENTED_EDGE('',*,*,#3322,.T.);
#2499=ORIENTED_EDGE('',*,*,#3389,.F.);
#2500=ORIENTED_EDGE('',*,*,#3448,.F.);
#2501=ORIENTED_EDGE('',*,*,#3446,.T.);
#2502=ORIENTED_EDGE('',*,*,#3388,.F.);
#2503=ORIENTED_EDGE('',*,*,#3391,.T.);
#2504=ORIENTED_EDGE('',*,*,#3393,.F.);
#2505=ORIENTED_EDGE('',*,*,#3395,.F.);
#2506=ORIENTED_EDGE('',*,*,#3397,.F.);
#2507=ORIENTED_EDGE('',*,*,#3399,.F.);
#2508=ORIENTED_EDGE('',*,*,#3401,.F.);
#2509=ORIENTED_EDGE('',*,*,#3403,.F.);
#2510=ORIENTED_EDGE('',*,*,#3405,.F.);
#2511=ORIENTED_EDGE('',*,*,#3407,.F.);
#2512=ORIENTED_EDGE('',*,*,#3409,.T.);
#2513=ORIENTED_EDGE('',*,*,#3411,.T.);
#2514=ORIENTED_EDGE('',*,*,#3413,.T.);
#2515=ORIENTED_EDGE('',*,*,#3415,.T.);
#2516=ORIENTED_EDGE('',*,*,#3417,.F.);
#2517=ORIENTED_EDGE('',*,*,#3419,.F.);
#2518=ORIENTED_EDGE('',*,*,#3421,.F.);
#2519=ORIENTED_EDGE('',*,*,#3423,.T.);
#2520=ORIENTED_EDGE('',*,*,#3425,.T.);
#2521=ORIENTED_EDGE('',*,*,#3427,.T.);
#2522=ORIENTED_EDGE('',*,*,#3429,.T.);
#2523=ORIENTED_EDGE('',*,*,#3431,.T.);
#2524=ORIENTED_EDGE('',*,*,#3433,.F.);
#2525=ORIENTED_EDGE('',*,*,#3435,.F.);
#2526=ORIENTED_EDGE('',*,*,#3437,.F.);
#2527=ORIENTED_EDGE('',*,*,#3439,.F.);
#2528=ORIENTED_EDGE('',*,*,#3441,.T.);
#2529=ORIENTED_EDGE('',*,*,#3443,.T.);
#2530=ORIENTED_EDGE('',*,*,#3445,.T.);
#2531=ORIENTED_EDGE('',*,*,#3447,.F.);
#2532=ORIENTED_EDGE('',*,*,#3448,.T.);
#2533=ORIENTED_EDGE('',*,*,#3285,.T.);
#2534=ORIENTED_EDGE('',*,*,#3449,.F.);
#2535=ORIENTED_EDGE('',*,*,#3450,.F.);
#2536=ORIENTED_EDGE('',*,*,#3451,.T.);
#2537=ORIENTED_EDGE('',*,*,#3315,.T.);
#2538=ORIENTED_EDGE('',*,*,#3452,.F.);
#2539=ORIENTED_EDGE('',*,*,#3453,.F.);
#2540=ORIENTED_EDGE('',*,*,#3449,.T.);
#2541=ORIENTED_EDGE('',*,*,#3314,.T.);
#2542=ORIENTED_EDGE('',*,*,#3454,.F.);
#2543=ORIENTED_EDGE('',*,*,#3455,.F.);
#2544=ORIENTED_EDGE('',*,*,#3452,.T.);
#2545=ORIENTED_EDGE('',*,*,#3313,.F.);
#2546=ORIENTED_EDGE('',*,*,#3456,.F.);
#2547=ORIENTED_EDGE('',*,*,#3457,.T.);
#2548=ORIENTED_EDGE('',*,*,#3454,.T.);
#2549=ORIENTED_EDGE('',*,*,#3312,.F.);
#2550=ORIENTED_EDGE('',*,*,#3458,.F.);
#2551=ORIENTED_EDGE('',*,*,#3459,.T.);
#2552=ORIENTED_EDGE('',*,*,#3456,.T.);
#2553=ORIENTED_EDGE('',*,*,#3311,.F.);
#2554=ORIENTED_EDGE('',*,*,#3460,.F.);
#2555=ORIENTED_EDGE('',*,*,#3461,.T.);
#2556=ORIENTED_EDGE('',*,*,#3458,.T.);
#2557=ORIENTED_EDGE('',*,*,#3310,.F.);
#2558=ORIENTED_EDGE('',*,*,#3462,.F.);
#2559=ORIENTED_EDGE('',*,*,#3463,.T.);
#2560=ORIENTED_EDGE('',*,*,#3460,.T.);
#2561=ORIENTED_EDGE('',*,*,#3309,.F.);
#2562=ORIENTED_EDGE('',*,*,#3464,.F.);
#2563=ORIENTED_EDGE('',*,*,#3465,.T.);
#2564=ORIENTED_EDGE('',*,*,#3462,.T.);
#2565=ORIENTED_EDGE('',*,*,#3308,.T.);
#2566=ORIENTED_EDGE('',*,*,#3466,.F.);
#2567=ORIENTED_EDGE('',*,*,#3467,.F.);
#2568=ORIENTED_EDGE('',*,*,#3464,.T.);
#2569=ORIENTED_EDGE('',*,*,#3307,.T.);
#2570=ORIENTED_EDGE('',*,*,#3468,.F.);
#2571=ORIENTED_EDGE('',*,*,#3469,.F.);
#2572=ORIENTED_EDGE('',*,*,#3466,.T.);
#2573=ORIENTED_EDGE('',*,*,#3306,.T.);
#2574=ORIENTED_EDGE('',*,*,#3470,.F.);
#2575=ORIENTED_EDGE('',*,*,#3471,.F.);
#2576=ORIENTED_EDGE('',*,*,#3468,.T.);
#2577=ORIENTED_EDGE('',*,*,#3305,.F.);
#2578=ORIENTED_EDGE('',*,*,#3472,.F.);
#2579=ORIENTED_EDGE('',*,*,#3473,.T.);
#2580=ORIENTED_EDGE('',*,*,#3470,.T.);
#2581=ORIENTED_EDGE('',*,*,#3304,.F.);
#2582=ORIENTED_EDGE('',*,*,#3474,.F.);
#2583=ORIENTED_EDGE('',*,*,#3475,.T.);
#2584=ORIENTED_EDGE('',*,*,#3472,.T.);
#2585=ORIENTED_EDGE('',*,*,#3303,.F.);
#2586=ORIENTED_EDGE('',*,*,#3476,.F.);
#2587=ORIENTED_EDGE('',*,*,#3477,.T.);
#2588=ORIENTED_EDGE('',*,*,#3474,.T.);
#2589=ORIENTED_EDGE('',*,*,#3302,.F.);
#2590=ORIENTED_EDGE('',*,*,#3478,.F.);
#2591=ORIENTED_EDGE('',*,*,#3479,.T.);
#2592=ORIENTED_EDGE('',*,*,#3476,.T.);
#2593=ORIENTED_EDGE('',*,*,#3301,.T.);
#2594=ORIENTED_EDGE('',*,*,#3480,.F.);
#2595=ORIENTED_EDGE('',*,*,#3481,.F.);
#2596=ORIENTED_EDGE('',*,*,#3478,.T.);
#2597=ORIENTED_EDGE('',*,*,#3300,.T.);
#2598=ORIENTED_EDGE('',*,*,#3482,.F.);
#2599=ORIENTED_EDGE('',*,*,#3483,.F.);
#2600=ORIENTED_EDGE('',*,*,#3480,.T.);
#2601=ORIENTED_EDGE('',*,*,#3299,.T.);
#2602=ORIENTED_EDGE('',*,*,#3484,.F.);
#2603=ORIENTED_EDGE('',*,*,#3485,.F.);
#2604=ORIENTED_EDGE('',*,*,#3482,.T.);
#2605=ORIENTED_EDGE('',*,*,#3298,.T.);
#2606=ORIENTED_EDGE('',*,*,#3486,.F.);
#2607=ORIENTED_EDGE('',*,*,#3487,.F.);
#2608=ORIENTED_EDGE('',*,*,#3484,.T.);
#2609=ORIENTED_EDGE('',*,*,#3297,.T.);
#2610=ORIENTED_EDGE('',*,*,#3488,.F.);
#2611=ORIENTED_EDGE('',*,*,#3489,.F.);
#2612=ORIENTED_EDGE('',*,*,#3486,.T.);
#2613=ORIENTED_EDGE('',*,*,#3296,.T.);
#2614=ORIENTED_EDGE('',*,*,#3490,.F.);
#2615=ORIENTED_EDGE('',*,*,#3491,.F.);
#2616=ORIENTED_EDGE('',*,*,#3488,.T.);
#2617=ORIENTED_EDGE('',*,*,#3295,.T.);
#2618=ORIENTED_EDGE('',*,*,#3492,.F.);
#2619=ORIENTED_EDGE('',*,*,#3493,.F.);
#2620=ORIENTED_EDGE('',*,*,#3490,.T.);
#2621=ORIENTED_EDGE('',*,*,#3294,.T.);
#2622=ORIENTED_EDGE('',*,*,#3494,.F.);
#2623=ORIENTED_EDGE('',*,*,#3495,.F.);
#2624=ORIENTED_EDGE('',*,*,#3492,.T.);
#2625=ORIENTED_EDGE('',*,*,#3293,.F.);
#2626=ORIENTED_EDGE('',*,*,#3496,.F.);
#2627=ORIENTED_EDGE('',*,*,#3497,.T.);
#2628=ORIENTED_EDGE('',*,*,#3494,.T.);
#2629=ORIENTED_EDGE('',*,*,#3292,.T.);
#2630=ORIENTED_EDGE('',*,*,#3498,.F.);
#2631=ORIENTED_EDGE('',*,*,#3499,.F.);
#2632=ORIENTED_EDGE('',*,*,#3496,.T.);
#2633=ORIENTED_EDGE('',*,*,#3291,.F.);
#2634=ORIENTED_EDGE('',*,*,#3500,.F.);
#2635=ORIENTED_EDGE('',*,*,#3501,.T.);
#2636=ORIENTED_EDGE('',*,*,#3498,.T.);
#2637=ORIENTED_EDGE('',*,*,#3290,.F.);
#2638=ORIENTED_EDGE('',*,*,#3502,.F.);
#2639=ORIENTED_EDGE('',*,*,#3503,.T.);
#2640=ORIENTED_EDGE('',*,*,#3500,.T.);
#2641=ORIENTED_EDGE('',*,*,#3289,.F.);
#2642=ORIENTED_EDGE('',*,*,#3504,.F.);
#2643=ORIENTED_EDGE('',*,*,#3505,.T.);
#2644=ORIENTED_EDGE('',*,*,#3502,.T.);
#2645=ORIENTED_EDGE('',*,*,#3288,.F.);
#2646=ORIENTED_EDGE('',*,*,#3506,.F.);
#2647=ORIENTED_EDGE('',*,*,#3507,.T.);
#2648=ORIENTED_EDGE('',*,*,#3504,.T.);
#2649=ORIENTED_EDGE('',*,*,#3287,.F.);
#2650=ORIENTED_EDGE('',*,*,#3508,.F.);
#2651=ORIENTED_EDGE('',*,*,#3509,.T.);
#2652=ORIENTED_EDGE('',*,*,#3506,.T.);
#2653=ORIENTED_EDGE('',*,*,#3286,.T.);
#2654=ORIENTED_EDGE('',*,*,#3451,.F.);
#2655=ORIENTED_EDGE('',*,*,#3510,.F.);
#2656=ORIENTED_EDGE('',*,*,#3508,.T.);
#2657=ORIENTED_EDGE('',*,*,#3450,.T.);
#2658=ORIENTED_EDGE('',*,*,#3453,.T.);
#2659=ORIENTED_EDGE('',*,*,#3455,.T.);
#2660=ORIENTED_EDGE('',*,*,#3457,.F.);
#2661=ORIENTED_EDGE('',*,*,#3459,.F.);
#2662=ORIENTED_EDGE('',*,*,#3461,.F.);
#2663=ORIENTED_EDGE('',*,*,#3463,.F.);
#2664=ORIENTED_EDGE('',*,*,#3465,.F.);
#2665=ORIENTED_EDGE('',*,*,#3467,.T.);
#2666=ORIENTED_EDGE('',*,*,#3469,.T.);
#2667=ORIENTED_EDGE('',*,*,#3471,.T.);
#2668=ORIENTED_EDGE('',*,*,#3473,.F.);
#2669=ORIENTED_EDGE('',*,*,#3475,.F.);
#2670=ORIENTED_EDGE('',*,*,#3477,.F.);
#2671=ORIENTED_EDGE('',*,*,#3479,.F.);
#2672=ORIENTED_EDGE('',*,*,#3481,.T.);
#2673=ORIENTED_EDGE('',*,*,#3483,.T.);
#2674=ORIENTED_EDGE('',*,*,#3485,.T.);
#2675=ORIENTED_EDGE('',*,*,#3487,.T.);
#2676=ORIENTED_EDGE('',*,*,#3489,.T.);
#2677=ORIENTED_EDGE('',*,*,#3491,.T.);
#2678=ORIENTED_EDGE('',*,*,#3493,.T.);
#2679=ORIENTED_EDGE('',*,*,#3495,.T.);
#2680=ORIENTED_EDGE('',*,*,#3497,.F.);
#2681=ORIENTED_EDGE('',*,*,#3499,.T.);
#2682=ORIENTED_EDGE('',*,*,#3501,.F.);
#2683=ORIENTED_EDGE('',*,*,#3503,.F.);
#2684=ORIENTED_EDGE('',*,*,#3505,.F.);
#2685=ORIENTED_EDGE('',*,*,#3507,.F.);
#2686=ORIENTED_EDGE('',*,*,#3509,.F.);
#2687=ORIENTED_EDGE('',*,*,#3510,.T.);
#2688=EDGE_CURVE('',#3511,#3512,#4050,.T.);
#2689=EDGE_CURVE('',#3513,#3511,#4051,.T.);
#2690=EDGE_CURVE('',#3514,#3513,#4052,.T.);
#2691=EDGE_CURVE('',#3514,#3515,#4053,.T.);
#2692=EDGE_CURVE('',#3516,#3515,#4054,.T.);
#2693=EDGE_CURVE('',#3517,#3516,#4055,.T.);
#2694=EDGE_CURVE('',#3517,#3518,#4056,.T.);
#2695=EDGE_CURVE('',#3518,#3519,#4057,.T.);
#2696=EDGE_CURVE('',#3519,#3520,#4058,.T.);
#2697=EDGE_CURVE('',#3520,#3521,#4059,.T.);
#2698=EDGE_CURVE('',#3521,#3522,#4060,.T.);
#2699=EDGE_CURVE('',#3522,#3523,#4061,.T.);
#2700=EDGE_CURVE('',#3523,#3524,#4062,.T.);
#2701=EDGE_CURVE('',#3524,#3525,#4063,.T.);
#2702=EDGE_CURVE('',#3525,#3526,#4064,.T.);
#2703=EDGE_CURVE('',#3526,#3527,#4065,.T.);
#2704=EDGE_CURVE('',#3527,#3528,#4066,.T.);
#2705=EDGE_CURVE('',#3528,#3529,#4067,.T.);
#2706=EDGE_CURVE('',#3529,#3530,#4068,.T.);
#2707=EDGE_CURVE('',#3530,#3531,#4069,.T.);
#2708=EDGE_CURVE('',#3531,#3532,#4070,.T.);
#2709=EDGE_CURVE('',#3532,#3533,#4071,.T.);
#2710=EDGE_CURVE('',#3533,#3534,#4072,.T.);
#2711=EDGE_CURVE('',#3535,#3534,#4073,.T.);
#2712=EDGE_CURVE('',#3535,#3512,#4074,.T.);
#2713=EDGE_CURVE('',#3536,#3537,#300,.T.);
#2714=EDGE_CURVE('',#3537,#3538,#301,.T.);
#2715=EDGE_CURVE('',#3538,#3539,#302,.T.);
#2716=EDGE_CURVE('',#3539,#3536,#303,.T.);
#2717=EDGE_CURVE('',#3540,#3541,#4075,.T.);
#2718=EDGE_CURVE('',#3542,#3540,#4076,.T.);
#2719=EDGE_CURVE('',#3543,#3542,#4077,.T.);
#2720=EDGE_CURVE('',#3544,#3543,#4078,.T.);
#2721=EDGE_CURVE('',#3545,#3544,#4079,.T.);
#2722=EDGE_CURVE('',#3546,#3545,#4080,.T.);
#2723=EDGE_CURVE('',#3547,#3546,#4081,.T.);
#2724=EDGE_CURVE('',#3548,#3547,#4082,.T.);
#2725=EDGE_CURVE('',#3549,#3548,#4083,.T.);
#2726=EDGE_CURVE('',#3550,#3549,#4084,.T.);
#2727=EDGE_CURVE('',#3550,#3551,#4085,.T.);
#2728=EDGE_CURVE('',#3551,#3552,#4086,.T.);
#2729=EDGE_CURVE('',#3553,#3552,#4087,.T.);
#2730=EDGE_CURVE('',#3553,#3554,#4088,.T.);
#2731=EDGE_CURVE('',#3554,#3555,#4089,.T.);
#2732=EDGE_CURVE('',#3555,#3556,#4090,.T.);
#2733=EDGE_CURVE('',#3557,#3556,#4091,.T.);
#2734=EDGE_CURVE('',#3557,#3558,#4092,.T.);
#2735=EDGE_CURVE('',#3559,#3558,#4093,.T.);
#2736=EDGE_CURVE('',#3560,#3559,#4094,.T.);
#2737=EDGE_CURVE('',#3561,#3560,#4095,.T.);
#2738=EDGE_CURVE('',#3562,#3561,#4096,.T.);
#2739=EDGE_CURVE('',#3563,#3562,#4097,.T.);
#2740=EDGE_CURVE('',#3564,#3563,#4098,.T.);
#2741=EDGE_CURVE('',#3541,#3564,#4099,.T.);
#2742=EDGE_CURVE('',#3565,#3566,#304,.T.);
#2743=EDGE_CURVE('',#3565,#3567,#305,.T.);
#2744=EDGE_CURVE('',#3567,#3568,#306,.T.);
#2745=EDGE_CURVE('',#3569,#3568,#307,.T.);
#2746=EDGE_CURVE('',#3566,#3569,#308,.T.);
#2747=EDGE_CURVE('',#3570,#3571,#309,.T.);
#2748=EDGE_CURVE('',#3570,#3572,#310,.T.);
#2749=EDGE_CURVE('',#3572,#3573,#311,.T.);
#2750=EDGE_CURVE('',#3571,#3573,#312,.T.);
#2751=EDGE_CURVE('',#3574,#3569,#313,.T.);
#2752=EDGE_CURVE('',#3575,#3574,#314,.T.);
#2753=EDGE_CURVE('',#3575,#3566,#315,.T.);
#2754=EDGE_CURVE('',#3576,#3577,#316,.T.);
#2755=EDGE_CURVE('',#3576,#3578,#317,.T.);
#2756=EDGE_CURVE('',#3578,#3579,#318,.T.);
#2757=EDGE_CURVE('',#3579,#3575,#319,.T.);
#2758=EDGE_CURVE('',#3577,#3574,#320,.T.);
#2759=EDGE_CURVE('',#3567,#3576,#321,.T.);
#2760=EDGE_CURVE('',#3568,#3577,#322,.T.);
#2761=EDGE_CURVE('',#3566,#3579,#323,.T.);
#2762=EDGE_CURVE('',#3580,#3570,#324,.T.);
#2763=EDGE_CURVE('',#3580,#3581,#325,.T.);
#2764=EDGE_CURVE('',#3581,#3572,#326,.T.);
#2765=EDGE_CURVE('',#3582,#3571,#327,.T.);
#2766=EDGE_CURVE('',#3580,#3582,#328,.T.);
#2767=EDGE_CURVE('',#3583,#3573,#329,.T.);
#2768=EDGE_CURVE('',#3582,#3583,#330,.T.);
#2769=EDGE_CURVE('',#3581,#3583,#331,.T.);
#2770=EDGE_CURVE('',#3578,#3565,#332,.T.);
#2771=EDGE_CURVE('',#3584,#3578,#333,.F.);
#2772=EDGE_CURVE('',#3584,#3585,#334,.T.);
#2773=EDGE_CURVE('',#3565,#3585,#335,.T.);
#2774=EDGE_CURVE('',#3585,#3586,#336,.T.);
#2775=EDGE_CURVE('',#3567,#3586,#337,.F.);
#2776=EDGE_CURVE('',#3587,#3576,#338,.F.);
#2777=EDGE_CURVE('',#3587,#3584,#339,.T.);
#2778=EDGE_CURVE('',#3586,#3587,#340,.T.);
#2779=EDGE_CURVE('',#3586,#3539,#75,.T.);
#2780=EDGE_CURVE('',#3536,#3585,#76,.F.);
#2781=EDGE_CURVE('',#3537,#3584,#77,.F.);
#2782=EDGE_CURVE('',#3587,#3538,#78,.T.);
#2783=EDGE_CURVE('',#3588,#3512,#341,.T.);
#2784=EDGE_CURVE('',#3589,#3588,#4100,.T.);
#2785=EDGE_CURVE('',#3589,#3511,#342,.T.);
#2786=EDGE_CURVE('',#3590,#3535,#343,.T.);
#2787=EDGE_CURVE('',#3590,#3588,#4101,.T.);
#2788=EDGE_CURVE('',#3591,#3534,#344,.T.);
#2789=EDGE_CURVE('',#3590,#3591,#4102,.T.);
#2790=EDGE_CURVE('',#3592,#3533,#345,.T.);
#2791=EDGE_CURVE('',#3592,#3591,#4103,.T.);
#2792=EDGE_CURVE('',#3593,#3532,#346,.T.);
#2793=EDGE_CURVE('',#3593,#3592,#4104,.T.);
#2794=EDGE_CURVE('',#3594,#3531,#347,.T.);
#2795=EDGE_CURVE('',#3594,#3593,#4105,.T.);
#2796=EDGE_CURVE('',#3595,#3530,#348,.T.);
#2797=EDGE_CURVE('',#3595,#3594,#4106,.T.);
#2798=EDGE_CURVE('',#3596,#3529,#349,.T.);
#2799=EDGE_CURVE('',#3596,#3595,#4107,.T.);
#2800=EDGE_CURVE('',#3597,#3528,#350,.T.);
#2801=EDGE_CURVE('',#3597,#3596,#4108,.T.);
#2802=EDGE_CURVE('',#3598,#3527,#351,.T.);
#2803=EDGE_CURVE('',#3598,#3597,#4109,.T.);
#2804=EDGE_CURVE('',#3599,#3526,#352,.T.);
#2805=EDGE_CURVE('',#3599,#3598,#4110,.T.);
#2806=EDGE_CURVE('',#3600,#3525,#353,.T.);
#2807=EDGE_CURVE('',#3600,#3599,#4111,.T.);
#2808=EDGE_CURVE('',#3601,#3524,#354,.T.);
#2809=EDGE_CURVE('',#3601,#3600,#4112,.T.);
#2810=EDGE_CURVE('',#3602,#3523,#355,.T.);
#2811=EDGE_CURVE('',#3602,#3601,#4113,.T.);
#2812=EDGE_CURVE('',#3603,#3522,#356,.T.);
#2813=EDGE_CURVE('',#3603,#3602,#4114,.T.);
#2814=EDGE_CURVE('',#3604,#3521,#357,.T.);
#2815=EDGE_CURVE('',#3604,#3603,#4115,.T.);
#2816=EDGE_CURVE('',#3605,#3520,#358,.T.);
#2817=EDGE_CURVE('',#3605,#3604,#4116,.T.);
#2818=EDGE_CURVE('',#3606,#3519,#359,.T.);
#2819=EDGE_CURVE('',#3606,#3605,#4117,.T.);
#2820=EDGE_CURVE('',#3607,#3518,#360,.T.);
#2821=EDGE_CURVE('',#3607,#3606,#4118,.T.);
#2822=EDGE_CURVE('',#3608,#3517,#361,.T.);
#2823=EDGE_CURVE('',#3608,#3607,#4119,.T.);
#2824=EDGE_CURVE('',#3609,#3516,#362,.T.);
#2825=EDGE_CURVE('',#3608,#3609,#4120,.T.);
#2826=EDGE_CURVE('',#3610,#3515,#363,.T.);
#2827=EDGE_CURVE('',#3609,#3610,#4121,.T.);
#2828=EDGE_CURVE('',#3611,#3514,#364,.T.);
#2829=EDGE_CURVE('',#3611,#3610,#4122,.T.);
#2830=EDGE_CURVE('',#3612,#3513,#365,.T.);
#2831=EDGE_CURVE('',#3611,#3612,#4123,.T.);
#2832=EDGE_CURVE('',#3612,#3589,#4124,.T.);
#2833=EDGE_CURVE('',#3613,#3541,#366,.T.);
#2834=EDGE_CURVE('',#3614,#3613,#4125,.T.);
#2835=EDGE_CURVE('',#3614,#3540,#367,.T.);
#2836=EDGE_CURVE('',#3615,#3564,#368,.T.);
#2837=EDGE_CURVE('',#3613,#3615,#4126,.T.);
#2838=EDGE_CURVE('',#3616,#3563,#369,.T.);
#2839=EDGE_CURVE('',#3615,#3616,#4127,.T.);
#2840=EDGE_CURVE('',#3617,#3562,#370,.T.);
#2841=EDGE_CURVE('',#3616,#3617,#4128,.T.);
#2842=EDGE_CURVE('',#3618,#3561,#371,.T.);
#2843=EDGE_CURVE('',#3617,#3618,#4129,.T.);
#2844=EDGE_CURVE('',#3619,#3560,#372,.T.);
#2845=EDGE_CURVE('',#3618,#3619,#4130,.T.);
#2846=EDGE_CURVE('',#3620,#3559,#373,.T.);
#2847=EDGE_CURVE('',#3619,#3620,#4131,.T.);
#2848=EDGE_CURVE('',#3621,#3558,#374,.T.);
#2849=EDGE_CURVE('',#3620,#3621,#4132,.T.);
#2850=EDGE_CURVE('',#3622,#3557,#375,.T.);
#2851=EDGE_CURVE('',#3622,#3621,#4133,.T.);
#2852=EDGE_CURVE('',#3623,#3556,#376,.T.);
#2853=EDGE_CURVE('',#3622,#3623,#4134,.T.);
#2854=EDGE_CURVE('',#3624,#3555,#377,.T.);
#2855=EDGE_CURVE('',#3624,#3623,#4135,.T.);
#2856=EDGE_CURVE('',#3625,#3554,#378,.T.);
#2857=EDGE_CURVE('',#3625,#3624,#4136,.T.);
#2858=EDGE_CURVE('',#3626,#3553,#379,.T.);
#2859=EDGE_CURVE('',#3626,#3625,#4137,.T.);
#2860=EDGE_CURVE('',#3627,#3552,#380,.T.);
#2861=EDGE_CURVE('',#3626,#3627,#4138,.T.);
#2862=EDGE_CURVE('',#3628,#3551,#381,.T.);
#2863=EDGE_CURVE('',#3628,#3627,#4139,.T.);
#2864=EDGE_CURVE('',#3629,#3550,#382,.T.);
#2865=EDGE_CURVE('',#3629,#3628,#4140,.T.);
#2866=EDGE_CURVE('',#3630,#3549,#383,.T.);
#2867=EDGE_CURVE('',#3629,#3630,#4141,.T.);
#2868=EDGE_CURVE('',#3631,#3548,#384,.T.);
#2869=EDGE_CURVE('',#3630,#3631,#4142,.T.);
#2870=EDGE_CURVE('',#3632,#3547,#385,.T.);
#2871=EDGE_CURVE('',#3631,#3632,#4143,.T.);
#2872=EDGE_CURVE('',#3633,#3546,#386,.T.);
#2873=EDGE_CURVE('',#3632,#3633,#4144,.T.);
#2874=EDGE_CURVE('',#3634,#3545,#387,.T.);
#2875=EDGE_CURVE('',#3633,#3634,#4145,.T.);
#2876=EDGE_CURVE('',#3635,#3544,#388,.T.);
#2877=EDGE_CURVE('',#3634,#3635,#4146,.T.);
#2878=EDGE_CURVE('',#3636,#3543,#389,.T.);
#2879=EDGE_CURVE('',#3635,#3636,#4147,.T.);
#2880=EDGE_CURVE('',#3637,#3542,#390,.T.);
#2881=EDGE_CURVE('',#3636,#3637,#4148,.T.);
#2882=EDGE_CURVE('',#3637,#3614,#4149,.T.);
#2883=EDGE_CURVE('',#3638,#3639,#29,.T.);
#2884=EDGE_CURVE('',#3639,#3640,#30,.T.);
#2885=EDGE_CURVE('',#3641,#3640,#4150,.T.);
#2886=EDGE_CURVE('',#3641,#3642,#31,.T.);
#2887=EDGE_CURVE('',#3642,#3643,#391,.T.);
#2888=EDGE_CURVE('',#3643,#3644,#4151,.T.);
#2889=EDGE_CURVE('',#3644,#3645,#4152,.T.);
#2890=EDGE_CURVE('',#3646,#3645,#4153,.T.);
#2891=EDGE_CURVE('',#3647,#3646,#4154,.T.);
#2892=EDGE_CURVE('',#3648,#3647,#4155,.T.);
#2893=EDGE_CURVE('',#3649,#3648,#4156,.T.);
#2894=EDGE_CURVE('',#3650,#3649,#4157,.T.);
#2895=EDGE_CURVE('',#3650,#3651,#4158,.T.);
#2896=EDGE_CURVE('',#3651,#3652,#4159,.T.);
#2897=EDGE_CURVE('',#3653,#3652,#4160,.T.);
#2898=EDGE_CURVE('',#3654,#3653,#4161,.T.);
#2899=EDGE_CURVE('',#3655,#3654,#4162,.T.);
#2900=EDGE_CURVE('',#3656,#3655,#4163,.T.);
#2901=EDGE_CURVE('',#3657,#3656,#4164,.T.);
#2902=EDGE_CURVE('',#3658,#3657,#4165,.T.);
#2903=EDGE_CURVE('',#3659,#3658,#4166,.T.);
#2904=EDGE_CURVE('',#3660,#3659,#4167,.T.);
#2905=EDGE_CURVE('',#3660,#3661,#32,.T.);
#2906=EDGE_CURVE('',#3661,#3662,#33,.T.);
#2907=EDGE_CURVE('',#3663,#3662,#4168,.T.);
#2908=EDGE_CURVE('',#3663,#3664,#34,.T.);
#2909=EDGE_CURVE('',#3638,#3664,#4169,.T.);
#2910=EDGE_CURVE('',#3665,#3666,#392,.T.);
#2911=EDGE_CURVE('',#3666,#3667,#393,.T.);
#2912=EDGE_CURVE('',#3667,#3668,#394,.T.);
#2913=EDGE_CURVE('',#3668,#3665,#395,.T.);
#2914=EDGE_CURVE('',#3669,#3670,#4170,.T.);
#2915=EDGE_CURVE('',#3671,#3669,#396,.F.);
#2916=EDGE_CURVE('',#3672,#3671,#35,.T.);
#2917=EDGE_CURVE('',#3673,#3672,#36,.T.);
#2918=EDGE_CURVE('',#3673,#3674,#4171,.T.);
#2919=EDGE_CURVE('',#3675,#3674,#37,.T.);
#2920=EDGE_CURVE('',#3675,#3676,#4172,.T.);
#2921=EDGE_CURVE('',#3677,#3676,#38,.T.);
#2922=EDGE_CURVE('',#3678,#3677,#39,.T.);
#2923=EDGE_CURVE('',#3678,#3679,#4173,.T.);
#2924=EDGE_CURVE('',#3679,#3680,#4174,.T.);
#2925=EDGE_CURVE('',#3680,#3681,#4175,.T.);
#2926=EDGE_CURVE('',#3681,#3682,#4176,.T.);
#2927=EDGE_CURVE('',#3682,#3683,#4177,.T.);
#2928=EDGE_CURVE('',#3683,#3684,#4178,.T.);
#2929=EDGE_CURVE('',#3684,#3685,#4179,.T.);
#2930=EDGE_CURVE('',#3685,#3686,#4180,.T.);
#2931=EDGE_CURVE('',#3687,#3686,#4181,.T.);
#2932=EDGE_CURVE('',#3688,#3687,#4182,.T.);
#2933=EDGE_CURVE('',#3688,#3689,#4183,.T.);
#2934=EDGE_CURVE('',#3689,#3690,#4184,.T.);
#2935=EDGE_CURVE('',#3690,#3691,#4185,.T.);
#2936=EDGE_CURVE('',#3691,#3692,#4186,.T.);
#2937=EDGE_CURVE('',#3692,#3693,#4187,.T.);
#2938=EDGE_CURVE('',#3670,#3693,#4188,.T.);
#2939=EDGE_CURVE('',#3694,#3695,#397,.T.);
#2940=EDGE_CURVE('',#3694,#3696,#398,.T.);
#2941=EDGE_CURVE('',#3696,#3697,#399,.T.);
#2942=EDGE_CURVE('',#3695,#3697,#400,.T.);
#2943=EDGE_CURVE('',#3698,#3699,#401,.T.);
#2944=EDGE_CURVE('',#3698,#3700,#402,.T.);
#2945=EDGE_CURVE('',#3700,#3701,#403,.T.);
#2946=EDGE_CURVE('',#3699,#3701,#404,.T.);
#2947=EDGE_CURVE('',#3702,#3703,#405,.T.);
#2948=EDGE_CURVE('',#3702,#3694,#406,.T.);
#2949=EDGE_CURVE('',#3703,#3695,#407,.T.);
#2950=EDGE_CURVE('',#3704,#3705,#408,.T.);
#2951=EDGE_CURVE('',#3704,#3702,#409,.T.);
#2952=EDGE_CURVE('',#3705,#3703,#410,.T.);
#2953=EDGE_CURVE('',#3696,#3704,#411,.T.);
#2954=EDGE_CURVE('',#3697,#3705,#412,.T.);
#2955=EDGE_CURVE('',#3706,#3698,#413,.T.);
#2956=EDGE_CURVE('',#3706,#3707,#414,.T.);
#2957=EDGE_CURVE('',#3707,#3700,#415,.T.);
#2958=EDGE_CURVE('',#3708,#3699,#416,.T.);
#2959=EDGE_CURVE('',#3706,#3708,#417,.T.);
#2960=EDGE_CURVE('',#3709,#3701,#418,.T.);
#2961=EDGE_CURVE('',#3708,#3709,#419,.T.);
#2962=EDGE_CURVE('',#3707,#3709,#420,.T.);
#2963=EDGE_CURVE('',#3665,#3696,#421,.T.);
#2964=EDGE_CURVE('',#3704,#3668,#422,.F.);
#2965=EDGE_CURVE('',#3702,#3667,#423,.F.);
#2966=EDGE_CURVE('',#3666,#3694,#424,.F.);
#2967=EDGE_CURVE('',#3710,#3669,#425,.T.);
#2968=EDGE_CURVE('',#3711,#3710,#426,.T.);
#2969=EDGE_CURVE('',#3711,#3671,#427,.T.);
#2970=EDGE_CURVE('',#3712,#3670,#428,.T.);
#2971=EDGE_CURVE('',#3710,#3712,#4189,.T.);
#2972=EDGE_CURVE('',#3713,#3693,#429,.T.);
#2973=EDGE_CURVE('',#3712,#3713,#4190,.T.);
#2974=EDGE_CURVE('',#3714,#3692,#430,.T.);
#2975=EDGE_CURVE('',#3714,#3713,#4191,.T.);
#2976=EDGE_CURVE('',#3715,#3691,#431,.T.);
#2977=EDGE_CURVE('',#3715,#3714,#4192,.T.);
#2978=EDGE_CURVE('',#3716,#3690,#432,.T.);
#2979=EDGE_CURVE('',#3716,#3715,#4193,.T.);
#2980=EDGE_CURVE('',#3717,#3689,#433,.T.);
#2981=EDGE_CURVE('',#3717,#3716,#4194,.T.);
#2982=EDGE_CURVE('',#3718,#3688,#434,.T.);
#2983=EDGE_CURVE('',#3718,#3717,#4195,.T.);
#2984=EDGE_CURVE('',#3719,#3687,#435,.T.);
#2985=EDGE_CURVE('',#3718,#3719,#4196,.T.);
#2986=EDGE_CURVE('',#3720,#3686,#436,.T.);
#2987=EDGE_CURVE('',#3719,#3720,#4197,.T.);
#2988=EDGE_CURVE('',#3721,#3685,#437,.T.);
#2989=EDGE_CURVE('',#3721,#3720,#4198,.T.);
#2990=EDGE_CURVE('',#3722,#3684,#438,.T.);
#2991=EDGE_CURVE('',#3722,#3721,#4199,.T.);
#2992=EDGE_CURVE('',#3723,#3683,#439,.T.);
#2993=EDGE_CURVE('',#3723,#3722,#4200,.T.);
#2994=EDGE_CURVE('',#3724,#3682,#440,.T.);
#2995=EDGE_CURVE('',#3724,#3723,#4201,.T.);
#2996=EDGE_CURVE('',#3725,#3681,#441,.T.);
#2997=EDGE_CURVE('',#3725,#3724,#4202,.T.);
#2998=EDGE_CURVE('',#3726,#3680,#442,.T.);
#2999=EDGE_CURVE('',#3726,#3725,#4203,.T.);
#3000=EDGE_CURVE('',#3727,#3679,#443,.T.);
#3001=EDGE_CURVE('',#3727,#3726,#4204,.T.);
#3002=EDGE_CURVE('',#3728,#3678,#444,.T.);
#3003=EDGE_CURVE('',#3728,#3727,#4205,.T.);
#3004=EDGE_CURVE('',#3729,#3677,#445,.T.);
#3005=EDGE_CURVE('',#3728,#3729,#40,.T.);
#3006=EDGE_CURVE('',#3730,#3676,#446,.T.);
#3007=EDGE_CURVE('',#3729,#3730,#41,.T.);
#3008=EDGE_CURVE('',#3731,#3675,#447,.T.);
#3009=EDGE_CURVE('',#3731,#3730,#4206,.T.);
#3010=EDGE_CURVE('',#3732,#3674,#448,.T.);
#3011=EDGE_CURVE('',#3731,#3732,#42,.T.);
#3012=EDGE_CURVE('',#3733,#3673,#449,.T.);
#3013=EDGE_CURVE('',#3733,#3732,#4207,.T.);
#3014=EDGE_CURVE('',#3734,#3672,#450,.T.);
#3015=EDGE_CURVE('',#3733,#3734,#43,.T.);
#3016=EDGE_CURVE('',#3734,#3711,#44,.T.);
#3017=EDGE_CURVE('',#3735,#3638,#451,.T.);
#3018=EDGE_CURVE('',#3735,#3736,#45,.T.);
#3019=EDGE_CURVE('',#3736,#3639,#452,.T.);
#3020=EDGE_CURVE('',#3737,#3664,#453,.T.);
#3021=EDGE_CURVE('',#3735,#3737,#4208,.T.);
#3022=EDGE_CURVE('',#3738,#3663,#454,.T.);
#3023=EDGE_CURVE('',#3738,#3737,#46,.T.);
#3024=EDGE_CURVE('',#3739,#3662,#455,.T.);
#3025=EDGE_CURVE('',#3738,#3739,#4209,.T.);
#3026=EDGE_CURVE('',#3740,#3661,#456,.T.);
#3027=EDGE_CURVE('',#3740,#3739,#47,.T.);
#3028=EDGE_CURVE('',#3741,#3660,#457,.T.);
#3029=EDGE_CURVE('',#3741,#3740,#48,.T.);
#3030=EDGE_CURVE('',#3742,#3659,#458,.T.);
#3031=EDGE_CURVE('',#3741,#3742,#4210,.T.);
#3032=EDGE_CURVE('',#3743,#3658,#459,.T.);
#3033=EDGE_CURVE('',#3742,#3743,#4211,.T.);
#3034=EDGE_CURVE('',#3744,#3657,#460,.T.);
#3035=EDGE_CURVE('',#3743,#3744,#4212,.T.);
#3036=EDGE_CURVE('',#3745,#3656,#461,.T.);
#3037=EDGE_CURVE('',#3744,#3745,#4213,.T.);
#3038=EDGE_CURVE('',#3746,#3655,#462,.T.);
#3039=EDGE_CURVE('',#3745,#3746,#4214,.T.);
#3040=EDGE_CURVE('',#3747,#3654,#463,.T.);
#3041=EDGE_CURVE('',#3746,#3747,#4215,.T.);
#3042=EDGE_CURVE('',#3748,#3653,#464,.T.);
#3043=EDGE_CURVE('',#3747,#3748,#4216,.T.);
#3044=EDGE_CURVE('',#3749,#3652,#465,.T.);
#3045=EDGE_CURVE('',#3748,#3749,#4217,.T.);
#3046=EDGE_CURVE('',#3750,#3651,#466,.T.);
#3047=EDGE_CURVE('',#3750,#3749,#4218,.T.);
#3048=EDGE_CURVE('',#3751,#3650,#467,.T.);
#3049=EDGE_CURVE('',#3751,#3750,#4219,.T.);
#3050=EDGE_CURVE('',#3752,#3649,#468,.T.);
#3051=EDGE_CURVE('',#3751,#3752,#4220,.T.);
#3052=EDGE_CURVE('',#3753,#3648,#469,.T.);
#3053=EDGE_CURVE('',#3752,#3753,#4221,.T.);
#3054=EDGE_CURVE('',#3754,#3647,#470,.T.);
#3055=EDGE_CURVE('',#3753,#3754,#4222,.T.);
#3056=EDGE_CURVE('',#3755,#3646,#471,.T.);
#3057=EDGE_CURVE('',#3754,#3755,#4223,.T.);
#3058=EDGE_CURVE('',#3756,#3645,#472,.T.);
#3059=EDGE_CURVE('',#3755,#3756,#4224,.T.);
#3060=EDGE_CURVE('',#3757,#3644,#473,.T.);
#3061=EDGE_CURVE('',#3757,#3756,#4225,.T.);
#3062=EDGE_CURVE('',#3758,#3643,#474,.T.);
#3063=EDGE_CURVE('',#3758,#3757,#4226,.T.);
#3064=EDGE_CURVE('',#3759,#3642,#475,.T.);
#3065=EDGE_CURVE('',#3759,#3758,#476,.T.);
#3066=EDGE_CURVE('',#3760,#3641,#477,.T.);
#3067=EDGE_CURVE('',#3760,#3759,#49,.T.);
#3068=EDGE_CURVE('',#3761,#3640,#478,.T.);
#3069=EDGE_CURVE('',#3760,#3761,#4227,.T.);
#3070=EDGE_CURVE('',#3736,#3761,#50,.T.);
#3071=EDGE_CURVE('',#3762,#3763,#479,.T.);
#3072=EDGE_CURVE('',#3763,#3764,#480,.T.);
#3073=EDGE_CURVE('',#3764,#3765,#481,.T.);
#3074=EDGE_CURVE('',#3765,#3762,#482,.T.);
#3075=EDGE_CURVE('',#3766,#3767,#51,.T.);
#3076=EDGE_CURVE('',#3766,#3768,#4228,.T.);
#3077=EDGE_CURVE('',#3768,#3769,#4229,.T.);
#3078=EDGE_CURVE('',#3769,#3770,#4230,.T.);
#3079=EDGE_CURVE('',#3770,#3771,#4231,.T.);
#3080=EDGE_CURVE('',#3771,#3772,#4232,.T.);
#3081=EDGE_CURVE('',#3772,#3773,#4233,.T.);
#3082=EDGE_CURVE('',#3774,#3773,#4234,.T.);
#3083=EDGE_CURVE('',#3775,#3774,#4235,.T.);
#3084=EDGE_CURVE('',#3776,#3775,#4236,.T.);
#3085=EDGE_CURVE('',#3777,#3776,#4237,.T.);
#3086=EDGE_CURVE('',#3778,#3777,#4238,.T.);
#3087=EDGE_CURVE('',#3779,#3778,#4239,.T.);
#3088=EDGE_CURVE('',#3780,#3779,#4240,.T.);
#3089=EDGE_CURVE('',#3781,#3780,#4241,.T.);
#3090=EDGE_CURVE('',#3782,#3781,#4242,.T.);
#3091=EDGE_CURVE('',#3782,#3783,#4243,.T.);
#3092=EDGE_CURVE('',#3783,#3784,#4244,.T.);
#3093=EDGE_CURVE('',#3784,#3785,#4245,.T.);
#3094=EDGE_CURVE('',#3785,#3786,#4246,.T.);
#3095=EDGE_CURVE('',#3786,#3787,#4247,.T.);
#3096=EDGE_CURVE('',#3787,#3788,#4248,.T.);
#3097=EDGE_CURVE('',#3788,#3789,#4249,.T.);
#3098=EDGE_CURVE('',#3790,#3789,#52,.T.);
#3099=EDGE_CURVE('',#3790,#3791,#4250,.T.);
#3100=EDGE_CURVE('',#3792,#3791,#53,.T.);
#3101=EDGE_CURVE('',#3792,#3793,#4251,.T.);
#3102=EDGE_CURVE('',#3794,#3793,#54,.T.);
#3103=EDGE_CURVE('',#3794,#3767,#4252,.T.);
#3104=EDGE_CURVE('',#3795,#3796,#4253,.T.);
#3105=EDGE_CURVE('',#3795,#3797,#55,.T.);
#3106=EDGE_CURVE('',#3798,#3797,#4254,.T.);
#3107=EDGE_CURVE('',#3798,#3799,#56,.T.);
#3108=EDGE_CURVE('',#3800,#3799,#4255,.T.);
#3109=EDGE_CURVE('',#3800,#3801,#57,.T.);
#3110=EDGE_CURVE('',#3802,#3801,#4256,.T.);
#3111=EDGE_CURVE('',#3803,#3802,#4257,.T.);
#3112=EDGE_CURVE('',#3804,#3803,#4258,.T.);
#3113=EDGE_CURVE('',#3805,#3804,#4259,.T.);
#3114=EDGE_CURVE('',#3806,#3805,#4260,.T.);
#3115=EDGE_CURVE('',#3807,#3806,#4261,.T.);
#3116=EDGE_CURVE('',#3808,#3807,#4262,.T.);
#3117=EDGE_CURVE('',#3808,#3809,#4263,.T.);
#3118=EDGE_CURVE('',#3809,#3810,#4264,.T.);
#3119=EDGE_CURVE('',#3810,#3811,#4265,.T.);
#3120=EDGE_CURVE('',#3811,#3812,#4266,.T.);
#3121=EDGE_CURVE('',#3812,#3813,#4267,.T.);
#3122=EDGE_CURVE('',#3813,#3814,#4268,.T.);
#3123=EDGE_CURVE('',#3814,#3815,#4269,.T.);
#3124=EDGE_CURVE('',#3815,#3816,#4270,.T.);
#3125=EDGE_CURVE('',#3816,#3817,#4271,.T.);
#3126=EDGE_CURVE('',#3818,#3817,#4272,.T.);
#3127=EDGE_CURVE('',#3819,#3818,#4273,.T.);
#3128=EDGE_CURVE('',#3820,#3819,#4274,.T.);
#3129=EDGE_CURVE('',#3821,#3820,#4275,.T.);
#3130=EDGE_CURVE('',#3822,#3821,#4276,.T.);
#3131=EDGE_CURVE('',#3823,#3822,#4277,.T.);
#3132=EDGE_CURVE('',#3823,#3796,#58,.T.);
#3133=EDGE_CURVE('',#3824,#3825,#483,.T.);
#3134=EDGE_CURVE('',#3824,#3826,#484,.T.);
#3135=EDGE_CURVE('',#3826,#3827,#485,.T.);
#3136=EDGE_CURVE('',#3825,#3827,#486,.T.);
#3137=EDGE_CURVE('',#3828,#3829,#487,.T.);
#3138=EDGE_CURVE('',#3829,#3830,#488,.T.);
#3139=EDGE_CURVE('',#3830,#3831,#489,.T.);
#3140=EDGE_CURVE('',#3831,#3828,#490,.T.);
#3141=EDGE_CURVE('',#3832,#3833,#491,.T.);
#3142=EDGE_CURVE('',#3832,#3824,#492,.T.);
#3143=EDGE_CURVE('',#3833,#3825,#493,.T.);
#3144=EDGE_CURVE('',#3834,#3835,#494,.T.);
#3145=EDGE_CURVE('',#3834,#3832,#495,.T.);
#3146=EDGE_CURVE('',#3835,#3833,#496,.T.);
#3147=EDGE_CURVE('',#3826,#3834,#497,.T.);
#3148=EDGE_CURVE('',#3827,#3835,#498,.T.);
#3149=EDGE_CURVE('',#3836,#3826,#499,.T.);
#3150=EDGE_CURVE('',#3836,#3837,#500,.T.);
#3151=EDGE_CURVE('',#3834,#3837,#501,.F.);
#3152=EDGE_CURVE('',#3837,#3838,#502,.T.);
#3153=EDGE_CURVE('',#3832,#3838,#503,.F.);
#3154=EDGE_CURVE('',#3839,#3824,#504,.F.);
#3155=EDGE_CURVE('',#3839,#3836,#505,.T.);
#3156=EDGE_CURVE('',#3838,#3839,#506,.T.);
#3157=EDGE_CURVE('',#3840,#3829,#507,.T.);
#3158=EDGE_CURVE('',#3840,#3841,#508,.T.);
#3159=EDGE_CURVE('',#3841,#3830,#509,.T.);
#3160=EDGE_CURVE('',#3842,#3828,#510,.T.);
#3161=EDGE_CURVE('',#3842,#3840,#511,.T.);
#3162=EDGE_CURVE('',#3843,#3831,#512,.T.);
#3163=EDGE_CURVE('',#3843,#3842,#513,.T.);
#3164=EDGE_CURVE('',#3841,#3843,#514,.T.);
#3165=EDGE_CURVE('',#3837,#3765,#79,.T.);
#3166=EDGE_CURVE('',#3762,#3836,#80,.F.);
#3167=EDGE_CURVE('',#3763,#3839,#81,.F.);
#3168=EDGE_CURVE('',#3838,#3764,#82,.T.);
#3169=EDGE_CURVE('',#3844,#3766,#515,.T.);
#3170=EDGE_CURVE('',#3844,#3845,#4278,.T.);
#3171=EDGE_CURVE('',#3845,#3768,#516,.T.);
#3172=EDGE_CURVE('',#3846,#3767,#517,.T.);
#3173=EDGE_CURVE('',#3844,#3846,#59,.T.);
#3174=EDGE_CURVE('',#3847,#3794,#518,.T.);
#3175=EDGE_CURVE('',#3847,#3846,#4279,.T.);
#3176=EDGE_CURVE('',#3848,#3793,#519,.T.);
#3177=EDGE_CURVE('',#3847,#3848,#60,.T.);
#3178=EDGE_CURVE('',#3849,#3792,#520,.T.);
#3179=EDGE_CURVE('',#3849,#3848,#4280,.T.);
#3180=EDGE_CURVE('',#3850,#3791,#521,.T.);
#3181=EDGE_CURVE('',#3849,#3850,#61,.T.);
#3182=EDGE_CURVE('',#3851,#3790,#522,.T.);
#3183=EDGE_CURVE('',#3851,#3850,#4281,.T.);
#3184=EDGE_CURVE('',#3852,#3789,#523,.T.);
#3185=EDGE_CURVE('',#3851,#3852,#62,.T.);
#3186=EDGE_CURVE('',#3853,#3788,#524,.T.);
#3187=EDGE_CURVE('',#3853,#3852,#4282,.T.);
#3188=EDGE_CURVE('',#3854,#3787,#525,.T.);
#3189=EDGE_CURVE('',#3854,#3853,#4283,.T.);
#3190=EDGE_CURVE('',#3855,#3786,#526,.T.);
#3191=EDGE_CURVE('',#3855,#3854,#4284,.T.);
#3192=EDGE_CURVE('',#3856,#3785,#527,.T.);
#3193=EDGE_CURVE('',#3856,#3855,#4285,.T.);
#3194=EDGE_CURVE('',#3857,#3784,#528,.T.);
#3195=EDGE_CURVE('',#3857,#3856,#4286,.T.);
#3196=EDGE_CURVE('',#3858,#3783,#529,.T.);
#3197=EDGE_CURVE('',#3858,#3857,#4287,.T.);
#3198=EDGE_CURVE('',#3859,#3782,#530,.T.);
#3199=EDGE_CURVE('',#3859,#3858,#4288,.T.);
#3200=EDGE_CURVE('',#3860,#3781,#531,.T.);
#3201=EDGE_CURVE('',#3859,#3860,#4289,.T.);
#3202=EDGE_CURVE('',#3861,#3780,#532,.T.);
#3203=EDGE_CURVE('',#3860,#3861,#4290,.T.);
#3204=EDGE_CURVE('',#3862,#3779,#533,.T.);
#3205=EDGE_CURVE('',#3861,#3862,#4291,.T.);
#3206=EDGE_CURVE('',#3863,#3778,#534,.T.);
#3207=EDGE_CURVE('',#3862,#3863,#4292,.T.);
#3208=EDGE_CURVE('',#3864,#3777,#535,.T.);
#3209=EDGE_CURVE('',#3863,#3864,#4293,.T.);
#3210=EDGE_CURVE('',#3865,#3776,#536,.T.);
#3211=EDGE_CURVE('',#3864,#3865,#4294,.T.);
#3212=EDGE_CURVE('',#3866,#3775,#537,.T.);
#3213=EDGE_CURVE('',#3865,#3866,#4295,.T.);
#3214=EDGE_CURVE('',#3867,#3774,#538,.T.);
#3215=EDGE_CURVE('',#3866,#3867,#4296,.T.);
#3216=EDGE_CURVE('',#3868,#3773,#539,.T.);
#3217=EDGE_CURVE('',#3867,#3868,#4297,.T.);
#3218=EDGE_CURVE('',#3869,#3772,#540,.T.);
#3219=EDGE_CURVE('',#3869,#3868,#4298,.T.);
#3220=EDGE_CURVE('',#3870,#3771,#541,.T.);
#3221=EDGE_CURVE('',#3870,#3869,#4299,.T.);
#3222=EDGE_CURVE('',#3871,#3770,#542,.T.);
#3223=EDGE_CURVE('',#3871,#3870,#4300,.T.);
#3224=EDGE_CURVE('',#3872,#3769,#543,.T.);
#3225=EDGE_CURVE('',#3872,#3871,#4301,.T.);
#3226=EDGE_CURVE('',#3845,#3872,#4302,.T.);
#3227=EDGE_CURVE('',#3873,#3795,#544,.T.);
#3228=EDGE_CURVE('',#3873,#3874,#63,.T.);
#3229=EDGE_CURVE('',#3874,#3797,#545,.T.);
#3230=EDGE_CURVE('',#3875,#3796,#546,.T.);
#3231=EDGE_CURVE('',#3873,#3875,#4303,.T.);
#3232=EDGE_CURVE('',#3876,#3823,#547,.T.);
#3233=EDGE_CURVE('',#3876,#3875,#64,.T.);
#3234=EDGE_CURVE('',#3877,#3822,#548,.T.);
#3235=EDGE_CURVE('',#3876,#3877,#4304,.T.);
#3236=EDGE_CURVE('',#3878,#3821,#549,.T.);
#3237=EDGE_CURVE('',#3877,#3878,#4305,.T.);
#3238=EDGE_CURVE('',#3879,#3820,#550,.T.);
#3239=EDGE_CURVE('',#3878,#3879,#4306,.T.);
#3240=EDGE_CURVE('',#3880,#3819,#551,.T.);
#3241=EDGE_CURVE('',#3879,#3880,#4307,.T.);
#3242=EDGE_CURVE('',#3881,#3818,#552,.T.);
#3243=EDGE_CURVE('',#3880,#3881,#4308,.T.);
#3244=EDGE_CURVE('',#3882,#3817,#553,.T.);
#3245=EDGE_CURVE('',#3881,#3882,#4309,.T.);
#3246=EDGE_CURVE('',#3883,#3816,#554,.T.);
#3247=EDGE_CURVE('',#3883,#3882,#4310,.T.);
#3248=EDGE_CURVE('',#3884,#3815,#555,.T.);
#3249=EDGE_CURVE('',#3884,#3883,#4311,.T.);
#3250=EDGE_CURVE('',#3885,#3814,#556,.T.);
#3251=EDGE_CURVE('',#3885,#3884,#4312,.T.);
#3252=EDGE_CURVE('',#3886,#3813,#557,.T.);
#3253=EDGE_CURVE('',#3886,#3885,#4313,.T.);
#3254=EDGE_CURVE('',#3887,#3812,#558,.T.);
#3255=EDGE_CURVE('',#3887,#3886,#4314,.T.);
#3256=EDGE_CURVE('',#3888,#3811,#559,.T.);
#3257=EDGE_CURVE('',#3888,#3887,#4315,.T.);
#3258=EDGE_CURVE('',#3889,#3810,#560,.T.);
#3259=EDGE_CURVE('',#3889,#3888,#4316,.T.);
#3260=EDGE_CURVE('',#3890,#3809,#561,.T.);
#3261=EDGE_CURVE('',#3890,#3889,#4317,.T.);
#3262=EDGE_CURVE('',#3891,#3808,#562,.T.);
#3263=EDGE_CURVE('',#3891,#3890,#4318,.T.);
#3264=EDGE_CURVE('',#3892,#3807,#563,.T.);
#3265=EDGE_CURVE('',#3891,#3892,#4319,.T.);
#3266=EDGE_CURVE('',#3893,#3806,#564,.T.);
#3267=EDGE_CURVE('',#3892,#3893,#4320,.T.);
#3268=EDGE_CURVE('',#3894,#3805,#565,.T.);
#3269=EDGE_CURVE('',#3893,#3894,#4321,.T.);
#3270=EDGE_CURVE('',#3895,#3804,#566,.T.);
#3271=EDGE_CURVE('',#3894,#3895,#4322,.T.);
#3272=EDGE_CURVE('',#3896,#3803,#567,.T.);
#3273=EDGE_CURVE('',#3895,#3896,#4323,.T.);
#3274=EDGE_CURVE('',#3897,#3802,#568,.T.);
#3275=EDGE_CURVE('',#3896,#3897,#4324,.T.);
#3276=EDGE_CURVE('',#3898,#3801,#569,.T.);
#3277=EDGE_CURVE('',#3897,#3898,#4325,.T.);
#3278=EDGE_CURVE('',#3899,#3800,#570,.T.);
#3279=EDGE_CURVE('',#3899,#3898,#65,.T.);
#3280=EDGE_CURVE('',#3900,#3799,#571,.T.);
#3281=EDGE_CURVE('',#3899,#3900,#4326,.T.);
#3282=EDGE_CURVE('',#3901,#3798,#572,.T.);
#3283=EDGE_CURVE('',#3901,#3900,#66,.T.);
#3284=EDGE_CURVE('',#3901,#3874,#4327,.T.);
#3285=EDGE_CURVE('',#3902,#3903,#4328,.T.);
#3286=EDGE_CURVE('',#3904,#3902,#4329,.T.);
#3287=EDGE_CURVE('',#3904,#3905,#4330,.T.);
#3288=EDGE_CURVE('',#3905,#3906,#4331,.T.);
#3289=EDGE_CURVE('',#3906,#3907,#4332,.T.);
#3290=EDGE_CURVE('',#3907,#3908,#4333,.T.);
#3291=EDGE_CURVE('',#3908,#3909,#4334,.T.);
#3292=EDGE_CURVE('',#3910,#3909,#4335,.T.);
#3293=EDGE_CURVE('',#3910,#3911,#4336,.T.);
#3294=EDGE_CURVE('',#3912,#3911,#4337,.T.);
#3295=EDGE_CURVE('',#3913,#3912,#4338,.T.);
#3296=EDGE_CURVE('',#3914,#3913,#4339,.T.);
#3297=EDGE_CURVE('',#3915,#3914,#4340,.T.);
#3298=EDGE_CURVE('',#3916,#3915,#4341,.T.);
#3299=EDGE_CURVE('',#3917,#3916,#4342,.T.);
#3300=EDGE_CURVE('',#3918,#3917,#4343,.T.);
#3301=EDGE_CURVE('',#3919,#3918,#4344,.T.);
#3302=EDGE_CURVE('',#3919,#3920,#4345,.T.);
#3303=EDGE_CURVE('',#3920,#3921,#4346,.T.);
#3304=EDGE_CURVE('',#3921,#3922,#4347,.T.);
#3305=EDGE_CURVE('',#3922,#3923,#4348,.T.);
#3306=EDGE_CURVE('',#3924,#3923,#4349,.T.);
#3307=EDGE_CURVE('',#3925,#3924,#4350,.T.);
#3308=EDGE_CURVE('',#3926,#3925,#4351,.T.);
#3309=EDGE_CURVE('',#3926,#3927,#4352,.T.);
#3310=EDGE_CURVE('',#3927,#3928,#4353,.T.);
#3311=EDGE_CURVE('',#3928,#3929,#4354,.T.);
#3312=EDGE_CURVE('',#3929,#3930,#4355,.T.);
#3313=EDGE_CURVE('',#3930,#3931,#4356,.T.);
#3314=EDGE_CURVE('',#3932,#3931,#4357,.T.);
#3315=EDGE_CURVE('',#3903,#3932,#4358,.T.);
#3316=EDGE_CURVE('',#3933,#3934,#573,.T.);
#3317=EDGE_CURVE('',#3934,#3935,#574,.T.);
#3318=EDGE_CURVE('',#3935,#3936,#575,.T.);
#3319=EDGE_CURVE('',#3936,#3933,#576,.T.);
#3320=EDGE_CURVE('',#3937,#3938,#4359,.T.);
#3321=EDGE_CURVE('',#3937,#3939,#4360,.T.);
#3322=EDGE_CURVE('',#3940,#3939,#4361,.T.);
#3323=EDGE_CURVE('',#3940,#3941,#4362,.T.);
#3324=EDGE_CURVE('',#3942,#3941,#4363,.T.);
#3325=EDGE_CURVE('',#3943,#3942,#4364,.T.);
#3326=EDGE_CURVE('',#3944,#3943,#4365,.T.);
#3327=EDGE_CURVE('',#3944,#3945,#4366,.T.);
#3328=EDGE_CURVE('',#3945,#3946,#4367,.T.);
#3329=EDGE_CURVE('',#3946,#3947,#4368,.T.);
#3330=EDGE_CURVE('',#3947,#3948,#4369,.T.);
#3331=EDGE_CURVE('',#3949,#3948,#4370,.T.);
#3332=EDGE_CURVE('',#3950,#3949,#4371,.T.);
#3333=EDGE_CURVE('',#3951,#3950,#4372,.T.);
#3334=EDGE_CURVE('',#3952,#3951,#4373,.T.);
#3335=EDGE_CURVE('',#3953,#3952,#4374,.T.);
#3336=EDGE_CURVE('',#3953,#3954,#4375,.T.);
#3337=EDGE_CURVE('',#3954,#3955,#4376,.T.);
#3338=EDGE_CURVE('',#3955,#3956,#4377,.T.);
#3339=EDGE_CURVE('',#3957,#3956,#4378,.T.);
#3340=EDGE_CURVE('',#3958,#3957,#4379,.T.);
#3341=EDGE_CURVE('',#3959,#3958,#4380,.T.);
#3342=EDGE_CURVE('',#3960,#3959,#4381,.T.);
#3343=EDGE_CURVE('',#3960,#3961,#4382,.T.);
#3344=EDGE_CURVE('',#3961,#3962,#4383,.T.);
#3345=EDGE_CURVE('',#3962,#3963,#4384,.T.);
#3346=EDGE_CURVE('',#3963,#3964,#4385,.T.);
#3347=EDGE_CURVE('',#3964,#3965,#4386,.T.);
#3348=EDGE_CURVE('',#3965,#3966,#4387,.T.);
#3349=EDGE_CURVE('',#3966,#3967,#4388,.T.);
#3350=EDGE_CURVE('',#3967,#3938,#4389,.T.);
#3351=EDGE_CURVE('',#3968,#3969,#577,.T.);
#3352=EDGE_CURVE('',#3968,#3970,#578,.T.);
#3353=EDGE_CURVE('',#3970,#3971,#579,.T.);
#3354=EDGE_CURVE('',#3969,#3971,#580,.T.);
#3355=EDGE_CURVE('',#3972,#3973,#581,.T.);
#3356=EDGE_CURVE('',#3972,#3968,#582,.T.);
#3357=EDGE_CURVE('',#3973,#3969,#583,.T.);
#3358=EDGE_CURVE('',#3974,#3975,#584,.T.);
#3359=EDGE_CURVE('',#3974,#3972,#585,.T.);
#3360=EDGE_CURVE('',#3975,#3973,#586,.T.);
#3361=EDGE_CURVE('',#3976,#3977,#587,.T.);
#3362=EDGE_CURVE('',#3978,#3976,#588,.T.);
#3363=EDGE_CURVE('',#3979,#3978,#589,.T.);
#3364=EDGE_CURVE('',#3977,#3979,#590,.T.);
#3365=EDGE_CURVE('',#3970,#3974,#591,.T.);
#3366=EDGE_CURVE('',#3971,#3975,#592,.T.);
#3367=EDGE_CURVE('',#3980,#3977,#593,.T.);
#3368=EDGE_CURVE('',#3981,#3980,#594,.T.);
#3369=EDGE_CURVE('',#3981,#3976,#595,.T.);
#3370=EDGE_CURVE('',#3982,#3979,#596,.T.);
#3371=EDGE_CURVE('',#3980,#3982,#597,.T.);
#3372=EDGE_CURVE('',#3983,#3978,#598,.T.);
#3373=EDGE_CURVE('',#3982,#3983,#599,.T.);
#3374=EDGE_CURVE('',#3983,#3981,#600,.T.);
#3375=EDGE_CURVE('',#3984,#3968,#601,.T.);
#3376=EDGE_CURVE('',#3984,#3985,#602,.T.);
#3377=EDGE_CURVE('',#3970,#3985,#603,.F.);
#3378=EDGE_CURVE('',#3985,#3986,#604,.T.);
#3379=EDGE_CURVE('',#3974,#3986,#605,.F.);
#3380=EDGE_CURVE('',#3987,#3972,#606,.F.);
#3381=EDGE_CURVE('',#3987,#3984,#607,.T.);
#3382=EDGE_CURVE('',#3986,#3987,#608,.T.);
#3383=EDGE_CURVE('',#3987,#3936,#83,.T.);
#3384=EDGE_CURVE('',#3933,#3986,#84,.F.);
#3385=EDGE_CURVE('',#3934,#3985,#85,.F.);
#3386=EDGE_CURVE('',#3984,#3935,#86,.T.);
#3387=EDGE_CURVE('',#3988,#3937,#609,.T.);
#3388=EDGE_CURVE('',#3988,#3989,#4390,.T.);
#3389=EDGE_CURVE('',#3989,#3939,#610,.T.);
#3390=EDGE_CURVE('',#3990,#3938,#611,.T.);
#3391=EDGE_CURVE('',#3988,#3990,#4391,.T.);
#3392=EDGE_CURVE('',#3991,#3967,#612,.T.);
#3393=EDGE_CURVE('',#3991,#3990,#4392,.T.);
#3394=EDGE_CURVE('',#3992,#3966,#613,.T.);
#3395=EDGE_CURVE('',#3992,#3991,#4393,.T.);
#3396=EDGE_CURVE('',#3993,#3965,#614,.T.);
#3397=EDGE_CURVE('',#3993,#3992,#4394,.T.);
#3398=EDGE_CURVE('',#3994,#3964,#615,.T.);
#3399=EDGE_CURVE('',#3994,#3993,#4395,.T.);
#3400=EDGE_CURVE('',#3995,#3963,#616,.T.);
#3401=EDGE_CURVE('',#3995,#3994,#4396,.T.);
#3402=EDGE_CURVE('',#3996,#3962,#617,.T.);
#3403=EDGE_CURVE('',#3996,#3995,#4397,.T.);
#3404=EDGE_CURVE('',#3997,#3961,#618,.T.);
#3405=EDGE_CURVE('',#3997,#3996,#4398,.T.);
#3406=EDGE_CURVE('',#3998,#3960,#619,.T.);
#3407=EDGE_CURVE('',#3998,#3997,#4399,.T.);
#3408=EDGE_CURVE('',#3999,#3959,#620,.T.);
#3409=EDGE_CURVE('',#3998,#3999,#4400,.T.);
#3410=EDGE_CURVE('',#4000,#3958,#621,.T.);
#3411=EDGE_CURVE('',#3999,#4000,#4401,.T.);
#3412=EDGE_CURVE('',#4001,#3957,#622,.T.);
#3413=EDGE_CURVE('',#4000,#4001,#4402,.T.);
#3414=EDGE_CURVE('',#4002,#3956,#623,.T.);
#3415=EDGE_CURVE('',#4001,#4002,#4403,.T.);
#3416=EDGE_CURVE('',#4003,#3955,#624,.T.);
#3417=EDGE_CURVE('',#4003,#4002,#4404,.T.);
#3418=EDGE_CURVE('',#4004,#3954,#625,.T.);
#3419=EDGE_CURVE('',#4004,#4003,#4405,.T.);
#3420=EDGE_CURVE('',#4005,#3953,#626,.T.);
#3421=EDGE_CURVE('',#4005,#4004,#4406,.T.);
#3422=EDGE_CURVE('',#4006,#3952,#627,.T.);
#3423=EDGE_CURVE('',#4005,#4006,#4407,.T.);
#3424=EDGE_CURVE('',#4007,#3951,#628,.T.);
#3425=EDGE_CURVE('',#4006,#4007,#4408,.T.);
#3426=EDGE_CURVE('',#4008,#3950,#629,.T.);
#3427=EDGE_CURVE('',#4007,#4008,#4409,.T.);
#3428=EDGE_CURVE('',#4009,#3949,#630,.T.);
#3429=EDGE_CURVE('',#4008,#4009,#4410,.T.);
#3430=EDGE_CURVE('',#4010,#3948,#631,.T.);
#3431=EDGE_CURVE('',#4009,#4010,#4411,.T.);
#3432=EDGE_CURVE('',#4011,#3947,#632,.T.);
#3433=EDGE_CURVE('',#4011,#4010,#4412,.T.);
#3434=EDGE_CURVE('',#4012,#3946,#633,.T.);
#3435=EDGE_CURVE('',#4012,#4011,#4413,.T.);
#3436=EDGE_CURVE('',#4013,#3945,#634,.T.);
#3437=EDGE_CURVE('',#4013,#4012,#4414,.T.);
#3438=EDGE_CURVE('',#4014,#3944,#635,.T.);
#3439=EDGE_CURVE('',#4014,#4013,#4415,.T.);
#3440=EDGE_CURVE('',#4015,#3943,#636,.T.);
#3441=EDGE_CURVE('',#4014,#4015,#4416,.T.);
#3442=EDGE_CURVE('',#4016,#3942,#637,.T.);
#3443=EDGE_CURVE('',#4015,#4016,#4417,.T.);
#3444=EDGE_CURVE('',#4017,#3941,#638,.T.);
#3445=EDGE_CURVE('',#4016,#4017,#4418,.T.);
#3446=EDGE_CURVE('',#4018,#3940,#639,.T.);
#3447=EDGE_CURVE('',#4018,#4017,#4419,.T.);
#3448=EDGE_CURVE('',#4018,#3989,#4420,.T.);
#3449=EDGE_CURVE('',#4019,#3903,#640,.T.);
#3450=EDGE_CURVE('',#4020,#4019,#4421,.T.);
#3451=EDGE_CURVE('',#4020,#3902,#641,.T.);
#3452=EDGE_CURVE('',#4021,#3932,#642,.T.);
#3453=EDGE_CURVE('',#4019,#4021,#4422,.T.);
#3454=EDGE_CURVE('',#4022,#3931,#643,.T.);
#3455=EDGE_CURVE('',#4021,#4022,#4423,.T.);
#3456=EDGE_CURVE('',#4023,#3930,#644,.T.);
#3457=EDGE_CURVE('',#4023,#4022,#4424,.T.);
#3458=EDGE_CURVE('',#4024,#3929,#645,.T.);
#3459=EDGE_CURVE('',#4024,#4023,#4425,.T.);
#3460=EDGE_CURVE('',#4025,#3928,#646,.T.);
#3461=EDGE_CURVE('',#4025,#4024,#4426,.T.);
#3462=EDGE_CURVE('',#4026,#3927,#647,.T.);
#3463=EDGE_CURVE('',#4026,#4025,#4427,.T.);
#3464=EDGE_CURVE('',#4027,#3926,#648,.T.);
#3465=EDGE_CURVE('',#4027,#4026,#4428,.T.);
#3466=EDGE_CURVE('',#4028,#3925,#649,.T.);
#3467=EDGE_CURVE('',#4027,#4028,#4429,.T.);
#3468=EDGE_CURVE('',#4029,#3924,#650,.T.);
#3469=EDGE_CURVE('',#4028,#4029,#4430,.T.);
#3470=EDGE_CURVE('',#4030,#3923,#651,.T.);
#3471=EDGE_CURVE('',#4029,#4030,#4431,.T.);
#3472=EDGE_CURVE('',#4031,#3922,#652,.T.);
#3473=EDGE_CURVE('',#4031,#4030,#4432,.T.);
#3474=EDGE_CURVE('',#4032,#3921,#653,.T.);
#3475=EDGE_CURVE('',#4032,#4031,#4433,.T.);
#3476=EDGE_CURVE('',#4033,#3920,#654,.T.);
#3477=EDGE_CURVE('',#4033,#4032,#4434,.T.);
#3478=EDGE_CURVE('',#4034,#3919,#655,.T.);
#3479=EDGE_CURVE('',#4034,#4033,#4435,.T.);
#3480=EDGE_CURVE('',#4035,#3918,#656,.T.);
#3481=EDGE_CURVE('',#4034,#4035,#4436,.T.);
#3482=EDGE_CURVE('',#4036,#3917,#657,.T.);
#3483=EDGE_CURVE('',#4035,#4036,#4437,.T.);
#3484=EDGE_CURVE('',#4037,#3916,#658,.T.);
#3485=EDGE_CURVE('',#4036,#4037,#4438,.T.);
#3486=EDGE_CURVE('',#4038,#3915,#659,.T.);
#3487=EDGE_CURVE('',#4037,#4038,#4439,.T.);
#3488=EDGE_CURVE('',#4039,#3914,#660,.T.);
#3489=EDGE_CURVE('',#4038,#4039,#4440,.T.);
#3490=EDGE_CURVE('',#4040,#3913,#661,.T.);
#3491=EDGE_CURVE('',#4039,#4040,#4441,.T.);
#3492=EDGE_CURVE('',#4041,#3912,#662,.T.);
#3493=EDGE_CURVE('',#4040,#4041,#4442,.T.);
#3494=EDGE_CURVE('',#4042,#3911,#663,.T.);
#3495=EDGE_CURVE('',#4041,#4042,#4443,.T.);
#3496=EDGE_CURVE('',#4043,#3910,#664,.T.);
#3497=EDGE_CURVE('',#4043,#4042,#4444,.T.);
#3498=EDGE_CURVE('',#4044,#3909,#665,.T.);
#3499=EDGE_CURVE('',#4043,#4044,#4445,.T.);
#3500=EDGE_CURVE('',#4045,#3908,#666,.T.);
#3501=EDGE_CURVE('',#4045,#4044,#4446,.T.);
#3502=EDGE_CURVE('',#4046,#3907,#667,.T.);
#3503=EDGE_CURVE('',#4046,#4045,#4447,.T.);
#3504=EDGE_CURVE('',#4047,#3906,#668,.T.);
#3505=EDGE_CURVE('',#4047,#4046,#4448,.T.);
#3506=EDGE_CURVE('',#4048,#3905,#669,.T.);
#3507=EDGE_CURVE('',#4048,#4047,#4449,.T.);
#3508=EDGE_CURVE('',#4049,#3904,#670,.T.);
#3509=EDGE_CURVE('',#4049,#4048,#4450,.T.);
#3510=EDGE_CURVE('',#4049,#4020,#4451,.T.);
#3511=VERTEX_POINT('',#7991);
#3512=VERTEX_POINT('',#7992);
#3513=VERTEX_POINT('',#7994);
#3514=VERTEX_POINT('',#7996);
#3515=VERTEX_POINT('',#7998);
#3516=VERTEX_POINT('',#8000);
#3517=VERTEX_POINT('',#8002);
#3518=VERTEX_POINT('',#8004);
#3519=VERTEX_POINT('',#8006);
#3520=VERTEX_POINT('',#8008);
#3521=VERTEX_POINT('',#8010);
#3522=VERTEX_POINT('',#8012);
#3523=VERTEX_POINT('',#8014);
#3524=VERTEX_POINT('',#8016);
#3525=VERTEX_POINT('',#8018);
#3526=VERTEX_POINT('',#8020);
#3527=VERTEX_POINT('',#8022);
#3528=VERTEX_POINT('',#8024);
#3529=VERTEX_POINT('',#8026);
#3530=VERTEX_POINT('',#8028);
#3531=VERTEX_POINT('',#8030);
#3532=VERTEX_POINT('',#8032);
#3533=VERTEX_POINT('',#8034);
#3534=VERTEX_POINT('',#8036);
#3535=VERTEX_POINT('',#8038);
#3536=VERTEX_POINT('',#8041);
#3537=VERTEX_POINT('',#8042);
#3538=VERTEX_POINT('',#8044);
#3539=VERTEX_POINT('',#8046);
#3540=VERTEX_POINT('',#8049);
#3541=VERTEX_POINT('',#8050);
#3542=VERTEX_POINT('',#8052);
#3543=VERTEX_POINT('',#8054);
#3544=VERTEX_POINT('',#8056);
#3545=VERTEX_POINT('',#8058);
#3546=VERTEX_POINT('',#8060);
#3547=VERTEX_POINT('',#8062);
#3548=VERTEX_POINT('',#8064);
#3549=VERTEX_POINT('',#8066);
#3550=VERTEX_POINT('',#8068);
#3551=VERTEX_POINT('',#8070);
#3552=VERTEX_POINT('',#8072);
#3553=VERTEX_POINT('',#8074);
#3554=VERTEX_POINT('',#8076);
#3555=VERTEX_POINT('',#8078);
#3556=VERTEX_POINT('',#8080);
#3557=VERTEX_POINT('',#8082);
#3558=VERTEX_POINT('',#8084);
#3559=VERTEX_POINT('',#8086);
#3560=VERTEX_POINT('',#8088);
#3561=VERTEX_POINT('',#8090);
#3562=VERTEX_POINT('',#8092);
#3563=VERTEX_POINT('',#8094);
#3564=VERTEX_POINT('',#8096);
#3565=VERTEX_POINT('',#8100);
#3566=VERTEX_POINT('',#8101);
#3567=VERTEX_POINT('',#8103);
#3568=VERTEX_POINT('',#8105);
#3569=VERTEX_POINT('',#8107);
#3570=VERTEX_POINT('',#8110);
#3571=VERTEX_POINT('',#8111);
#3572=VERTEX_POINT('',#8113);
#3573=VERTEX_POINT('',#8115);
#3574=VERTEX_POINT('',#8119);
#3575=VERTEX_POINT('',#8121);
#3576=VERTEX_POINT('',#8125);
#3577=VERTEX_POINT('',#8126);
#3578=VERTEX_POINT('',#8128);
#3579=VERTEX_POINT('',#8130);
#3580=VERTEX_POINT('',#8141);
#3581=VERTEX_POINT('',#8143);
#3582=VERTEX_POINT('',#8147);
#3583=VERTEX_POINT('',#8151);
#3584=VERTEX_POINT('',#8160);
#3585=VERTEX_POINT('',#8162);
#3586=VERTEX_POINT('',#8166);
#3587=VERTEX_POINT('',#8170);
#3588=VERTEX_POINT('',#8184);
#3589=VERTEX_POINT('',#8186);
#3590=VERTEX_POINT('',#8190);
#3591=VERTEX_POINT('',#8194);
#3592=VERTEX_POINT('',#8198);
#3593=VERTEX_POINT('',#8202);
#3594=VERTEX_POINT('',#8206);
#3595=VERTEX_POINT('',#8210);
#3596=VERTEX_POINT('',#8214);
#3597=VERTEX_POINT('',#8218);
#3598=VERTEX_POINT('',#8222);
#3599=VERTEX_POINT('',#8226);
#3600=VERTEX_POINT('',#8230);
#3601=VERTEX_POINT('',#8234);
#3602=VERTEX_POINT('',#8238);
#3603=VERTEX_POINT('',#8242);
#3604=VERTEX_POINT('',#8246);
#3605=VERTEX_POINT('',#8250);
#3606=VERTEX_POINT('',#8254);
#3607=VERTEX_POINT('',#8258);
#3608=VERTEX_POINT('',#8262);
#3609=VERTEX_POINT('',#8266);
#3610=VERTEX_POINT('',#8270);
#3611=VERTEX_POINT('',#8274);
#3612=VERTEX_POINT('',#8278);
#3613=VERTEX_POINT('',#8285);
#3614=VERTEX_POINT('',#8287);
#3615=VERTEX_POINT('',#8291);
#3616=VERTEX_POINT('',#8295);
#3617=VERTEX_POINT('',#8299);
#3618=VERTEX_POINT('',#8303);
#3619=VERTEX_POINT('',#8307);
#3620=VERTEX_POINT('',#8311);
#3621=VERTEX_POINT('',#8315);
#3622=VERTEX_POINT('',#8319);
#3623=VERTEX_POINT('',#8323);
#3624=VERTEX_POINT('',#8327);
#3625=VERTEX_POINT('',#8331);
#3626=VERTEX_POINT('',#8335);
#3627=VERTEX_POINT('',#8339);
#3628=VERTEX_POINT('',#8343);
#3629=VERTEX_POINT('',#8347);
#3630=VERTEX_POINT('',#8351);
#3631=VERTEX_POINT('',#8355);
#3632=VERTEX_POINT('',#8359);
#3633=VERTEX_POINT('',#8363);
#3634=VERTEX_POINT('',#8367);
#3635=VERTEX_POINT('',#8371);
#3636=VERTEX_POINT('',#8375);
#3637=VERTEX_POINT('',#8379);
#3638=VERTEX_POINT('',#8391);
#3639=VERTEX_POINT('',#8392);
#3640=VERTEX_POINT('',#8398);
#3641=VERTEX_POINT('',#8400);
#3642=VERTEX_POINT('',#8405);
#3643=VERTEX_POINT('',#8407);
#3644=VERTEX_POINT('',#8409);
#3645=VERTEX_POINT('',#8411);
#3646=VERTEX_POINT('',#8413);
#3647=VERTEX_POINT('',#8415);
#3648=VERTEX_POINT('',#8417);
#3649=VERTEX_POINT('',#8419);
#3650=VERTEX_POINT('',#8421);
#3651=VERTEX_POINT('',#8423);
#3652=VERTEX_POINT('',#8425);
#3653=VERTEX_POINT('',#8427);
#3654=VERTEX_POINT('',#8429);
#3655=VERTEX_POINT('',#8431);
#3656=VERTEX_POINT('',#8433);
#3657=VERTEX_POINT('',#8435);
#3658=VERTEX_POINT('',#8437);
#3659=VERTEX_POINT('',#8439);
#3660=VERTEX_POINT('',#8441);
#3661=VERTEX_POINT('',#8447);
#3662=VERTEX_POINT('',#8453);
#3663=VERTEX_POINT('',#8455);
#3664=VERTEX_POINT('',#8461);
#3665=VERTEX_POINT('',#8464);
#3666=VERTEX_POINT('',#8465);
#3667=VERTEX_POINT('',#8467);
#3668=VERTEX_POINT('',#8469);
#3669=VERTEX_POINT('',#8472);
#3670=VERTEX_POINT('',#8473);
#3671=VERTEX_POINT('',#8475);
#3672=VERTEX_POINT('',#8482);
#3673=VERTEX_POINT('',#8488);
#3674=VERTEX_POINT('',#8490);
#3675=VERTEX_POINT('',#8496);
#3676=VERTEX_POINT('',#8498);
#3677=VERTEX_POINT('',#8504);
#3678=VERTEX_POINT('',#8510);
#3679=VERTEX_POINT('',#8512);
#3680=VERTEX_POINT('',#8514);
#3681=VERTEX_POINT('',#8516);
#3682=VERTEX_POINT('',#8518);
#3683=VERTEX_POINT('',#8520);
#3684=VERTEX_POINT('',#8522);
#3685=VERTEX_POINT('',#8524);
#3686=VERTEX_POINT('',#8526);
#3687=VERTEX_POINT('',#8528);
#3688=VERTEX_POINT('',#8530);
#3689=VERTEX_POINT('',#8532);
#3690=VERTEX_POINT('',#8534);
#3691=VERTEX_POINT('',#8536);
#3692=VERTEX_POINT('',#8538);
#3693=VERTEX_POINT('',#8540);
#3694=VERTEX_POINT('',#8544);
#3695=VERTEX_POINT('',#8545);
#3696=VERTEX_POINT('',#8547);
#3697=VERTEX_POINT('',#8549);
#3698=VERTEX_POINT('',#8552);
#3699=VERTEX_POINT('',#8553);
#3700=VERTEX_POINT('',#8555);
#3701=VERTEX_POINT('',#8557);
#3702=VERTEX_POINT('',#8561);
#3703=VERTEX_POINT('',#8562);
#3704=VERTEX_POINT('',#8567);
#3705=VERTEX_POINT('',#8568);
#3706=VERTEX_POINT('',#8577);
#3707=VERTEX_POINT('',#8579);
#3708=VERTEX_POINT('',#8583);
#3709=VERTEX_POINT('',#8587);
#3710=VERTEX_POINT('',#8602);
#3711=VERTEX_POINT('',#8604);
#3712=VERTEX_POINT('',#8608);
#3713=VERTEX_POINT('',#8612);
#3714=VERTEX_POINT('',#8616);
#3715=VERTEX_POINT('',#8620);
#3716=VERTEX_POINT('',#8624);
#3717=VERTEX_POINT('',#8628);
#3718=VERTEX_POINT('',#8632);
#3719=VERTEX_POINT('',#8636);
#3720=VERTEX_POINT('',#8640);
#3721=VERTEX_POINT('',#8644);
#3722=VERTEX_POINT('',#8648);
#3723=VERTEX_POINT('',#8652);
#3724=VERTEX_POINT('',#8656);
#3725=VERTEX_POINT('',#8660);
#3726=VERTEX_POINT('',#8664);
#3727=VERTEX_POINT('',#8668);
#3728=VERTEX_POINT('',#8672);
#3729=VERTEX_POINT('',#8685);
#3730=VERTEX_POINT('',#8702);
#3731=VERTEX_POINT('',#8710);
#3732=VERTEX_POINT('',#8723);
#3733=VERTEX_POINT('',#8731);
#3734=VERTEX_POINT('',#8748);
#3735=VERTEX_POINT('',#8792);
#3736=VERTEX_POINT('',#8798);
#3737=VERTEX_POINT('',#8802);
#3738=VERTEX_POINT('',#8815);
#3739=VERTEX_POINT('',#8823);
#3740=VERTEX_POINT('',#8836);
#3741=VERTEX_POINT('',#8853);
#3742=VERTEX_POINT('',#8861);
#3743=VERTEX_POINT('',#8865);
#3744=VERTEX_POINT('',#8869);
#3745=VERTEX_POINT('',#8873);
#3746=VERTEX_POINT('',#8877);
#3747=VERTEX_POINT('',#8881);
#3748=VERTEX_POINT('',#8885);
#3749=VERTEX_POINT('',#8889);
#3750=VERTEX_POINT('',#8893);
#3751=VERTEX_POINT('',#8897);
#3752=VERTEX_POINT('',#8901);
#3753=VERTEX_POINT('',#8905);
#3754=VERTEX_POINT('',#8909);
#3755=VERTEX_POINT('',#8913);
#3756=VERTEX_POINT('',#8917);
#3757=VERTEX_POINT('',#8921);
#3758=VERTEX_POINT('',#8925);
#3759=VERTEX_POINT('',#8929);
#3760=VERTEX_POINT('',#8940);
#3761=VERTEX_POINT('',#8947);
#3762=VERTEX_POINT('',#8970);
#3763=VERTEX_POINT('',#8971);
#3764=VERTEX_POINT('',#8973);
#3765=VERTEX_POINT('',#8975);
#3766=VERTEX_POINT('',#8982);
#3767=VERTEX_POINT('',#8983);
#3768=VERTEX_POINT('',#8985);
#3769=VERTEX_POINT('',#8987);
#3770=VERTEX_POINT('',#8989);
#3771=VERTEX_POINT('',#8991);
#3772=VERTEX_POINT('',#8993);
#3773=VERTEX_POINT('',#8995);
#3774=VERTEX_POINT('',#8997);
#3775=VERTEX_POINT('',#8999);
#3776=VERTEX_POINT('',#9001);
#3777=VERTEX_POINT('',#9003);
#3778=VERTEX_POINT('',#9005);
#3779=VERTEX_POINT('',#9007);
#3780=VERTEX_POINT('',#9009);
#3781=VERTEX_POINT('',#9011);
#3782=VERTEX_POINT('',#9013);
#3783=VERTEX_POINT('',#9015);
#3784=VERTEX_POINT('',#9017);
#3785=VERTEX_POINT('',#9019);
#3786=VERTEX_POINT('',#9021);
#3787=VERTEX_POINT('',#9023);
#3788=VERTEX_POINT('',#9025);
#3789=VERTEX_POINT('',#9027);
#3790=VERTEX_POINT('',#9033);
#3791=VERTEX_POINT('',#9035);
#3792=VERTEX_POINT('',#9041);
#3793=VERTEX_POINT('',#9043);
#3794=VERTEX_POINT('',#9049);
#3795=VERTEX_POINT('',#9052);
#3796=VERTEX_POINT('',#9053);
#3797=VERTEX_POINT('',#9059);
#3798=VERTEX_POINT('',#9061);
#3799=VERTEX_POINT('',#9067);
#3800=VERTEX_POINT('',#9069);
#3801=VERTEX_POINT('',#9075);
#3802=VERTEX_POINT('',#9077);
#3803=VERTEX_POINT('',#9079);
#3804=VERTEX_POINT('',#9081);
#3805=VERTEX_POINT('',#9083);
#3806=VERTEX_POINT('',#9085);
#3807=VERTEX_POINT('',#9087);
#3808=VERTEX_POINT('',#9089);
#3809=VERTEX_POINT('',#9091);
#3810=VERTEX_POINT('',#9093);
#3811=VERTEX_POINT('',#9095);
#3812=VERTEX_POINT('',#9097);
#3813=VERTEX_POINT('',#9099);
#3814=VERTEX_POINT('',#9101);
#3815=VERTEX_POINT('',#9103);
#3816=VERTEX_POINT('',#9105);
#3817=VERTEX_POINT('',#9107);
#3818=VERTEX_POINT('',#9109);
#3819=VERTEX_POINT('',#9111);
#3820=VERTEX_POINT('',#9113);
#3821=VERTEX_POINT('',#9115);
#3822=VERTEX_POINT('',#9117);
#3823=VERTEX_POINT('',#9119);
#3824=VERTEX_POINT('',#9127);
#3825=VERTEX_POINT('',#9128);
#3826=VERTEX_POINT('',#9130);
#3827=VERTEX_POINT('',#9132);
#3828=VERTEX_POINT('',#9135);
#3829=VERTEX_POINT('',#9136);
#3830=VERTEX_POINT('',#9138);
#3831=VERTEX_POINT('',#9140);
#3832=VERTEX_POINT('',#9144);
#3833=VERTEX_POINT('',#9145);
#3834=VERTEX_POINT('',#9150);
#3835=VERTEX_POINT('',#9151);
#3836=VERTEX_POINT('',#9160);
#3837=VERTEX_POINT('',#9162);
#3838=VERTEX_POINT('',#9166);
#3839=VERTEX_POINT('',#9170);
#3840=VERTEX_POINT('',#9176);
#3841=VERTEX_POINT('',#9178);
#3842=VERTEX_POINT('',#9182);
#3843=VERTEX_POINT('',#9186);
#3844=VERTEX_POINT('',#9201);
#3845=VERTEX_POINT('',#9203);
#3846=VERTEX_POINT('',#9222);
#3847=VERTEX_POINT('',#9230);
#3848=VERTEX_POINT('',#9247);
#3849=VERTEX_POINT('',#9255);
#3850=VERTEX_POINT('',#9268);
#3851=VERTEX_POINT('',#9276);
#3852=VERTEX_POINT('',#9293);
#3853=VERTEX_POINT('',#9301);
#3854=VERTEX_POINT('',#9305);
#3855=VERTEX_POINT('',#9309);
#3856=VERTEX_POINT('',#9313);
#3857=VERTEX_POINT('',#9317);
#3858=VERTEX_POINT('',#9321);
#3859=VERTEX_POINT('',#9325);
#3860=VERTEX_POINT('',#9329);
#3861=VERTEX_POINT('',#9333);
#3862=VERTEX_POINT('',#9337);
#3863=VERTEX_POINT('',#9341);
#3864=VERTEX_POINT('',#9345);
#3865=VERTEX_POINT('',#9349);
#3866=VERTEX_POINT('',#9353);
#3867=VERTEX_POINT('',#9357);
#3868=VERTEX_POINT('',#9361);
#3869=VERTEX_POINT('',#9365);
#3870=VERTEX_POINT('',#9369);
#3871=VERTEX_POINT('',#9373);
#3872=VERTEX_POINT('',#9377);
#3873=VERTEX_POINT('',#9397);
#3874=VERTEX_POINT('',#9403);
#3875=VERTEX_POINT('',#9407);
#3876=VERTEX_POINT('',#9426);
#3877=VERTEX_POINT('',#9434);
#3878=VERTEX_POINT('',#9438);
#3879=VERTEX_POINT('',#9442);
#3880=VERTEX_POINT('',#9446);
#3881=VERTEX_POINT('',#9450);
#3882=VERTEX_POINT('',#9454);
#3883=VERTEX_POINT('',#9458);
#3884=VERTEX_POINT('',#9462);
#3885=VERTEX_POINT('',#9466);
#3886=VERTEX_POINT('',#9470);
#3887=VERTEX_POINT('',#9474);
#3888=VERTEX_POINT('',#9478);
#3889=VERTEX_POINT('',#9482);
#3890=VERTEX_POINT('',#9486);
#3891=VERTEX_POINT('',#9490);
#3892=VERTEX_POINT('',#9494);
#3893=VERTEX_POINT('',#9498);
#3894=VERTEX_POINT('',#9502);
#3895=VERTEX_POINT('',#9506);
#3896=VERTEX_POINT('',#9510);
#3897=VERTEX_POINT('',#9514);
#3898=VERTEX_POINT('',#9518);
#3899=VERTEX_POINT('',#9535);
#3900=VERTEX_POINT('',#9543);
#3901=VERTEX_POINT('',#9556);
#3902=VERTEX_POINT('',#9568);
#3903=VERTEX_POINT('',#9569);
#3904=VERTEX_POINT('',#9571);
#3905=VERTEX_POINT('',#9573);
#3906=VERTEX_POINT('',#9575);
#3907=VERTEX_POINT('',#9577);
#3908=VERTEX_POINT('',#9579);
#3909=VERTEX_POINT('',#9581);
#3910=VERTEX_POINT('',#9583);
#3911=VERTEX_POINT('',#9585);
#3912=VERTEX_POINT('',#9587);
#3913=VERTEX_POINT('',#9589);
#3914=VERTEX_POINT('',#9591);
#3915=VERTEX_POINT('',#9593);
#3916=VERTEX_POINT('',#9595);
#3917=VERTEX_POINT('',#9597);
#3918=VERTEX_POINT('',#9599);
#3919=VERTEX_POINT('',#9601);
#3920=VERTEX_POINT('',#9603);
#3921=VERTEX_POINT('',#9605);
#3922=VERTEX_POINT('',#9607);
#3923=VERTEX_POINT('',#9609);
#3924=VERTEX_POINT('',#9611);
#3925=VERTEX_POINT('',#9613);
#3926=VERTEX_POINT('',#9615);
#3927=VERTEX_POINT('',#9617);
#3928=VERTEX_POINT('',#9619);
#3929=VERTEX_POINT('',#9621);
#3930=VERTEX_POINT('',#9623);
#3931=VERTEX_POINT('',#9625);
#3932=VERTEX_POINT('',#9627);
#3933=VERTEX_POINT('',#9630);
#3934=VERTEX_POINT('',#9631);
#3935=VERTEX_POINT('',#9633);
#3936=VERTEX_POINT('',#9635);
#3937=VERTEX_POINT('',#9638);
#3938=VERTEX_POINT('',#9639);
#3939=VERTEX_POINT('',#9641);
#3940=VERTEX_POINT('',#9643);
#3941=VERTEX_POINT('',#9645);
#3942=VERTEX_POINT('',#9647);
#3943=VERTEX_POINT('',#9649);
#3944=VERTEX_POINT('',#9651);
#3945=VERTEX_POINT('',#9653);
#3946=VERTEX_POINT('',#9655);
#3947=VERTEX_POINT('',#9657);
#3948=VERTEX_POINT('',#9659);
#3949=VERTEX_POINT('',#9661);
#3950=VERTEX_POINT('',#9663);
#3951=VERTEX_POINT('',#9665);
#3952=VERTEX_POINT('',#9667);
#3953=VERTEX_POINT('',#9669);
#3954=VERTEX_POINT('',#9671);
#3955=VERTEX_POINT('',#9673);
#3956=VERTEX_POINT('',#9675);
#3957=VERTEX_POINT('',#9677);
#3958=VERTEX_POINT('',#9679);
#3959=VERTEX_POINT('',#9681);
#3960=VERTEX_POINT('',#9683);
#3961=VERTEX_POINT('',#9685);
#3962=VERTEX_POINT('',#9687);
#3963=VERTEX_POINT('',#9689);
#3964=VERTEX_POINT('',#9691);
#3965=VERTEX_POINT('',#9693);
#3966=VERTEX_POINT('',#9695);
#3967=VERTEX_POINT('',#9697);
#3968=VERTEX_POINT('',#9701);
#3969=VERTEX_POINT('',#9702);
#3970=VERTEX_POINT('',#9704);
#3971=VERTEX_POINT('',#9706);
#3972=VERTEX_POINT('',#9710);
#3973=VERTEX_POINT('',#9711);
#3974=VERTEX_POINT('',#9716);
#3975=VERTEX_POINT('',#9717);
#3976=VERTEX_POINT('',#9722);
#3977=VERTEX_POINT('',#9723);
#3978=VERTEX_POINT('',#9725);
#3979=VERTEX_POINT('',#9727);
#3980=VERTEX_POINT('',#9734);
#3981=VERTEX_POINT('',#9736);
#3982=VERTEX_POINT('',#9740);
#3983=VERTEX_POINT('',#9744);
#3984=VERTEX_POINT('',#9751);
#3985=VERTEX_POINT('',#9753);
#3986=VERTEX_POINT('',#9757);
#3987=VERTEX_POINT('',#9761);
#3988=VERTEX_POINT('',#9775);
#3989=VERTEX_POINT('',#9777);
#3990=VERTEX_POINT('',#9781);
#3991=VERTEX_POINT('',#9785);
#3992=VERTEX_POINT('',#9789);
#3993=VERTEX_POINT('',#9793);
#3994=VERTEX_POINT('',#9797);
#3995=VERTEX_POINT('',#9801);
#3996=VERTEX_POINT('',#9805);
#3997=VERTEX_POINT('',#9809);
#3998=VERTEX_POINT('',#9813);
#3999=VERTEX_POINT('',#9817);
#4000=VERTEX_POINT('',#9821);
#4001=VERTEX_POINT('',#9825);
#4002=VERTEX_POINT('',#9829);
#4003=VERTEX_POINT('',#9833);
#4004=VERTEX_POINT('',#9837);
#4005=VERTEX_POINT('',#9841);
#4006=VERTEX_POINT('',#9845);
#4007=VERTEX_POINT('',#9849);
#4008=VERTEX_POINT('',#9853);
#4009=VERTEX_POINT('',#9857);
#4010=VERTEX_POINT('',#9861);
#4011=VERTEX_POINT('',#9865);
#4012=VERTEX_POINT('',#9869);
#4013=VERTEX_POINT('',#9873);
#4014=VERTEX_POINT('',#9877);
#4015=VERTEX_POINT('',#9881);
#4016=VERTEX_POINT('',#9885);
#4017=VERTEX_POINT('',#9889);
#4018=VERTEX_POINT('',#9893);
#4019=VERTEX_POINT('',#9900);
#4020=VERTEX_POINT('',#9902);
#4021=VERTEX_POINT('',#9906);
#4022=VERTEX_POINT('',#9910);
#4023=VERTEX_POINT('',#9914);
#4024=VERTEX_POINT('',#9918);
#4025=VERTEX_POINT('',#9922);
#4026=VERTEX_POINT('',#9926);
#4027=VERTEX_POINT('',#9930);
#4028=VERTEX_POINT('',#9934);
#4029=VERTEX_POINT('',#9938);
#4030=VERTEX_POINT('',#9942);
#4031=VERTEX_POINT('',#9946);
#4032=VERTEX_POINT('',#9950);
#4033=VERTEX_POINT('',#9954);
#4034=VERTEX_POINT('',#9958);
#4035=VERTEX_POINT('',#9962);
#4036=VERTEX_POINT('',#9966);
#4037=VERTEX_POINT('',#9970);
#4038=VERTEX_POINT('',#9974);
#4039=VERTEX_POINT('',#9978);
#4040=VERTEX_POINT('',#9982);
#4041=VERTEX_POINT('',#9986);
#4042=VERTEX_POINT('',#9990);
#4043=VERTEX_POINT('',#9994);
#4044=VERTEX_POINT('',#9998);
#4045=VERTEX_POINT('',#10002);
#4046=VERTEX_POINT('',#10006);
#4047=VERTEX_POINT('',#10010);
#4048=VERTEX_POINT('',#10014);
#4049=VERTEX_POINT('',#10018);
#4050=CIRCLE('',#5510,0.00802659744888153);
#4051=CIRCLE('',#5511,0.00410831810878096);
#4052=CIRCLE('',#5512,0.00163520856206906);
#4053=CIRCLE('',#5513,0.0014641908208895);
#4054=CIRCLE('',#5514,0.0371559944272396);
#4055=CIRCLE('',#5515,0.000798636512469189);
#4056=CIRCLE('',#5516,0.000974188252112126);
#4057=CIRCLE('',#5517,0.00395370068073409);
#4058=CIRCLE('',#5518,0.000464412576511479);
#4059=CIRCLE('',#5519,0.000300726433605721);
#4060=CIRCLE('',#5520,0.000198746688899047);
#4061=CIRCLE('',#5521,0.000674998805954432);
#4062=CIRCLE('',#5522,0.000491667479107175);
#4063=CIRCLE('',#5523,0.000667215217018042);
#4064=CIRCLE('',#5524,0.0013700244620368);
#4065=CIRCLE('',#5525,0.00346563724115234);
#4066=CIRCLE('',#5526,0.00383423802698959);
#4067=CIRCLE('',#5527,0.00319217808100476);
#4068=CIRCLE('',#5528,0.000797080636074638);
#4069=CIRCLE('',#5529,0.00627861284024146);
#4070=CIRCLE('',#5530,0.000674207105997133);
#4071=CIRCLE('',#5531,0.000285994133897414);
#4072=CIRCLE('',#5532,0.000289970241748948);
#4073=CIRCLE('',#5533,0.00224543393880101);
#4074=CIRCLE('',#5534,0.00213428450992885);
#4075=CIRCLE('',#5535,0.00346563724115229);
#4076=CIRCLE('',#5536,0.00137002446203681);
#4077=CIRCLE('',#5537,0.000667215217018079);
#4078=CIRCLE('',#5538,0.000491667479107174);
#4079=CIRCLE('',#5539,0.000674998805954404);
#4080=CIRCLE('',#5540,0.000198746688899042);
#4081=CIRCLE('',#5541,0.000300726433605722);
#4082=CIRCLE('',#5542,0.00046441257651145);
#4083=CIRCLE('',#5543,0.00395370068073427);
#4084=CIRCLE('',#5544,0.000974188252112159);
#4085=CIRCLE('',#5545,0.000798636512469192);
#4086=CIRCLE('',#5546,0.03715599442724);
#4087=CIRCLE('',#5547,0.00146419082088945);
#4088=CIRCLE('',#5548,0.00163520856206903);
#4089=CIRCLE('',#5549,0.00410831810878096);
#4090=CIRCLE('',#5550,0.0080265974488818);
#4091=CIRCLE('',#5551,0.00213428450992884);
#4092=CIRCLE('',#5552,0.00224543393880102);
#4093=CIRCLE('',#5553,0.000289970241748948);
#4094=CIRCLE('',#5554,0.000285994133897427);
#4095=CIRCLE('',#5555,0.00067420710599711);
#4096=CIRCLE('',#5556,0.00627861284024904);
#4097=CIRCLE('',#5557,0.00079708063607463);
#4098=CIRCLE('',#5558,0.00319217808100484);
#4099=CIRCLE('',#5559,0.00383423802698966);
#4100=CIRCLE('',#5585,0.00802659744888153);
#4101=CIRCLE('',#5587,0.00213428450992885);
#4102=CIRCLE('',#5589,0.00224543393880101);
#4103=CIRCLE('',#5591,0.000289970241748948);
#4104=CIRCLE('',#5593,0.000285994133897414);
#4105=CIRCLE('',#5595,0.000674207105997133);
#4106=CIRCLE('',#5597,0.00627861284024146);
#4107=CIRCLE('',#5599,0.000797080636074638);
#4108=CIRCLE('',#5601,0.00319217808100476);
#4109=CIRCLE('',#5603,0.00383423802698959);
#4110=CIRCLE('',#5605,0.00346563724115234);
#4111=CIRCLE('',#5607,0.0013700244620368);
#4112=CIRCLE('',#5609,0.000667215217018042);
#4113=CIRCLE('',#5611,0.000491667479107175);
#4114=CIRCLE('',#5613,0.000674998805954432);
#4115=CIRCLE('',#5615,0.000198746688899047);
#4116=CIRCLE('',#5617,0.000300726433605721);
#4117=CIRCLE('',#5619,0.000464412576511479);
#4118=CIRCLE('',#5621,0.00395370068073409);
#4119=CIRCLE('',#5623,0.000974188252112126);
#4120=CIRCLE('',#5625,0.000798636512469189);
#4121=CIRCLE('',#5627,0.0371559944272396);
#4122=CIRCLE('',#5629,0.0014641908208895);
#4123=CIRCLE('',#5631,0.00163520856206906);
#4124=CIRCLE('',#5633,0.00410831810878096);
#4125=CIRCLE('',#5636,0.00346563724115229);
#4126=CIRCLE('',#5638,0.00383423802698966);
#4127=CIRCLE('',#5640,0.00319217808100484);
#4128=CIRCLE('',#5642,0.00079708063607463);
#4129=CIRCLE('',#5644,0.00627861284024904);
#4130=CIRCLE('',#5646,0.00067420710599711);
#4131=CIRCLE('',#5648,0.000285994133897427);
#4132=CIRCLE('',#5650,0.000289970241748948);
#4133=CIRCLE('',#5652,0.00224543393880102);
#4134=CIRCLE('',#5654,0.00213428450992884);
#4135=CIRCLE('',#5656,0.0080265974488818);
#4136=CIRCLE('',#5658,0.00410831810878096);
#4137=CIRCLE('',#5660,0.00163520856206903);
#4138=CIRCLE('',#5662,0.00146419082088945);
#4139=CIRCLE('',#5664,0.03715599442724);
#4140=CIRCLE('',#5666,0.000798636512469192);
#4141=CIRCLE('',#5668,0.000974188252112159);
#4142=CIRCLE('',#5670,0.00395370068073427);
#4143=CIRCLE('',#5672,0.00046441257651145);
#4144=CIRCLE('',#5674,0.000300726433605722);
#4145=CIRCLE('',#5676,0.000198746688899042);
#4146=CIRCLE('',#5678,0.000674998805954404);
#4147=CIRCLE('',#5680,0.000491667479107174);
#4148=CIRCLE('',#5682,0.000667215217018079);
#4149=CIRCLE('',#5684,0.00137002446203681);
#4150=CIRCLE('',#5688,0.00641080792778604);
#4151=CIRCLE('',#5689,0.00875674976996667);
#4152=CIRCLE('',#5690,0.00279972453860812);
#4153=CIRCLE('',#5691,0.000843819474063598);
#4154=CIRCLE('',#5692,0.000496010211997528);
#4155=CIRCLE('',#5693,0.000418909680332424);
#4156=CIRCLE('',#5694,0.000778595363830566);
#4157=CIRCLE('',#5695,0.00796640739836352);
#4158=CIRCLE('',#5696,0.00875674976996707);
#4159=CIRCLE('',#5697,0.00416346563571084);
#4160=CIRCLE('',#5698,0.0642806571450579);
#4161=CIRCLE('',#5699,0.00707517294632454);
#4162=CIRCLE('',#5700,0.00090949459166313);
#4163=CIRCLE('',#5701,0.000554802462489326);
#4164=CIRCLE('',#5702,0.000674346056344924);
#4165=CIRCLE('',#5703,0.000558968644428129);
#4166=CIRCLE('',#5704,0.00259587612880034);
#4167=CIRCLE('',#5705,0.0642806571449368);
#4168=CIRCLE('',#5706,0.00599198211444961);
#4169=CIRCLE('',#5707,0.00599198211413969);
#4170=CIRCLE('',#5708,0.00875674976996792);
#4171=CIRCLE('',#5709,0.00599198211456866);
#4172=CIRCLE('',#5710,0.00599198211442019);
#4173=CIRCLE('',#5711,0.0642806571451004);
#4174=CIRCLE('',#5712,0.00259587612880027);
#4175=CIRCLE('',#5713,0.000558968644428138);
#4176=CIRCLE('',#5714,0.000674346056344925);
#4177=CIRCLE('',#5715,0.00055480246248933);
#4178=CIRCLE('',#5716,0.00090949459166321);
#4179=CIRCLE('',#5717,0.00707517294632456);
#4180=CIRCLE('',#5718,0.0642806571447846);
#4181=CIRCLE('',#5719,0.0041634656357108);
#4182=CIRCLE('',#5720,0.0087567497699635);
#4183=CIRCLE('',#5721,0.00796640739836358);
#4184=CIRCLE('',#5722,0.000778595363830563);
#4185=CIRCLE('',#5723,0.000418909680332425);
#4186=CIRCLE('',#5724,0.000496010211997529);
#4187=CIRCLE('',#5725,0.000843819474063552);
#4188=CIRCLE('',#5726,0.00279972453860804);
#4189=CIRCLE('',#5743,0.00875674976996792);
#4190=CIRCLE('',#5745,0.00279972453860804);
#4191=CIRCLE('',#5747,0.000843819474063552);
#4192=CIRCLE('',#5749,0.000496010211997529);
#4193=CIRCLE('',#5751,0.000418909680332425);
#4194=CIRCLE('',#5753,0.000778595363830563);
#4195=CIRCLE('',#5755,0.00796640739836358);
#4196=CIRCLE('',#5757,0.0087567497699635);
#4197=CIRCLE('',#5759,0.0041634656357108);
#4198=CIRCLE('',#5761,0.0642806571447846);
#4199=CIRCLE('',#5763,0.00707517294632456);
#4200=CIRCLE('',#5765,0.00090949459166321);
#4201=CIRCLE('',#5767,0.00055480246248933);
#4202=CIRCLE('',#5769,0.000674346056344925);
#4203=CIRCLE('',#5771,0.000558968644428138);
#4204=CIRCLE('',#5773,0.00259587612880027);
#4205=CIRCLE('',#5775,0.0642806571451004);
#4206=CIRCLE('',#5777,0.00599198211442019);
#4207=CIRCLE('',#5779,0.00599198211456866);
#4208=CIRCLE('',#5782,0.00599198211413969);
#4209=CIRCLE('',#5784,0.00599198211444961);
#4210=CIRCLE('',#5786,0.0642806571449368);
#4211=CIRCLE('',#5788,0.00259587612880034);
#4212=CIRCLE('',#5790,0.000558968644428129);
#4213=CIRCLE('',#5792,0.000674346056344924);
#4214=CIRCLE('',#5794,0.000554802462489326);
#4215=CIRCLE('',#5796,0.00090949459166313);
#4216=CIRCLE('',#5798,0.00707517294632454);
#4217=CIRCLE('',#5800,0.0642806571450579);
#4218=CIRCLE('',#5802,0.00416346563571084);
#4219=CIRCLE('',#5804,0.00875674976996707);
#4220=CIRCLE('',#5806,0.00796640739836352);
#4221=CIRCLE('',#5808,0.000778595363830566);
#4222=CIRCLE('',#5810,0.000418909680332424);
#4223=CIRCLE('',#5812,0.000496010211997528);
#4224=CIRCLE('',#5814,0.000843819474063598);
#4225=CIRCLE('',#5816,0.00279972453860812);
#4226=CIRCLE('',#5818,0.00875674976996667);
#4227=CIRCLE('',#5821,0.00641080792778604);
#4228=CIRCLE('',#5825,0.00524353888382181);
#4229=CIRCLE('',#5826,0.00323779787507836);
#4230=CIRCLE('',#5827,0.0160062863733711);
#4231=CIRCLE('',#5828,0.00138623478980112);
#4232=CIRCLE('',#5829,0.00072584350169848);
#4233=CIRCLE('',#5830,0.000825642416439697);
#4234=CIRCLE('',#5831,0.00453673381577177);
#4235=CIRCLE('',#5832,0.00299582275325819);
#4236=CIRCLE('',#5833,0.00449716133202535);
#4237=CIRCLE('',#5834,0.0129477517352453);
#4238=CIRCLE('',#5835,0.0151247937728211);
#4239=CIRCLE('',#5836,0.0111397151531245);
#4240=CIRCLE('',#5837,0.00746104629379351);
#4241=CIRCLE('',#5838,0.0103426055057089);
#4242=CIRCLE('',#5839,0.00197329566846382);
#4243=CIRCLE('',#5840,0.00663026496067938);
#4244=CIRCLE('',#5841,0.000549108813484679);
#4245=CIRCLE('',#5842,0.000625594566938251);
#4246=CIRCLE('',#5843,0.00134330962191268);
#4247=CIRCLE('',#5844,0.00436336660505745);
#4248=CIRCLE('',#5845,0.00248022352906249);
#4249=CIRCLE('',#5846,0.00409706818430689);
#4250=CIRCLE('',#5847,0.0104965573590221);
#4251=CIRCLE('',#5848,0.0104965573577465);
#4252=CIRCLE('',#5849,0.0104965573591422);
#4253=CIRCLE('',#5850,0.0104965573589444);
#4254=CIRCLE('',#5851,0.0104965573570432);
#4255=CIRCLE('',#5852,0.0104965573590988);
#4256=CIRCLE('',#5853,0.00409706818430684);
#4257=CIRCLE('',#5854,0.0024802235290625);
#4258=CIRCLE('',#5855,0.00436336660505727);
#4259=CIRCLE('',#5856,0.00134330962191268);
#4260=CIRCLE('',#5857,0.000625594566938259);
#4261=CIRCLE('',#5858,0.00054910881348467);
#4262=CIRCLE('',#5859,0.00663026496067883);
#4263=CIRCLE('',#5860,0.00197329566846382);
#4264=CIRCLE('',#5861,0.0103426055057089);
#4265=CIRCLE('',#5862,0.0074610462937934);
#4266=CIRCLE('',#5863,0.0111397151531244);
#4267=CIRCLE('',#5864,0.0151247937728211);
#4268=CIRCLE('',#5865,0.0129477517352446);
#4269=CIRCLE('',#5866,0.00449716133202538);
#4270=CIRCLE('',#5867,0.0029958227532582);
#4271=CIRCLE('',#5868,0.0045367338157718);
#4272=CIRCLE('',#5869,0.0008256424164397);
#4273=CIRCLE('',#5870,0.000725843501698459);
#4274=CIRCLE('',#5871,0.00138623478980112);
#4275=CIRCLE('',#5872,0.0160062863733713);
#4276=CIRCLE('',#5873,0.00323779787507838);
#4277=CIRCLE('',#5874,0.00524353888382185);
#4278=CIRCLE('',#5898,0.00524353888382181);
#4279=CIRCLE('',#5900,0.0104965573591422);
#4280=CIRCLE('',#5902,0.0104965573577465);
#4281=CIRCLE('',#5904,0.0104965573590221);
#4282=CIRCLE('',#5906,0.00409706818430689);
#4283=CIRCLE('',#5908,0.00248022352906249);
#4284=CIRCLE('',#5910,0.00436336660505745);
#4285=CIRCLE('',#5912,0.00134330962191268);
#4286=CIRCLE('',#5914,0.000625594566938251);
#4287=CIRCLE('',#5916,0.000549108813484679);
#4288=CIRCLE('',#5918,0.00663026496067938);
#4289=CIRCLE('',#5920,0.00197329566846382);
#4290=CIRCLE('',#5922,0.0103426055057089);
#4291=CIRCLE('',#5924,0.00746104629379351);
#4292=CIRCLE('',#5926,0.0111397151531245);
#4293=CIRCLE('',#5928,0.0151247937728211);
#4294=CIRCLE('',#5930,0.0129477517352453);
#4295=CIRCLE('',#5932,0.00449716133202535);
#4296=CIRCLE('',#5934,0.00299582275325819);
#4297=CIRCLE('',#5936,0.00453673381577177);
#4298=CIRCLE('',#5938,0.000825642416439697);
#4299=CIRCLE('',#5940,0.00072584350169848);
#4300=CIRCLE('',#5942,0.00138623478980112);
#4301=CIRCLE('',#5944,0.0160062863733711);
#4302=CIRCLE('',#5946,0.00323779787507836);
#4303=CIRCLE('',#5949,0.0104965573589444);
#4304=CIRCLE('',#5951,0.00524353888382185);
#4305=CIRCLE('',#5953,0.00323779787507838);
#4306=CIRCLE('',#5955,0.0160062863733713);
#4307=CIRCLE('',#5957,0.00138623478980112);
#4308=CIRCLE('',#5959,0.000725843501698459);
#4309=CIRCLE('',#5961,0.0008256424164397);
#4310=CIRCLE('',#5963,0.0045367338157718);
#4311=CIRCLE('',#5965,0.0029958227532582);
#4312=CIRCLE('',#5967,0.00449716133202538);
#4313=CIRCLE('',#5969,0.0129477517352446);
#4314=CIRCLE('',#5971,0.0151247937728211);
#4315=CIRCLE('',#5973,0.0111397151531244);
#4316=CIRCLE('',#5975,0.0074610462937934);
#4317=CIRCLE('',#5977,0.0103426055057089);
#4318=CIRCLE('',#5979,0.00197329566846382);
#4319=CIRCLE('',#5981,0.00663026496067883);
#4320=CIRCLE('',#5983,0.00054910881348467);
#4321=CIRCLE('',#5985,0.000625594566938259);
#4322=CIRCLE('',#5987,0.00134330962191268);
#4323=CIRCLE('',#5989,0.00436336660505727);
#4324=CIRCLE('',#5991,0.0024802235290625);
#4325=CIRCLE('',#5993,0.00409706818430684);
#4326=CIRCLE('',#5995,0.0104965573590988);
#4327=CIRCLE('',#5997,0.0104965573570432);
#4328=CIRCLE('',#6001,0.00127586846638677);
#4329=CIRCLE('',#6002,0.00152132831196278);
#4330=CIRCLE('',#6003,0.000430860905837103);
#4331=CIRCLE('',#6004,0.0010193760039827);
#4332=CIRCLE('',#6005,0.000227255992497197);
#4333=CIRCLE('',#6006,0.00187332438983546);
#4334=CIRCLE('',#6007,0.000667184483955366);
#4335=CIRCLE('',#6008,0.000372146968072672);
#4336=CIRCLE('',#6009,0.000432887345684976);
#4337=CIRCLE('',#6010,0.00114956296029596);
#4338=CIRCLE('',#6011,0.000604703652626012);
#4339=CIRCLE('',#6012,0.00136555228080827);
#4340=CIRCLE('',#6013,0.000431814626888556);
#4341=CIRCLE('',#6014,0.00290120478534864);
#4342=CIRCLE('',#6015,0.00117709944565453);
#4343=CIRCLE('',#6016,0.000477043794752631);
#4344=CIRCLE('',#6017,0.00114023150222924);
#4345=CIRCLE('',#6018,0.000422844036800519);
#4346=CIRCLE('',#6019,0.000400760489173536);
#4347=CIRCLE('',#6020,0.000627789759347429);
#4348=CIRCLE('',#6021,0.000580591699051564);
#4349=CIRCLE('',#6022,0.000802370170629288);
#4350=CIRCLE('',#6023,0.00149308869751423);
#4351=CIRCLE('',#6024,0.000931419030461865);
#4352=CIRCLE('',#6025,0.000438123987817605);
#4353=CIRCLE('',#6026,0.00137953180873848);
#4354=CIRCLE('',#6027,0.000327353837957721);
#4355=CIRCLE('',#6028,0.000589959992349199);
#4356=CIRCLE('',#6029,0.00346014442699931);
#4357=CIRCLE('',#6030,0.00191914335803015);
#4358=CIRCLE('',#6031,0.000569264156100564);
#4359=CIRCLE('',#6032,0.000432887345684902);
#4360=CIRCLE('',#6033,0.000372146968072717);
#4361=CIRCLE('',#6034,0.000667184483955417);
#4362=CIRCLE('',#6035,0.000481653948831341);
#4363=CIRCLE('',#6036,0.000227255992497189);
#4364=CIRCLE('',#6037,0.00101937600398276);
#4365=CIRCLE('',#6038,0.000430860905837113);
#4366=CIRCLE('',#6039,0.0015213283119627);
#4367=CIRCLE('',#6040,0.00127586846638681);
#4368=CIRCLE('',#6041,0.000569264156100553);
#4369=CIRCLE('',#6042,0.0019191433580303);
#4370=CIRCLE('',#6043,0.00346014442699804);
#4371=CIRCLE('',#6044,0.000589959992349179);
#4372=CIRCLE('',#6045,0.000327353837957721);
#4373=CIRCLE('',#6046,0.00137953180873835);
#4374=CIRCLE('',#6047,0.000438123987817614);
#4375=CIRCLE('',#6048,0.000931419030461943);
#4376=CIRCLE('',#6049,0.00149308869751423);
#4377=CIRCLE('',#6050,0.000802370170629246);
#4378=CIRCLE('',#6051,0.000580591699051579);
#4379=CIRCLE('',#6052,0.000627789759347423);
#4380=CIRCLE('',#6053,0.000400760489173536);
#4381=CIRCLE('',#6054,0.000422844036800521);
#4382=CIRCLE('',#6055,0.00114023150222911);
#4383=CIRCLE('',#6056,0.000477043794752639);
#4384=CIRCLE('',#6057,0.0011770994456545);
#4385=CIRCLE('',#6058,0.00290120478534842);
#4386=CIRCLE('',#6059,0.000431814626888524);
#4387=CIRCLE('',#6060,0.0013655522808082);
#4388=CIRCLE('',#6061,0.000604703652626023);
#4389=CIRCLE('',#6062,0.00114956296029595);
#4390=CIRCLE('',#6086,0.000372146968072717);
#4391=CIRCLE('',#6088,0.000432887345684902);
#4392=CIRCLE('',#6090,0.00114956296029595);
#4393=CIRCLE('',#6092,0.000604703652626023);
#4394=CIRCLE('',#6094,0.0013655522808082);
#4395=CIRCLE('',#6096,0.000431814626888524);
#4396=CIRCLE('',#6098,0.00290120478534842);
#4397=CIRCLE('',#6100,0.0011770994456545);
#4398=CIRCLE('',#6102,0.000477043794752639);
#4399=CIRCLE('',#6104,0.00114023150222911);
#4400=CIRCLE('',#6106,0.000422844036800521);
#4401=CIRCLE('',#6108,0.000400760489173536);
#4402=CIRCLE('',#6110,0.000627789759347423);
#4403=CIRCLE('',#6112,0.000580591699051579);
#4404=CIRCLE('',#6114,0.000802370170629246);
#4405=CIRCLE('',#6116,0.00149308869751423);
#4406=CIRCLE('',#6118,0.000931419030461943);
#4407=CIRCLE('',#6120,0.000438123987817614);
#4408=CIRCLE('',#6122,0.00137953180873835);
#4409=CIRCLE('',#6124,0.000327353837957721);
#4410=CIRCLE('',#6126,0.000589959992349179);
#4411=CIRCLE('',#6128,0.00346014442699804);
#4412=CIRCLE('',#6130,0.0019191433580303);
#4413=CIRCLE('',#6132,0.000569264156100553);
#4414=CIRCLE('',#6134,0.00127586846638681);
#4415=CIRCLE('',#6136,0.0015213283119627);
#4416=CIRCLE('',#6138,0.000430860905837113);
#4417=CIRCLE('',#6140,0.00101937600398276);
#4418=CIRCLE('',#6142,0.000227255992497189);
#4419=CIRCLE('',#6144,0.000481653948831341);
#4420=CIRCLE('',#6146,0.000667184483955417);
#4421=CIRCLE('',#6149,0.00127586846638677);
#4422=CIRCLE('',#6151,0.000569264156100564);
#4423=CIRCLE('',#6153,0.00191914335803015);
#4424=CIRCLE('',#6155,0.00346014442699931);
#4425=CIRCLE('',#6157,0.000589959992349199);
#4426=CIRCLE('',#6159,0.000327353837957721);
#4427=CIRCLE('',#6161,0.00137953180873848);
#4428=CIRCLE('',#6163,0.000438123987817605);
#4429=CIRCLE('',#6165,0.000931419030461865);
#4430=CIRCLE('',#6167,0.00149308869751423);
#4431=CIRCLE('',#6169,0.000802370170629288);
#4432=CIRCLE('',#6171,0.000580591699051564);
#4433=CIRCLE('',#6173,0.000627789759347429);
#4434=CIRCLE('',#6175,0.000400760489173536);
#4435=CIRCLE('',#6177,0.000422844036800519);
#4436=CIRCLE('',#6179,0.00114023150222924);
#4437=CIRCLE('',#6181,0.000477043794752631);
#4438=CIRCLE('',#6183,0.00117709944565453);
#4439=CIRCLE('',#6185,0.00290120478534864);
#4440=CIRCLE('',#6187,0.000431814626888556);
#4441=CIRCLE('',#6189,0.00136555228080827);
#4442=CIRCLE('',#6191,0.000604703652626012);
#4443=CIRCLE('',#6193,0.00114956296029596);
#4444=CIRCLE('',#6195,0.000432887345684976);
#4445=CIRCLE('',#6197,0.000372146968072672);
#4446=CIRCLE('',#6199,0.000667184483955366);
#4447=CIRCLE('',#6201,0.00187332438983546);
#4448=CIRCLE('',#6203,0.000227255992497197);
#4449=CIRCLE('',#6205,0.0010193760039827);
#4450=CIRCLE('',#6207,0.000430860905837103);
#4451=CIRCLE('',#6209,0.00152132831196278);
#4452=EDGE_LOOP('',(#1042,#1043,#1044,#1045,#1046,#1047,#1048,#1049,#1050,
#1051,#1052,#1053,#1054,#1055,#1056,#1057,#1058,#1059,#1060,#1061,#1062,
#1063,#1064,#1065,#1066));
#4453=EDGE_LOOP('',(#1067,#1068,#1069,#1070));
#4454=EDGE_LOOP('',(#1071,#1072,#1073,#1074,#1075,#1076,#1077,#1078,#1079,
#1080,#1081,#1082,#1083,#1084,#1085,#1086,#1087,#1088,#1089,#1090,#1091,
#1092,#1093,#1094,#1095));
#4455=EDGE_LOOP('',(#1096,#1097,#1098,#1099,#1100));
#4456=EDGE_LOOP('',(#1101,#1102,#1103,#1104));
#4457=EDGE_LOOP('',(#1105,#1106,#1107,#1108));
#4458=EDGE_LOOP('',(#1109,#1110,#1111,#1112,#1113,#1114));
#4459=EDGE_LOOP('',(#1115,#1116,#1117,#1118));
#4460=EDGE_LOOP('',(#1119,#1120,#1121));
#4461=EDGE_LOOP('',(#1122,#1123,#1124,#1125));
#4462=EDGE_LOOP('',(#1126,#1127,#1128,#1129));
#4463=EDGE_LOOP('',(#1130,#1131,#1132,#1133));
#4464=EDGE_LOOP('',(#1134,#1135,#1136,#1137));
#4465=EDGE_LOOP('',(#1138,#1139,#1140,#1141));
#4466=EDGE_LOOP('',(#1142,#1143,#1144,#1145));
#4467=EDGE_LOOP('',(#1146,#1147,#1148,#1149));
#4468=EDGE_LOOP('',(#1150,#1151,#1152,#1153));
#4469=EDGE_LOOP('',(#1154,#1155,#1156,#1157));
#4470=EDGE_LOOP('',(#1158,#1159,#1160,#1161));
#4471=EDGE_LOOP('',(#1162,#1163,#1164,#1165));
#4472=EDGE_LOOP('',(#1166,#1167,#1168,#1169));
#4473=EDGE_LOOP('',(#1170,#1171,#1172,#1173));
#4474=EDGE_LOOP('',(#1174,#1175,#1176,#1177));
#4475=EDGE_LOOP('',(#1178,#1179,#1180,#1181));
#4476=EDGE_LOOP('',(#1182,#1183,#1184,#1185));
#4477=EDGE_LOOP('',(#1186,#1187,#1188,#1189));
#4478=EDGE_LOOP('',(#1190,#1191,#1192,#1193));
#4479=EDGE_LOOP('',(#1194,#1195,#1196,#1197));
#4480=EDGE_LOOP('',(#1198,#1199,#1200,#1201));
#4481=EDGE_LOOP('',(#1202,#1203,#1204,#1205));
#4482=EDGE_LOOP('',(#1206,#1207,#1208,#1209));
#4483=EDGE_LOOP('',(#1210,#1211,#1212,#1213));
#4484=EDGE_LOOP('',(#1214,#1215,#1216,#1217));
#4485=EDGE_LOOP('',(#1218,#1219,#1220,#1221));
#4486=EDGE_LOOP('',(#1222,#1223,#1224,#1225));
#4487=EDGE_LOOP('',(#1226,#1227,#1228,#1229));
#4488=EDGE_LOOP('',(#1230,#1231,#1232,#1233));
#4489=EDGE_LOOP('',(#1234,#1235,#1236,#1237));
#4490=EDGE_LOOP('',(#1238,#1239,#1240,#1241));
#4491=EDGE_LOOP('',(#1242,#1243,#1244,#1245));
#4492=EDGE_LOOP('',(#1246,#1247,#1248,#1249));
#4493=EDGE_LOOP('',(#1250,#1251,#1252,#1253));
#4494=EDGE_LOOP('',(#1254,#1255,#1256,#1257));
#4495=EDGE_LOOP('',(#1258,#1259,#1260,#1261));
#4496=EDGE_LOOP('',(#1262,#1263,#1264,#1265));
#4497=EDGE_LOOP('',(#1266,#1267,#1268,#1269));
#4498=EDGE_LOOP('',(#1270,#1271,#1272,#1273));
#4499=EDGE_LOOP('',(#1274,#1275,#1276,#1277));
#4500=EDGE_LOOP('',(#1278,#1279,#1280,#1281));
#4501=EDGE_LOOP('',(#1282,#1283,#1284,#1285,#1286,#1287,#1288,#1289,#1290,
#1291,#1292,#1293,#1294,#1295,#1296,#1297,#1298,#1299,#1300,#1301,#1302,
#1303,#1304,#1305,#1306));
#4502=EDGE_LOOP('',(#1307,#1308,#1309,#1310));
#4503=EDGE_LOOP('',(#1311,#1312,#1313,#1314));
#4504=EDGE_LOOP('',(#1315,#1316,#1317,#1318));
#4505=EDGE_LOOP('',(#1319,#1320,#1321,#1322));
#4506=EDGE_LOOP('',(#1323,#1324,#1325,#1326));
#4507=EDGE_LOOP('',(#1327,#1328,#1329,#1330));
#4508=EDGE_LOOP('',(#1331,#1332,#1333,#1334));
#4509=EDGE_LOOP('',(#1335,#1336,#1337,#1338));
#4510=EDGE_LOOP('',(#1339,#1340,#1341,#1342));
#4511=EDGE_LOOP('',(#1343,#1344,#1345,#1346));
#4512=EDGE_LOOP('',(#1347,#1348,#1349,#1350));
#4513=EDGE_LOOP('',(#1351,#1352,#1353,#1354));
#4514=EDGE_LOOP('',(#1355,#1356,#1357,#1358));
#4515=EDGE_LOOP('',(#1359,#1360,#1361,#1362));
#4516=EDGE_LOOP('',(#1363,#1364,#1365,#1366));
#4517=EDGE_LOOP('',(#1367,#1368,#1369,#1370));
#4518=EDGE_LOOP('',(#1371,#1372,#1373,#1374));
#4519=EDGE_LOOP('',(#1375,#1376,#1377,#1378));
#4520=EDGE_LOOP('',(#1379,#1380,#1381,#1382));
#4521=EDGE_LOOP('',(#1383,#1384,#1385,#1386));
#4522=EDGE_LOOP('',(#1387,#1388,#1389,#1390));
#4523=EDGE_LOOP('',(#1391,#1392,#1393,#1394));
#4524=EDGE_LOOP('',(#1395,#1396,#1397,#1398));
#4525=EDGE_LOOP('',(#1399,#1400,#1401,#1402));
#4526=EDGE_LOOP('',(#1403,#1404,#1405,#1406));
#4527=EDGE_LOOP('',(#1407,#1408,#1409,#1410,#1411,#1412,#1413,#1414,#1415,
#1416,#1417,#1418,#1419,#1420,#1421,#1422,#1423,#1424,#1425,#1426,#1427,
#1428,#1429,#1430,#1431));
#4528=EDGE_LOOP('',(#1432,#1433,#1434,#1435,#1436,#1437,#1438,#1439,#1440,
#1441,#1442,#1443,#1444,#1445,#1446,#1447,#1448,#1449,#1450,#1451,#1452,
#1453,#1454,#1455,#1456,#1457,#1458));
#4529=EDGE_LOOP('',(#1459,#1460,#1461,#1462));
#4530=EDGE_LOOP('',(#1463,#1464,#1465,#1466,#1467,#1468,#1469,#1470,#1471,
#1472,#1473,#1474,#1475,#1476,#1477,#1478,#1479,#1480,#1481,#1482,#1483,
#1484,#1485,#1486,#1487));
#4531=EDGE_LOOP('',(#1488,#1489,#1490,#1491));
#4532=EDGE_LOOP('',(#1492,#1493,#1494,#1495));
#4533=EDGE_LOOP('',(#1496,#1497,#1498,#1499));
#4534=EDGE_LOOP('',(#1500,#1501,#1502,#1503));
#4535=EDGE_LOOP('',(#1504,#1505,#1506,#1507));
#4536=EDGE_LOOP('',(#1508,#1509,#1510,#1511));
#4537=EDGE_LOOP('',(#1512,#1513,#1514,#1515));
#4538=EDGE_LOOP('',(#1516,#1517,#1518,#1519));
#4539=EDGE_LOOP('',(#1520,#1521,#1522,#1523));
#4540=EDGE_LOOP('',(#1524,#1525,#1526,#1527));
#4541=EDGE_LOOP('',(#1528,#1529,#1530,#1531));
#4542=EDGE_LOOP('',(#1532,#1533,#1534,#1535));
#4543=EDGE_LOOP('',(#1536,#1537,#1538,#1539));
#4544=EDGE_LOOP('',(#1540,#1541,#1542,#1543));
#4545=EDGE_LOOP('',(#1544,#1545,#1546,#1547));
#4546=EDGE_LOOP('',(#1548,#1549,#1550,#1551));
#4547=EDGE_LOOP('',(#1552,#1553,#1554,#1555));
#4548=EDGE_LOOP('',(#1556,#1557,#1558,#1559));
#4549=EDGE_LOOP('',(#1560,#1561,#1562,#1563));
#4550=EDGE_LOOP('',(#1564,#1565,#1566,#1567));
#4551=EDGE_LOOP('',(#1568,#1569,#1570,#1571));
#4552=EDGE_LOOP('',(#1572,#1573,#1574,#1575));
#4553=EDGE_LOOP('',(#1576,#1577,#1578,#1579));
#4554=EDGE_LOOP('',(#1580,#1581,#1582,#1583));
#4555=EDGE_LOOP('',(#1584,#1585,#1586,#1587));
#4556=EDGE_LOOP('',(#1588,#1589,#1590,#1591));
#4557=EDGE_LOOP('',(#1592,#1593,#1594,#1595));
#4558=EDGE_LOOP('',(#1596,#1597,#1598,#1599));
#4559=EDGE_LOOP('',(#1600,#1601,#1602,#1603));
#4560=EDGE_LOOP('',(#1604,#1605,#1606,#1607));
#4561=EDGE_LOOP('',(#1608,#1609,#1610,#1611));
#4562=EDGE_LOOP('',(#1612,#1613,#1614,#1615));
#4563=EDGE_LOOP('',(#1616,#1617,#1618,#1619));
#4564=EDGE_LOOP('',(#1620,#1621,#1622,#1623));
#4565=EDGE_LOOP('',(#1624,#1625,#1626,#1627));
#4566=EDGE_LOOP('',(#1628,#1629,#1630,#1631));
#4567=EDGE_LOOP('',(#1632,#1633,#1634,#1635));
#4568=EDGE_LOOP('',(#1636,#1637,#1638,#1639));
#4569=EDGE_LOOP('',(#1640,#1641,#1642,#1643));
#4570=EDGE_LOOP('',(#1644,#1645,#1646,#1647));
#4571=EDGE_LOOP('',(#1648,#1649,#1650,#1651,#1652,#1653,#1654,#1655,#1656,
#1657,#1658,#1659,#1660,#1661,#1662,#1663,#1664,#1665,#1666,#1667,#1668,
#1669,#1670,#1671,#1672));
#4572=EDGE_LOOP('',(#1673,#1674,#1675,#1676));
#4573=EDGE_LOOP('',(#1677,#1678,#1679,#1680));
#4574=EDGE_LOOP('',(#1681,#1682,#1683,#1684));
#4575=EDGE_LOOP('',(#1685,#1686,#1687,#1688));
#4576=EDGE_LOOP('',(#1689,#1690,#1691,#1692));
#4577=EDGE_LOOP('',(#1693,#1694,#1695,#1696));
#4578=EDGE_LOOP('',(#1697,#1698,#1699,#1700));
#4579=EDGE_LOOP('',(#1701,#1702,#1703,#1704));
#4580=EDGE_LOOP('',(#1705,#1706,#1707,#1708));
#4581=EDGE_LOOP('',(#1709,#1710,#1711,#1712));
#4582=EDGE_LOOP('',(#1713,#1714,#1715,#1716));
#4583=EDGE_LOOP('',(#1717,#1718,#1719,#1720));
#4584=EDGE_LOOP('',(#1721,#1722,#1723,#1724));
#4585=EDGE_LOOP('',(#1725,#1726,#1727,#1728));
#4586=EDGE_LOOP('',(#1729,#1730,#1731,#1732));
#4587=EDGE_LOOP('',(#1733,#1734,#1735,#1736));
#4588=EDGE_LOOP('',(#1737,#1738,#1739,#1740));
#4589=EDGE_LOOP('',(#1741,#1742,#1743,#1744));
#4590=EDGE_LOOP('',(#1745,#1746,#1747,#1748));
#4591=EDGE_LOOP('',(#1749,#1750,#1751,#1752));
#4592=EDGE_LOOP('',(#1753,#1754,#1755,#1756));
#4593=EDGE_LOOP('',(#1757,#1758,#1759,#1760));
#4594=EDGE_LOOP('',(#1761,#1762,#1763,#1764));
#4595=EDGE_LOOP('',(#1765,#1766,#1767,#1768));
#4596=EDGE_LOOP('',(#1769,#1770,#1771,#1772));
#4597=EDGE_LOOP('',(#1773,#1774,#1775,#1776));
#4598=EDGE_LOOP('',(#1777,#1778,#1779,#1780));
#4599=EDGE_LOOP('',(#1781,#1782,#1783,#1784,#1785,#1786,#1787,#1788,#1789,
#1790,#1791,#1792,#1793,#1794,#1795,#1796,#1797,#1798,#1799,#1800,#1801,
#1802,#1803,#1804,#1805,#1806,#1807));
#4600=EDGE_LOOP('',(#1808,#1809,#1810,#1811));
#4601=EDGE_LOOP('',(#1812,#1813,#1814,#1815,#1816,#1817,#1818,#1819,#1820,
#1821,#1822,#1823,#1824,#1825,#1826,#1827,#1828,#1829,#1830,#1831,#1832,
#1833,#1834,#1835,#1836,#1837,#1838,#1839,#1840));
#4602=EDGE_LOOP('',(#1841,#1842,#1843,#1844,#1845,#1846,#1847,#1848,#1849,
#1850,#1851,#1852,#1853,#1854,#1855,#1856,#1857,#1858,#1859,#1860,#1861,
#1862,#1863,#1864,#1865,#1866,#1867,#1868,#1869));
#4603=EDGE_LOOP('',(#1870,#1871,#1872,#1873));
#4604=EDGE_LOOP('',(#1874,#1875,#1876,#1877));
#4605=EDGE_LOOP('',(#1878,#1879,#1880,#1881));
#4606=EDGE_LOOP('',(#1882,#1883,#1884,#1885));
#4607=EDGE_LOOP('',(#1886,#1887,#1888,#1889));
#4608=EDGE_LOOP('',(#1890,#1891,#1892,#1893));
#4609=EDGE_LOOP('',(#1894,#1895,#1896,#1897));
#4610=EDGE_LOOP('',(#1898,#1899,#1900,#1901));
#4611=EDGE_LOOP('',(#1902,#1903,#1904,#1905));
#4612=EDGE_LOOP('',(#1906,#1907,#1908,#1909));
#4613=EDGE_LOOP('',(#1910,#1911,#1912,#1913));
#4614=EDGE_LOOP('',(#1914,#1915,#1916,#1917));
#4615=EDGE_LOOP('',(#1918,#1919,#1920,#1921));
#4616=EDGE_LOOP('',(#1922,#1923,#1924,#1925));
#4617=EDGE_LOOP('',(#1926,#1927,#1928,#1929));
#4618=EDGE_LOOP('',(#1930,#1931,#1932,#1933));
#4619=EDGE_LOOP('',(#1934,#1935,#1936,#1937));
#4620=EDGE_LOOP('',(#1938,#1939,#1940,#1941));
#4621=EDGE_LOOP('',(#1942,#1943,#1944,#1945));
#4622=EDGE_LOOP('',(#1946,#1947,#1948,#1949));
#4623=EDGE_LOOP('',(#1950,#1951,#1952,#1953));
#4624=EDGE_LOOP('',(#1954,#1955,#1956,#1957));
#4625=EDGE_LOOP('',(#1958,#1959,#1960,#1961));
#4626=EDGE_LOOP('',(#1962,#1963,#1964,#1965));
#4627=EDGE_LOOP('',(#1966,#1967,#1968,#1969));
#4628=EDGE_LOOP('',(#1970,#1971,#1972,#1973));
#4629=EDGE_LOOP('',(#1974,#1975,#1976,#1977));
#4630=EDGE_LOOP('',(#1978,#1979,#1980,#1981));
#4631=EDGE_LOOP('',(#1982,#1983,#1984,#1985));
#4632=EDGE_LOOP('',(#1986,#1987,#1988,#1989));
#4633=EDGE_LOOP('',(#1990,#1991,#1992,#1993));
#4634=EDGE_LOOP('',(#1994,#1995,#1996,#1997));
#4635=EDGE_LOOP('',(#1998,#1999,#2000,#2001));
#4636=EDGE_LOOP('',(#2002,#2003,#2004,#2005));
#4637=EDGE_LOOP('',(#2006,#2007,#2008,#2009));
#4638=EDGE_LOOP('',(#2010,#2011,#2012,#2013));
#4639=EDGE_LOOP('',(#2014,#2015,#2016,#2017));
#4640=EDGE_LOOP('',(#2018,#2019,#2020,#2021));
#4641=EDGE_LOOP('',(#2022,#2023,#2024,#2025));
#4642=EDGE_LOOP('',(#2026,#2027,#2028,#2029));
#4643=EDGE_LOOP('',(#2030,#2031,#2032,#2033));
#4644=EDGE_LOOP('',(#2034,#2035,#2036,#2037));
#4645=EDGE_LOOP('',(#2038,#2039,#2040,#2041));
#4646=EDGE_LOOP('',(#2042,#2043,#2044,#2045));
#4647=EDGE_LOOP('',(#2046,#2047,#2048,#2049));
#4648=EDGE_LOOP('',(#2050,#2051,#2052,#2053));
#4649=EDGE_LOOP('',(#2054,#2055,#2056,#2057));
#4650=EDGE_LOOP('',(#2058,#2059,#2060,#2061));
#4651=EDGE_LOOP('',(#2062,#2063,#2064,#2065,#2066,#2067,#2068,#2069,#2070,
#2071,#2072,#2073,#2074,#2075,#2076,#2077,#2078,#2079,#2080,#2081,#2082,
#2083,#2084,#2085,#2086,#2087,#2088,#2089,#2090));
#4652=EDGE_LOOP('',(#2091,#2092,#2093,#2094));
#4653=EDGE_LOOP('',(#2095,#2096,#2097,#2098));
#4654=EDGE_LOOP('',(#2099,#2100,#2101,#2102));
#4655=EDGE_LOOP('',(#2103,#2104,#2105,#2106));
#4656=EDGE_LOOP('',(#2107,#2108,#2109,#2110));
#4657=EDGE_LOOP('',(#2111,#2112,#2113,#2114));
#4658=EDGE_LOOP('',(#2115,#2116,#2117,#2118));
#4659=EDGE_LOOP('',(#2119,#2120,#2121,#2122));
#4660=EDGE_LOOP('',(#2123,#2124,#2125,#2126));
#4661=EDGE_LOOP('',(#2127,#2128,#2129,#2130));
#4662=EDGE_LOOP('',(#2131,#2132,#2133,#2134));
#4663=EDGE_LOOP('',(#2135,#2136,#2137,#2138));
#4664=EDGE_LOOP('',(#2139,#2140,#2141,#2142));
#4665=EDGE_LOOP('',(#2143,#2144,#2145,#2146));
#4666=EDGE_LOOP('',(#2147,#2148,#2149,#2150));
#4667=EDGE_LOOP('',(#2151,#2152,#2153,#2154));
#4668=EDGE_LOOP('',(#2155,#2156,#2157,#2158));
#4669=EDGE_LOOP('',(#2159,#2160,#2161,#2162));
#4670=EDGE_LOOP('',(#2163,#2164,#2165,#2166));
#4671=EDGE_LOOP('',(#2167,#2168,#2169,#2170));
#4672=EDGE_LOOP('',(#2171,#2172,#2173,#2174));
#4673=EDGE_LOOP('',(#2175,#2176,#2177,#2178));
#4674=EDGE_LOOP('',(#2179,#2180,#2181,#2182));
#4675=EDGE_LOOP('',(#2183,#2184,#2185,#2186));
#4676=EDGE_LOOP('',(#2187,#2188,#2189,#2190));
#4677=EDGE_LOOP('',(#2191,#2192,#2193,#2194));
#4678=EDGE_LOOP('',(#2195,#2196,#2197,#2198));
#4679=EDGE_LOOP('',(#2199,#2200,#2201,#2202));
#4680=EDGE_LOOP('',(#2203,#2204,#2205,#2206));
#4681=EDGE_LOOP('',(#2207,#2208,#2209,#2210,#2211,#2212,#2213,#2214,#2215,
#2216,#2217,#2218,#2219,#2220,#2221,#2222,#2223,#2224,#2225,#2226,#2227,
#2228,#2229,#2230,#2231,#2232,#2233,#2234,#2235));
#4682=EDGE_LOOP('',(#2236,#2237,#2238,#2239,#2240,#2241,#2242,#2243,#2244,
#2245,#2246,#2247,#2248,#2249,#2250,#2251,#2252,#2253,#2254,#2255,#2256,
#2257,#2258,#2259,#2260,#2261,#2262,#2263,#2264,#2265,#2266));
#4683=EDGE_LOOP('',(#2267,#2268,#2269,#2270));
#4684=EDGE_LOOP('',(#2271,#2272,#2273,#2274,#2275,#2276,#2277,#2278,#2279,
#2280,#2281,#2282,#2283,#2284,#2285,#2286,#2287,#2288,#2289,#2290,#2291,
#2292,#2293,#2294,#2295,#2296,#2297,#2298,#2299,#2300,#2301));
#4685=EDGE_LOOP('',(#2302,#2303,#2304,#2305));
#4686=EDGE_LOOP('',(#2306,#2307,#2308,#2309));
#4687=EDGE_LOOP('',(#2310,#2311,#2312,#2313));
#4688=EDGE_LOOP('',(#2314,#2315,#2316,#2317));
#4689=EDGE_LOOP('',(#2318,#2319,#2320,#2321));
#4690=EDGE_LOOP('',(#2322,#2323,#2324,#2325));
#4691=EDGE_LOOP('',(#2326,#2327,#2328,#2329));
#4692=EDGE_LOOP('',(#2330,#2331,#2332,#2333));
#4693=EDGE_LOOP('',(#2334,#2335,#2336,#2337));
#4694=EDGE_LOOP('',(#2338,#2339,#2340,#2341));
#4695=EDGE_LOOP('',(#2342,#2343,#2344,#2345));
#4696=EDGE_LOOP('',(#2346,#2347,#2348,#2349));
#4697=EDGE_LOOP('',(#2350,#2351,#2352,#2353));
#4698=EDGE_LOOP('',(#2354,#2355,#2356,#2357));
#4699=EDGE_LOOP('',(#2358,#2359,#2360,#2361));
#4700=EDGE_LOOP('',(#2362,#2363,#2364,#2365));
#4701=EDGE_LOOP('',(#2366,#2367,#2368,#2369));
#4702=EDGE_LOOP('',(#2370,#2371,#2372,#2373));
#4703=EDGE_LOOP('',(#2374,#2375,#2376,#2377));
#4704=EDGE_LOOP('',(#2378,#2379,#2380,#2381));
#4705=EDGE_LOOP('',(#2382,#2383,#2384,#2385));
#4706=EDGE_LOOP('',(#2386,#2387,#2388,#2389));
#4707=EDGE_LOOP('',(#2390,#2391,#2392,#2393));
#4708=EDGE_LOOP('',(#2394,#2395,#2396,#2397));
#4709=EDGE_LOOP('',(#2398,#2399,#2400,#2401));
#4710=EDGE_LOOP('',(#2402,#2403,#2404,#2405));
#4711=EDGE_LOOP('',(#2406,#2407,#2408,#2409));
#4712=EDGE_LOOP('',(#2410,#2411,#2412,#2413));
#4713=EDGE_LOOP('',(#2414,#2415,#2416,#2417));
#4714=EDGE_LOOP('',(#2418,#2419,#2420,#2421));
#4715=EDGE_LOOP('',(#2422,#2423,#2424,#2425));
#4716=EDGE_LOOP('',(#2426,#2427,#2428,#2429));
#4717=EDGE_LOOP('',(#2430,#2431,#2432,#2433));
#4718=EDGE_LOOP('',(#2434,#2435,#2436,#2437));
#4719=EDGE_LOOP('',(#2438,#2439,#2440,#2441));
#4720=EDGE_LOOP('',(#2442,#2443,#2444,#2445));
#4721=EDGE_LOOP('',(#2446,#2447,#2448,#2449));
#4722=EDGE_LOOP('',(#2450,#2451,#2452,#2453));
#4723=EDGE_LOOP('',(#2454,#2455,#2456,#2457));
#4724=EDGE_LOOP('',(#2458,#2459,#2460,#2461));
#4725=EDGE_LOOP('',(#2462,#2463,#2464,#2465));
#4726=EDGE_LOOP('',(#2466,#2467,#2468,#2469));
#4727=EDGE_LOOP('',(#2470,#2471,#2472,#2473));
#4728=EDGE_LOOP('',(#2474,#2475,#2476,#2477));
#4729=EDGE_LOOP('',(#2478,#2479,#2480,#2481));
#4730=EDGE_LOOP('',(#2482,#2483,#2484,#2485));
#4731=EDGE_LOOP('',(#2486,#2487,#2488,#2489));
#4732=EDGE_LOOP('',(#2490,#2491,#2492,#2493));
#4733=EDGE_LOOP('',(#2494,#2495,#2496,#2497));
#4734=EDGE_LOOP('',(#2498,#2499,#2500,#2501));
#4735=EDGE_LOOP('',(#2502,#2503,#2504,#2505,#2506,#2507,#2508,#2509,#2510,
#2511,#2512,#2513,#2514,#2515,#2516,#2517,#2518,#2519,#2520,#2521,#2522,
#2523,#2524,#2525,#2526,#2527,#2528,#2529,#2530,#2531,#2532));
#4736=EDGE_LOOP('',(#2533,#2534,#2535,#2536));
#4737=EDGE_LOOP('',(#2537,#2538,#2539,#2540));
#4738=EDGE_LOOP('',(#2541,#2542,#2543,#2544));
#4739=EDGE_LOOP('',(#2545,#2546,#2547,#2548));
#4740=EDGE_LOOP('',(#2549,#2550,#2551,#2552));
#4741=EDGE_LOOP('',(#2553,#2554,#2555,#2556));
#4742=EDGE_LOOP('',(#2557,#2558,#2559,#2560));
#4743=EDGE_LOOP('',(#2561,#2562,#2563,#2564));
#4744=EDGE_LOOP('',(#2565,#2566,#2567,#2568));
#4745=EDGE_LOOP('',(#2569,#2570,#2571,#2572));
#4746=EDGE_LOOP('',(#2573,#2574,#2575,#2576));
#4747=EDGE_LOOP('',(#2577,#2578,#2579,#2580));
#4748=EDGE_LOOP('',(#2581,#2582,#2583,#2584));
#4749=EDGE_LOOP('',(#2585,#2586,#2587,#2588));
#4750=EDGE_LOOP('',(#2589,#2590,#2591,#2592));
#4751=EDGE_LOOP('',(#2593,#2594,#2595,#2596));
#4752=EDGE_LOOP('',(#2597,#2598,#2599,#2600));
#4753=EDGE_LOOP('',(#2601,#2602,#2603,#2604));
#4754=EDGE_LOOP('',(#2605,#2606,#2607,#2608));
#4755=EDGE_LOOP('',(#2609,#2610,#2611,#2612));
#4756=EDGE_LOOP('',(#2613,#2614,#2615,#2616));
#4757=EDGE_LOOP('',(#2617,#2618,#2619,#2620));
#4758=EDGE_LOOP('',(#2621,#2622,#2623,#2624));
#4759=EDGE_LOOP('',(#2625,#2626,#2627,#2628));
#4760=EDGE_LOOP('',(#2629,#2630,#2631,#2632));
#4761=EDGE_LOOP('',(#2633,#2634,#2635,#2636));
#4762=EDGE_LOOP('',(#2637,#2638,#2639,#2640));
#4763=EDGE_LOOP('',(#2641,#2642,#2643,#2644));
#4764=EDGE_LOOP('',(#2645,#2646,#2647,#2648));
#4765=EDGE_LOOP('',(#2649,#2650,#2651,#2652));
#4766=EDGE_LOOP('',(#2653,#2654,#2655,#2656));
#4767=EDGE_LOOP('',(#2657,#2658,#2659,#2660,#2661,#2662,#2663,#2664,#2665,
#2666,#2667,#2668,#2669,#2670,#2671,#2672,#2673,#2674,#2675,#2676,#2677,
#2678,#2679,#2680,#2681,#2682,#2683,#2684,#2685,#2686,#2687));
#4768=FACE_BOUND('',#4452,.T.);
#4769=FACE_BOUND('',#4453,.T.);
#4770=FACE_BOUND('',#4454,.T.);
#4771=FACE_BOUND('',#4455,.T.);
#4772=FACE_BOUND('',#4456,.T.);
#4773=FACE_BOUND('',#4457,.T.);
#4774=FACE_BOUND('',#4458,.T.);
#4775=FACE_BOUND('',#4459,.T.);
#4776=FACE_BOUND('',#4460,.T.);
#4777=FACE_BOUND('',#4461,.T.);
#4778=FACE_BOUND('',#4462,.T.);
#4779=FACE_BOUND('',#4463,.T.);
#4780=FACE_BOUND('',#4464,.T.);
#4781=FACE_BOUND('',#4465,.T.);
#4782=FACE_BOUND('',#4466,.T.);
#4783=FACE_BOUND('',#4467,.T.);
#4784=FACE_BOUND('',#4468,.T.);
#4785=FACE_BOUND('',#4469,.T.);
#4786=FACE_BOUND('',#4470,.T.);
#4787=FACE_BOUND('',#4471,.T.);
#4788=FACE_BOUND('',#4472,.T.);
#4789=FACE_BOUND('',#4473,.T.);
#4790=FACE_BOUND('',#4474,.T.);
#4791=FACE_BOUND('',#4475,.T.);
#4792=FACE_BOUND('',#4476,.T.);
#4793=FACE_BOUND('',#4477,.T.);
#4794=FACE_BOUND('',#4478,.T.);
#4795=FACE_BOUND('',#4479,.T.);
#4796=FACE_BOUND('',#4480,.T.);
#4797=FACE_BOUND('',#4481,.T.);
#4798=FACE_BOUND('',#4482,.T.);
#4799=FACE_BOUND('',#4483,.T.);
#4800=FACE_BOUND('',#4484,.T.);
#4801=FACE_BOUND('',#4485,.T.);
#4802=FACE_BOUND('',#4486,.T.);
#4803=FACE_BOUND('',#4487,.T.);
#4804=FACE_BOUND('',#4488,.T.);
#4805=FACE_BOUND('',#4489,.T.);
#4806=FACE_BOUND('',#4490,.T.);
#4807=FACE_BOUND('',#4491,.T.);
#4808=FACE_BOUND('',#4492,.T.);
#4809=FACE_BOUND('',#4493,.T.);
#4810=FACE_BOUND('',#4494,.T.);
#4811=FACE_BOUND('',#4495,.T.);
#4812=FACE_BOUND('',#4496,.T.);
#4813=FACE_BOUND('',#4497,.T.);
#4814=FACE_BOUND('',#4498,.T.);
#4815=FACE_BOUND('',#4499,.T.);
#4816=FACE_BOUND('',#4500,.T.);
#4817=FACE_BOUND('',#4501,.T.);
#4818=FACE_BOUND('',#4502,.T.);
#4819=FACE_BOUND('',#4503,.T.);
#4820=FACE_BOUND('',#4504,.T.);
#4821=FACE_BOUND('',#4505,.T.);
#4822=FACE_BOUND('',#4506,.T.);
#4823=FACE_BOUND('',#4507,.T.);
#4824=FACE_BOUND('',#4508,.T.);
#4825=FACE_BOUND('',#4509,.T.);
#4826=FACE_BOUND('',#4510,.T.);
#4827=FACE_BOUND('',#4511,.T.);
#4828=FACE_BOUND('',#4512,.T.);
#4829=FACE_BOUND('',#4513,.T.);
#4830=FACE_BOUND('',#4514,.T.);
#4831=FACE_BOUND('',#4515,.T.);
#4832=FACE_BOUND('',#4516,.T.);
#4833=FACE_BOUND('',#4517,.T.);
#4834=FACE_BOUND('',#4518,.T.);
#4835=FACE_BOUND('',#4519,.T.);
#4836=FACE_BOUND('',#4520,.T.);
#4837=FACE_BOUND('',#4521,.T.);
#4838=FACE_BOUND('',#4522,.T.);
#4839=FACE_BOUND('',#4523,.T.);
#4840=FACE_BOUND('',#4524,.T.);
#4841=FACE_BOUND('',#4525,.T.);
#4842=FACE_BOUND('',#4526,.T.);
#4843=FACE_BOUND('',#4527,.T.);
#4844=FACE_BOUND('',#4528,.T.);
#4845=FACE_BOUND('',#4529,.T.);
#4846=FACE_BOUND('',#4530,.T.);
#4847=FACE_BOUND('',#4531,.T.);
#4848=FACE_BOUND('',#4532,.T.);
#4849=FACE_BOUND('',#4533,.T.);
#4850=FACE_BOUND('',#4534,.T.);
#4851=FACE_BOUND('',#4535,.T.);
#4852=FACE_BOUND('',#4536,.T.);
#4853=FACE_BOUND('',#4537,.T.);
#4854=FACE_BOUND('',#4538,.T.);
#4855=FACE_BOUND('',#4539,.T.);
#4856=FACE_BOUND('',#4540,.T.);
#4857=FACE_BOUND('',#4541,.T.);
#4858=FACE_BOUND('',#4542,.T.);
#4859=FACE_BOUND('',#4543,.T.);
#4860=FACE_BOUND('',#4544,.T.);
#4861=FACE_BOUND('',#4545,.T.);
#4862=FACE_BOUND('',#4546,.T.);
#4863=FACE_BOUND('',#4547,.T.);
#4864=FACE_BOUND('',#4548,.T.);
#4865=FACE_BOUND('',#4549,.T.);
#4866=FACE_BOUND('',#4550,.T.);
#4867=FACE_BOUND('',#4551,.T.);
#4868=FACE_BOUND('',#4552,.T.);
#4869=FACE_BOUND('',#4553,.T.);
#4870=FACE_BOUND('',#4554,.T.);
#4871=FACE_BOUND('',#4555,.T.);
#4872=FACE_BOUND('',#4556,.T.);
#4873=FACE_BOUND('',#4557,.T.);
#4874=FACE_BOUND('',#4558,.T.);
#4875=FACE_BOUND('',#4559,.T.);
#4876=FACE_BOUND('',#4560,.T.);
#4877=FACE_BOUND('',#4561,.T.);
#4878=FACE_BOUND('',#4562,.T.);
#4879=FACE_BOUND('',#4563,.T.);
#4880=FACE_BOUND('',#4564,.T.);
#4881=FACE_BOUND('',#4565,.T.);
#4882=FACE_BOUND('',#4566,.T.);
#4883=FACE_BOUND('',#4567,.T.);
#4884=FACE_BOUND('',#4568,.T.);
#4885=FACE_BOUND('',#4569,.T.);
#4886=FACE_BOUND('',#4570,.T.);
#4887=FACE_BOUND('',#4571,.T.);
#4888=FACE_BOUND('',#4572,.T.);
#4889=FACE_BOUND('',#4573,.T.);
#4890=FACE_BOUND('',#4574,.T.);
#4891=FACE_BOUND('',#4575,.T.);
#4892=FACE_BOUND('',#4576,.T.);
#4893=FACE_BOUND('',#4577,.T.);
#4894=FACE_BOUND('',#4578,.T.);
#4895=FACE_BOUND('',#4579,.T.);
#4896=FACE_BOUND('',#4580,.T.);
#4897=FACE_BOUND('',#4581,.T.);
#4898=FACE_BOUND('',#4582,.T.);
#4899=FACE_BOUND('',#4583,.T.);
#4900=FACE_BOUND('',#4584,.T.);
#4901=FACE_BOUND('',#4585,.T.);
#4902=FACE_BOUND('',#4586,.T.);
#4903=FACE_BOUND('',#4587,.T.);
#4904=FACE_BOUND('',#4588,.T.);
#4905=FACE_BOUND('',#4589,.T.);
#4906=FACE_BOUND('',#4590,.T.);
#4907=FACE_BOUND('',#4591,.T.);
#4908=FACE_BOUND('',#4592,.T.);
#4909=FACE_BOUND('',#4593,.T.);
#4910=FACE_BOUND('',#4594,.T.);
#4911=FACE_BOUND('',#4595,.T.);
#4912=FACE_BOUND('',#4596,.T.);
#4913=FACE_BOUND('',#4597,.T.);
#4914=FACE_BOUND('',#4598,.T.);
#4915=FACE_BOUND('',#4599,.T.);
#4916=FACE_BOUND('',#4600,.T.);
#4917=FACE_BOUND('',#4601,.T.);
#4918=FACE_BOUND('',#4602,.T.);
#4919=FACE_BOUND('',#4603,.T.);
#4920=FACE_BOUND('',#4604,.T.);
#4921=FACE_BOUND('',#4605,.T.);
#4922=FACE_BOUND('',#4606,.T.);
#4923=FACE_BOUND('',#4607,.T.);
#4924=FACE_BOUND('',#4608,.T.);
#4925=FACE_BOUND('',#4609,.T.);
#4926=FACE_BOUND('',#4610,.T.);
#4927=FACE_BOUND('',#4611,.T.);
#4928=FACE_BOUND('',#4612,.T.);
#4929=FACE_BOUND('',#4613,.T.);
#4930=FACE_BOUND('',#4614,.T.);
#4931=FACE_BOUND('',#4615,.T.);
#4932=FACE_BOUND('',#4616,.T.);
#4933=FACE_BOUND('',#4617,.T.);
#4934=FACE_BOUND('',#4618,.T.);
#4935=FACE_BOUND('',#4619,.T.);
#4936=FACE_BOUND('',#4620,.T.);
#4937=FACE_BOUND('',#4621,.T.);
#4938=FACE_BOUND('',#4622,.T.);
#4939=FACE_BOUND('',#4623,.T.);
#4940=FACE_BOUND('',#4624,.T.);
#4941=FACE_BOUND('',#4625,.T.);
#4942=FACE_BOUND('',#4626,.T.);
#4943=FACE_BOUND('',#4627,.T.);
#4944=FACE_BOUND('',#4628,.T.);
#4945=FACE_BOUND('',#4629,.T.);
#4946=FACE_BOUND('',#4630,.T.);
#4947=FACE_BOUND('',#4631,.T.);
#4948=FACE_BOUND('',#4632,.T.);
#4949=FACE_BOUND('',#4633,.T.);
#4950=FACE_BOUND('',#4634,.T.);
#4951=FACE_BOUND('',#4635,.T.);
#4952=FACE_BOUND('',#4636,.T.);
#4953=FACE_BOUND('',#4637,.T.);
#4954=FACE_BOUND('',#4638,.T.);
#4955=FACE_BOUND('',#4639,.T.);
#4956=FACE_BOUND('',#4640,.T.);
#4957=FACE_BOUND('',#4641,.T.);
#4958=FACE_BOUND('',#4642,.T.);
#4959=FACE_BOUND('',#4643,.T.);
#4960=FACE_BOUND('',#4644,.T.);
#4961=FACE_BOUND('',#4645,.T.);
#4962=FACE_BOUND('',#4646,.T.);
#4963=FACE_BOUND('',#4647,.T.);
#4964=FACE_BOUND('',#4648,.T.);
#4965=FACE_BOUND('',#4649,.T.);
#4966=FACE_BOUND('',#4650,.T.);
#4967=FACE_BOUND('',#4651,.T.);
#4968=FACE_BOUND('',#4652,.T.);
#4969=FACE_BOUND('',#4653,.T.);
#4970=FACE_BOUND('',#4654,.T.);
#4971=FACE_BOUND('',#4655,.T.);
#4972=FACE_BOUND('',#4656,.T.);
#4973=FACE_BOUND('',#4657,.T.);
#4974=FACE_BOUND('',#4658,.T.);
#4975=FACE_BOUND('',#4659,.T.);
#4976=FACE_BOUND('',#4660,.T.);
#4977=FACE_BOUND('',#4661,.T.);
#4978=FACE_BOUND('',#4662,.T.);
#4979=FACE_BOUND('',#4663,.T.);
#4980=FACE_BOUND('',#4664,.T.);
#4981=FACE_BOUND('',#4665,.T.);
#4982=FACE_BOUND('',#4666,.T.);
#4983=FACE_BOUND('',#4667,.T.);
#4984=FACE_BOUND('',#4668,.T.);
#4985=FACE_BOUND('',#4669,.T.);
#4986=FACE_BOUND('',#4670,.T.);
#4987=FACE_BOUND('',#4671,.T.);
#4988=FACE_BOUND('',#4672,.T.);
#4989=FACE_BOUND('',#4673,.T.);
#4990=FACE_BOUND('',#4674,.T.);
#4991=FACE_BOUND('',#4675,.T.);
#4992=FACE_BOUND('',#4676,.T.);
#4993=FACE_BOUND('',#4677,.T.);
#4994=FACE_BOUND('',#4678,.T.);
#4995=FACE_BOUND('',#4679,.T.);
#4996=FACE_BOUND('',#4680,.T.);
#4997=FACE_BOUND('',#4681,.T.);
#4998=FACE_BOUND('',#4682,.T.);
#4999=FACE_BOUND('',#4683,.T.);
#5000=FACE_BOUND('',#4684,.T.);
#5001=FACE_BOUND('',#4685,.T.);
#5002=FACE_BOUND('',#4686,.T.);
#5003=FACE_BOUND('',#4687,.T.);
#5004=FACE_BOUND('',#4688,.T.);
#5005=FACE_BOUND('',#4689,.T.);
#5006=FACE_BOUND('',#4690,.T.);
#5007=FACE_BOUND('',#4691,.T.);
#5008=FACE_BOUND('',#4692,.T.);
#5009=FACE_BOUND('',#4693,.T.);
#5010=FACE_BOUND('',#4694,.T.);
#5011=FACE_BOUND('',#4695,.T.);
#5012=FACE_BOUND('',#4696,.T.);
#5013=FACE_BOUND('',#4697,.T.);
#5014=FACE_BOUND('',#4698,.T.);
#5015=FACE_BOUND('',#4699,.T.);
#5016=FACE_BOUND('',#4700,.T.);
#5017=FACE_BOUND('',#4701,.T.);
#5018=FACE_BOUND('',#4702,.T.);
#5019=FACE_BOUND('',#4703,.T.);
#5020=FACE_BOUND('',#4704,.T.);
#5021=FACE_BOUND('',#4705,.T.);
#5022=FACE_BOUND('',#4706,.T.);
#5023=FACE_BOUND('',#4707,.T.);
#5024=FACE_BOUND('',#4708,.T.);
#5025=FACE_BOUND('',#4709,.T.);
#5026=FACE_BOUND('',#4710,.T.);
#5027=FACE_BOUND('',#4711,.T.);
#5028=FACE_BOUND('',#4712,.T.);
#5029=FACE_BOUND('',#4713,.T.);
#5030=FACE_BOUND('',#4714,.T.);
#5031=FACE_BOUND('',#4715,.T.);
#5032=FACE_BOUND('',#4716,.T.);
#5033=FACE_BOUND('',#4717,.T.);
#5034=FACE_BOUND('',#4718,.T.);
#5035=FACE_BOUND('',#4719,.T.);
#5036=FACE_BOUND('',#4720,.T.);
#5037=FACE_BOUND('',#4721,.T.);
#5038=FACE_BOUND('',#4722,.T.);
#5039=FACE_BOUND('',#4723,.T.);
#5040=FACE_BOUND('',#4724,.T.);
#5041=FACE_BOUND('',#4725,.T.);
#5042=FACE_BOUND('',#4726,.T.);
#5043=FACE_BOUND('',#4727,.T.);
#5044=FACE_BOUND('',#4728,.T.);
#5045=FACE_BOUND('',#4729,.T.);
#5046=FACE_BOUND('',#4730,.T.);
#5047=FACE_BOUND('',#4731,.T.);
#5048=FACE_BOUND('',#4732,.T.);
#5049=FACE_BOUND('',#4733,.T.);
#5050=FACE_BOUND('',#4734,.T.);
#5051=FACE_BOUND('',#4735,.T.);
#5052=FACE_BOUND('',#4736,.T.);
#5053=FACE_BOUND('',#4737,.T.);
#5054=FACE_BOUND('',#4738,.T.);
#5055=FACE_BOUND('',#4739,.T.);
#5056=FACE_BOUND('',#4740,.T.);
#5057=FACE_BOUND('',#4741,.T.);
#5058=FACE_BOUND('',#4742,.T.);
#5059=FACE_BOUND('',#4743,.T.);
#5060=FACE_BOUND('',#4744,.T.);
#5061=FACE_BOUND('',#4745,.T.);
#5062=FACE_BOUND('',#4746,.T.);
#5063=FACE_BOUND('',#4747,.T.);
#5064=FACE_BOUND('',#4748,.T.);
#5065=FACE_BOUND('',#4749,.T.);
#5066=FACE_BOUND('',#4750,.T.);
#5067=FACE_BOUND('',#4751,.T.);
#5068=FACE_BOUND('',#4752,.T.);
#5069=FACE_BOUND('',#4753,.T.);
#5070=FACE_BOUND('',#4754,.T.);
#5071=FACE_BOUND('',#4755,.T.);
#5072=FACE_BOUND('',#4756,.T.);
#5073=FACE_BOUND('',#4757,.T.);
#5074=FACE_BOUND('',#4758,.T.);
#5075=FACE_BOUND('',#4759,.T.);
#5076=FACE_BOUND('',#4760,.T.);
#5077=FACE_BOUND('',#4761,.T.);
#5078=FACE_BOUND('',#4762,.T.);
#5079=FACE_BOUND('',#4763,.T.);
#5080=FACE_BOUND('',#4764,.T.);
#5081=FACE_BOUND('',#4765,.T.);
#5082=FACE_BOUND('',#4766,.T.);
#5083=FACE_BOUND('',#4767,.T.);
#5084=PLANE('',#5509);
#5085=PLANE('',#5560);
#5086=PLANE('',#5561);
#5087=PLANE('',#5562);
#5088=PLANE('',#5563);
#5089=PLANE('',#5564);
#5090=PLANE('',#5565);
#5091=PLANE('',#5566);
#5092=PLANE('',#5567);
#5093=PLANE('',#5568);
#5094=PLANE('',#5569);
#5095=PLANE('',#5570);
#5096=PLANE('',#5571);
#5097=PLANE('',#5572);
#5098=PLANE('',#5573);
#5099=PLANE('',#5574);
#5100=PLANE('',#5575);
#5101=PLANE('',#5634);
#5102=PLANE('',#5685);
#5103=PLANE('',#5687);
#5104=PLANE('',#5727);
#5105=PLANE('',#5728);
#5106=PLANE('',#5729);
#5107=PLANE('',#5730);
#5108=PLANE('',#5731);
#5109=PLANE('',#5732);
#5110=PLANE('',#5733);
#5111=PLANE('',#5734);
#5112=PLANE('',#5735);
#5113=PLANE('',#5736);
#5114=PLANE('',#5737);
#5115=PLANE('',#5738);
#5116=PLANE('',#5739);
#5117=PLANE('',#5740);
#5118=PLANE('',#5741);
#5119=PLANE('',#5780);
#5120=PLANE('',#5819);
#5121=PLANE('',#5822);
#5122=PLANE('',#5824);
#5123=PLANE('',#5875);
#5124=PLANE('',#5876);
#5125=PLANE('',#5877);
#5126=PLANE('',#5878);
#5127=PLANE('',#5879);
#5128=PLANE('',#5880);
#5129=PLANE('',#5881);
#5130=PLANE('',#5882);
#5131=PLANE('',#5883);
#5132=PLANE('',#5884);
#5133=PLANE('',#5885);
#5134=PLANE('',#5886);
#5135=PLANE('',#5887);
#5136=PLANE('',#5888);
#5137=PLANE('',#5947);
#5138=PLANE('',#5998);
#5139=PLANE('',#6000);
#5140=PLANE('',#6063);
#5141=PLANE('',#6064);
#5142=PLANE('',#6065);
#5143=PLANE('',#6066);
#5144=PLANE('',#6067);
#5145=PLANE('',#6068);
#5146=PLANE('',#6069);
#5147=PLANE('',#6070);
#5148=PLANE('',#6071);
#5149=PLANE('',#6072);
#5150=PLANE('',#6073);
#5151=PLANE('',#6074);
#5152=PLANE('',#6075);
#5153=PLANE('',#6076);
#5154=PLANE('',#6147);
#5155=PLANE('',#6210);
#5156=ADVANCED_FACE('',(#4768,#4769,#4770),#5084,.T.);
#5157=ADVANCED_FACE('',(#4771,#4772),#5085,.T.);
#5158=ADVANCED_FACE('',(#4773),#5086,.T.);
#5159=ADVANCED_FACE('',(#4774),#5087,.T.);
#5160=ADVANCED_FACE('',(#4775),#5088,.T.);
#5161=ADVANCED_FACE('',(#4776),#5089,.T.);
#5162=ADVANCED_FACE('',(#4777),#5090,.F.);
#5163=ADVANCED_FACE('',(#4778),#5091,.T.);
#5164=ADVANCED_FACE('',(#4779),#5092,.F.);
#5165=ADVANCED_FACE('',(#4780),#5093,.F.);
#5166=ADVANCED_FACE('',(#4781),#5094,.T.);
#5167=ADVANCED_FACE('',(#4782),#5095,.T.);
#5168=ADVANCED_FACE('',(#4783),#5096,.F.);
#5169=ADVANCED_FACE('',(#4784),#5097,.T.);
#5170=ADVANCED_FACE('',(#4785),#5098,.F.);
#5171=ADVANCED_FACE('',(#4786),#5099,.F.);
#5172=ADVANCED_FACE('',(#4787),#5100,.F.);
#5173=ADVANCED_FACE('',(#4788),#87,.T.);
#5174=ADVANCED_FACE('',(#4789),#88,.T.);
#5175=ADVANCED_FACE('',(#4790),#89,.T.);
#5176=ADVANCED_FACE('',(#4791),#90,.T.);
#5177=ADVANCED_FACE('',(#4792),#91,.F.);
#5178=ADVANCED_FACE('',(#4793),#92,.T.);
#5179=ADVANCED_FACE('',(#4794),#93,.F.);
#5180=ADVANCED_FACE('',(#4795),#94,.T.);
#5181=ADVANCED_FACE('',(#4796),#95,.T.);
#5182=ADVANCED_FACE('',(#4797),#96,.T.);
#5183=ADVANCED_FACE('',(#4798),#97,.T.);
#5184=ADVANCED_FACE('',(#4799),#98,.T.);
#5185=ADVANCED_FACE('',(#4800),#99,.T.);
#5186=ADVANCED_FACE('',(#4801),#100,.T.);
#5187=ADVANCED_FACE('',(#4802),#101,.T.);
#5188=ADVANCED_FACE('',(#4803),#102,.T.);
#5189=ADVANCED_FACE('',(#4804),#103,.T.);
#5190=ADVANCED_FACE('',(#4805),#104,.T.);
#5191=ADVANCED_FACE('',(#4806),#105,.T.);
#5192=ADVANCED_FACE('',(#4807),#106,.T.);
#5193=ADVANCED_FACE('',(#4808),#107,.T.);
#5194=ADVANCED_FACE('',(#4809),#108,.T.);
#5195=ADVANCED_FACE('',(#4810),#109,.T.);
#5196=ADVANCED_FACE('',(#4811),#110,.T.);
#5197=ADVANCED_FACE('',(#4812),#111,.F.);
#5198=ADVANCED_FACE('',(#4813),#112,.F.);
#5199=ADVANCED_FACE('',(#4814),#113,.T.);
#5200=ADVANCED_FACE('',(#4815),#114,.F.);
#5201=ADVANCED_FACE('',(#4816),#115,.F.);
#5202=ADVANCED_FACE('',(#4817),#5101,.T.);
#5203=ADVANCED_FACE('',(#4818),#116,.T.);
#5204=ADVANCED_FACE('',(#4819),#117,.T.);
#5205=ADVANCED_FACE('',(#4820),#118,.T.);
#5206=ADVANCED_FACE('',(#4821),#119,.T.);
#5207=ADVANCED_FACE('',(#4822),#120,.T.);
#5208=ADVANCED_FACE('',(#4823),#121,.T.);
#5209=ADVANCED_FACE('',(#4824),#122,.T.);
#5210=ADVANCED_FACE('',(#4825),#123,.T.);
#5211=ADVANCED_FACE('',(#4826),#124,.F.);
#5212=ADVANCED_FACE('',(#4827),#125,.T.);
#5213=ADVANCED_FACE('',(#4828),#126,.F.);
#5214=ADVANCED_FACE('',(#4829),#127,.F.);
#5215=ADVANCED_FACE('',(#4830),#128,.F.);
#5216=ADVANCED_FACE('',(#4831),#129,.T.);
#5217=ADVANCED_FACE('',(#4832),#130,.F.);
#5218=ADVANCED_FACE('',(#4833),#131,.F.);
#5219=ADVANCED_FACE('',(#4834),#132,.T.);
#5220=ADVANCED_FACE('',(#4835),#133,.T.);
#5221=ADVANCED_FACE('',(#4836),#134,.T.);
#5222=ADVANCED_FACE('',(#4837),#135,.T.);
#5223=ADVANCED_FACE('',(#4838),#136,.T.);
#5224=ADVANCED_FACE('',(#4839),#137,.T.);
#5225=ADVANCED_FACE('',(#4840),#138,.T.);
#5226=ADVANCED_FACE('',(#4841),#139,.T.);
#5227=ADVANCED_FACE('',(#4842),#140,.T.);
#5228=ADVANCED_FACE('',(#4843),#5102,.T.);
#5229=ADVANCED_FACE('',(#4844,#4845,#4846),#5103,.T.);
#5230=ADVANCED_FACE('',(#4847,#4848),#5104,.T.);
#5231=ADVANCED_FACE('',(#4849),#5105,.T.);
#5232=ADVANCED_FACE('',(#4850),#5106,.T.);
#5233=ADVANCED_FACE('',(#4851),#5107,.T.);
#5234=ADVANCED_FACE('',(#4852),#5108,.F.);
#5235=ADVANCED_FACE('',(#4853),#5109,.T.);
#5236=ADVANCED_FACE('',(#4854),#5110,.F.);
#5237=ADVANCED_FACE('',(#4855),#5111,.F.);
#5238=ADVANCED_FACE('',(#4856),#5112,.T.);
#5239=ADVANCED_FACE('',(#4857),#5113,.T.);
#5240=ADVANCED_FACE('',(#4858),#5114,.F.);
#5241=ADVANCED_FACE('',(#4859),#5115,.F.);
#5242=ADVANCED_FACE('',(#4860),#5116,.F.);
#5243=ADVANCED_FACE('',(#4861),#5117,.F.);
#5244=ADVANCED_FACE('',(#4862),#5118,.F.);
#5245=ADVANCED_FACE('',(#4863),#141,.F.);
#5246=ADVANCED_FACE('',(#4864),#142,.F.);
#5247=ADVANCED_FACE('',(#4865),#143,.T.);
#5248=ADVANCED_FACE('',(#4866),#144,.T.);
#5249=ADVANCED_FACE('',(#4867),#145,.T.);
#5250=ADVANCED_FACE('',(#4868),#146,.T.);
#5251=ADVANCED_FACE('',(#4869),#147,.T.);
#5252=ADVANCED_FACE('',(#4870),#148,.F.);
#5253=ADVANCED_FACE('',(#4871),#149,.F.);
#5254=ADVANCED_FACE('',(#4872),#150,.T.);
#5255=ADVANCED_FACE('',(#4873),#151,.T.);
#5256=ADVANCED_FACE('',(#4874),#152,.T.);
#5257=ADVANCED_FACE('',(#4875),#153,.T.);
#5258=ADVANCED_FACE('',(#4876),#154,.T.);
#5259=ADVANCED_FACE('',(#4877),#155,.T.);
#5260=ADVANCED_FACE('',(#4878),#156,.T.);
#5261=ADVANCED_FACE('',(#4879),#157,.T.);
#5262=ADVANCED_FACE('',(#4880),#10,.F.);
#5263=ADVANCED_FACE('',(#4881),#11,.F.);
#5264=ADVANCED_FACE('',(#4882),#158,.T.);
#5265=ADVANCED_FACE('',(#4883),#12,.F.);
#5266=ADVANCED_FACE('',(#4884),#159,.T.);
#5267=ADVANCED_FACE('',(#4885),#13,.F.);
#5268=ADVANCED_FACE('',(#4886),#14,.F.);
#5269=ADVANCED_FACE('',(#4887),#5119,.T.);
#5270=ADVANCED_FACE('',(#4888),#15,.T.);
#5271=ADVANCED_FACE('',(#4889),#160,.T.);
#5272=ADVANCED_FACE('',(#4890),#16,.T.);
#5273=ADVANCED_FACE('',(#4891),#161,.T.);
#5274=ADVANCED_FACE('',(#4892),#17,.T.);
#5275=ADVANCED_FACE('',(#4893),#18,.T.);
#5276=ADVANCED_FACE('',(#4894),#162,.T.);
#5277=ADVANCED_FACE('',(#4895),#163,.T.);
#5278=ADVANCED_FACE('',(#4896),#164,.T.);
#5279=ADVANCED_FACE('',(#4897),#165,.T.);
#5280=ADVANCED_FACE('',(#4898),#166,.T.);
#5281=ADVANCED_FACE('',(#4899),#167,.T.);
#5282=ADVANCED_FACE('',(#4900),#168,.T.);
#5283=ADVANCED_FACE('',(#4901),#169,.T.);
#5284=ADVANCED_FACE('',(#4902),#170,.F.);
#5285=ADVANCED_FACE('',(#4903),#171,.F.);
#5286=ADVANCED_FACE('',(#4904),#172,.T.);
#5287=ADVANCED_FACE('',(#4905),#173,.T.);
#5288=ADVANCED_FACE('',(#4906),#174,.T.);
#5289=ADVANCED_FACE('',(#4907),#175,.T.);
#5290=ADVANCED_FACE('',(#4908),#176,.T.);
#5291=ADVANCED_FACE('',(#4909),#177,.F.);
#5292=ADVANCED_FACE('',(#4910),#178,.F.);
#5293=ADVANCED_FACE('',(#4911),#5120,.T.);
#5294=ADVANCED_FACE('',(#4912),#19,.T.);
#5295=ADVANCED_FACE('',(#4913),#179,.T.);
#5296=ADVANCED_FACE('',(#4914),#20,.T.);
#5297=ADVANCED_FACE('',(#4915),#5121,.T.);
#5298=ADVANCED_FACE('',(#4916,#4917,#4918),#5122,.T.);
#5299=ADVANCED_FACE('',(#4919,#4920),#5123,.T.);
#5300=ADVANCED_FACE('',(#4921),#5124,.T.);
#5301=ADVANCED_FACE('',(#4922),#5125,.T.);
#5302=ADVANCED_FACE('',(#4923),#5126,.T.);
#5303=ADVANCED_FACE('',(#4924),#5127,.F.);
#5304=ADVANCED_FACE('',(#4925),#5128,.F.);
#5305=ADVANCED_FACE('',(#4926),#5129,.F.);
#5306=ADVANCED_FACE('',(#4927),#5130,.F.);
#5307=ADVANCED_FACE('',(#4928),#5131,.F.);
#5308=ADVANCED_FACE('',(#4929),#5132,.T.);
#5309=ADVANCED_FACE('',(#4930),#5133,.T.);
#5310=ADVANCED_FACE('',(#4931),#5134,.T.);
#5311=ADVANCED_FACE('',(#4932),#5135,.T.);
#5312=ADVANCED_FACE('',(#4933),#5136,.T.);
#5313=ADVANCED_FACE('',(#4934),#180,.T.);
#5314=ADVANCED_FACE('',(#4935),#181,.T.);
#5315=ADVANCED_FACE('',(#4936),#182,.T.);
#5316=ADVANCED_FACE('',(#4937),#183,.T.);
#5317=ADVANCED_FACE('',(#4938),#184,.T.);
#5318=ADVANCED_FACE('',(#4939),#21,.F.);
#5319=ADVANCED_FACE('',(#4940),#185,.T.);
#5320=ADVANCED_FACE('',(#4941),#22,.F.);
#5321=ADVANCED_FACE('',(#4942),#186,.T.);
#5322=ADVANCED_FACE('',(#4943),#23,.F.);
#5323=ADVANCED_FACE('',(#4944),#187,.T.);
#5324=ADVANCED_FACE('',(#4945),#24,.F.);
#5325=ADVANCED_FACE('',(#4946),#188,.T.);
#5326=ADVANCED_FACE('',(#4947),#189,.T.);
#5327=ADVANCED_FACE('',(#4948),#190,.T.);
#5328=ADVANCED_FACE('',(#4949),#191,.T.);
#5329=ADVANCED_FACE('',(#4950),#192,.T.);
#5330=ADVANCED_FACE('',(#4951),#193,.T.);
#5331=ADVANCED_FACE('',(#4952),#194,.T.);
#5332=ADVANCED_FACE('',(#4953),#195,.F.);
#5333=ADVANCED_FACE('',(#4954),#196,.F.);
#5334=ADVANCED_FACE('',(#4955),#197,.F.);
#5335=ADVANCED_FACE('',(#4956),#198,.F.);
#5336=ADVANCED_FACE('',(#4957),#199,.F.);
#5337=ADVANCED_FACE('',(#4958),#200,.F.);
#5338=ADVANCED_FACE('',(#4959),#201,.F.);
#5339=ADVANCED_FACE('',(#4960),#202,.F.);
#5340=ADVANCED_FACE('',(#4961),#203,.F.);
#5341=ADVANCED_FACE('',(#4962),#204,.T.);
#5342=ADVANCED_FACE('',(#4963),#205,.T.);
#5343=ADVANCED_FACE('',(#4964),#206,.T.);
#5344=ADVANCED_FACE('',(#4965),#207,.T.);
#5345=ADVANCED_FACE('',(#4966),#208,.T.);
#5346=ADVANCED_FACE('',(#4967),#5137,.T.);
#5347=ADVANCED_FACE('',(#4968),#25,.T.);
#5348=ADVANCED_FACE('',(#4969),#209,.T.);
#5349=ADVANCED_FACE('',(#4970),#26,.T.);
#5350=ADVANCED_FACE('',(#4971),#210,.T.);
#5351=ADVANCED_FACE('',(#4972),#211,.T.);
#5352=ADVANCED_FACE('',(#4973),#212,.T.);
#5353=ADVANCED_FACE('',(#4974),#213,.T.);
#5354=ADVANCED_FACE('',(#4975),#214,.T.);
#5355=ADVANCED_FACE('',(#4976),#215,.T.);
#5356=ADVANCED_FACE('',(#4977),#216,.F.);
#5357=ADVANCED_FACE('',(#4978),#217,.F.);
#5358=ADVANCED_FACE('',(#4979),#218,.F.);
#5359=ADVANCED_FACE('',(#4980),#219,.F.);
#5360=ADVANCED_FACE('',(#4981),#220,.F.);
#5361=ADVANCED_FACE('',(#4982),#221,.F.);
#5362=ADVANCED_FACE('',(#4983),#222,.F.);
#5363=ADVANCED_FACE('',(#4984),#223,.F.);
#5364=ADVANCED_FACE('',(#4985),#224,.F.);
#5365=ADVANCED_FACE('',(#4986),#225,.T.);
#5366=ADVANCED_FACE('',(#4987),#226,.T.);
#5367=ADVANCED_FACE('',(#4988),#227,.T.);
#5368=ADVANCED_FACE('',(#4989),#228,.T.);
#5369=ADVANCED_FACE('',(#4990),#229,.T.);
#5370=ADVANCED_FACE('',(#4991),#230,.T.);
#5371=ADVANCED_FACE('',(#4992),#231,.T.);
#5372=ADVANCED_FACE('',(#4993),#27,.T.);
#5373=ADVANCED_FACE('',(#4994),#232,.T.);
#5374=ADVANCED_FACE('',(#4995),#28,.T.);
#5375=ADVANCED_FACE('',(#4996),#233,.T.);
#5376=ADVANCED_FACE('',(#4997),#5138,.T.);
#5377=ADVANCED_FACE('',(#4998,#4999,#5000),#5139,.T.);
#5378=ADVANCED_FACE('',(#5001),#5140,.T.);
#5379=ADVANCED_FACE('',(#5002),#5141,.T.);
#5380=ADVANCED_FACE('',(#5003),#5142,.T.);
#5381=ADVANCED_FACE('',(#5004,#5005),#5143,.T.);
#5382=ADVANCED_FACE('',(#5006),#5144,.F.);
#5383=ADVANCED_FACE('',(#5007),#5145,.F.);
#5384=ADVANCED_FACE('',(#5008),#5146,.F.);
#5385=ADVANCED_FACE('',(#5009),#5147,.F.);
#5386=ADVANCED_FACE('',(#5010),#5148,.F.);
#5387=ADVANCED_FACE('',(#5011),#5149,.T.);
#5388=ADVANCED_FACE('',(#5012),#5150,.F.);
#5389=ADVANCED_FACE('',(#5013),#5151,.F.);
#5390=ADVANCED_FACE('',(#5014),#5152,.F.);
#5391=ADVANCED_FACE('',(#5015),#5153,.F.);
#5392=ADVANCED_FACE('',(#5016),#234,.T.);
#5393=ADVANCED_FACE('',(#5017),#235,.T.);
#5394=ADVANCED_FACE('',(#5018),#236,.T.);
#5395=ADVANCED_FACE('',(#5019),#237,.T.);
#5396=ADVANCED_FACE('',(#5020),#238,.T.);
#5397=ADVANCED_FACE('',(#5021),#239,.F.);
#5398=ADVANCED_FACE('',(#5022),#240,.T.);
#5399=ADVANCED_FACE('',(#5023),#241,.T.);
#5400=ADVANCED_FACE('',(#5024),#242,.T.);
#5401=ADVANCED_FACE('',(#5025),#243,.T.);
#5402=ADVANCED_FACE('',(#5026),#244,.T.);
#5403=ADVANCED_FACE('',(#5027),#245,.T.);
#5404=ADVANCED_FACE('',(#5028),#246,.T.);
#5405=ADVANCED_FACE('',(#5029),#247,.T.);
#5406=ADVANCED_FACE('',(#5030),#248,.F.);
#5407=ADVANCED_FACE('',(#5031),#249,.F.);
#5408=ADVANCED_FACE('',(#5032),#250,.F.);
#5409=ADVANCED_FACE('',(#5033),#251,.F.);
#5410=ADVANCED_FACE('',(#5034),#252,.T.);
#5411=ADVANCED_FACE('',(#5035),#253,.T.);
#5412=ADVANCED_FACE('',(#5036),#254,.T.);
#5413=ADVANCED_FACE('',(#5037),#255,.F.);
#5414=ADVANCED_FACE('',(#5038),#256,.F.);
#5415=ADVANCED_FACE('',(#5039),#257,.F.);
#5416=ADVANCED_FACE('',(#5040),#258,.F.);
#5417=ADVANCED_FACE('',(#5041),#259,.F.);
#5418=ADVANCED_FACE('',(#5042),#260,.T.);
#5419=ADVANCED_FACE('',(#5043),#261,.T.);
#5420=ADVANCED_FACE('',(#5044),#262,.T.);
#5421=ADVANCED_FACE('',(#5045),#263,.T.);
#5422=ADVANCED_FACE('',(#5046),#264,.F.);
#5423=ADVANCED_FACE('',(#5047),#265,.F.);
#5424=ADVANCED_FACE('',(#5048),#266,.F.);
#5425=ADVANCED_FACE('',(#5049),#267,.F.);
#5426=ADVANCED_FACE('',(#5050),#268,.F.);
#5427=ADVANCED_FACE('',(#5051),#5154,.T.);
#5428=ADVANCED_FACE('',(#5052),#269,.T.);
#5429=ADVANCED_FACE('',(#5053),#270,.T.);
#5430=ADVANCED_FACE('',(#5054),#271,.T.);
#5431=ADVANCED_FACE('',(#5055),#272,.F.);
#5432=ADVANCED_FACE('',(#5056),#273,.F.);
#5433=ADVANCED_FACE('',(#5057),#274,.F.);
#5434=ADVANCED_FACE('',(#5058),#275,.F.);
#5435=ADVANCED_FACE('',(#5059),#276,.F.);
#5436=ADVANCED_FACE('',(#5060),#277,.T.);
#5437=ADVANCED_FACE('',(#5061),#278,.T.);
#5438=ADVANCED_FACE('',(#5062),#279,.T.);
#5439=ADVANCED_FACE('',(#5063),#280,.F.);
#5440=ADVANCED_FACE('',(#5064),#281,.F.);
#5441=ADVANCED_FACE('',(#5065),#282,.F.);
#5442=ADVANCED_FACE('',(#5066),#283,.F.);
#5443=ADVANCED_FACE('',(#5067),#284,.T.);
#5444=ADVANCED_FACE('',(#5068),#285,.T.);
#5445=ADVANCED_FACE('',(#5069),#286,.T.);
#5446=ADVANCED_FACE('',(#5070),#287,.T.);
#5447=ADVANCED_FACE('',(#5071),#288,.T.);
#5448=ADVANCED_FACE('',(#5072),#289,.T.);
#5449=ADVANCED_FACE('',(#5073),#290,.T.);
#5450=ADVANCED_FACE('',(#5074),#291,.T.);
#5451=ADVANCED_FACE('',(#5075),#292,.F.);
#5452=ADVANCED_FACE('',(#5076),#293,.T.);
#5453=ADVANCED_FACE('',(#5077),#294,.F.);
#5454=ADVANCED_FACE('',(#5078),#295,.F.);
#5455=ADVANCED_FACE('',(#5079),#296,.F.);
#5456=ADVANCED_FACE('',(#5080),#297,.F.);
#5457=ADVANCED_FACE('',(#5081),#298,.F.);
#5458=ADVANCED_FACE('',(#5082),#299,.T.);
#5459=ADVANCED_FACE('',(#5083),#5155,.T.);
#5460=CLOSED_SHELL('',(#5156,#5157,#5158,#5159,#5160,#5161,#5162,#5163,
#5164,#5165,#5166,#5167,#5168,#5169,#5170,#5171,#5172,#5173,#5174,#5175,
#5176,#5177,#5178,#5179,#5180,#5181,#5182,#5183,#5184,#5185,#5186,#5187,
#5188,#5189,#5190,#5191,#5192,#5193,#5194,#5195,#5196,#5197,#5198,#5199,
#5200,#5201,#5202,#5203,#5204,#5205,#5206,#5207,#5208,#5209,#5210,#5211,
#5212,#5213,#5214,#5215,#5216,#5217,#5218,#5219,#5220,#5221,#5222,#5223,
#5224,#5225,#5226,#5227,#5228));
#5461=CLOSED_SHELL('',(#5229,#5230,#5231,#5232,#5233,#5234,#5235,#5236,
#5237,#5238,#5239,#5240,#5241,#5242,#5243,#5244,#5245,#5246,#5247,#5248,
#5249,#5250,#5251,#5252,#5253,#5254,#5255,#5256,#5257,#5258,#5259,#5260,
#5261,#5262,#5263,#5264,#5265,#5266,#5267,#5268,#5269,#5270,#5271,#5272,
#5273,#5274,#5275,#5276,#5277,#5278,#5279,#5280,#5281,#5282,#5283,#5284,
#5285,#5286,#5287,#5288,#5289,#5290,#5291,#5292,#5293,#5294,#5295,#5296,
#5297));
#5462=CLOSED_SHELL('',(#5298,#5299,#5300,#5301,#5302,#5303,#5304,#5305,
#5306,#5307,#5308,#5309,#5310,#5311,#5312,#5313,#5314,#5315,#5316,#5317,
#5318,#5319,#5320,#5321,#5322,#5323,#5324,#5325,#5326,#5327,#5328,#5329,
#5330,#5331,#5332,#5333,#5334,#5335,#5336,#5337,#5338,#5339,#5340,#5341,
#5342,#5343,#5344,#5345,#5346,#5347,#5348,#5349,#5350,#5351,#5352,#5353,
#5354,#5355,#5356,#5357,#5358,#5359,#5360,#5361,#5362,#5363,#5364,#5365,
#5366,#5367,#5368,#5369,#5370,#5371,#5372,#5373,#5374,#5375,#5376));
#5463=CLOSED_SHELL('',(#5377,#5378,#5379,#5380,#5381,#5382,#5383,#5384,
#5385,#5386,#5387,#5388,#5389,#5390,#5391,#5392,#5393,#5394,#5395,#5396,
#5397,#5398,#5399,#5400,#5401,#5402,#5403,#5404,#5405,#5406,#5407,#5408,
#5409,#5410,#5411,#5412,#5413,#5414,#5415,#5416,#5417,#5418,#5419,#5420,
#5421,#5422,#5423,#5424,#5425,#5426,#5427,#5428,#5429,#5430,#5431,#5432,
#5433,#5434,#5435,#5436,#5437,#5438,#5439,#5440,#5441,#5442,#5443,#5444,
#5445,#5446,#5447,#5448,#5449,#5450,#5451,#5452,#5453,#5454,#5455,#5456,
#5457,#5458,#5459));
#5464=STYLED_ITEM('',(#5468),#5496);
#5465=STYLED_ITEM('',(#5469),#5497);
#5466=STYLED_ITEM('',(#5470),#5498);
#5467=STYLED_ITEM('',(#5471),#5499);
#5468=PRESENTATION_STYLE_ASSIGNMENT((#5472));
#5469=PRESENTATION_STYLE_ASSIGNMENT((#5473));
#5470=PRESENTATION_STYLE_ASSIGNMENT((#5474));
#5471=PRESENTATION_STYLE_ASSIGNMENT((#5475));
#5472=SURFACE_STYLE_USAGE(.BOTH.,#5476);
#5473=SURFACE_STYLE_USAGE(.BOTH.,#5477);
#5474=SURFACE_STYLE_USAGE(.BOTH.,#5478);
#5475=SURFACE_STYLE_USAGE(.BOTH.,#5479);
#5476=SURFACE_SIDE_STYLE('',(#5480));
#5477=SURFACE_SIDE_STYLE('',(#5481));
#5478=SURFACE_SIDE_STYLE('',(#5482));
#5479=SURFACE_SIDE_STYLE('',(#5483));
#5480=SURFACE_STYLE_FILL_AREA(#5484);
#5481=SURFACE_STYLE_FILL_AREA(#5485);
#5482=SURFACE_STYLE_FILL_AREA(#5486);
#5483=SURFACE_STYLE_FILL_AREA(#5487);
#5484=FILL_AREA_STYLE('',(#5488));
#5485=FILL_AREA_STYLE('',(#5489));
#5486=FILL_AREA_STYLE('',(#5490));
#5487=FILL_AREA_STYLE('',(#5491));
#5488=FILL_AREA_STYLE_COLOUR('',#5492);
#5489=FILL_AREA_STYLE_COLOUR('',#5493);
#5490=FILL_AREA_STYLE_COLOUR('',#5494);
#5491=FILL_AREA_STYLE_COLOUR('',#5495);
#5492=COLOUR_RGB('',0.231372549019608,0.380392156862745,0.705882352941177);
#5493=COLOUR_RGB('',0.917647058823529,0.917647058823529,0.917647058823529);
#5494=COLOUR_RGB('',0.647058823529412,0.647058823529412,0.647058823529412);
#5495=COLOUR_RGB('',0.615686274509804,0.811764705882353,0.929411764705882);
#5496=MANIFOLD_SOLID_BREP('Part 3',#5460);
#5497=MANIFOLD_SOLID_BREP('Part 4',#5461);
#5498=MANIFOLD_SOLID_BREP('Part 2',#5462);
#5499=MANIFOLD_SOLID_BREP('Part 1',#5463);
#5500=SHAPE_DEFINITION_REPRESENTATION(#10047,#5504);
#5501=SHAPE_DEFINITION_REPRESENTATION(#10048,#5505);
#5502=SHAPE_DEFINITION_REPRESENTATION(#10049,#5506);
#5503=SHAPE_DEFINITION_REPRESENTATION(#10050,#5507);
#5504=SHAPE_REPRESENTATION('Part 3',(#5508),#10027);
#5505=SHAPE_REPRESENTATION('Part 4',(#5686),#10028);
#5506=SHAPE_REPRESENTATION('Part 2',(#5823),#10029);
#5507=SHAPE_REPRESENTATION('Part 1',(#5999),#10030);
#5508=AXIS2_PLACEMENT_3D('',#7988,#6211,#6212);
#5509=AXIS2_PLACEMENT_3D('',#7989,#6213,#6214);
#5510=AXIS2_PLACEMENT_3D('',#7990,#6215,#6216);
#5511=AXIS2_PLACEMENT_3D('',#7993,#6217,#6218);
#5512=AXIS2_PLACEMENT_3D('',#7995,#6219,#6220);
#5513=AXIS2_PLACEMENT_3D('',#7997,#6221,#6222);
#5514=AXIS2_PLACEMENT_3D('',#7999,#6223,#6224);
#5515=AXIS2_PLACEMENT_3D('',#8001,#6225,#6226);
#5516=AXIS2_PLACEMENT_3D('',#8003,#6227,#6228);
#5517=AXIS2_PLACEMENT_3D('',#8005,#6229,#6230);
#5518=AXIS2_PLACEMENT_3D('',#8007,#6231,#6232);
#5519=AXIS2_PLACEMENT_3D('',#8009,#6233,#6234);
#5520=AXIS2_PLACEMENT_3D('',#8011,#6235,#6236);
#5521=AXIS2_PLACEMENT_3D('',#8013,#6237,#6238);
#5522=AXIS2_PLACEMENT_3D('',#8015,#6239,#6240);
#5523=AXIS2_PLACEMENT_3D('',#8017,#6241,#6242);
#5524=AXIS2_PLACEMENT_3D('',#8019,#6243,#6244);
#5525=AXIS2_PLACEMENT_3D('',#8021,#6245,#6246);
#5526=AXIS2_PLACEMENT_3D('',#8023,#6247,#6248);
#5527=AXIS2_PLACEMENT_3D('',#8025,#6249,#6250);
#5528=AXIS2_PLACEMENT_3D('',#8027,#6251,#6252);
#5529=AXIS2_PLACEMENT_3D('',#8029,#6253,#6254);
#5530=AXIS2_PLACEMENT_3D('',#8031,#6255,#6256);
#5531=AXIS2_PLACEMENT_3D('',#8033,#6257,#6258);
#5532=AXIS2_PLACEMENT_3D('',#8035,#6259,#6260);
#5533=AXIS2_PLACEMENT_3D('',#8037,#6261,#6262);
#5534=AXIS2_PLACEMENT_3D('',#8039,#6263,#6264);
#5535=AXIS2_PLACEMENT_3D('',#8048,#6269,#6270);
#5536=AXIS2_PLACEMENT_3D('',#8051,#6271,#6272);
#5537=AXIS2_PLACEMENT_3D('',#8053,#6273,#6274);
#5538=AXIS2_PLACEMENT_3D('',#8055,#6275,#6276);
#5539=AXIS2_PLACEMENT_3D('',#8057,#6277,#6278);
#5540=AXIS2_PLACEMENT_3D('',#8059,#6279,#6280);
#5541=AXIS2_PLACEMENT_3D('',#8061,#6281,#6282);
#5542=AXIS2_PLACEMENT_3D('',#8063,#6283,#6284);
#5543=AXIS2_PLACEMENT_3D('',#8065,#6285,#6286);
#5544=AXIS2_PLACEMENT_3D('',#8067,#6287,#6288);
#5545=AXIS2_PLACEMENT_3D('',#8069,#6289,#6290);
#5546=AXIS2_PLACEMENT_3D('',#8071,#6291,#6292);
#5547=AXIS2_PLACEMENT_3D('',#8073,#6293,#6294);
#5548=AXIS2_PLACEMENT_3D('',#8075,#6295,#6296);
#5549=AXIS2_PLACEMENT_3D('',#8077,#6297,#6298);
#5550=AXIS2_PLACEMENT_3D('',#8079,#6299,#6300);
#5551=AXIS2_PLACEMENT_3D('',#8081,#6301,#6302);
#5552=AXIS2_PLACEMENT_3D('',#8083,#6303,#6304);
#5553=AXIS2_PLACEMENT_3D('',#8085,#6305,#6306);
#5554=AXIS2_PLACEMENT_3D('',#8087,#6307,#6308);
#5555=AXIS2_PLACEMENT_3D('',#8089,#6309,#6310);
#5556=AXIS2_PLACEMENT_3D('',#8091,#6311,#6312);
#5557=AXIS2_PLACEMENT_3D('',#8093,#6313,#6314);
#5558=AXIS2_PLACEMENT_3D('',#8095,#6315,#6316);
#5559=AXIS2_PLACEMENT_3D('',#8097,#6317,#6318);
#5560=AXIS2_PLACEMENT_3D('',#8098,#6319,#6320);
#5561=AXIS2_PLACEMENT_3D('',#8117,#6330,#6331);
#5562=AXIS2_PLACEMENT_3D('',#8123,#6335,#6336);
#5563=AXIS2_PLACEMENT_3D('',#8133,#6342,#6343);
#5564=AXIS2_PLACEMENT_3D('',#8136,#6346,#6347);
#5565=AXIS2_PLACEMENT_3D('',#8138,#6349,#6350);
#5566=AXIS2_PLACEMENT_3D('',#8139,#6351,#6352);
#5567=AXIS2_PLACEMENT_3D('',#8145,#6356,#6357);
#5568=AXIS2_PLACEMENT_3D('',#8149,#6360,#6361);
#5569=AXIS2_PLACEMENT_3D('',#8153,#6364,#6365);
#5570=AXIS2_PLACEMENT_3D('',#8155,#6367,#6368);
#5571=AXIS2_PLACEMENT_3D('',#8156,#6369,#6370);
#5572=AXIS2_PLACEMENT_3D('',#8158,#6372,#6373);
#5573=AXIS2_PLACEMENT_3D('',#8164,#6377,#6378);
#5574=AXIS2_PLACEMENT_3D('',#8168,#6381,#6382);
#5575=AXIS2_PLACEMENT_3D('',#8172,#6385,#6386);
#5576=AXIS2_PLACEMENT_3D('',#8174,#6388,#6389);
#5577=AXIS2_PLACEMENT_3D('',#8175,#6390,#6391);
#5578=AXIS2_PLACEMENT_3D('',#8176,#6392,#6393);
#5579=AXIS2_PLACEMENT_3D('',#8177,#6394,#6395);
#5580=AXIS2_PLACEMENT_3D('',#8178,#6396,#6397);
#5581=AXIS2_PLACEMENT_3D('',#8179,#6398,#6399);
#5582=AXIS2_PLACEMENT_3D('',#8180,#6400,#6401);
#5583=AXIS2_PLACEMENT_3D('',#8181,#6402,#6403);
#5584=AXIS2_PLACEMENT_3D('',#8182,#6404,#6405);
#5585=AXIS2_PLACEMENT_3D('',#8185,#6407,#6408);
#5586=AXIS2_PLACEMENT_3D('',#8188,#6410,#6411);
#5587=AXIS2_PLACEMENT_3D('',#8191,#6413,#6414);
#5588=AXIS2_PLACEMENT_3D('',#8192,#6415,#6416);
#5589=AXIS2_PLACEMENT_3D('',#8195,#6418,#6419);
#5590=AXIS2_PLACEMENT_3D('',#8196,#6420,#6421);
#5591=AXIS2_PLACEMENT_3D('',#8199,#6423,#6424);
#5592=AXIS2_PLACEMENT_3D('',#8200,#6425,#6426);
#5593=AXIS2_PLACEMENT_3D('',#8203,#6428,#6429);
#5594=AXIS2_PLACEMENT_3D('',#8204,#6430,#6431);
#5595=AXIS2_PLACEMENT_3D('',#8207,#6433,#6434);
#5596=AXIS2_PLACEMENT_3D('',#8208,#6435,#6436);
#5597=AXIS2_PLACEMENT_3D('',#8211,#6438,#6439);
#5598=AXIS2_PLACEMENT_3D('',#8212,#6440,#6441);
#5599=AXIS2_PLACEMENT_3D('',#8215,#6443,#6444);
#5600=AXIS2_PLACEMENT_3D('',#8216,#6445,#6446);
#5601=AXIS2_PLACEMENT_3D('',#8219,#6448,#6449);
#5602=AXIS2_PLACEMENT_3D('',#8220,#6450,#6451);
#5603=AXIS2_PLACEMENT_3D('',#8223,#6453,#6454);
#5604=AXIS2_PLACEMENT_3D('',#8224,#6455,#6456);
#5605=AXIS2_PLACEMENT_3D('',#8227,#6458,#6459);
#5606=AXIS2_PLACEMENT_3D('',#8228,#6460,#6461);
#5607=AXIS2_PLACEMENT_3D('',#8231,#6463,#6464);
#5608=AXIS2_PLACEMENT_3D('',#8232,#6465,#6466);
#5609=AXIS2_PLACEMENT_3D('',#8235,#6468,#6469);
#5610=AXIS2_PLACEMENT_3D('',#8236,#6470,#6471);
#5611=AXIS2_PLACEMENT_3D('',#8239,#6473,#6474);
#5612=AXIS2_PLACEMENT_3D('',#8240,#6475,#6476);
#5613=AXIS2_PLACEMENT_3D('',#8243,#6478,#6479);
#5614=AXIS2_PLACEMENT_3D('',#8244,#6480,#6481);
#5615=AXIS2_PLACEMENT_3D('',#8247,#6483,#6484);
#5616=AXIS2_PLACEMENT_3D('',#8248,#6485,#6486);
#5617=AXIS2_PLACEMENT_3D('',#8251,#6488,#6489);
#5618=AXIS2_PLACEMENT_3D('',#8252,#6490,#6491);
#5619=AXIS2_PLACEMENT_3D('',#8255,#6493,#6494);
#5620=AXIS2_PLACEMENT_3D('',#8256,#6495,#6496);
#5621=AXIS2_PLACEMENT_3D('',#8259,#6498,#6499);
#5622=AXIS2_PLACEMENT_3D('',#8260,#6500,#6501);
#5623=AXIS2_PLACEMENT_3D('',#8263,#6503,#6504);
#5624=AXIS2_PLACEMENT_3D('',#8264,#6505,#6506);
#5625=AXIS2_PLACEMENT_3D('',#8267,#6508,#6509);
#5626=AXIS2_PLACEMENT_3D('',#8268,#6510,#6511);
#5627=AXIS2_PLACEMENT_3D('',#8271,#6513,#6514);
#5628=AXIS2_PLACEMENT_3D('',#8272,#6515,#6516);
#5629=AXIS2_PLACEMENT_3D('',#8275,#6518,#6519);
#5630=AXIS2_PLACEMENT_3D('',#8276,#6520,#6521);
#5631=AXIS2_PLACEMENT_3D('',#8279,#6523,#6524);
#5632=AXIS2_PLACEMENT_3D('',#8280,#6525,#6526);
#5633=AXIS2_PLACEMENT_3D('',#8281,#6527,#6528);
#5634=AXIS2_PLACEMENT_3D('',#8282,#6529,#6530);
#5635=AXIS2_PLACEMENT_3D('',#8283,#6531,#6532);
#5636=AXIS2_PLACEMENT_3D('',#8286,#6534,#6535);
#5637=AXIS2_PLACEMENT_3D('',#8289,#6537,#6538);
#5638=AXIS2_PLACEMENT_3D('',#8292,#6540,#6541);
#5639=AXIS2_PLACEMENT_3D('',#8293,#6542,#6543);
#5640=AXIS2_PLACEMENT_3D('',#8296,#6545,#6546);
#5641=AXIS2_PLACEMENT_3D('',#8297,#6547,#6548);
#5642=AXIS2_PLACEMENT_3D('',#8300,#6550,#6551);
#5643=AXIS2_PLACEMENT_3D('',#8301,#6552,#6553);
#5644=AXIS2_PLACEMENT_3D('',#8304,#6555,#6556);
#5645=AXIS2_PLACEMENT_3D('',#8305,#6557,#6558);
#5646=AXIS2_PLACEMENT_3D('',#8308,#6560,#6561);
#5647=AXIS2_PLACEMENT_3D('',#8309,#6562,#6563);
#5648=AXIS2_PLACEMENT_3D('',#8312,#6565,#6566);
#5649=AXIS2_PLACEMENT_3D('',#8313,#6567,#6568);
#5650=AXIS2_PLACEMENT_3D('',#8316,#6570,#6571);
#5651=AXIS2_PLACEMENT_3D('',#8317,#6572,#6573);
#5652=AXIS2_PLACEMENT_3D('',#8320,#6575,#6576);
#5653=AXIS2_PLACEMENT_3D('',#8321,#6577,#6578);
#5654=AXIS2_PLACEMENT_3D('',#8324,#6580,#6581);
#5655=AXIS2_PLACEMENT_3D('',#8325,#6582,#6583);
#5656=AXIS2_PLACEMENT_3D('',#8328,#6585,#6586);
#5657=AXIS2_PLACEMENT_3D('',#8329,#6587,#6588);
#5658=AXIS2_PLACEMENT_3D('',#8332,#6590,#6591);
#5659=AXIS2_PLACEMENT_3D('',#8333,#6592,#6593);
#5660=AXIS2_PLACEMENT_3D('',#8336,#6595,#6596);
#5661=AXIS2_PLACEMENT_3D('',#8337,#6597,#6598);
#5662=AXIS2_PLACEMENT_3D('',#8340,#6600,#6601);
#5663=AXIS2_PLACEMENT_3D('',#8341,#6602,#6603);
#5664=AXIS2_PLACEMENT_3D('',#8344,#6605,#6606);
#5665=AXIS2_PLACEMENT_3D('',#8345,#6607,#6608);
#5666=AXIS2_PLACEMENT_3D('',#8348,#6610,#6611);
#5667=AXIS2_PLACEMENT_3D('',#8349,#6612,#6613);
#5668=AXIS2_PLACEMENT_3D('',#8352,#6615,#6616);
#5669=AXIS2_PLACEMENT_3D('',#8353,#6617,#6618);
#5670=AXIS2_PLACEMENT_3D('',#8356,#6620,#6621);
#5671=AXIS2_PLACEMENT_3D('',#8357,#6622,#6623);
#5672=AXIS2_PLACEMENT_3D('',#8360,#6625,#6626);
#5673=AXIS2_PLACEMENT_3D('',#8361,#6627,#6628);
#5674=AXIS2_PLACEMENT_3D('',#8364,#6630,#6631);
#5675=AXIS2_PLACEMENT_3D('',#8365,#6632,#6633);
#5676=AXIS2_PLACEMENT_3D('',#8368,#6635,#6636);
#5677=AXIS2_PLACEMENT_3D('',#8369,#6637,#6638);
#5678=AXIS2_PLACEMENT_3D('',#8372,#6640,#6641);
#5679=AXIS2_PLACEMENT_3D('',#8373,#6642,#6643);
#5680=AXIS2_PLACEMENT_3D('',#8376,#6645,#6646);
#5681=AXIS2_PLACEMENT_3D('',#8377,#6647,#6648);
#5682=AXIS2_PLACEMENT_3D('',#8380,#6650,#6651);
#5683=AXIS2_PLACEMENT_3D('',#8381,#6652,#6653);
#5684=AXIS2_PLACEMENT_3D('',#8382,#6654,#6655);
#5685=AXIS2_PLACEMENT_3D('',#8383,#6656,#6657);
#5686=AXIS2_PLACEMENT_3D('',#8384,#6658,#6659);
#5687=AXIS2_PLACEMENT_3D('',#8385,#6660,#6661);
#5688=AXIS2_PLACEMENT_3D('',#8399,#6662,#6663);
#5689=AXIS2_PLACEMENT_3D('',#8408,#6665,#6666);
#5690=AXIS2_PLACEMENT_3D('',#8410,#6667,#6668);
#5691=AXIS2_PLACEMENT_3D('',#8412,#6669,#6670);
#5692=AXIS2_PLACEMENT_3D('',#8414,#6671,#6672);
#5693=AXIS2_PLACEMENT_3D('',#8416,#6673,#6674);
#5694=AXIS2_PLACEMENT_3D('',#8418,#6675,#6676);
#5695=AXIS2_PLACEMENT_3D('',#8420,#6677,#6678);
#5696=AXIS2_PLACEMENT_3D('',#8422,#6679,#6680);
#5697=AXIS2_PLACEMENT_3D('',#8424,#6681,#6682);
#5698=AXIS2_PLACEMENT_3D('',#8426,#6683,#6684);
#5699=AXIS2_PLACEMENT_3D('',#8428,#6685,#6686);
#5700=AXIS2_PLACEMENT_3D('',#8430,#6687,#6688);
#5701=AXIS2_PLACEMENT_3D('',#8432,#6689,#6690);
#5702=AXIS2_PLACEMENT_3D('',#8434,#6691,#6692);
#5703=AXIS2_PLACEMENT_3D('',#8436,#6693,#6694);
#5704=AXIS2_PLACEMENT_3D('',#8438,#6695,#6696);
#5705=AXIS2_PLACEMENT_3D('',#8440,#6697,#6698);
#5706=AXIS2_PLACEMENT_3D('',#8454,#6699,#6700);
#5707=AXIS2_PLACEMENT_3D('',#8462,#6701,#6702);
#5708=AXIS2_PLACEMENT_3D('',#8471,#6707,#6708);
#5709=AXIS2_PLACEMENT_3D('',#8489,#6710,#6711);
#5710=AXIS2_PLACEMENT_3D('',#8497,#6712,#6713);
#5711=AXIS2_PLACEMENT_3D('',#8511,#6714,#6715);
#5712=AXIS2_PLACEMENT_3D('',#8513,#6716,#6717);
#5713=AXIS2_PLACEMENT_3D('',#8515,#6718,#6719);
#5714=AXIS2_PLACEMENT_3D('',#8517,#6720,#6721);
#5715=AXIS2_PLACEMENT_3D('',#8519,#6722,#6723);
#5716=AXIS2_PLACEMENT_3D('',#8521,#6724,#6725);
#5717=AXIS2_PLACEMENT_3D('',#8523,#6726,#6727);
#5718=AXIS2_PLACEMENT_3D('',#8525,#6728,#6729);
#5719=AXIS2_PLACEMENT_3D('',#8527,#6730,#6731);
#5720=AXIS2_PLACEMENT_3D('',#8529,#6732,#6733);
#5721=AXIS2_PLACEMENT_3D('',#8531,#6734,#6735);
#5722=AXIS2_PLACEMENT_3D('',#8533,#6736,#6737);
#5723=AXIS2_PLACEMENT_3D('',#8535,#6738,#6739);
#5724=AXIS2_PLACEMENT_3D('',#8537,#6740,#6741);
#5725=AXIS2_PLACEMENT_3D('',#8539,#6742,#6743);
#5726=AXIS2_PLACEMENT_3D('',#8541,#6744,#6745);
#5727=AXIS2_PLACEMENT_3D('',#8542,#6746,#6747);
#5728=AXIS2_PLACEMENT_3D('',#8559,#6756,#6757);
#5729=AXIS2_PLACEMENT_3D('',#8565,#6761,#6762);
#5730=AXIS2_PLACEMENT_3D('',#8571,#6766,#6767);
#5731=AXIS2_PLACEMENT_3D('',#8574,#6770,#6771);
#5732=AXIS2_PLACEMENT_3D('',#8575,#6772,#6773);
#5733=AXIS2_PLACEMENT_3D('',#8581,#6777,#6778);
#5734=AXIS2_PLACEMENT_3D('',#8585,#6781,#6782);
#5735=AXIS2_PLACEMENT_3D('',#8589,#6785,#6786);
#5736=AXIS2_PLACEMENT_3D('',#8591,#6788,#6789);
#5737=AXIS2_PLACEMENT_3D('',#8592,#6790,#6791);
#5738=AXIS2_PLACEMENT_3D('',#8595,#6794,#6795);
#5739=AXIS2_PLACEMENT_3D('',#8597,#6797,#6798);
#5740=AXIS2_PLACEMENT_3D('',#8599,#6800,#6801);
#5741=AXIS2_PLACEMENT_3D('',#8600,#6802,#6803);
#5742=AXIS2_PLACEMENT_3D('',#8606,#6807,#6808);
#5743=AXIS2_PLACEMENT_3D('',#8609,#6810,#6811);
#5744=AXIS2_PLACEMENT_3D('',#8610,#6812,#6813);
#5745=AXIS2_PLACEMENT_3D('',#8613,#6815,#6816);
#5746=AXIS2_PLACEMENT_3D('',#8614,#6817,#6818);
#5747=AXIS2_PLACEMENT_3D('',#8617,#6820,#6821);
#5748=AXIS2_PLACEMENT_3D('',#8618,#6822,#6823);
#5749=AXIS2_PLACEMENT_3D('',#8621,#6825,#6826);
#5750=AXIS2_PLACEMENT_3D('',#8622,#6827,#6828);
#5751=AXIS2_PLACEMENT_3D('',#8625,#6830,#6831);
#5752=AXIS2_PLACEMENT_3D('',#8626,#6832,#6833);
#5753=AXIS2_PLACEMENT_3D('',#8629,#6835,#6836);
#5754=AXIS2_PLACEMENT_3D('',#8630,#6837,#6838);
#5755=AXIS2_PLACEMENT_3D('',#8633,#6840,#6841);
#5756=AXIS2_PLACEMENT_3D('',#8634,#6842,#6843);
#5757=AXIS2_PLACEMENT_3D('',#8637,#6845,#6846);
#5758=AXIS2_PLACEMENT_3D('',#8638,#6847,#6848);
#5759=AXIS2_PLACEMENT_3D('',#8641,#6850,#6851);
#5760=AXIS2_PLACEMENT_3D('',#8642,#6852,#6853);
#5761=AXIS2_PLACEMENT_3D('',#8645,#6855,#6856);
#5762=AXIS2_PLACEMENT_3D('',#8646,#6857,#6858);
#5763=AXIS2_PLACEMENT_3D('',#8649,#6860,#6861);
#5764=AXIS2_PLACEMENT_3D('',#8650,#6862,#6863);
#5765=AXIS2_PLACEMENT_3D('',#8653,#6865,#6866);
#5766=AXIS2_PLACEMENT_3D('',#8654,#6867,#6868);
#5767=AXIS2_PLACEMENT_3D('',#8657,#6870,#6871);
#5768=AXIS2_PLACEMENT_3D('',#8658,#6872,#6873);
#5769=AXIS2_PLACEMENT_3D('',#8661,#6875,#6876);
#5770=AXIS2_PLACEMENT_3D('',#8662,#6877,#6878);
#5771=AXIS2_PLACEMENT_3D('',#8665,#6880,#6881);
#5772=AXIS2_PLACEMENT_3D('',#8666,#6882,#6883);
#5773=AXIS2_PLACEMENT_3D('',#8669,#6885,#6886);
#5774=AXIS2_PLACEMENT_3D('',#8670,#6887,#6888);
#5775=AXIS2_PLACEMENT_3D('',#8673,#6890,#6891);
#5776=AXIS2_PLACEMENT_3D('',#8708,#6894,#6895);
#5777=AXIS2_PLACEMENT_3D('',#8711,#6897,#6898);
#5778=AXIS2_PLACEMENT_3D('',#8729,#6900,#6901);
#5779=AXIS2_PLACEMENT_3D('',#8732,#6903,#6904);
#5780=AXIS2_PLACEMENT_3D('',#8776,#6906,#6907);
#5781=AXIS2_PLACEMENT_3D('',#8800,#6910,#6911);
#5782=AXIS2_PLACEMENT_3D('',#8803,#6913,#6914);
#5783=AXIS2_PLACEMENT_3D('',#8821,#6916,#6917);
#5784=AXIS2_PLACEMENT_3D('',#8824,#6919,#6920);
#5785=AXIS2_PLACEMENT_3D('',#8859,#6923,#6924);
#5786=AXIS2_PLACEMENT_3D('',#8862,#6926,#6927);
#5787=AXIS2_PLACEMENT_3D('',#8863,#6928,#6929);
#5788=AXIS2_PLACEMENT_3D('',#8866,#6931,#6932);
#5789=AXIS2_PLACEMENT_3D('',#8867,#6933,#6934);
#5790=AXIS2_PLACEMENT_3D('',#8870,#6936,#6937);
#5791=AXIS2_PLACEMENT_3D('',#8871,#6938,#6939);
#5792=AXIS2_PLACEMENT_3D('',#8874,#6941,#6942);
#5793=AXIS2_PLACEMENT_3D('',#8875,#6943,#6944);
#5794=AXIS2_PLACEMENT_3D('',#8878,#6946,#6947);
#5795=AXIS2_PLACEMENT_3D('',#8879,#6948,#6949);
#5796=AXIS2_PLACEMENT_3D('',#8882,#6951,#6952);
#5797=AXIS2_PLACEMENT_3D('',#8883,#6953,#6954);
#5798=AXIS2_PLACEMENT_3D('',#8886,#6956,#6957);
#5799=AXIS2_PLACEMENT_3D('',#8887,#6958,#6959);
#5800=AXIS2_PLACEMENT_3D('',#8890,#6961,#6962);
#5801=AXIS2_PLACEMENT_3D('',#8891,#6963,#6964);
#5802=AXIS2_PLACEMENT_3D('',#8894,#6966,#6967);
#5803=AXIS2_PLACEMENT_3D('',#8895,#6968,#6969);
#5804=AXIS2_PLACEMENT_3D('',#8898,#6971,#6972);
#5805=AXIS2_PLACEMENT_3D('',#8899,#6973,#6974);
#5806=AXIS2_PLACEMENT_3D('',#8902,#6976,#6977);
#5807=AXIS2_PLACEMENT_3D('',#8903,#6978,#6979);
#5808=AXIS2_PLACEMENT_3D('',#8906,#6981,#6982);
#5809=AXIS2_PLACEMENT_3D('',#8907,#6983,#6984);
#5810=AXIS2_PLACEMENT_3D('',#8910,#6986,#6987);
#5811=AXIS2_PLACEMENT_3D('',#8911,#6988,#6989);
#5812=AXIS2_PLACEMENT_3D('',#8914,#6991,#6992);
#5813=AXIS2_PLACEMENT_3D('',#8915,#6993,#6994);
#5814=AXIS2_PLACEMENT_3D('',#8918,#6996,#6997);
#5815=AXIS2_PLACEMENT_3D('',#8919,#6998,#6999);
#5816=AXIS2_PLACEMENT_3D('',#8922,#7001,#7002);
#5817=AXIS2_PLACEMENT_3D('',#8923,#7003,#7004);
#5818=AXIS2_PLACEMENT_3D('',#8926,#7006,#7007);
#5819=AXIS2_PLACEMENT_3D('',#8927,#7008,#7009);
#5820=AXIS2_PLACEMENT_3D('',#8945,#7013,#7014);
#5821=AXIS2_PLACEMENT_3D('',#8948,#7016,#7017);
#5822=AXIS2_PLACEMENT_3D('',#8966,#7018,#7019);
#5823=AXIS2_PLACEMENT_3D('',#8967,#7020,#7021);
#5824=AXIS2_PLACEMENT_3D('',#8968,#7022,#7023);
#5825=AXIS2_PLACEMENT_3D('',#8984,#7028,#7029);
#5826=AXIS2_PLACEMENT_3D('',#8986,#7030,#7031);
#5827=AXIS2_PLACEMENT_3D('',#8988,#7032,#7033);
#5828=AXIS2_PLACEMENT_3D('',#8990,#7034,#7035);
#5829=AXIS2_PLACEMENT_3D('',#8992,#7036,#7037);
#5830=AXIS2_PLACEMENT_3D('',#8994,#7038,#7039);
#5831=AXIS2_PLACEMENT_3D('',#8996,#7040,#7041);
#5832=AXIS2_PLACEMENT_3D('',#8998,#7042,#7043);
#5833=AXIS2_PLACEMENT_3D('',#9000,#7044,#7045);
#5834=AXIS2_PLACEMENT_3D('',#9002,#7046,#7047);
#5835=AXIS2_PLACEMENT_3D('',#9004,#7048,#7049);
#5836=AXIS2_PLACEMENT_3D('',#9006,#7050,#7051);
#5837=AXIS2_PLACEMENT_3D('',#9008,#7052,#7053);
#5838=AXIS2_PLACEMENT_3D('',#9010,#7054,#7055);
#5839=AXIS2_PLACEMENT_3D('',#9012,#7056,#7057);
#5840=AXIS2_PLACEMENT_3D('',#9014,#7058,#7059);
#5841=AXIS2_PLACEMENT_3D('',#9016,#7060,#7061);
#5842=AXIS2_PLACEMENT_3D('',#9018,#7062,#7063);
#5843=AXIS2_PLACEMENT_3D('',#9020,#7064,#7065);
#5844=AXIS2_PLACEMENT_3D('',#9022,#7066,#7067);
#5845=AXIS2_PLACEMENT_3D('',#9024,#7068,#7069);
#5846=AXIS2_PLACEMENT_3D('',#9026,#7070,#7071);
#5847=AXIS2_PLACEMENT_3D('',#9034,#7072,#7073);
#5848=AXIS2_PLACEMENT_3D('',#9042,#7074,#7075);
#5849=AXIS2_PLACEMENT_3D('',#9050,#7076,#7077);
#5850=AXIS2_PLACEMENT_3D('',#9051,#7078,#7079);
#5851=AXIS2_PLACEMENT_3D('',#9060,#7080,#7081);
#5852=AXIS2_PLACEMENT_3D('',#9068,#7082,#7083);
#5853=AXIS2_PLACEMENT_3D('',#9076,#7084,#7085);
#5854=AXIS2_PLACEMENT_3D('',#9078,#7086,#7087);
#5855=AXIS2_PLACEMENT_3D('',#9080,#7088,#7089);
#5856=AXIS2_PLACEMENT_3D('',#9082,#7090,#7091);
#5857=AXIS2_PLACEMENT_3D('',#9084,#7092,#7093);
#5858=AXIS2_PLACEMENT_3D('',#9086,#7094,#7095);
#5859=AXIS2_PLACEMENT_3D('',#9088,#7096,#7097);
#5860=AXIS2_PLACEMENT_3D('',#9090,#7098,#7099);
#5861=AXIS2_PLACEMENT_3D('',#9092,#7100,#7101);
#5862=AXIS2_PLACEMENT_3D('',#9094,#7102,#7103);
#5863=AXIS2_PLACEMENT_3D('',#9096,#7104,#7105);
#5864=AXIS2_PLACEMENT_3D('',#9098,#7106,#7107);
#5865=AXIS2_PLACEMENT_3D('',#9100,#7108,#7109);
#5866=AXIS2_PLACEMENT_3D('',#9102,#7110,#7111);
#5867=AXIS2_PLACEMENT_3D('',#9104,#7112,#7113);
#5868=AXIS2_PLACEMENT_3D('',#9106,#7114,#7115);
#5869=AXIS2_PLACEMENT_3D('',#9108,#7116,#7117);
#5870=AXIS2_PLACEMENT_3D('',#9110,#7118,#7119);
#5871=AXIS2_PLACEMENT_3D('',#9112,#7120,#7121);
#5872=AXIS2_PLACEMENT_3D('',#9114,#7122,#7123);
#5873=AXIS2_PLACEMENT_3D('',#9116,#7124,#7125);
#5874=AXIS2_PLACEMENT_3D('',#9118,#7126,#7127);
#5875=AXIS2_PLACEMENT_3D('',#9125,#7128,#7129);
#5876=AXIS2_PLACEMENT_3D('',#9142,#7138,#7139);
#5877=AXIS2_PLACEMENT_3D('',#9148,#7143,#7144);
#5878=AXIS2_PLACEMENT_3D('',#9154,#7148,#7149);
#5879=AXIS2_PLACEMENT_3D('',#9157,#7152,#7153);
#5880=AXIS2_PLACEMENT_3D('',#9158,#7154,#7155);
#5881=AXIS2_PLACEMENT_3D('',#9164,#7159,#7160);
#5882=AXIS2_PLACEMENT_3D('',#9168,#7163,#7164);
#5883=AXIS2_PLACEMENT_3D('',#9172,#7167,#7168);
#5884=AXIS2_PLACEMENT_3D('',#9174,#7170,#7171);
#5885=AXIS2_PLACEMENT_3D('',#9180,#7175,#7176);
#5886=AXIS2_PLACEMENT_3D('',#9184,#7179,#7180);
#5887=AXIS2_PLACEMENT_3D('',#9188,#7183,#7184);
#5888=AXIS2_PLACEMENT_3D('',#9190,#7186,#7187);
#5889=AXIS2_PLACEMENT_3D('',#9191,#7188,#7189);
#5890=AXIS2_PLACEMENT_3D('',#9192,#7190,#7191);
#5891=AXIS2_PLACEMENT_3D('',#9193,#7192,#7193);
#5892=AXIS2_PLACEMENT_3D('',#9194,#7194,#7195);
#5893=AXIS2_PLACEMENT_3D('',#9195,#7196,#7197);
#5894=AXIS2_PLACEMENT_3D('',#9196,#7198,#7199);
#5895=AXIS2_PLACEMENT_3D('',#9197,#7200,#7201);
#5896=AXIS2_PLACEMENT_3D('',#9198,#7202,#7203);
#5897=AXIS2_PLACEMENT_3D('',#9199,#7204,#7205);
#5898=AXIS2_PLACEMENT_3D('',#9202,#7207,#7208);
#5899=AXIS2_PLACEMENT_3D('',#9228,#7211,#7212);
#5900=AXIS2_PLACEMENT_3D('',#9231,#7214,#7215);
#5901=AXIS2_PLACEMENT_3D('',#9253,#7217,#7218);
#5902=AXIS2_PLACEMENT_3D('',#9256,#7220,#7221);
#5903=AXIS2_PLACEMENT_3D('',#9274,#7223,#7224);
#5904=AXIS2_PLACEMENT_3D('',#9277,#7226,#7227);
#5905=AXIS2_PLACEMENT_3D('',#9299,#7229,#7230);
#5906=AXIS2_PLACEMENT_3D('',#9302,#7232,#7233);
#5907=AXIS2_PLACEMENT_3D('',#9303,#7234,#7235);
#5908=AXIS2_PLACEMENT_3D('',#9306,#7237,#7238);
#5909=AXIS2_PLACEMENT_3D('',#9307,#7239,#7240);
#5910=AXIS2_PLACEMENT_3D('',#9310,#7242,#7243);
#5911=AXIS2_PLACEMENT_3D('',#9311,#7244,#7245);
#5912=AXIS2_PLACEMENT_3D('',#9314,#7247,#7248);
#5913=AXIS2_PLACEMENT_3D('',#9315,#7249,#7250);
#5914=AXIS2_PLACEMENT_3D('',#9318,#7252,#7253);
#5915=AXIS2_PLACEMENT_3D('',#9319,#7254,#7255);
#5916=AXIS2_PLACEMENT_3D('',#9322,#7257,#7258);
#5917=AXIS2_PLACEMENT_3D('',#9323,#7259,#7260);
#5918=AXIS2_PLACEMENT_3D('',#9326,#7262,#7263);
#5919=AXIS2_PLACEMENT_3D('',#9327,#7264,#7265);
#5920=AXIS2_PLACEMENT_3D('',#9330,#7267,#7268);
#5921=AXIS2_PLACEMENT_3D('',#9331,#7269,#7270);
#5922=AXIS2_PLACEMENT_3D('',#9334,#7272,#7273);
#5923=AXIS2_PLACEMENT_3D('',#9335,#7274,#7275);
#5924=AXIS2_PLACEMENT_3D('',#9338,#7277,#7278);
#5925=AXIS2_PLACEMENT_3D('',#9339,#7279,#7280);
#5926=AXIS2_PLACEMENT_3D('',#9342,#7282,#7283);
#5927=AXIS2_PLACEMENT_3D('',#9343,#7284,#7285);
#5928=AXIS2_PLACEMENT_3D('',#9346,#7287,#7288);
#5929=AXIS2_PLACEMENT_3D('',#9347,#7289,#7290);
#5930=AXIS2_PLACEMENT_3D('',#9350,#7292,#7293);
#5931=AXIS2_PLACEMENT_3D('',#9351,#7294,#7295);
#5932=AXIS2_PLACEMENT_3D('',#9354,#7297,#7298);
#5933=AXIS2_PLACEMENT_3D('',#9355,#7299,#7300);
#5934=AXIS2_PLACEMENT_3D('',#9358,#7302,#7303);
#5935=AXIS2_PLACEMENT_3D('',#9359,#7304,#7305);
#5936=AXIS2_PLACEMENT_3D('',#9362,#7307,#7308);
#5937=AXIS2_PLACEMENT_3D('',#9363,#7309,#7310);
#5938=AXIS2_PLACEMENT_3D('',#9366,#7312,#7313);
#5939=AXIS2_PLACEMENT_3D('',#9367,#7314,#7315);
#5940=AXIS2_PLACEMENT_3D('',#9370,#7317,#7318);
#5941=AXIS2_PLACEMENT_3D('',#9371,#7319,#7320);
#5942=AXIS2_PLACEMENT_3D('',#9374,#7322,#7323);
#5943=AXIS2_PLACEMENT_3D('',#9375,#7324,#7325);
#5944=AXIS2_PLACEMENT_3D('',#9378,#7327,#7328);
#5945=AXIS2_PLACEMENT_3D('',#9379,#7329,#7330);
#5946=AXIS2_PLACEMENT_3D('',#9380,#7331,#7332);
#5947=AXIS2_PLACEMENT_3D('',#9381,#7333,#7334);
#5948=AXIS2_PLACEMENT_3D('',#9405,#7337,#7338);
#5949=AXIS2_PLACEMENT_3D('',#9408,#7340,#7341);
#5950=AXIS2_PLACEMENT_3D('',#9432,#7343,#7344);
#5951=AXIS2_PLACEMENT_3D('',#9435,#7346,#7347);
#5952=AXIS2_PLACEMENT_3D('',#9436,#7348,#7349);
#5953=AXIS2_PLACEMENT_3D('',#9439,#7351,#7352);
#5954=AXIS2_PLACEMENT_3D('',#9440,#7353,#7354);
#5955=AXIS2_PLACEMENT_3D('',#9443,#7356,#7357);
#5956=AXIS2_PLACEMENT_3D('',#9444,#7358,#7359);
#5957=AXIS2_PLACEMENT_3D('',#9447,#7361,#7362);
#5958=AXIS2_PLACEMENT_3D('',#9448,#7363,#7364);
#5959=AXIS2_PLACEMENT_3D('',#9451,#7366,#7367);
#5960=AXIS2_PLACEMENT_3D('',#9452,#7368,#7369);
#5961=AXIS2_PLACEMENT_3D('',#9455,#7371,#7372);
#5962=AXIS2_PLACEMENT_3D('',#9456,#7373,#7374);
#5963=AXIS2_PLACEMENT_3D('',#9459,#7376,#7377);
#5964=AXIS2_PLACEMENT_3D('',#9460,#7378,#7379);
#5965=AXIS2_PLACEMENT_3D('',#9463,#7381,#7382);
#5966=AXIS2_PLACEMENT_3D('',#9464,#7383,#7384);
#5967=AXIS2_PLACEMENT_3D('',#9467,#7386,#7387);
#5968=AXIS2_PLACEMENT_3D('',#9468,#7388,#7389);
#5969=AXIS2_PLACEMENT_3D('',#9471,#7391,#7392);
#5970=AXIS2_PLACEMENT_3D('',#9472,#7393,#7394);
#5971=AXIS2_PLACEMENT_3D('',#9475,#7396,#7397);
#5972=AXIS2_PLACEMENT_3D('',#9476,#7398,#7399);
#5973=AXIS2_PLACEMENT_3D('',#9479,#7401,#7402);
#5974=AXIS2_PLACEMENT_3D('',#9480,#7403,#7404);
#5975=AXIS2_PLACEMENT_3D('',#9483,#7406,#7407);
#5976=AXIS2_PLACEMENT_3D('',#9484,#7408,#7409);
#5977=AXIS2_PLACEMENT_3D('',#9487,#7411,#7412);
#5978=AXIS2_PLACEMENT_3D('',#9488,#7413,#7414);
#5979=AXIS2_PLACEMENT_3D('',#9491,#7416,#7417);
#5980=AXIS2_PLACEMENT_3D('',#9492,#7418,#7419);
#5981=AXIS2_PLACEMENT_3D('',#9495,#7421,#7422);
#5982=AXIS2_PLACEMENT_3D('',#9496,#7423,#7424);
#5983=AXIS2_PLACEMENT_3D('',#9499,#7426,#7427);
#5984=AXIS2_PLACEMENT_3D('',#9500,#7428,#7429);
#5985=AXIS2_PLACEMENT_3D('',#9503,#7431,#7432);
#5986=AXIS2_PLACEMENT_3D('',#9504,#7433,#7434);
#5987=AXIS2_PLACEMENT_3D('',#9507,#7436,#7437);
#5988=AXIS2_PLACEMENT_3D('',#9508,#7438,#7439);
#5989=AXIS2_PLACEMENT_3D('',#9511,#7441,#7442);
#5990=AXIS2_PLACEMENT_3D('',#9512,#7443,#7444);
#5991=AXIS2_PLACEMENT_3D('',#9515,#7446,#7447);
#5992=AXIS2_PLACEMENT_3D('',#9516,#7448,#7449);
#5993=AXIS2_PLACEMENT_3D('',#9519,#7451,#7452);
#5994=AXIS2_PLACEMENT_3D('',#9541,#7454,#7455);
#5995=AXIS2_PLACEMENT_3D('',#9544,#7457,#7458);
#5996=AXIS2_PLACEMENT_3D('',#9562,#7460,#7461);
#5997=AXIS2_PLACEMENT_3D('',#9563,#7462,#7463);
#5998=AXIS2_PLACEMENT_3D('',#9564,#7464,#7465);
#5999=AXIS2_PLACEMENT_3D('',#9565,#7466,#7467);
#6000=AXIS2_PLACEMENT_3D('',#9566,#7468,#7469);
#6001=AXIS2_PLACEMENT_3D('',#9567,#7470,#7471);
#6002=AXIS2_PLACEMENT_3D('',#9570,#7472,#7473);
#6003=AXIS2_PLACEMENT_3D('',#9572,#7474,#7475);
#6004=AXIS2_PLACEMENT_3D('',#9574,#7476,#7477);
#6005=AXIS2_PLACEMENT_3D('',#9576,#7478,#7479);
#6006=AXIS2_PLACEMENT_3D('',#9578,#7480,#7481);
#6007=AXIS2_PLACEMENT_3D('',#9580,#7482,#7483);
#6008=AXIS2_PLACEMENT_3D('',#9582,#7484,#7485);
#6009=AXIS2_PLACEMENT_3D('',#9584,#7486,#7487);
#6010=AXIS2_PLACEMENT_3D('',#9586,#7488,#7489);
#6011=AXIS2_PLACEMENT_3D('',#9588,#7490,#7491);
#6012=AXIS2_PLACEMENT_3D('',#9590,#7492,#7493);
#6013=AXIS2_PLACEMENT_3D('',#9592,#7494,#7495);
#6014=AXIS2_PLACEMENT_3D('',#9594,#7496,#7497);
#6015=AXIS2_PLACEMENT_3D('',#9596,#7498,#7499);
#6016=AXIS2_PLACEMENT_3D('',#9598,#7500,#7501);
#6017=AXIS2_PLACEMENT_3D('',#9600,#7502,#7503);
#6018=AXIS2_PLACEMENT_3D('',#9602,#7504,#7505);
#6019=AXIS2_PLACEMENT_3D('',#9604,#7506,#7507);
#6020=AXIS2_PLACEMENT_3D('',#9606,#7508,#7509);
#6021=AXIS2_PLACEMENT_3D('',#9608,#7510,#7511);
#6022=AXIS2_PLACEMENT_3D('',#9610,#7512,#7513);
#6023=AXIS2_PLACEMENT_3D('',#9612,#7514,#7515);
#6024=AXIS2_PLACEMENT_3D('',#9614,#7516,#7517);
#6025=AXIS2_PLACEMENT_3D('',#9616,#7518,#7519);
#6026=AXIS2_PLACEMENT_3D('',#9618,#7520,#7521);
#6027=AXIS2_PLACEMENT_3D('',#9620,#7522,#7523);
#6028=AXIS2_PLACEMENT_3D('',#9622,#7524,#7525);
#6029=AXIS2_PLACEMENT_3D('',#9624,#7526,#7527);
#6030=AXIS2_PLACEMENT_3D('',#9626,#7528,#7529);
#6031=AXIS2_PLACEMENT_3D('',#9628,#7530,#7531);
#6032=AXIS2_PLACEMENT_3D('',#9637,#7536,#7537);
#6033=AXIS2_PLACEMENT_3D('',#9640,#7538,#7539);
#6034=AXIS2_PLACEMENT_3D('',#9642,#7540,#7541);
#6035=AXIS2_PLACEMENT_3D('',#9644,#7542,#7543);
#6036=AXIS2_PLACEMENT_3D('',#9646,#7544,#7545);
#6037=AXIS2_PLACEMENT_3D('',#9648,#7546,#7547);
#6038=AXIS2_PLACEMENT_3D('',#9650,#7548,#7549);
#6039=AXIS2_PLACEMENT_3D('',#9652,#7550,#7551);
#6040=AXIS2_PLACEMENT_3D('',#9654,#7552,#7553);
#6041=AXIS2_PLACEMENT_3D('',#9656,#7554,#7555);
#6042=AXIS2_PLACEMENT_3D('',#9658,#7556,#7557);
#6043=AXIS2_PLACEMENT_3D('',#9660,#7558,#7559);
#6044=AXIS2_PLACEMENT_3D('',#9662,#7560,#7561);
#6045=AXIS2_PLACEMENT_3D('',#9664,#7562,#7563);
#6046=AXIS2_PLACEMENT_3D('',#9666,#7564,#7565);
#6047=AXIS2_PLACEMENT_3D('',#9668,#7566,#7567);
#6048=AXIS2_PLACEMENT_3D('',#9670,#7568,#7569);
#6049=AXIS2_PLACEMENT_3D('',#9672,#7570,#7571);
#6050=AXIS2_PLACEMENT_3D('',#9674,#7572,#7573);
#6051=AXIS2_PLACEMENT_3D('',#9676,#7574,#7575);
#6052=AXIS2_PLACEMENT_3D('',#9678,#7576,#7577);
#6053=AXIS2_PLACEMENT_3D('',#9680,#7578,#7579);
#6054=AXIS2_PLACEMENT_3D('',#9682,#7580,#7581);
#6055=AXIS2_PLACEMENT_3D('',#9684,#7582,#7583);
#6056=AXIS2_PLACEMENT_3D('',#9686,#7584,#7585);
#6057=AXIS2_PLACEMENT_3D('',#9688,#7586,#7587);
#6058=AXIS2_PLACEMENT_3D('',#9690,#7588,#7589);
#6059=AXIS2_PLACEMENT_3D('',#9692,#7590,#7591);
#6060=AXIS2_PLACEMENT_3D('',#9694,#7592,#7593);
#6061=AXIS2_PLACEMENT_3D('',#9696,#7594,#7595);
#6062=AXIS2_PLACEMENT_3D('',#9698,#7596,#7597);
#6063=AXIS2_PLACEMENT_3D('',#9699,#7598,#7599);
#6064=AXIS2_PLACEMENT_3D('',#9708,#7604,#7605);
#6065=AXIS2_PLACEMENT_3D('',#9714,#7609,#7610);
#6066=AXIS2_PLACEMENT_3D('',#9720,#7614,#7615);
#6067=AXIS2_PLACEMENT_3D('',#9731,#7622,#7623);
#6068=AXIS2_PLACEMENT_3D('',#9732,#7624,#7625);
#6069=AXIS2_PLACEMENT_3D('',#9738,#7629,#7630);
#6070=AXIS2_PLACEMENT_3D('',#9742,#7633,#7634);
#6071=AXIS2_PLACEMENT_3D('',#9746,#7637,#7638);
#6072=AXIS2_PLACEMENT_3D('',#9748,#7640,#7641);
#6073=AXIS2_PLACEMENT_3D('',#9749,#7642,#7643);
#6074=AXIS2_PLACEMENT_3D('',#9755,#7647,#7648);
#6075=AXIS2_PLACEMENT_3D('',#9759,#7651,#7652);
#6076=AXIS2_PLACEMENT_3D('',#9763,#7655,#7656);
#6077=AXIS2_PLACEMENT_3D('',#9765,#7658,#7659);
#6078=AXIS2_PLACEMENT_3D('',#9766,#7660,#7661);
#6079=AXIS2_PLACEMENT_3D('',#9767,#7662,#7663);
#6080=AXIS2_PLACEMENT_3D('',#9768,#7664,#7665);
#6081=AXIS2_PLACEMENT_3D('',#9769,#7666,#7667);
#6082=AXIS2_PLACEMENT_3D('',#9770,#7668,#7669);
#6083=AXIS2_PLACEMENT_3D('',#9771,#7670,#7671);
#6084=AXIS2_PLACEMENT_3D('',#9772,#7672,#7673);
#6085=AXIS2_PLACEMENT_3D('',#9773,#7674,#7675);
#6086=AXIS2_PLACEMENT_3D('',#9776,#7677,#7678);
#6087=AXIS2_PLACEMENT_3D('',#9779,#7680,#7681);
#6088=AXIS2_PLACEMENT_3D('',#9782,#7683,#7684);
#6089=AXIS2_PLACEMENT_3D('',#9783,#7685,#7686);
#6090=AXIS2_PLACEMENT_3D('',#9786,#7688,#7689);
#6091=AXIS2_PLACEMENT_3D('',#9787,#7690,#7691);
#6092=AXIS2_PLACEMENT_3D('',#9790,#7693,#7694);
#6093=AXIS2_PLACEMENT_3D('',#9791,#7695,#7696);
#6094=AXIS2_PLACEMENT_3D('',#9794,#7698,#7699);
#6095=AXIS2_PLACEMENT_3D('',#9795,#7700,#7701);
#6096=AXIS2_PLACEMENT_3D('',#9798,#7703,#7704);
#6097=AXIS2_PLACEMENT_3D('',#9799,#7705,#7706);
#6098=AXIS2_PLACEMENT_3D('',#9802,#7708,#7709);
#6099=AXIS2_PLACEMENT_3D('',#9803,#7710,#7711);
#6100=AXIS2_PLACEMENT_3D('',#9806,#7713,#7714);
#6101=AXIS2_PLACEMENT_3D('',#9807,#7715,#7716);
#6102=AXIS2_PLACEMENT_3D('',#9810,#7718,#7719);
#6103=AXIS2_PLACEMENT_3D('',#9811,#7720,#7721);
#6104=AXIS2_PLACEMENT_3D('',#9814,#7723,#7724);
#6105=AXIS2_PLACEMENT_3D('',#9815,#7725,#7726);
#6106=AXIS2_PLACEMENT_3D('',#9818,#7728,#7729);
#6107=AXIS2_PLACEMENT_3D('',#9819,#7730,#7731);
#6108=AXIS2_PLACEMENT_3D('',#9822,#7733,#7734);
#6109=AXIS2_PLACEMENT_3D('',#9823,#7735,#7736);
#6110=AXIS2_PLACEMENT_3D('',#9826,#7738,#7739);
#6111=AXIS2_PLACEMENT_3D('',#9827,#7740,#7741);
#6112=AXIS2_PLACEMENT_3D('',#9830,#7743,#7744);
#6113=AXIS2_PLACEMENT_3D('',#9831,#7745,#7746);
#6114=AXIS2_PLACEMENT_3D('',#9834,#7748,#7749);
#6115=AXIS2_PLACEMENT_3D('',#9835,#7750,#7751);
#6116=AXIS2_PLACEMENT_3D('',#9838,#7753,#7754);
#6117=AXIS2_PLACEMENT_3D('',#9839,#7755,#7756);
#6118=AXIS2_PLACEMENT_3D('',#9842,#7758,#7759);
#6119=AXIS2_PLACEMENT_3D('',#9843,#7760,#7761);
#6120=AXIS2_PLACEMENT_3D('',#9846,#7763,#7764);
#6121=AXIS2_PLACEMENT_3D('',#9847,#7765,#7766);
#6122=AXIS2_PLACEMENT_3D('',#9850,#7768,#7769);
#6123=AXIS2_PLACEMENT_3D('',#9851,#7770,#7771);
#6124=AXIS2_PLACEMENT_3D('',#9854,#7773,#7774);
#6125=AXIS2_PLACEMENT_3D('',#9855,#7775,#7776);
#6126=AXIS2_PLACEMENT_3D('',#9858,#7778,#7779);
#6127=AXIS2_PLACEMENT_3D('',#9859,#7780,#7781);
#6128=AXIS2_PLACEMENT_3D('',#9862,#7783,#7784);
#6129=AXIS2_PLACEMENT_3D('',#9863,#7785,#7786);
#6130=AXIS2_PLACEMENT_3D('',#9866,#7788,#7789);
#6131=AXIS2_PLACEMENT_3D('',#9867,#7790,#7791);
#6132=AXIS2_PLACEMENT_3D('',#9870,#7793,#7794);
#6133=AXIS2_PLACEMENT_3D('',#9871,#7795,#7796);
#6134=AXIS2_PLACEMENT_3D('',#9874,#7798,#7799);
#6135=AXIS2_PLACEMENT_3D('',#9875,#7800,#7801);
#6136=AXIS2_PLACEMENT_3D('',#9878,#7803,#7804);
#6137=AXIS2_PLACEMENT_3D('',#9879,#7805,#7806);
#6138=AXIS2_PLACEMENT_3D('',#9882,#7808,#7809);
#6139=AXIS2_PLACEMENT_3D('',#9883,#7810,#7811);
#6140=AXIS2_PLACEMENT_3D('',#9886,#7813,#7814);
#6141=AXIS2_PLACEMENT_3D('',#9887,#7815,#7816);
#6142=AXIS2_PLACEMENT_3D('',#9890,#7818,#7819);
#6143=AXIS2_PLACEMENT_3D('',#9891,#7820,#7821);
#6144=AXIS2_PLACEMENT_3D('',#9894,#7823,#7824);
#6145=AXIS2_PLACEMENT_3D('',#9895,#7825,#7826);
#6146=AXIS2_PLACEMENT_3D('',#9896,#7827,#7828);
#6147=AXIS2_PLACEMENT_3D('',#9897,#7829,#7830);
#6148=AXIS2_PLACEMENT_3D('',#9898,#7831,#7832);
#6149=AXIS2_PLACEMENT_3D('',#9901,#7834,#7835);
#6150=AXIS2_PLACEMENT_3D('',#9904,#7837,#7838);
#6151=AXIS2_PLACEMENT_3D('',#9907,#7840,#7841);
#6152=AXIS2_PLACEMENT_3D('',#9908,#7842,#7843);
#6153=AXIS2_PLACEMENT_3D('',#9911,#7845,#7846);
#6154=AXIS2_PLACEMENT_3D('',#9912,#7847,#7848);
#6155=AXIS2_PLACEMENT_3D('',#9915,#7850,#7851);
#6156=AXIS2_PLACEMENT_3D('',#9916,#7852,#7853);
#6157=AXIS2_PLACEMENT_3D('',#9919,#7855,#7856);
#6158=AXIS2_PLACEMENT_3D('',#9920,#7857,#7858);
#6159=AXIS2_PLACEMENT_3D('',#9923,#7860,#7861);
#6160=AXIS2_PLACEMENT_3D('',#9924,#7862,#7863);
#6161=AXIS2_PLACEMENT_3D('',#9927,#7865,#7866);
#6162=AXIS2_PLACEMENT_3D('',#9928,#7867,#7868);
#6163=AXIS2_PLACEMENT_3D('',#9931,#7870,#7871);
#6164=AXIS2_PLACEMENT_3D('',#9932,#7872,#7873);
#6165=AXIS2_PLACEMENT_3D('',#9935,#7875,#7876);
#6166=AXIS2_PLACEMENT_3D('',#9936,#7877,#7878);
#6167=AXIS2_PLACEMENT_3D('',#9939,#7880,#7881);
#6168=AXIS2_PLACEMENT_3D('',#9940,#7882,#7883);
#6169=AXIS2_PLACEMENT_3D('',#9943,#7885,#7886);
#6170=AXIS2_PLACEMENT_3D('',#9944,#7887,#7888);
#6171=AXIS2_PLACEMENT_3D('',#9947,#7890,#7891);
#6172=AXIS2_PLACEMENT_3D('',#9948,#7892,#7893);
#6173=AXIS2_PLACEMENT_3D('',#9951,#7895,#7896);
#6174=AXIS2_PLACEMENT_3D('',#9952,#7897,#7898);
#6175=AXIS2_PLACEMENT_3D('',#9955,#7900,#7901);
#6176=AXIS2_PLACEMENT_3D('',#9956,#7902,#7903);
#6177=AXIS2_PLACEMENT_3D('',#9959,#7905,#7906);
#6178=AXIS2_PLACEMENT_3D('',#9960,#7907,#7908);
#6179=AXIS2_PLACEMENT_3D('',#9963,#7910,#7911);
#6180=AXIS2_PLACEMENT_3D('',#9964,#7912,#7913);
#6181=AXIS2_PLACEMENT_3D('',#9967,#7915,#7916);
#6182=AXIS2_PLACEMENT_3D('',#9968,#7917,#7918);
#6183=AXIS2_PLACEMENT_3D('',#9971,#7920,#7921);
#6184=AXIS2_PLACEMENT_3D('',#9972,#7922,#7923);
#6185=AXIS2_PLACEMENT_3D('',#9975,#7925,#7926);
#6186=AXIS2_PLACEMENT_3D('',#9976,#7927,#7928);
#6187=AXIS2_PLACEMENT_3D('',#9979,#7930,#7931);
#6188=AXIS2_PLACEMENT_3D('',#9980,#7932,#7933);
#6189=AXIS2_PLACEMENT_3D('',#9983,#7935,#7936);
#6190=AXIS2_PLACEMENT_3D('',#9984,#7937,#7938);
#6191=AXIS2_PLACEMENT_3D('',#9987,#7940,#7941);
#6192=AXIS2_PLACEMENT_3D('',#9988,#7942,#7943);
#6193=AXIS2_PLACEMENT_3D('',#9991,#7945,#7946);
#6194=AXIS2_PLACEMENT_3D('',#9992,#7947,#7948);
#6195=AXIS2_PLACEMENT_3D('',#9995,#7950,#7951);
#6196=AXIS2_PLACEMENT_3D('',#9996,#7952,#7953);
#6197=AXIS2_PLACEMENT_3D('',#9999,#7955,#7956);
#6198=AXIS2_PLACEMENT_3D('',#10000,#7957,#7958);
#6199=AXIS2_PLACEMENT_3D('',#10003,#7960,#7961);
#6200=AXIS2_PLACEMENT_3D('',#10004,#7962,#7963);
#6201=AXIS2_PLACEMENT_3D('',#10007,#7965,#7966);
#6202=AXIS2_PLACEMENT_3D('',#10008,#7967,#7968);
#6203=AXIS2_PLACEMENT_3D('',#10011,#7970,#7971);
#6204=AXIS2_PLACEMENT_3D('',#10012,#7972,#7973);
#6205=AXIS2_PLACEMENT_3D('',#10015,#7975,#7976);
#6206=AXIS2_PLACEMENT_3D('',#10016,#7977,#7978);
#6207=AXIS2_PLACEMENT_3D('',#10019,#7980,#7981);
#6208=AXIS2_PLACEMENT_3D('',#10020,#7982,#7983);
#6209=AXIS2_PLACEMENT_3D('',#10021,#7984,#7985);
#6210=AXIS2_PLACEMENT_3D('',#10022,#7986,#7987);
#6211=DIRECTION('',(0.,0.,1.));
#6212=DIRECTION('',(1.,0.,0.));
#6213=DIRECTION('',(0.,0.,1.));
#6214=DIRECTION('',(1.,0.,0.));
#6215=DIRECTION('',(0.,0.,-1.));
#6216=DIRECTION('',(1.,0.,0.));
#6217=DIRECTION('',(0.,0.,-1.));
#6218=DIRECTION('',(1.,0.,0.));
#6219=DIRECTION('',(0.,0.,-1.));
#6220=DIRECTION('',(1.,0.,0.));
#6221=DIRECTION('',(0.,0.,-1.));
#6222=DIRECTION('',(1.,0.,0.));
#6223=DIRECTION('',(0.,0.,-1.));
#6224=DIRECTION('',(1.,0.,0.));
#6225=DIRECTION('',(0.,0.,-1.));
#6226=DIRECTION('',(1.,0.,0.));
#6227=DIRECTION('',(0.,0.,-1.));
#6228=DIRECTION('',(1.,0.,0.));
#6229=DIRECTION('',(0.,0.,-1.));
#6230=DIRECTION('',(1.,0.,0.));
#6231=DIRECTION('',(0.,0.,-1.));
#6232=DIRECTION('',(1.,0.,0.));
#6233=DIRECTION('',(0.,0.,-1.));
#6234=DIRECTION('',(1.,0.,0.));
#6235=DIRECTION('',(0.,0.,-1.));
#6236=DIRECTION('',(1.,0.,0.));
#6237=DIRECTION('',(0.,0.,-1.));
#6238=DIRECTION('',(1.,0.,0.));
#6239=DIRECTION('',(0.,0.,-1.));
#6240=DIRECTION('',(1.,0.,0.));
#6241=DIRECTION('',(0.,0.,-1.));
#6242=DIRECTION('',(1.,0.,0.));
#6243=DIRECTION('',(0.,0.,-1.));
#6244=DIRECTION('',(1.,0.,0.));
#6245=DIRECTION('',(0.,0.,-1.));
#6246=DIRECTION('',(1.,0.,0.));
#6247=DIRECTION('',(0.,0.,-1.));
#6248=DIRECTION('',(1.,0.,0.));
#6249=DIRECTION('',(0.,0.,-1.));
#6250=DIRECTION('',(1.,0.,0.));
#6251=DIRECTION('',(0.,0.,-1.));
#6252=DIRECTION('',(1.,0.,0.));
#6253=DIRECTION('',(0.,0.,-1.));
#6254=DIRECTION('',(1.,0.,0.));
#6255=DIRECTION('',(0.,0.,-1.));
#6256=DIRECTION('',(1.,0.,0.));
#6257=DIRECTION('',(0.,0.,-1.));
#6258=DIRECTION('',(1.,0.,0.));
#6259=DIRECTION('',(0.,0.,-1.));
#6260=DIRECTION('',(1.,0.,0.));
#6261=DIRECTION('',(0.,0.,-1.));
#6262=DIRECTION('',(1.,0.,0.));
#6263=DIRECTION('',(0.,0.,-1.));
#6264=DIRECTION('',(1.,0.,0.));
#6265=DIRECTION('',(0.,-1.,0.));
#6266=DIRECTION('',(1.,1.14123541045867E-16,0.));
#6267=DIRECTION('',(-1.22046595204335E-16,1.,0.));
#6268=DIRECTION('',(-1.,0.,0.));
#6269=DIRECTION('',(0.,0.,1.));
#6270=DIRECTION('',(1.,0.,0.));
#6271=DIRECTION('',(0.,0.,1.));
#6272=DIRECTION('',(1.,0.,0.));
#6273=DIRECTION('',(0.,0.,1.));
#6274=DIRECTION('',(1.,0.,0.));
#6275=DIRECTION('',(0.,0.,1.));
#6276=DIRECTION('',(1.,0.,0.));
#6277=DIRECTION('',(0.,0.,1.));
#6278=DIRECTION('',(1.,0.,0.));
#6279=DIRECTION('',(0.,0.,1.));
#6280=DIRECTION('',(1.,0.,0.));
#6281=DIRECTION('',(0.,0.,1.));
#6282=DIRECTION('',(1.,0.,0.));
#6283=DIRECTION('',(0.,0.,1.));
#6284=DIRECTION('',(1.,0.,0.));
#6285=DIRECTION('',(0.,0.,1.));
#6286=DIRECTION('',(1.,0.,0.));
#6287=DIRECTION('',(0.,0.,1.));
#6288=DIRECTION('',(1.,0.,0.));
#6289=DIRECTION('',(0.,0.,1.));
#6290=DIRECTION('',(1.,0.,0.));
#6291=DIRECTION('',(0.,0.,1.));
#6292=DIRECTION('',(1.,0.,0.));
#6293=DIRECTION('',(0.,0.,1.));
#6294=DIRECTION('',(1.,0.,0.));
#6295=DIRECTION('',(0.,0.,1.));
#6296=DIRECTION('',(1.,0.,0.));
#6297=DIRECTION('',(0.,0.,1.));
#6298=DIRECTION('',(1.,0.,0.));
#6299=DIRECTION('',(0.,0.,1.));
#6300=DIRECTION('',(1.,0.,0.));
#6301=DIRECTION('',(0.,0.,1.));
#6302=DIRECTION('',(1.,0.,0.));
#6303=DIRECTION('',(0.,0.,1.));
#6304=DIRECTION('',(1.,0.,0.));
#6305=DIRECTION('',(0.,0.,1.));
#6306=DIRECTION('',(1.,0.,0.));
#6307=DIRECTION('',(0.,0.,1.));
#6308=DIRECTION('',(1.,0.,0.));
#6309=DIRECTION('',(0.,0.,1.));
#6310=DIRECTION('',(1.,0.,0.));
#6311=DIRECTION('',(0.,0.,1.));
#6312=DIRECTION('',(1.,0.,0.));
#6313=DIRECTION('',(0.,0.,1.));
#6314=DIRECTION('',(1.,0.,0.));
#6315=DIRECTION('',(0.,0.,1.));
#6316=DIRECTION('',(1.,0.,0.));
#6317=DIRECTION('',(0.,0.,1.));
#6318=DIRECTION('',(1.,0.,0.));
#6319=DIRECTION('',(0.,1.,0.));
#6320=DIRECTION('',(0.,0.,1.));
#6321=DIRECTION('',(0.,0.,-1.));
#6322=DIRECTION('',(1.,0.,0.));
#6323=DIRECTION('',(0.,0.,-1.));
#6324=DIRECTION('',(1.,0.,0.));
#6325=DIRECTION('',(0.,0.,-1.));
#6326=DIRECTION('',(0.,0.,1.));
#6327=DIRECTION('',(1.,0.,0.));
#6328=DIRECTION('',(0.,0.,1.));
#6329=DIRECTION('',(1.,0.,0.));
#6330=DIRECTION('',(-0.999926107426513,0.0121564668740925,0.));
#6331=DIRECTION('',(-0.0121564668740925,-0.999926107426513,0.));
#6332=DIRECTION('',(0.0121564668740925,0.999926107426513,0.));
#6333=DIRECTION('',(0.,0.,-1.));
#6334=DIRECTION('',(0.0121564668740925,0.999926107426513,0.));
#6335=DIRECTION('',(1.14123541045867E-16,-1.,0.));
#6336=DIRECTION('',(1.,1.14123541045867E-16,0.));
#6337=DIRECTION('',(0.,0.,-1.));
#6338=DIRECTION('',(-1.,-1.14123541045867E-16,0.));
#6339=DIRECTION('',(0.,0.,-1.));
#6340=DIRECTION('',(-1.,-1.14123541045867E-16,0.));
#6341=DIRECTION('',(-1.,-1.14123541045867E-16,0.));
#6342=DIRECTION('',(1.,1.22046595204335E-16,0.));
#6343=DIRECTION('',(-1.22046595204335E-16,1.,0.));
#6344=DIRECTION('',(1.22046595204335E-16,-1.,0.));
#6345=DIRECTION('',(1.22046595204335E-16,-1.,0.));
#6346=DIRECTION('',(0.,0.,1.));
#6347=DIRECTION('',(1.,0.,0.));
#6348=DIRECTION('',(0.,-1.,0.));
#6349=DIRECTION('',(0.,0.,1.));
#6350=DIRECTION('',(1.,0.,0.));
#6351=DIRECTION('',(0.,0.,1.));
#6352=DIRECTION('',(1.,0.,0.));
#6353=DIRECTION('',(0.,1.,0.));
#6354=DIRECTION('',(1.,0.,0.));
#6355=DIRECTION('',(0.,1.,0.));
#6356=DIRECTION('',(-1.,0.,0.));
#6357=DIRECTION('',(0.,0.,1.));
#6358=DIRECTION('',(0.,1.,0.));
#6359=DIRECTION('',(0.,0.,1.));
#6360=DIRECTION('',(0.,0.,1.));
#6361=DIRECTION('',(1.,0.,0.));
#6362=DIRECTION('',(0.,1.,0.));
#6363=DIRECTION('',(1.,0.,0.));
#6364=DIRECTION('',(-1.,0.,0.));
#6365=DIRECTION('',(0.,0.,1.));
#6366=DIRECTION('',(0.,0.,1.));
#6367=DIRECTION('',(0.,1.,0.));
#6368=DIRECTION('',(-1.,0.,0.));
#6369=DIRECTION('',(1.,0.,0.));
#6370=DIRECTION('',(0.,0.,-1.));
#6371=DIRECTION('',(0.,1.,0.));
#6372=DIRECTION('',(-0.707106781186548,0.,0.707106781186548));
#6373=DIRECTION('',(0.,1.,0.));
#6374=DIRECTION('',(0.577350269189626,0.577350269189626,0.577350269189626));
#6375=DIRECTION('',(0.,1.,0.));
#6376=DIRECTION('',(0.577350269189626,-0.577350269189626,0.577350269189626));
#6377=DIRECTION('',(0.,-0.707106781186548,-0.707106781186548));
#6378=DIRECTION('',(1.,0.,0.));
#6379=DIRECTION('',(1.,0.,0.));
#6380=DIRECTION('',(0.577350269189626,0.577350269189625,-0.577350269189625));
#6381=DIRECTION('',(-8.0697529766554E-17,0.707106781186548,-0.707106781186548));
#6382=DIRECTION('',(-1.,-1.14123541045867E-16,0.));
#6383=DIRECTION('',(-0.577350269189627,0.577350269189625,0.577350269189626));
#6384=DIRECTION('',(-1.,-1.14123541045867E-16,0.));
#6385=DIRECTION('',(-0.707106781186547,-8.62999750897148E-17,-0.707106781186548));
#6386=DIRECTION('',(1.22046595204335E-16,-1.,0.));
#6387=DIRECTION('',(1.22046595204335E-16,-1.,0.));
#6388=DIRECTION('',(1.,0.,0.));
#6389=DIRECTION('',(0.,0.,-1.));
#6390=DIRECTION('',(0.707106781186548,-0.707106781186548,0.));
#6391=DIRECTION('',(0.707106781186548,0.707106781186548,0.));
#6392=DIRECTION('',(0.707106781186548,0.707106781186548,0.));
#6393=DIRECTION('',(-0.707106781186548,0.707106781186548,0.));
#6394=DIRECTION('',(0.,1.,0.));
#6395=DIRECTION('',(0.,0.,1.));
#6396=DIRECTION('',(-0.707106781186548,0.707106781186548,0.));
#6397=DIRECTION('',(0.707106781186548,0.707106781186548,0.));
#6398=DIRECTION('',(1.22046595204335E-16,-1.,0.));
#6399=DIRECTION('',(1.,1.22046595204335E-16,0.));
#6400=DIRECTION('',(-0.707106781186547,-0.707106781186548,0.));
#6401=DIRECTION('',(0.707106781186548,-0.707106781186547,0.));
#6402=DIRECTION('',(-1.,-1.14123541045867E-16,0.));
#6403=DIRECTION('',(1.14123541045867E-16,-1.,0.));
#6404=DIRECTION('',(0.,0.,-1.));
#6405=DIRECTION('',(-1.,0.,0.));
#6406=DIRECTION('',(0.,0.,-1.));
#6407=DIRECTION('',(0.,0.,-1.));
#6408=DIRECTION('',(1.,0.,0.));
#6409=DIRECTION('',(0.,0.,-1.));
#6410=DIRECTION('',(0.,0.,-1.));
#6411=DIRECTION('',(-1.,0.,0.));
#6412=DIRECTION('',(0.,0.,-1.));
#6413=DIRECTION('',(0.,0.,-1.));
#6414=DIRECTION('',(1.,0.,0.));
#6415=DIRECTION('',(0.,0.,-1.));
#6416=DIRECTION('',(-1.,0.,0.));
#6417=DIRECTION('',(0.,0.,-1.));
#6418=DIRECTION('',(0.,0.,-1.));
#6419=DIRECTION('',(1.,0.,0.));
#6420=DIRECTION('',(0.,0.,-1.));
#6421=DIRECTION('',(-1.,0.,0.));
#6422=DIRECTION('',(0.,0.,-1.));
#6423=DIRECTION('',(0.,0.,-1.));
#6424=DIRECTION('',(1.,0.,0.));
#6425=DIRECTION('',(0.,0.,-1.));
#6426=DIRECTION('',(-1.,0.,0.));
#6427=DIRECTION('',(0.,0.,-1.));
#6428=DIRECTION('',(0.,0.,-1.));
#6429=DIRECTION('',(1.,0.,0.));
#6430=DIRECTION('',(0.,0.,-1.));
#6431=DIRECTION('',(-1.,0.,0.));
#6432=DIRECTION('',(0.,0.,-1.));
#6433=DIRECTION('',(0.,0.,-1.));
#6434=DIRECTION('',(1.,0.,0.));
#6435=DIRECTION('',(0.,0.,-1.));
#6436=DIRECTION('',(-1.,0.,0.));
#6437=DIRECTION('',(0.,0.,-1.));
#6438=DIRECTION('',(0.,0.,-1.));
#6439=DIRECTION('',(1.,0.,0.));
#6440=DIRECTION('',(0.,0.,-1.));
#6441=DIRECTION('',(-1.,0.,0.));
#6442=DIRECTION('',(0.,0.,-1.));
#6443=DIRECTION('',(0.,0.,-1.));
#6444=DIRECTION('',(1.,0.,0.));
#6445=DIRECTION('',(0.,0.,-1.));
#6446=DIRECTION('',(-1.,0.,0.));
#6447=DIRECTION('',(0.,0.,-1.));
#6448=DIRECTION('',(0.,0.,-1.));
#6449=DIRECTION('',(1.,0.,0.));
#6450=DIRECTION('',(0.,0.,-1.));
#6451=DIRECTION('',(-1.,0.,0.));
#6452=DIRECTION('',(0.,0.,-1.));
#6453=DIRECTION('',(0.,0.,-1.));
#6454=DIRECTION('',(1.,0.,0.));
#6455=DIRECTION('',(0.,0.,-1.));
#6456=DIRECTION('',(-1.,0.,0.));
#6457=DIRECTION('',(0.,0.,-1.));
#6458=DIRECTION('',(0.,0.,-1.));
#6459=DIRECTION('',(1.,0.,0.));
#6460=DIRECTION('',(0.,0.,-1.));
#6461=DIRECTION('',(-1.,0.,0.));
#6462=DIRECTION('',(0.,0.,-1.));
#6463=DIRECTION('',(0.,0.,-1.));
#6464=DIRECTION('',(1.,0.,0.));
#6465=DIRECTION('',(0.,0.,-1.));
#6466=DIRECTION('',(-1.,0.,0.));
#6467=DIRECTION('',(0.,0.,-1.));
#6468=DIRECTION('',(0.,0.,-1.));
#6469=DIRECTION('',(1.,0.,0.));
#6470=DIRECTION('',(0.,0.,-1.));
#6471=DIRECTION('',(-1.,0.,0.));
#6472=DIRECTION('',(0.,0.,-1.));
#6473=DIRECTION('',(0.,0.,-1.));
#6474=DIRECTION('',(1.,0.,0.));
#6475=DIRECTION('',(0.,0.,-1.));
#6476=DIRECTION('',(-1.,0.,0.));
#6477=DIRECTION('',(0.,0.,-1.));
#6478=DIRECTION('',(0.,0.,-1.));
#6479=DIRECTION('',(1.,0.,0.));
#6480=DIRECTION('',(0.,0.,-1.));
#6481=DIRECTION('',(-1.,0.,0.));
#6482=DIRECTION('',(0.,0.,-1.));
#6483=DIRECTION('',(0.,0.,-1.));
#6484=DIRECTION('',(1.,0.,0.));
#6485=DIRECTION('',(0.,0.,-1.));
#6486=DIRECTION('',(-1.,0.,0.));
#6487=DIRECTION('',(0.,0.,-1.));
#6488=DIRECTION('',(0.,0.,-1.));
#6489=DIRECTION('',(1.,0.,0.));
#6490=DIRECTION('',(0.,0.,-1.));
#6491=DIRECTION('',(-1.,0.,0.));
#6492=DIRECTION('',(0.,0.,-1.));
#6493=DIRECTION('',(0.,0.,-1.));
#6494=DIRECTION('',(1.,0.,0.));
#6495=DIRECTION('',(0.,0.,-1.));
#6496=DIRECTION('',(-1.,0.,0.));
#6497=DIRECTION('',(0.,0.,-1.));
#6498=DIRECTION('',(0.,0.,-1.));
#6499=DIRECTION('',(1.,0.,0.));
#6500=DIRECTION('',(0.,0.,-1.));
#6501=DIRECTION('',(-1.,0.,0.));
#6502=DIRECTION('',(0.,0.,-1.));
#6503=DIRECTION('',(0.,0.,-1.));
#6504=DIRECTION('',(1.,0.,0.));
#6505=DIRECTION('',(0.,0.,-1.));
#6506=DIRECTION('',(-1.,0.,0.));
#6507=DIRECTION('',(0.,0.,-1.));
#6508=DIRECTION('',(0.,0.,-1.));
#6509=DIRECTION('',(1.,0.,0.));
#6510=DIRECTION('',(0.,0.,-1.));
#6511=DIRECTION('',(-1.,0.,0.));
#6512=DIRECTION('',(0.,0.,-1.));
#6513=DIRECTION('',(0.,0.,-1.));
#6514=DIRECTION('',(1.,0.,0.));
#6515=DIRECTION('',(0.,0.,-1.));
#6516=DIRECTION('',(-1.,0.,0.));
#6517=DIRECTION('',(0.,0.,-1.));
#6518=DIRECTION('',(0.,0.,-1.));
#6519=DIRECTION('',(1.,0.,0.));
#6520=DIRECTION('',(0.,0.,-1.));
#6521=DIRECTION('',(-1.,0.,0.));
#6522=DIRECTION('',(0.,0.,-1.));
#6523=DIRECTION('',(0.,0.,-1.));
#6524=DIRECTION('',(1.,0.,0.));
#6525=DIRECTION('',(0.,0.,-1.));
#6526=DIRECTION('',(-1.,0.,0.));
#6527=DIRECTION('',(0.,0.,-1.));
#6528=DIRECTION('',(1.,0.,0.));
#6529=DIRECTION('',(0.,0.,1.));
#6530=DIRECTION('',(1.,0.,0.));
#6531=DIRECTION('',(0.,0.,-1.));
#6532=DIRECTION('',(-1.,0.,0.));
#6533=DIRECTION('',(0.,0.,-1.));
#6534=DIRECTION('',(0.,0.,1.));
#6535=DIRECTION('',(1.,0.,0.));
#6536=DIRECTION('',(0.,0.,-1.));
#6537=DIRECTION('',(0.,0.,-1.));
#6538=DIRECTION('',(-1.,0.,0.));
#6539=DIRECTION('',(0.,0.,-1.));
#6540=DIRECTION('',(0.,0.,1.));
#6541=DIRECTION('',(1.,0.,0.));
#6542=DIRECTION('',(0.,0.,-1.));
#6543=DIRECTION('',(-1.,0.,0.));
#6544=DIRECTION('',(0.,0.,-1.));
#6545=DIRECTION('',(0.,0.,1.));
#6546=DIRECTION('',(1.,0.,0.));
#6547=DIRECTION('',(0.,0.,-1.));
#6548=DIRECTION('',(-1.,0.,0.));
#6549=DIRECTION('',(0.,0.,-1.));
#6550=DIRECTION('',(0.,0.,1.));
#6551=DIRECTION('',(1.,0.,0.));
#6552=DIRECTION('',(0.,0.,-1.));
#6553=DIRECTION('',(-1.,0.,0.));
#6554=DIRECTION('',(0.,0.,-1.));
#6555=DIRECTION('',(0.,0.,1.));
#6556=DIRECTION('',(1.,0.,0.));
#6557=DIRECTION('',(0.,0.,-1.));
#6558=DIRECTION('',(-1.,0.,0.));
#6559=DIRECTION('',(0.,0.,-1.));
#6560=DIRECTION('',(0.,0.,1.));
#6561=DIRECTION('',(1.,0.,0.));
#6562=DIRECTION('',(0.,0.,-1.));
#6563=DIRECTION('',(-1.,0.,0.));
#6564=DIRECTION('',(0.,0.,-1.));
#6565=DIRECTION('',(0.,0.,1.));
#6566=DIRECTION('',(1.,0.,0.));
#6567=DIRECTION('',(0.,0.,-1.));
#6568=DIRECTION('',(-1.,0.,0.));
#6569=DIRECTION('',(0.,0.,-1.));
#6570=DIRECTION('',(0.,0.,1.));
#6571=DIRECTION('',(1.,0.,0.));
#6572=DIRECTION('',(0.,0.,-1.));
#6573=DIRECTION('',(-1.,0.,0.));
#6574=DIRECTION('',(0.,0.,-1.));
#6575=DIRECTION('',(0.,0.,1.));
#6576=DIRECTION('',(1.,0.,0.));
#6577=DIRECTION('',(0.,0.,-1.));
#6578=DIRECTION('',(-1.,0.,0.));
#6579=DIRECTION('',(0.,0.,-1.));
#6580=DIRECTION('',(0.,0.,1.));
#6581=DIRECTION('',(1.,0.,0.));
#6582=DIRECTION('',(0.,0.,-1.));
#6583=DIRECTION('',(-1.,0.,0.));
#6584=DIRECTION('',(0.,0.,-1.));
#6585=DIRECTION('',(0.,0.,1.));
#6586=DIRECTION('',(1.,0.,0.));
#6587=DIRECTION('',(0.,0.,-1.));
#6588=DIRECTION('',(-1.,0.,0.));
#6589=DIRECTION('',(0.,0.,-1.));
#6590=DIRECTION('',(0.,0.,1.));
#6591=DIRECTION('',(1.,0.,0.));
#6592=DIRECTION('',(0.,0.,-1.));
#6593=DIRECTION('',(-1.,0.,0.));
#6594=DIRECTION('',(0.,0.,-1.));
#6595=DIRECTION('',(0.,0.,1.));
#6596=DIRECTION('',(1.,0.,0.));
#6597=DIRECTION('',(0.,0.,-1.));
#6598=DIRECTION('',(-1.,0.,0.));
#6599=DIRECTION('',(0.,0.,-1.));
#6600=DIRECTION('',(0.,0.,1.));
#6601=DIRECTION('',(1.,0.,0.));
#6602=DIRECTION('',(0.,0.,-1.));
#6603=DIRECTION('',(-1.,0.,0.));
#6604=DIRECTION('',(0.,0.,-1.));
#6605=DIRECTION('',(0.,0.,1.));
#6606=DIRECTION('',(1.,0.,0.));
#6607=DIRECTION('',(0.,0.,-1.));
#6608=DIRECTION('',(-1.,0.,0.));
#6609=DIRECTION('',(0.,0.,-1.));
#6610=DIRECTION('',(0.,0.,1.));
#6611=DIRECTION('',(1.,0.,0.));
#6612=DIRECTION('',(0.,0.,-1.));
#6613=DIRECTION('',(-1.,0.,0.));
#6614=DIRECTION('',(0.,0.,-1.));
#6615=DIRECTION('',(0.,0.,1.));
#6616=DIRECTION('',(1.,0.,0.));
#6617=DIRECTION('',(0.,0.,-1.));
#6618=DIRECTION('',(-1.,0.,0.));
#6619=DIRECTION('',(0.,0.,-1.));
#6620=DIRECTION('',(0.,0.,1.));
#6621=DIRECTION('',(1.,0.,0.));
#6622=DIRECTION('',(0.,0.,-1.));
#6623=DIRECTION('',(-1.,0.,0.));
#6624=DIRECTION('',(0.,0.,-1.));
#6625=DIRECTION('',(0.,0.,1.));
#6626=DIRECTION('',(1.,0.,0.));
#6627=DIRECTION('',(0.,0.,-1.));
#6628=DIRECTION('',(-1.,0.,0.));
#6629=DIRECTION('',(0.,0.,-1.));
#6630=DIRECTION('',(0.,0.,1.));
#6631=DIRECTION('',(1.,0.,0.));
#6632=DIRECTION('',(0.,0.,-1.));
#6633=DIRECTION('',(-1.,0.,0.));
#6634=DIRECTION('',(0.,0.,-1.));
#6635=DIRECTION('',(0.,0.,1.));
#6636=DIRECTION('',(1.,0.,0.));
#6637=DIRECTION('',(0.,0.,-1.));
#6638=DIRECTION('',(-1.,0.,0.));
#6639=DIRECTION('',(0.,0.,-1.));
#6640=DIRECTION('',(0.,0.,1.));
#6641=DIRECTION('',(1.,0.,0.));
#6642=DIRECTION('',(0.,0.,-1.));
#6643=DIRECTION('',(-1.,0.,0.));
#6644=DIRECTION('',(0.,0.,-1.));
#6645=DIRECTION('',(0.,0.,1.));
#6646=DIRECTION('',(1.,0.,0.));
#6647=DIRECTION('',(0.,0.,-1.));
#6648=DIRECTION('',(-1.,0.,0.));
#6649=DIRECTION('',(0.,0.,-1.));
#6650=DIRECTION('',(0.,0.,1.));
#6651=DIRECTION('',(1.,0.,0.));
#6652=DIRECTION('',(0.,0.,-1.));
#6653=DIRECTION('',(-1.,0.,0.));
#6654=DIRECTION('',(0.,0.,1.));
#6655=DIRECTION('',(1.,0.,0.));
#6656=DIRECTION('',(0.,0.,1.));
#6657=DIRECTION('',(1.,0.,0.));
#6658=DIRECTION('',(0.,0.,1.));
#6659=DIRECTION('',(1.,0.,0.));
#6660=DIRECTION('',(0.,0.,1.));
#6661=DIRECTION('',(1.,0.,0.));
#6662=DIRECTION('',(0.,0.,1.));
#6663=DIRECTION('',(1.,0.,0.));
#6664=DIRECTION('',(-0.809016017625794,-0.587786596669999,0.));
#6665=DIRECTION('',(0.,0.,1.));
#6666=DIRECTION('',(1.,0.,0.));
#6667=DIRECTION('',(0.,0.,1.));
#6668=DIRECTION('',(1.,0.,0.));
#6669=DIRECTION('',(0.,0.,1.));
#6670=DIRECTION('',(1.,0.,0.));
#6671=DIRECTION('',(0.,0.,1.));
#6672=DIRECTION('',(1.,0.,0.));
#6673=DIRECTION('',(0.,0.,1.));
#6674=DIRECTION('',(1.,0.,0.));
#6675=DIRECTION('',(0.,0.,1.));
#6676=DIRECTION('',(1.,0.,0.));
#6677=DIRECTION('',(0.,0.,1.));
#6678=DIRECTION('',(1.,0.,0.));
#6679=DIRECTION('',(0.,0.,1.));
#6680=DIRECTION('',(1.,0.,0.));
#6681=DIRECTION('',(0.,0.,1.));
#6682=DIRECTION('',(1.,0.,0.));
#6683=DIRECTION('',(0.,0.,1.));
#6684=DIRECTION('',(1.,0.,0.));
#6685=DIRECTION('',(0.,0.,1.));
#6686=DIRECTION('',(1.,0.,0.));
#6687=DIRECTION('',(0.,0.,1.));
#6688=DIRECTION('',(1.,0.,0.));
#6689=DIRECTION('',(0.,0.,1.));
#6690=DIRECTION('',(1.,0.,0.));
#6691=DIRECTION('',(0.,0.,1.));
#6692=DIRECTION('',(1.,0.,0.));
#6693=DIRECTION('',(0.,0.,1.));
#6694=DIRECTION('',(1.,0.,0.));
#6695=DIRECTION('',(0.,0.,1.));
#6696=DIRECTION('',(1.,0.,0.));
#6697=DIRECTION('',(0.,0.,1.));
#6698=DIRECTION('',(1.,0.,0.));
#6699=DIRECTION('',(0.,0.,1.));
#6700=DIRECTION('',(1.,0.,0.));
#6701=DIRECTION('',(0.,0.,1.));
#6702=DIRECTION('',(1.,0.,0.));
#6703=DIRECTION('',(-1.,0.,0.));
#6704=DIRECTION('',(-0.0268327083181846,-0.999639938059855,0.));
#6705=DIRECTION('',(1.,2.28491950042496E-16,0.));
#6706=DIRECTION('',(0.,1.,0.));
#6707=DIRECTION('',(0.,0.,-1.));
#6708=DIRECTION('',(1.,0.,0.));
#6709=DIRECTION('',(-0.809016017625914,0.587786596669834,-6.7157786691362E-34));
#6710=DIRECTION('',(0.,0.,-1.));
#6711=DIRECTION('',(1.,0.,0.));
#6712=DIRECTION('',(0.,0.,-1.));
#6713=DIRECTION('',(1.,0.,0.));
#6714=DIRECTION('',(0.,0.,-1.));
#6715=DIRECTION('',(1.,0.,0.));
#6716=DIRECTION('',(0.,0.,-1.));
#6717=DIRECTION('',(1.,0.,0.));
#6718=DIRECTION('',(0.,0.,-1.));
#6719=DIRECTION('',(1.,0.,0.));
#6720=DIRECTION('',(0.,0.,-1.));
#6721=DIRECTION('',(1.,0.,0.));
#6722=DIRECTION('',(0.,0.,-1.));
#6723=DIRECTION('',(1.,0.,0.));
#6724=DIRECTION('',(0.,0.,-1.));
#6725=DIRECTION('',(1.,0.,0.));
#6726=DIRECTION('',(0.,0.,-1.));
#6727=DIRECTION('',(1.,0.,0.));
#6728=DIRECTION('',(0.,0.,-1.));
#6729=DIRECTION('',(1.,0.,0.));
#6730=DIRECTION('',(0.,0.,-1.));
#6731=DIRECTION('',(1.,0.,0.));
#6732=DIRECTION('',(0.,0.,-1.));
#6733=DIRECTION('',(1.,0.,0.));
#6734=DIRECTION('',(0.,0.,-1.));
#6735=DIRECTION('',(1.,0.,0.));
#6736=DIRECTION('',(0.,0.,-1.));
#6737=DIRECTION('',(1.,0.,0.));
#6738=DIRECTION('',(0.,0.,-1.));
#6739=DIRECTION('',(1.,0.,0.));
#6740=DIRECTION('',(0.,0.,-1.));
#6741=DIRECTION('',(1.,0.,0.));
#6742=DIRECTION('',(0.,0.,-1.));
#6743=DIRECTION('',(1.,0.,0.));
#6744=DIRECTION('',(0.,0.,-1.));
#6745=DIRECTION('',(1.,0.,0.));
#6746=DIRECTION('',(0.,1.,0.));
#6747=DIRECTION('',(0.,0.,1.));
#6748=DIRECTION('',(0.,0.,-1.));
#6749=DIRECTION('',(1.,0.,0.));
#6750=DIRECTION('',(0.,0.,-1.));
#6751=DIRECTION('',(1.,0.,0.));
#6752=DIRECTION('',(0.,0.,1.));
#6753=DIRECTION('',(1.,0.,0.));
#6754=DIRECTION('',(0.,0.,1.));
#6755=DIRECTION('',(1.,0.,0.));
#6756=DIRECTION('',(-0.999639938059855,0.0268327083181846,0.));
#6757=DIRECTION('',(-0.0268327083181846,-0.999639938059855,0.));
#6758=DIRECTION('',(0.,0.,-1.));
#6759=DIRECTION('',(0.0268327083181846,0.999639938059855,0.));
#6760=DIRECTION('',(0.0268327083181846,0.999639938059855,0.));
#6761=DIRECTION('',(2.28491950042496E-16,-1.,0.));
#6762=DIRECTION('',(1.,2.28491950042496E-16,0.));
#6763=DIRECTION('',(0.,0.,-1.));
#6764=DIRECTION('',(-1.,-2.28491950042496E-16,0.));
#6765=DIRECTION('',(-1.,-2.28491950042496E-16,0.));
#6766=DIRECTION('',(1.,0.,0.));
#6767=DIRECTION('',(0.,0.,-1.));
#6768=DIRECTION('',(0.,-1.,0.));
#6769=DIRECTION('',(0.,-1.,0.));
#6770=DIRECTION('',(0.,0.,1.));
#6771=DIRECTION('',(1.,0.,0.));
#6772=DIRECTION('',(0.,0.,1.));
#6773=DIRECTION('',(1.,0.,0.));
#6774=DIRECTION('',(0.,1.,0.));
#6775=DIRECTION('',(1.,0.,0.));
#6776=DIRECTION('',(0.,1.,0.));
#6777=DIRECTION('',(-1.,0.,0.));
#6778=DIRECTION('',(0.,0.,1.));
#6779=DIRECTION('',(0.,1.,0.));
#6780=DIRECTION('',(0.,0.,1.));
#6781=DIRECTION('',(0.,0.,1.));
#6782=DIRECTION('',(1.,0.,0.));
#6783=DIRECTION('',(0.,1.,0.));
#6784=DIRECTION('',(1.,0.,0.));
#6785=DIRECTION('',(-1.,0.,0.));
#6786=DIRECTION('',(0.,0.,1.));
#6787=DIRECTION('',(0.,0.,1.));
#6788=DIRECTION('',(0.,1.,0.));
#6789=DIRECTION('',(-1.,0.,0.));
#6790=DIRECTION('',(-0.707106781186548,0.,-0.707106781186548));
#6791=DIRECTION('',(0.,-1.,0.));
#6792=DIRECTION('',(0.577350269189626,0.577350269189626,-0.577350269189626));
#6793=DIRECTION('',(0.577350269189626,-0.577350269189626,-0.577350269189626));
#6794=DIRECTION('',(-1.61568207321587E-16,0.707106781186548,-0.707106781186548));
#6795=DIRECTION('',(-1.,-2.28491950042496E-16,0.));
#6796=DIRECTION('',(-0.587679002468069,-0.572115980400013,-0.572115980400013));
#6797=DIRECTION('',(0.,-0.707106781186548,-0.707106781186548));
#6798=DIRECTION('',(1.,0.,0.));
#6799=DIRECTION('',(0.567021521124154,-0.5824459608333,0.5824459608333));
#6800=DIRECTION('',(0.706852178947025,-0.018973590009389,-0.707106781186547));
#6801=DIRECTION('',(0.0268327083181846,0.999639938059855,0.));
#6802=DIRECTION('',(0.587786596669834,0.809016017625914,5.02963969132702E-28));
#6803=DIRECTION('',(-0.809016017625914,0.587786596669834,-6.7157786691362E-34));
#6804=DIRECTION('',(0.,0.,-1.));
#6805=DIRECTION('',(0.809016017625914,-0.587786596669834,0.));
#6806=DIRECTION('',(0.,0.,-1.));
#6807=DIRECTION('',(0.,0.,-1.));
#6808=DIRECTION('',(-1.,0.,0.));
#6809=DIRECTION('',(0.,0.,-1.));
#6810=DIRECTION('',(0.,0.,-1.));
#6811=DIRECTION('',(1.,0.,0.));
#6812=DIRECTION('',(0.,0.,-1.));
#6813=DIRECTION('',(-1.,0.,0.));
#6814=DIRECTION('',(0.,0.,-1.));
#6815=DIRECTION('',(0.,0.,-1.));
#6816=DIRECTION('',(1.,0.,0.));
#6817=DIRECTION('',(0.,0.,-1.));
#6818=DIRECTION('',(-1.,0.,0.));
#6819=DIRECTION('',(0.,0.,-1.));
#6820=DIRECTION('',(0.,0.,-1.));
#6821=DIRECTION('',(1.,0.,0.));
#6822=DIRECTION('',(0.,0.,-1.));
#6823=DIRECTION('',(-1.,0.,0.));
#6824=DIRECTION('',(0.,0.,-1.));
#6825=DIRECTION('',(0.,0.,-1.));
#6826=DIRECTION('',(1.,0.,0.));
#6827=DIRECTION('',(0.,0.,-1.));
#6828=DIRECTION('',(-1.,0.,0.));
#6829=DIRECTION('',(0.,0.,-1.));
#6830=DIRECTION('',(0.,0.,-1.));
#6831=DIRECTION('',(1.,0.,0.));
#6832=DIRECTION('',(0.,0.,-1.));
#6833=DIRECTION('',(-1.,0.,0.));
#6834=DIRECTION('',(0.,0.,-1.));
#6835=DIRECTION('',(0.,0.,-1.));
#6836=DIRECTION('',(1.,0.,0.));
#6837=DIRECTION('',(0.,0.,-1.));
#6838=DIRECTION('',(-1.,0.,0.));
#6839=DIRECTION('',(0.,0.,-1.));
#6840=DIRECTION('',(0.,0.,-1.));
#6841=DIRECTION('',(1.,0.,0.));
#6842=DIRECTION('',(0.,0.,-1.));
#6843=DIRECTION('',(-1.,0.,0.));
#6844=DIRECTION('',(0.,0.,-1.));
#6845=DIRECTION('',(0.,0.,-1.));
#6846=DIRECTION('',(1.,0.,0.));
#6847=DIRECTION('',(0.,0.,-1.));
#6848=DIRECTION('',(-1.,0.,0.));
#6849=DIRECTION('',(0.,0.,-1.));
#6850=DIRECTION('',(0.,0.,-1.));
#6851=DIRECTION('',(1.,0.,0.));
#6852=DIRECTION('',(0.,0.,-1.));
#6853=DIRECTION('',(-1.,0.,0.));
#6854=DIRECTION('',(0.,0.,-1.));
#6855=DIRECTION('',(0.,0.,-1.));
#6856=DIRECTION('',(1.,0.,0.));
#6857=DIRECTION('',(0.,0.,-1.));
#6858=DIRECTION('',(-1.,0.,0.));
#6859=DIRECTION('',(0.,0.,-1.));
#6860=DIRECTION('',(0.,0.,-1.));
#6861=DIRECTION('',(1.,0.,0.));
#6862=DIRECTION('',(0.,0.,-1.));
#6863=DIRECTION('',(-1.,0.,0.));
#6864=DIRECTION('',(0.,0.,-1.));
#6865=DIRECTION('',(0.,0.,-1.));
#6866=DIRECTION('',(1.,0.,0.));
#6867=DIRECTION('',(0.,0.,-1.));
#6868=DIRECTION('',(-1.,0.,0.));
#6869=DIRECTION('',(0.,0.,-1.));
#6870=DIRECTION('',(0.,0.,-1.));
#6871=DIRECTION('',(1.,0.,0.));
#6872=DIRECTION('',(0.,0.,-1.));
#6873=DIRECTION('',(-1.,0.,0.));
#6874=DIRECTION('',(0.,0.,-1.));
#6875=DIRECTION('',(0.,0.,-1.));
#6876=DIRECTION('',(1.,0.,0.));
#6877=DIRECTION('',(0.,0.,-1.));
#6878=DIRECTION('',(-1.,0.,0.));
#6879=DIRECTION('',(0.,0.,-1.));
#6880=DIRECTION('',(0.,0.,-1.));
#6881=DIRECTION('',(1.,0.,0.));
#6882=DIRECTION('',(0.,0.,-1.));
#6883=DIRECTION('',(-1.,0.,0.));
#6884=DIRECTION('',(0.,0.,-1.));
#6885=DIRECTION('',(0.,0.,-1.));
#6886=DIRECTION('',(1.,0.,0.));
#6887=DIRECTION('',(0.,0.,-1.));
#6888=DIRECTION('',(-1.,0.,0.));
#6889=DIRECTION('',(0.,0.,-1.));
#6890=DIRECTION('',(0.,0.,-1.));
#6891=DIRECTION('',(1.,0.,0.));
#6892=DIRECTION('',(0.,0.,-1.));
#6893=DIRECTION('',(0.,0.,-1.));
#6894=DIRECTION('',(0.,0.,-1.));
#6895=DIRECTION('',(-1.,0.,0.));
#6896=DIRECTION('',(0.,0.,-1.));
#6897=DIRECTION('',(0.,0.,-1.));
#6898=DIRECTION('',(1.,0.,0.));
#6899=DIRECTION('',(0.,0.,-1.));
#6900=DIRECTION('',(0.,0.,-1.));
#6901=DIRECTION('',(-1.,0.,0.));
#6902=DIRECTION('',(0.,0.,-1.));
#6903=DIRECTION('',(0.,0.,-1.));
#6904=DIRECTION('',(1.,0.,0.));
#6905=DIRECTION('',(0.,0.,-1.));
#6906=DIRECTION('',(0.,0.,1.));
#6907=DIRECTION('',(1.,0.,0.));
#6908=DIRECTION('',(0.,0.,-1.));
#6909=DIRECTION('',(0.,0.,-1.));
#6910=DIRECTION('',(0.,0.,-1.));
#6911=DIRECTION('',(-1.,0.,0.));
#6912=DIRECTION('',(0.,0.,-1.));
#6913=DIRECTION('',(0.,0.,1.));
#6914=DIRECTION('',(1.,0.,0.));
#6915=DIRECTION('',(0.,0.,-1.));
#6916=DIRECTION('',(0.,0.,-1.));
#6917=DIRECTION('',(-1.,0.,0.));
#6918=DIRECTION('',(0.,0.,-1.));
#6919=DIRECTION('',(0.,0.,1.));
#6920=DIRECTION('',(1.,0.,0.));
#6921=DIRECTION('',(0.,0.,-1.));
#6922=DIRECTION('',(0.,0.,-1.));
#6923=DIRECTION('',(0.,0.,-1.));
#6924=DIRECTION('',(-1.,0.,0.));
#6925=DIRECTION('',(0.,0.,-1.));
#6926=DIRECTION('',(0.,0.,1.));
#6927=DIRECTION('',(1.,0.,0.));
#6928=DIRECTION('',(0.,0.,-1.));
#6929=DIRECTION('',(-1.,0.,0.));
#6930=DIRECTION('',(0.,0.,-1.));
#6931=DIRECTION('',(0.,0.,1.));
#6932=DIRECTION('',(1.,0.,0.));
#6933=DIRECTION('',(0.,0.,-1.));
#6934=DIRECTION('',(-1.,0.,0.));
#6935=DIRECTION('',(0.,0.,-1.));
#6936=DIRECTION('',(0.,0.,1.));
#6937=DIRECTION('',(1.,0.,0.));
#6938=DIRECTION('',(0.,0.,-1.));
#6939=DIRECTION('',(-1.,0.,0.));
#6940=DIRECTION('',(0.,0.,-1.));
#6941=DIRECTION('',(0.,0.,1.));
#6942=DIRECTION('',(1.,0.,0.));
#6943=DIRECTION('',(0.,0.,-1.));
#6944=DIRECTION('',(-1.,0.,0.));
#6945=DIRECTION('',(0.,0.,-1.));
#6946=DIRECTION('',(0.,0.,1.));
#6947=DIRECTION('',(1.,0.,0.));
#6948=DIRECTION('',(0.,0.,-1.));
#6949=DIRECTION('',(-1.,0.,0.));
#6950=DIRECTION('',(0.,0.,-1.));
#6951=DIRECTION('',(0.,0.,1.));
#6952=DIRECTION('',(1.,0.,0.));
#6953=DIRECTION('',(0.,0.,-1.));
#6954=DIRECTION('',(-1.,0.,0.));
#6955=DIRECTION('',(0.,0.,-1.));
#6956=DIRECTION('',(0.,0.,1.));
#6957=DIRECTION('',(1.,0.,0.));
#6958=DIRECTION('',(0.,0.,-1.));
#6959=DIRECTION('',(-1.,0.,0.));
#6960=DIRECTION('',(0.,0.,-1.));
#6961=DIRECTION('',(0.,0.,1.));
#6962=DIRECTION('',(1.,0.,0.));
#6963=DIRECTION('',(0.,0.,-1.));
#6964=DIRECTION('',(-1.,0.,0.));
#6965=DIRECTION('',(0.,0.,-1.));
#6966=DIRECTION('',(0.,0.,1.));
#6967=DIRECTION('',(1.,0.,0.));
#6968=DIRECTION('',(0.,0.,-1.));
#6969=DIRECTION('',(-1.,0.,0.));
#6970=DIRECTION('',(0.,0.,-1.));
#6971=DIRECTION('',(0.,0.,1.));
#6972=DIRECTION('',(1.,0.,0.));
#6973=DIRECTION('',(0.,0.,-1.));
#6974=DIRECTION('',(-1.,0.,0.));
#6975=DIRECTION('',(0.,0.,-1.));
#6976=DIRECTION('',(0.,0.,1.));
#6977=DIRECTION('',(1.,0.,0.));
#6978=DIRECTION('',(0.,0.,-1.));
#6979=DIRECTION('',(-1.,0.,0.));
#6980=DIRECTION('',(0.,0.,-1.));
#6981=DIRECTION('',(0.,0.,1.));
#6982=DIRECTION('',(1.,0.,0.));
#6983=DIRECTION('',(0.,0.,-1.));
#6984=DIRECTION('',(-1.,0.,0.));
#6985=DIRECTION('',(0.,0.,-1.));
#6986=DIRECTION('',(0.,0.,1.));
#6987=DIRECTION('',(1.,0.,0.));
#6988=DIRECTION('',(0.,0.,-1.));
#6989=DIRECTION('',(-1.,0.,0.));
#6990=DIRECTION('',(0.,0.,-1.));
#6991=DIRECTION('',(0.,0.,1.));
#6992=DIRECTION('',(1.,0.,0.));
#6993=DIRECTION('',(0.,0.,-1.));
#6994=DIRECTION('',(-1.,0.,0.));
#6995=DIRECTION('',(0.,0.,-1.));
#6996=DIRECTION('',(0.,0.,1.));
#6997=DIRECTION('',(1.,0.,0.));
#6998=DIRECTION('',(0.,0.,-1.));
#6999=DIRECTION('',(-1.,0.,0.));
#7000=DIRECTION('',(0.,0.,-1.));
#7001=DIRECTION('',(0.,0.,1.));
#7002=DIRECTION('',(1.,0.,0.));
#7003=DIRECTION('',(0.,0.,-1.));
#7004=DIRECTION('',(-1.,0.,0.));
#7005=DIRECTION('',(0.,0.,-1.));
#7006=DIRECTION('',(0.,0.,1.));
#7007=DIRECTION('',(1.,0.,0.));
#7008=DIRECTION('',(0.587786596669999,-0.809016017625794,8.62973672998894E-29));
#7009=DIRECTION('',(-0.809016017625794,-0.587786596669999,-1.15227794856228E-34));
#7010=DIRECTION('',(0.,0.,-1.));
#7011=DIRECTION('',(-0.809016017625794,-0.587786596669999,-1.15227794856228E-34));
#7012=DIRECTION('',(0.,0.,-1.));
#7013=DIRECTION('',(0.,0.,-1.));
#7014=DIRECTION('',(-1.,0.,0.));
#7015=DIRECTION('',(0.,0.,-1.));
#7016=DIRECTION('',(0.,0.,1.));
#7017=DIRECTION('',(1.,0.,0.));
#7018=DIRECTION('',(0.,0.,1.));
#7019=DIRECTION('',(1.,0.,0.));
#7020=DIRECTION('',(0.,0.,1.));
#7021=DIRECTION('',(1.,0.,0.));
#7022=DIRECTION('',(0.,0.,1.));
#7023=DIRECTION('',(1.,0.,0.));
#7024=DIRECTION('',(-1.,0.,0.));
#7025=DIRECTION('',(0.,-1.,0.));
#7026=DIRECTION('',(1.,0.,0.));
#7027=DIRECTION('',(0.,1.,0.));
#7028=DIRECTION('',(0.,0.,-1.));
#7029=DIRECTION('',(1.,0.,0.));
#7030=DIRECTION('',(0.,0.,-1.));
#7031=DIRECTION('',(1.,0.,0.));
#7032=DIRECTION('',(0.,0.,-1.));
#7033=DIRECTION('',(1.,0.,0.));
#7034=DIRECTION('',(0.,0.,-1.));
#7035=DIRECTION('',(1.,0.,0.));
#7036=DIRECTION('',(0.,0.,-1.));
#7037=DIRECTION('',(1.,0.,0.));
#7038=DIRECTION('',(0.,0.,-1.));
#7039=DIRECTION('',(1.,0.,0.));
#7040=DIRECTION('',(0.,0.,-1.));
#7041=DIRECTION('',(1.,0.,0.));
#7042=DIRECTION('',(0.,0.,-1.));
#7043=DIRECTION('',(1.,0.,0.));
#7044=DIRECTION('',(0.,0.,-1.));
#7045=DIRECTION('',(1.,0.,0.));
#7046=DIRECTION('',(0.,0.,-1.));
#7047=DIRECTION('',(1.,0.,0.));
#7048=DIRECTION('',(0.,0.,-1.));
#7049=DIRECTION('',(1.,0.,0.));
#7050=DIRECTION('',(0.,0.,-1.));
#7051=DIRECTION('',(1.,0.,0.));
#7052=DIRECTION('',(0.,0.,-1.));
#7053=DIRECTION('',(1.,0.,0.));
#7054=DIRECTION('',(0.,0.,-1.));
#7055=DIRECTION('',(1.,0.,0.));
#7056=DIRECTION('',(0.,0.,-1.));
#7057=DIRECTION('',(1.,0.,0.));
#7058=DIRECTION('',(0.,0.,-1.));
#7059=DIRECTION('',(1.,0.,0.));
#7060=DIRECTION('',(0.,0.,-1.));
#7061=DIRECTION('',(1.,0.,0.));
#7062=DIRECTION('',(0.,0.,-1.));
#7063=DIRECTION('',(1.,0.,0.));
#7064=DIRECTION('',(0.,0.,-1.));
#7065=DIRECTION('',(1.,0.,0.));
#7066=DIRECTION('',(0.,0.,-1.));
#7067=DIRECTION('',(1.,0.,0.));
#7068=DIRECTION('',(0.,0.,-1.));
#7069=DIRECTION('',(1.,0.,0.));
#7070=DIRECTION('',(0.,0.,-1.));
#7071=DIRECTION('',(1.,0.,0.));
#7072=DIRECTION('',(0.,0.,-1.));
#7073=DIRECTION('',(1.,0.,0.));
#7074=DIRECTION('',(0.,0.,-1.));
#7075=DIRECTION('',(1.,0.,0.));
#7076=DIRECTION('',(0.,0.,-1.));
#7077=DIRECTION('',(1.,0.,0.));
#7078=DIRECTION('',(0.,0.,1.));
#7079=DIRECTION('',(1.,0.,0.));
#7080=DIRECTION('',(0.,0.,1.));
#7081=DIRECTION('',(1.,0.,0.));
#7082=DIRECTION('',(0.,0.,1.));
#7083=DIRECTION('',(1.,0.,0.));
#7084=DIRECTION('',(0.,0.,1.));
#7085=DIRECTION('',(1.,0.,0.));
#7086=DIRECTION('',(0.,0.,1.));
#7087=DIRECTION('',(1.,0.,0.));
#7088=DIRECTION('',(0.,0.,1.));
#7089=DIRECTION('',(1.,0.,0.));
#7090=DIRECTION('',(0.,0.,1.));
#7091=DIRECTION('',(1.,0.,0.));
#7092=DIRECTION('',(0.,0.,1.));
#7093=DIRECTION('',(1.,0.,0.));
#7094=DIRECTION('',(0.,0.,1.));
#7095=DIRECTION('',(1.,0.,0.));
#7096=DIRECTION('',(0.,0.,1.));
#7097=DIRECTION('',(1.,0.,0.));
#7098=DIRECTION('',(0.,0.,1.));
#7099=DIRECTION('',(1.,0.,0.));
#7100=DIRECTION('',(0.,0.,1.));
#7101=DIRECTION('',(1.,0.,0.));
#7102=DIRECTION('',(0.,0.,1.));
#7103=DIRECTION('',(1.,0.,0.));
#7104=DIRECTION('',(0.,0.,1.));
#7105=DIRECTION('',(1.,0.,0.));
#7106=DIRECTION('',(0.,0.,1.));
#7107=DIRECTION('',(1.,0.,0.));
#7108=DIRECTION('',(0.,0.,1.));
#7109=DIRECTION('',(1.,0.,0.));
#7110=DIRECTION('',(0.,0.,1.));
#7111=DIRECTION('',(1.,0.,0.));
#7112=DIRECTION('',(0.,0.,1.));
#7113=DIRECTION('',(1.,0.,0.));
#7114=DIRECTION('',(0.,0.,1.));
#7115=DIRECTION('',(1.,0.,0.));
#7116=DIRECTION('',(0.,0.,1.));
#7117=DIRECTION('',(1.,0.,0.));
#7118=DIRECTION('',(0.,0.,1.));
#7119=DIRECTION('',(1.,0.,0.));
#7120=DIRECTION('',(0.,0.,1.));
#7121=DIRECTION('',(1.,0.,0.));
#7122=DIRECTION('',(0.,0.,1.));
#7123=DIRECTION('',(1.,0.,0.));
#7124=DIRECTION('',(0.,0.,1.));
#7125=DIRECTION('',(1.,0.,0.));
#7126=DIRECTION('',(0.,0.,1.));
#7127=DIRECTION('',(1.,0.,0.));
#7128=DIRECTION('',(0.,1.,0.));
#7129=DIRECTION('',(0.,0.,1.));
#7130=DIRECTION('',(0.,0.,-1.));
#7131=DIRECTION('',(1.,0.,0.));
#7132=DIRECTION('',(0.,0.,-1.));
#7133=DIRECTION('',(1.,0.,0.));
#7134=DIRECTION('',(-0.999994772151683,0.,-0.00323352273893281));
#7135=DIRECTION('',(0.,0.,-1.));
#7136=DIRECTION('',(1.,0.,-2.4762755273803E-17));
#7137=DIRECTION('',(0.,0.,1.));
#7138=DIRECTION('',(-1.,0.,0.));
#7139=DIRECTION('',(0.,0.,1.));
#7140=DIRECTION('',(0.,0.,-1.));
#7141=DIRECTION('',(0.,1.,0.));
#7142=DIRECTION('',(0.,1.,0.));
#7143=DIRECTION('',(0.,-1.,0.));
#7144=DIRECTION('',(0.,0.,-1.));
#7145=DIRECTION('',(0.,0.,-1.));
#7146=DIRECTION('',(-1.,0.,0.));
#7147=DIRECTION('',(-1.,0.,0.));
#7148=DIRECTION('',(1.,0.,0.));
#7149=DIRECTION('',(0.,0.,-1.));
#7150=DIRECTION('',(0.,-1.,0.));
#7151=DIRECTION('',(0.,-1.,0.));
#7152=DIRECTION('',(0.,0.,1.));
#7153=DIRECTION('',(1.,0.,0.));
#7154=DIRECTION('',(-0.707106781186548,0.,-0.707106781186548));
#7155=DIRECTION('',(0.,-1.,0.));
#7156=DIRECTION('',(0.577350269189626,0.577350269189626,-0.577350269189626));
#7157=DIRECTION('',(0.,-1.,0.));
#7158=DIRECTION('',(0.577350269189626,-0.577350269189626,-0.577350269189626));
#7159=DIRECTION('',(0.,0.707106781186548,-0.707106781186548));
#7160=DIRECTION('',(-1.,0.,0.));
#7161=DIRECTION('',(-1.,0.,0.));
#7162=DIRECTION('',(-0.577350269189626,-0.577350269189625,-0.577350269189625));
#7163=DIRECTION('',(0.,-0.707106781186548,-0.707106781186548));
#7164=DIRECTION('',(1.,0.,0.));
#7165=DIRECTION('',(0.577350269189626,-0.577350269189625,0.577350269189625));
#7166=DIRECTION('',(1.,0.,0.));
#7167=DIRECTION('',(0.707106781186547,0.,-0.707106781186548));
#7168=DIRECTION('',(0.,1.,0.));
#7169=DIRECTION('',(0.,1.,0.));
#7170=DIRECTION('',(1.,0.,0.));
#7171=DIRECTION('',(0.,0.,-1.));
#7172=DIRECTION('',(0.,1.,0.));
#7173=DIRECTION('',(0.,0.,-1.));
#7174=DIRECTION('',(0.,1.,0.));
#7175=DIRECTION('',(0.00323352273893281,0.,-0.999994772151683));
#7176=DIRECTION('',(-0.999994772151683,0.,-0.00323352273893281));
#7177=DIRECTION('',(0.,1.,0.));
#7178=DIRECTION('',(-0.999994772151683,0.,-0.00323352273893281));
#7179=DIRECTION('',(-1.,0.,0.));
#7180=DIRECTION('',(0.,0.,1.));
#7181=DIRECTION('',(0.,1.,0.));
#7182=DIRECTION('',(0.,0.,1.));
#7183=DIRECTION('',(2.4762755273803E-17,0.,1.));
#7184=DIRECTION('',(1.,0.,-2.4762755273803E-17));
#7185=DIRECTION('',(1.,0.,-2.4762755273803E-17));
#7186=DIRECTION('',(0.,1.,0.));
#7187=DIRECTION('',(-1.,0.,0.));
#7188=DIRECTION('',(0.,-1.,0.));
#7189=DIRECTION('',(0.,0.,-1.));
#7190=DIRECTION('',(-0.707106781186548,-0.707106781186548,0.));
#7191=DIRECTION('',(0.707106781186548,-0.707106781186548,0.));
#7192=DIRECTION('',(0.707106781186548,-0.707106781186548,0.));
#7193=DIRECTION('',(0.707106781186548,0.707106781186548,0.));
#7194=DIRECTION('',(1.,0.,0.));
#7195=DIRECTION('',(0.,0.,-1.));
#7196=DIRECTION('',(0.707106781186548,0.707106781186548,0.));
#7197=DIRECTION('',(0.707106781186548,-0.707106781186548,0.));
#7198=DIRECTION('',(-1.,0.,0.));
#7199=DIRECTION('',(0.,0.,1.));
#7200=DIRECTION('',(-0.707106781186548,0.707106781186548,0.));
#7201=DIRECTION('',(-0.707106781186548,-0.707106781186548,0.));
#7202=DIRECTION('',(0.,1.,0.));
#7203=DIRECTION('',(0.,0.,1.));
#7204=DIRECTION('',(0.,0.,-1.));
#7205=DIRECTION('',(-1.,0.,0.));
#7206=DIRECTION('',(0.,0.,-1.));
#7207=DIRECTION('',(0.,0.,-1.));
#7208=DIRECTION('',(1.,0.,0.));
#7209=DIRECTION('',(0.,0.,-1.));
#7210=DIRECTION('',(0.,0.,-1.));
#7211=DIRECTION('',(0.,0.,-1.));
#7212=DIRECTION('',(-1.,0.,0.));
#7213=DIRECTION('',(0.,0.,-1.));
#7214=DIRECTION('',(0.,0.,-1.));
#7215=DIRECTION('',(1.,0.,0.));
#7216=DIRECTION('',(0.,0.,-1.));
#7217=DIRECTION('',(0.,0.,-1.));
#7218=DIRECTION('',(-1.,0.,0.));
#7219=DIRECTION('',(0.,0.,-1.));
#7220=DIRECTION('',(0.,0.,-1.));
#7221=DIRECTION('',(1.,0.,0.));
#7222=DIRECTION('',(0.,0.,-1.));
#7223=DIRECTION('',(0.,0.,-1.));
#7224=DIRECTION('',(-1.,0.,0.));
#7225=DIRECTION('',(0.,0.,-1.));
#7226=DIRECTION('',(0.,0.,-1.));
#7227=DIRECTION('',(1.,0.,0.));
#7228=DIRECTION('',(0.,0.,-1.));
#7229=DIRECTION('',(0.,0.,-1.));
#7230=DIRECTION('',(-1.,0.,0.));
#7231=DIRECTION('',(0.,0.,-1.));
#7232=DIRECTION('',(0.,0.,-1.));
#7233=DIRECTION('',(1.,0.,0.));
#7234=DIRECTION('',(0.,0.,-1.));
#7235=DIRECTION('',(-1.,0.,0.));
#7236=DIRECTION('',(0.,0.,-1.));
#7237=DIRECTION('',(0.,0.,-1.));
#7238=DIRECTION('',(1.,0.,0.));
#7239=DIRECTION('',(0.,0.,-1.));
#7240=DIRECTION('',(-1.,0.,0.));
#7241=DIRECTION('',(0.,0.,-1.));
#7242=DIRECTION('',(0.,0.,-1.));
#7243=DIRECTION('',(1.,0.,0.));
#7244=DIRECTION('',(0.,0.,-1.));
#7245=DIRECTION('',(-1.,0.,0.));
#7246=DIRECTION('',(0.,0.,-1.));
#7247=DIRECTION('',(0.,0.,-1.));
#7248=DIRECTION('',(1.,0.,0.));
#7249=DIRECTION('',(0.,0.,-1.));
#7250=DIRECTION('',(-1.,0.,0.));
#7251=DIRECTION('',(0.,0.,-1.));
#7252=DIRECTION('',(0.,0.,-1.));
#7253=DIRECTION('',(1.,0.,0.));
#7254=DIRECTION('',(0.,0.,-1.));
#7255=DIRECTION('',(-1.,0.,0.));
#7256=DIRECTION('',(0.,0.,-1.));
#7257=DIRECTION('',(0.,0.,-1.));
#7258=DIRECTION('',(1.,0.,0.));
#7259=DIRECTION('',(0.,0.,-1.));
#7260=DIRECTION('',(-1.,0.,0.));
#7261=DIRECTION('',(0.,0.,-1.));
#7262=DIRECTION('',(0.,0.,-1.));
#7263=DIRECTION('',(1.,0.,0.));
#7264=DIRECTION('',(0.,0.,-1.));
#7265=DIRECTION('',(-1.,0.,0.));
#7266=DIRECTION('',(0.,0.,-1.));
#7267=DIRECTION('',(0.,0.,-1.));
#7268=DIRECTION('',(1.,0.,0.));
#7269=DIRECTION('',(0.,0.,-1.));
#7270=DIRECTION('',(-1.,0.,0.));
#7271=DIRECTION('',(0.,0.,-1.));
#7272=DIRECTION('',(0.,0.,-1.));
#7273=DIRECTION('',(1.,0.,0.));
#7274=DIRECTION('',(0.,0.,-1.));
#7275=DIRECTION('',(-1.,0.,0.));
#7276=DIRECTION('',(0.,0.,-1.));
#7277=DIRECTION('',(0.,0.,-1.));
#7278=DIRECTION('',(1.,0.,0.));
#7279=DIRECTION('',(0.,0.,-1.));
#7280=DIRECTION('',(-1.,0.,0.));
#7281=DIRECTION('',(0.,0.,-1.));
#7282=DIRECTION('',(0.,0.,-1.));
#7283=DIRECTION('',(1.,0.,0.));
#7284=DIRECTION('',(0.,0.,-1.));
#7285=DIRECTION('',(-1.,0.,0.));
#7286=DIRECTION('',(0.,0.,-1.));
#7287=DIRECTION('',(0.,0.,-1.));
#7288=DIRECTION('',(1.,0.,0.));
#7289=DIRECTION('',(0.,0.,-1.));
#7290=DIRECTION('',(-1.,0.,0.));
#7291=DIRECTION('',(0.,0.,-1.));
#7292=DIRECTION('',(0.,0.,-1.));
#7293=DIRECTION('',(1.,0.,0.));
#7294=DIRECTION('',(0.,0.,-1.));
#7295=DIRECTION('',(-1.,0.,0.));
#7296=DIRECTION('',(0.,0.,-1.));
#7297=DIRECTION('',(0.,0.,-1.));
#7298=DIRECTION('',(1.,0.,0.));
#7299=DIRECTION('',(0.,0.,-1.));
#7300=DIRECTION('',(-1.,0.,0.));
#7301=DIRECTION('',(0.,0.,-1.));
#7302=DIRECTION('',(0.,0.,-1.));
#7303=DIRECTION('',(1.,0.,0.));
#7304=DIRECTION('',(0.,0.,-1.));
#7305=DIRECTION('',(-1.,0.,0.));
#7306=DIRECTION('',(0.,0.,-1.));
#7307=DIRECTION('',(0.,0.,-1.));
#7308=DIRECTION('',(1.,0.,0.));
#7309=DIRECTION('',(0.,0.,-1.));
#7310=DIRECTION('',(-1.,0.,0.));
#7311=DIRECTION('',(0.,0.,-1.));
#7312=DIRECTION('',(0.,0.,-1.));
#7313=DIRECTION('',(1.,0.,0.));
#7314=DIRECTION('',(0.,0.,-1.));
#7315=DIRECTION('',(-1.,0.,0.));
#7316=DIRECTION('',(0.,0.,-1.));
#7317=DIRECTION('',(0.,0.,-1.));
#7318=DIRECTION('',(1.,0.,0.));
#7319=DIRECTION('',(0.,0.,-1.));
#7320=DIRECTION('',(-1.,0.,0.));
#7321=DIRECTION('',(0.,0.,-1.));
#7322=DIRECTION('',(0.,0.,-1.));
#7323=DIRECTION('',(1.,0.,0.));
#7324=DIRECTION('',(0.,0.,-1.));
#7325=DIRECTION('',(-1.,0.,0.));
#7326=DIRECTION('',(0.,0.,-1.));
#7327=DIRECTION('',(0.,0.,-1.));
#7328=DIRECTION('',(1.,0.,0.));
#7329=DIRECTION('',(0.,0.,-1.));
#7330=DIRECTION('',(-1.,0.,0.));
#7331=DIRECTION('',(0.,0.,-1.));
#7332=DIRECTION('',(1.,0.,0.));
#7333=DIRECTION('',(0.,0.,1.));
#7334=DIRECTION('',(1.,0.,0.));
#7335=DIRECTION('',(0.,0.,-1.));
#7336=DIRECTION('',(0.,0.,-1.));
#7337=DIRECTION('',(0.,0.,-1.));
#7338=DIRECTION('',(-1.,0.,0.));
#7339=DIRECTION('',(0.,0.,-1.));
#7340=DIRECTION('',(0.,0.,1.));
#7341=DIRECTION('',(1.,0.,0.));
#7342=DIRECTION('',(0.,0.,-1.));
#7343=DIRECTION('',(0.,0.,-1.));
#7344=DIRECTION('',(-1.,0.,0.));
#7345=DIRECTION('',(0.,0.,-1.));
#7346=DIRECTION('',(0.,0.,1.));
#7347=DIRECTION('',(1.,0.,0.));
#7348=DIRECTION('',(0.,0.,-1.));
#7349=DIRECTION('',(-1.,0.,0.));
#7350=DIRECTION('',(0.,0.,-1.));
#7351=DIRECTION('',(0.,0.,1.));
#7352=DIRECTION('',(1.,0.,0.));
#7353=DIRECTION('',(0.,0.,-1.));
#7354=DIRECTION('',(-1.,0.,0.));
#7355=DIRECTION('',(0.,0.,-1.));
#7356=DIRECTION('',(0.,0.,1.));
#7357=DIRECTION('',(1.,0.,0.));
#7358=DIRECTION('',(0.,0.,-1.));
#7359=DIRECTION('',(-1.,0.,0.));
#7360=DIRECTION('',(0.,0.,-1.));
#7361=DIRECTION('',(0.,0.,1.));
#7362=DIRECTION('',(1.,0.,0.));
#7363=DIRECTION('',(0.,0.,-1.));
#7364=DIRECTION('',(-1.,0.,0.));
#7365=DIRECTION('',(0.,0.,-1.));
#7366=DIRECTION('',(0.,0.,1.));
#7367=DIRECTION('',(1.,0.,0.));
#7368=DIRECTION('',(0.,0.,-1.));
#7369=DIRECTION('',(-1.,0.,0.));
#7370=DIRECTION('',(0.,0.,-1.));
#7371=DIRECTION('',(0.,0.,1.));
#7372=DIRECTION('',(1.,0.,0.));
#7373=DIRECTION('',(0.,0.,-1.));
#7374=DIRECTION('',(-1.,0.,0.));
#7375=DIRECTION('',(0.,0.,-1.));
#7376=DIRECTION('',(0.,0.,1.));
#7377=DIRECTION('',(1.,0.,0.));
#7378=DIRECTION('',(0.,0.,-1.));
#7379=DIRECTION('',(-1.,0.,0.));
#7380=DIRECTION('',(0.,0.,-1.));
#7381=DIRECTION('',(0.,0.,1.));
#7382=DIRECTION('',(1.,0.,0.));
#7383=DIRECTION('',(0.,0.,-1.));
#7384=DIRECTION('',(-1.,0.,0.));
#7385=DIRECTION('',(0.,0.,-1.));
#7386=DIRECTION('',(0.,0.,1.));
#7387=DIRECTION('',(1.,0.,0.));
#7388=DIRECTION('',(0.,0.,-1.));
#7389=DIRECTION('',(-1.,0.,0.));
#7390=DIRECTION('',(0.,0.,-1.));
#7391=DIRECTION('',(0.,0.,1.));
#7392=DIRECTION('',(1.,0.,0.));
#7393=DIRECTION('',(0.,0.,-1.));
#7394=DIRECTION('',(-1.,0.,0.));
#7395=DIRECTION('',(0.,0.,-1.));
#7396=DIRECTION('',(0.,0.,1.));
#7397=DIRECTION('',(1.,0.,0.));
#7398=DIRECTION('',(0.,0.,-1.));
#7399=DIRECTION('',(-1.,0.,0.));
#7400=DIRECTION('',(0.,0.,-1.));
#7401=DIRECTION('',(0.,0.,1.));
#7402=DIRECTION('',(1.,0.,0.));
#7403=DIRECTION('',(0.,0.,-1.));
#7404=DIRECTION('',(-1.,0.,0.));
#7405=DIRECTION('',(0.,0.,-1.));
#7406=DIRECTION('',(0.,0.,1.));
#7407=DIRECTION('',(1.,0.,0.));
#7408=DIRECTION('',(0.,0.,-1.));
#7409=DIRECTION('',(-1.,0.,0.));
#7410=DIRECTION('',(0.,0.,-1.));
#7411=DIRECTION('',(0.,0.,1.));
#7412=DIRECTION('',(1.,0.,0.));
#7413=DIRECTION('',(0.,0.,-1.));
#7414=DIRECTION('',(-1.,0.,0.));
#7415=DIRECTION('',(0.,0.,-1.));
#7416=DIRECTION('',(0.,0.,1.));
#7417=DIRECTION('',(1.,0.,0.));
#7418=DIRECTION('',(0.,0.,-1.));
#7419=DIRECTION('',(-1.,0.,0.));
#7420=DIRECTION('',(0.,0.,-1.));
#7421=DIRECTION('',(0.,0.,1.));
#7422=DIRECTION('',(1.,0.,0.));
#7423=DIRECTION('',(0.,0.,-1.));
#7424=DIRECTION('',(-1.,0.,0.));
#7425=DIRECTION('',(0.,0.,-1.));
#7426=DIRECTION('',(0.,0.,1.));
#7427=DIRECTION('',(1.,0.,0.));
#7428=DIRECTION('',(0.,0.,-1.));
#7429=DIRECTION('',(-1.,0.,0.));
#7430=DIRECTION('',(0.,0.,-1.));
#7431=DIRECTION('',(0.,0.,1.));
#7432=DIRECTION('',(1.,0.,0.));
#7433=DIRECTION('',(0.,0.,-1.));
#7434=DIRECTION('',(-1.,0.,0.));
#7435=DIRECTION('',(0.,0.,-1.));
#7436=DIRECTION('',(0.,0.,1.));
#7437=DIRECTION('',(1.,0.,0.));
#7438=DIRECTION('',(0.,0.,-1.));
#7439=DIRECTION('',(-1.,0.,0.));
#7440=DIRECTION('',(0.,0.,-1.));
#7441=DIRECTION('',(0.,0.,1.));
#7442=DIRECTION('',(1.,0.,0.));
#7443=DIRECTION('',(0.,0.,-1.));
#7444=DIRECTION('',(-1.,0.,0.));
#7445=DIRECTION('',(0.,0.,-1.));
#7446=DIRECTION('',(0.,0.,1.));
#7447=DIRECTION('',(1.,0.,0.));
#7448=DIRECTION('',(0.,0.,-1.));
#7449=DIRECTION('',(-1.,0.,0.));
#7450=DIRECTION('',(0.,0.,-1.));
#7451=DIRECTION('',(0.,0.,1.));
#7452=DIRECTION('',(1.,0.,0.));
#7453=DIRECTION('',(0.,0.,-1.));
#7454=DIRECTION('',(0.,0.,-1.));
#7455=DIRECTION('',(-1.,0.,0.));
#7456=DIRECTION('',(0.,0.,-1.));
#7457=DIRECTION('',(0.,0.,1.));
#7458=DIRECTION('',(1.,0.,0.));
#7459=DIRECTION('',(0.,0.,-1.));
#7460=DIRECTION('',(0.,0.,-1.));
#7461=DIRECTION('',(-1.,0.,0.));
#7462=DIRECTION('',(0.,0.,1.));
#7463=DIRECTION('',(1.,0.,0.));
#7464=DIRECTION('',(0.,0.,1.));
#7465=DIRECTION('',(1.,0.,0.));
#7466=DIRECTION('',(0.,0.,1.));
#7467=DIRECTION('',(1.,0.,0.));
#7468=DIRECTION('',(0.,0.,1.));
#7469=DIRECTION('',(1.,0.,0.));
#7470=DIRECTION('',(0.,0.,1.));
#7471=DIRECTION('',(1.,0.,0.));
#7472=DIRECTION('',(0.,0.,1.));
#7473=DIRECTION('',(1.,0.,0.));
#7474=DIRECTION('',(0.,0.,1.));
#7475=DIRECTION('',(1.,0.,0.));
#7476=DIRECTION('',(0.,0.,1.));
#7477=DIRECTION('',(1.,0.,0.));
#7478=DIRECTION('',(0.,0.,1.));
#7479=DIRECTION('',(1.,0.,0.));
#7480=DIRECTION('',(0.,0.,1.));
#7481=DIRECTION('',(1.,0.,0.));
#7482=DIRECTION('',(0.,0.,1.));
#7483=DIRECTION('',(1.,0.,0.));
#7484=DIRECTION('',(0.,0.,1.));
#7485=DIRECTION('',(1.,0.,0.));
#7486=DIRECTION('',(0.,0.,1.));
#7487=DIRECTION('',(1.,0.,0.));
#7488=DIRECTION('',(0.,0.,1.));
#7489=DIRECTION('',(1.,0.,0.));
#7490=DIRECTION('',(0.,0.,1.));
#7491=DIRECTION('',(1.,0.,0.));
#7492=DIRECTION('',(0.,0.,1.));
#7493=DIRECTION('',(1.,0.,0.));
#7494=DIRECTION('',(0.,0.,1.));
#7495=DIRECTION('',(1.,0.,0.));
#7496=DIRECTION('',(0.,0.,1.));
#7497=DIRECTION('',(1.,0.,0.));
#7498=DIRECTION('',(0.,0.,1.));
#7499=DIRECTION('',(1.,0.,0.));
#7500=DIRECTION('',(0.,0.,1.));
#7501=DIRECTION('',(1.,0.,0.));
#7502=DIRECTION('',(0.,0.,1.));
#7503=DIRECTION('',(1.,0.,0.));
#7504=DIRECTION('',(0.,0.,1.));
#7505=DIRECTION('',(1.,0.,0.));
#7506=DIRECTION('',(0.,0.,1.));
#7507=DIRECTION('',(1.,0.,0.));
#7508=DIRECTION('',(0.,0.,1.));
#7509=DIRECTION('',(1.,0.,0.));
#7510=DIRECTION('',(0.,0.,1.));
#7511=DIRECTION('',(1.,0.,0.));
#7512=DIRECTION('',(0.,0.,1.));
#7513=DIRECTION('',(1.,0.,0.));
#7514=DIRECTION('',(0.,0.,1.));
#7515=DIRECTION('',(1.,0.,0.));
#7516=DIRECTION('',(0.,0.,1.));
#7517=DIRECTION('',(1.,0.,0.));
#7518=DIRECTION('',(0.,0.,1.));
#7519=DIRECTION('',(1.,0.,0.));
#7520=DIRECTION('',(0.,0.,1.));
#7521=DIRECTION('',(1.,0.,0.));
#7522=DIRECTION('',(0.,0.,1.));
#7523=DIRECTION('',(1.,0.,0.));
#7524=DIRECTION('',(0.,0.,1.));
#7525=DIRECTION('',(1.,0.,0.));
#7526=DIRECTION('',(0.,0.,1.));
#7527=DIRECTION('',(1.,0.,0.));
#7528=DIRECTION('',(0.,0.,1.));
#7529=DIRECTION('',(1.,0.,0.));
#7530=DIRECTION('',(0.,0.,1.));
#7531=DIRECTION('',(1.,0.,0.));
#7532=DIRECTION('',(-1.,0.,0.));
#7533=DIRECTION('',(0.,-1.,0.));
#7534=DIRECTION('',(1.,0.,0.));
#7535=DIRECTION('',(0.,1.,0.));
#7536=DIRECTION('',(0.,0.,-1.));
#7537=DIRECTION('',(1.,0.,0.));
#7538=DIRECTION('',(0.,0.,-1.));
#7539=DIRECTION('',(1.,0.,0.));
#7540=DIRECTION('',(0.,0.,-1.));
#7541=DIRECTION('',(1.,0.,0.));
#7542=DIRECTION('',(0.,0.,1.));
#7543=DIRECTION('',(1.,0.,0.));
#7544=DIRECTION('',(0.,0.,-1.));
#7545=DIRECTION('',(1.,0.,0.));
#7546=DIRECTION('',(0.,0.,-1.));
#7547=DIRECTION('',(1.,0.,0.));
#7548=DIRECTION('',(0.,0.,-1.));
#7549=DIRECTION('',(1.,0.,0.));
#7550=DIRECTION('',(0.,0.,-1.));
#7551=DIRECTION('',(1.,0.,0.));
#7552=DIRECTION('',(0.,0.,-1.));
#7553=DIRECTION('',(1.,0.,0.));
#7554=DIRECTION('',(0.,0.,-1.));
#7555=DIRECTION('',(1.,0.,0.));
#7556=DIRECTION('',(0.,0.,-1.));
#7557=DIRECTION('',(1.,0.,0.));
#7558=DIRECTION('',(0.,0.,-1.));
#7559=DIRECTION('',(1.,0.,0.));
#7560=DIRECTION('',(0.,0.,-1.));
#7561=DIRECTION('',(1.,0.,0.));
#7562=DIRECTION('',(0.,0.,-1.));
#7563=DIRECTION('',(1.,0.,0.));
#7564=DIRECTION('',(0.,0.,-1.));
#7565=DIRECTION('',(1.,0.,0.));
#7566=DIRECTION('',(0.,0.,-1.));
#7567=DIRECTION('',(1.,0.,0.));
#7568=DIRECTION('',(0.,0.,-1.));
#7569=DIRECTION('',(1.,0.,0.));
#7570=DIRECTION('',(0.,0.,-1.));
#7571=DIRECTION('',(1.,0.,0.));
#7572=DIRECTION('',(0.,0.,-1.));
#7573=DIRECTION('',(1.,0.,0.));
#7574=DIRECTION('',(0.,0.,-1.));
#7575=DIRECTION('',(1.,0.,0.));
#7576=DIRECTION('',(0.,0.,-1.));
#7577=DIRECTION('',(1.,0.,0.));
#7578=DIRECTION('',(0.,0.,-1.));
#7579=DIRECTION('',(1.,0.,0.));
#7580=DIRECTION('',(0.,0.,-1.));
#7581=DIRECTION('',(1.,0.,0.));
#7582=DIRECTION('',(0.,0.,-1.));
#7583=DIRECTION('',(1.,0.,0.));
#7584=DIRECTION('',(0.,0.,-1.));
#7585=DIRECTION('',(1.,0.,0.));
#7586=DIRECTION('',(0.,0.,-1.));
#7587=DIRECTION('',(1.,0.,0.));
#7588=DIRECTION('',(0.,0.,-1.));
#7589=DIRECTION('',(1.,0.,0.));
#7590=DIRECTION('',(0.,0.,-1.));
#7591=DIRECTION('',(1.,0.,0.));
#7592=DIRECTION('',(0.,0.,-1.));
#7593=DIRECTION('',(1.,0.,0.));
#7594=DIRECTION('',(0.,0.,-1.));
#7595=DIRECTION('',(1.,0.,0.));
#7596=DIRECTION('',(0.,0.,-1.));
#7597=DIRECTION('',(1.,0.,0.));
#7598=DIRECTION('',(-1.,0.,0.));
#7599=DIRECTION('',(0.,0.,1.));
#7600=DIRECTION('',(0.,0.,-1.));
#7601=DIRECTION('',(0.,1.,0.));
#7602=DIRECTION('',(0.,0.,-1.));
#7603=DIRECTION('',(0.,1.,0.));
#7604=DIRECTION('',(0.,-1.,0.));
#7605=DIRECTION('',(0.,0.,-1.));
#7606=DIRECTION('',(0.,0.,-1.));
#7607=DIRECTION('',(-1.,0.,0.));
#7608=DIRECTION('',(-1.,0.,0.));
#7609=DIRECTION('',(1.,0.,0.));
#7610=DIRECTION('',(0.,0.,-1.));
#7611=DIRECTION('',(0.,0.,-1.));
#7612=DIRECTION('',(0.,-1.,0.));
#7613=DIRECTION('',(0.,-1.,0.));
#7614=DIRECTION('',(0.,1.,0.));
#7615=DIRECTION('',(0.,0.,1.));
#7616=DIRECTION('',(-0.000623139296452627,0.,0.99999980584869));
#7617=DIRECTION('',(-1.,0.,-1.43309004880916E-16));
#7618=DIRECTION('',(0.,0.,-1.));
#7619=DIRECTION('',(1.,0.,0.));
#7620=DIRECTION('',(1.,0.,0.));
#7621=DIRECTION('',(1.,0.,0.));
#7622=DIRECTION('',(0.,0.,1.));
#7623=DIRECTION('',(1.,0.,0.));
#7624=DIRECTION('',(-0.99999980584869,0.,-0.000623139296452627));
#7625=DIRECTION('',(-0.000623139296452627,0.,0.99999980584869));
#7626=DIRECTION('',(0.,1.,0.));
#7627=DIRECTION('',(-0.000623139296452627,0.,0.99999980584869));
#7628=DIRECTION('',(0.,1.,0.));
#7629=DIRECTION('',(0.,0.,1.));
#7630=DIRECTION('',(1.,0.,0.));
#7631=DIRECTION('',(0.,1.,0.));
#7632=DIRECTION('',(1.,0.,0.));
#7633=DIRECTION('',(1.,0.,0.));
#7634=DIRECTION('',(0.,0.,-1.));
#7635=DIRECTION('',(0.,1.,0.));
#7636=DIRECTION('',(0.,0.,-1.));
#7637=DIRECTION('',(1.43309004880916E-16,0.,-1.));
#7638=DIRECTION('',(-1.,0.,-1.43309004880916E-16));
#7639=DIRECTION('',(-1.,0.,-1.43309004880916E-16));
#7640=DIRECTION('',(0.,1.,0.));
#7641=DIRECTION('',(-1.,0.,0.));
#7642=DIRECTION('',(0.707106781186548,0.,-0.707106781186548));
#7643=DIRECTION('',(0.,1.,0.));
#7644=DIRECTION('',(-0.577350269189626,-0.577350269189626,-0.577350269189626));
#7645=DIRECTION('',(0.,1.,0.));
#7646=DIRECTION('',(-0.577350269189626,0.577350269189626,-0.577350269189626));
#7647=DIRECTION('',(0.,-0.707106781186548,-0.707106781186548));
#7648=DIRECTION('',(1.,0.,0.));
#7649=DIRECTION('',(1.,0.,0.));
#7650=DIRECTION('',(0.577350269189626,0.577350269189626,-0.577350269189626));
#7651=DIRECTION('',(0.,0.707106781186548,-0.707106781186548));
#7652=DIRECTION('',(-1.,0.,0.));
#7653=DIRECTION('',(-0.577350269189626,0.577350269189626,0.577350269189626));
#7654=DIRECTION('',(-1.,0.,0.));
#7655=DIRECTION('',(-0.707106781186548,0.,-0.707106781186548));
#7656=DIRECTION('',(0.,-1.,0.));
#7657=DIRECTION('',(0.,-1.,0.));
#7658=DIRECTION('',(0.,-1.,0.));
#7659=DIRECTION('',(0.,0.,-1.));
#7660=DIRECTION('',(-0.707106781186548,-0.707106781186548,0.));
#7661=DIRECTION('',(0.707106781186548,-0.707106781186548,0.));
#7662=DIRECTION('',(0.707106781186548,-0.707106781186548,0.));
#7663=DIRECTION('',(-0.707106781186548,-0.707106781186548,0.));
#7664=DIRECTION('',(1.,0.,0.));
#7665=DIRECTION('',(0.,0.,-1.));
#7666=DIRECTION('',(0.707106781186548,0.707106781186548,0.));
#7667=DIRECTION('',(0.707106781186548,-0.707106781186548,0.));
#7668=DIRECTION('',(-1.,0.,0.));
#7669=DIRECTION('',(0.,0.,1.));
#7670=DIRECTION('',(-0.707106781186548,0.707106781186548,0.));
#7671=DIRECTION('',(-0.707106781186548,-0.707106781186548,0.));
#7672=DIRECTION('',(0.,1.,0.));
#7673=DIRECTION('',(0.,0.,1.));
#7674=DIRECTION('',(0.,0.,-1.));
#7675=DIRECTION('',(-1.,0.,0.));
#7676=DIRECTION('',(0.,0.,-1.));
#7677=DIRECTION('',(0.,0.,-1.));
#7678=DIRECTION('',(1.,0.,0.));
#7679=DIRECTION('',(0.,0.,-1.));
#7680=DIRECTION('',(0.,0.,-1.));
#7681=DIRECTION('',(-1.,0.,0.));
#7682=DIRECTION('',(0.,0.,-1.));
#7683=DIRECTION('',(0.,0.,-1.));
#7684=DIRECTION('',(1.,0.,0.));
#7685=DIRECTION('',(0.,0.,-1.));
#7686=DIRECTION('',(-1.,0.,0.));
#7687=DIRECTION('',(0.,0.,-1.));
#7688=DIRECTION('',(0.,0.,-1.));
#7689=DIRECTION('',(1.,0.,0.));
#7690=DIRECTION('',(0.,0.,-1.));
#7691=DIRECTION('',(-1.,0.,0.));
#7692=DIRECTION('',(0.,0.,-1.));
#7693=DIRECTION('',(0.,0.,-1.));
#7694=DIRECTION('',(1.,0.,0.));
#7695=DIRECTION('',(0.,0.,-1.));
#7696=DIRECTION('',(-1.,0.,0.));
#7697=DIRECTION('',(0.,0.,-1.));
#7698=DIRECTION('',(0.,0.,-1.));
#7699=DIRECTION('',(1.,0.,0.));
#7700=DIRECTION('',(0.,0.,-1.));
#7701=DIRECTION('',(-1.,0.,0.));
#7702=DIRECTION('',(0.,0.,-1.));
#7703=DIRECTION('',(0.,0.,-1.));
#7704=DIRECTION('',(1.,0.,0.));
#7705=DIRECTION('',(0.,0.,-1.));
#7706=DIRECTION('',(-1.,0.,0.));
#7707=DIRECTION('',(0.,0.,-1.));
#7708=DIRECTION('',(0.,0.,-1.));
#7709=DIRECTION('',(1.,0.,0.));
#7710=DIRECTION('',(0.,0.,-1.));
#7711=DIRECTION('',(-1.,0.,0.));
#7712=DIRECTION('',(0.,0.,-1.));
#7713=DIRECTION('',(0.,0.,-1.));
#7714=DIRECTION('',(1.,0.,0.));
#7715=DIRECTION('',(0.,0.,-1.));
#7716=DIRECTION('',(-1.,0.,0.));
#7717=DIRECTION('',(0.,0.,-1.));
#7718=DIRECTION('',(0.,0.,-1.));
#7719=DIRECTION('',(1.,0.,0.));
#7720=DIRECTION('',(0.,0.,-1.));
#7721=DIRECTION('',(-1.,0.,0.));
#7722=DIRECTION('',(0.,0.,-1.));
#7723=DIRECTION('',(0.,0.,-1.));
#7724=DIRECTION('',(1.,0.,0.));
#7725=DIRECTION('',(0.,0.,-1.));
#7726=DIRECTION('',(-1.,0.,0.));
#7727=DIRECTION('',(0.,0.,-1.));
#7728=DIRECTION('',(0.,0.,-1.));
#7729=DIRECTION('',(1.,0.,0.));
#7730=DIRECTION('',(0.,0.,-1.));
#7731=DIRECTION('',(-1.,0.,0.));
#7732=DIRECTION('',(0.,0.,-1.));
#7733=DIRECTION('',(0.,0.,-1.));
#7734=DIRECTION('',(1.,0.,0.));
#7735=DIRECTION('',(0.,0.,-1.));
#7736=DIRECTION('',(-1.,0.,0.));
#7737=DIRECTION('',(0.,0.,-1.));
#7738=DIRECTION('',(0.,0.,-1.));
#7739=DIRECTION('',(1.,0.,0.));
#7740=DIRECTION('',(0.,0.,-1.));
#7741=DIRECTION('',(-1.,0.,0.));
#7742=DIRECTION('',(0.,0.,-1.));
#7743=DIRECTION('',(0.,0.,-1.));
#7744=DIRECTION('',(1.,0.,0.));
#7745=DIRECTION('',(0.,0.,-1.));
#7746=DIRECTION('',(-1.,0.,0.));
#7747=DIRECTION('',(0.,0.,-1.));
#7748=DIRECTION('',(0.,0.,-1.));
#7749=DIRECTION('',(1.,0.,0.));
#7750=DIRECTION('',(0.,0.,-1.));
#7751=DIRECTION('',(-1.,0.,0.));
#7752=DIRECTION('',(0.,0.,-1.));
#7753=DIRECTION('',(0.,0.,-1.));
#7754=DIRECTION('',(1.,0.,0.));
#7755=DIRECTION('',(0.,0.,-1.));
#7756=DIRECTION('',(-1.,0.,0.));
#7757=DIRECTION('',(0.,0.,-1.));
#7758=DIRECTION('',(0.,0.,-1.));
#7759=DIRECTION('',(1.,0.,0.));
#7760=DIRECTION('',(0.,0.,-1.));
#7761=DIRECTION('',(-1.,0.,0.));
#7762=DIRECTION('',(0.,0.,-1.));
#7763=DIRECTION('',(0.,0.,-1.));
#7764=DIRECTION('',(1.,0.,0.));
#7765=DIRECTION('',(0.,0.,-1.));
#7766=DIRECTION('',(-1.,0.,0.));
#7767=DIRECTION('',(0.,0.,-1.));
#7768=DIRECTION('',(0.,0.,-1.));
#7769=DIRECTION('',(1.,0.,0.));
#7770=DIRECTION('',(0.,0.,-1.));
#7771=DIRECTION('',(-1.,0.,0.));
#7772=DIRECTION('',(0.,0.,-1.));
#7773=DIRECTION('',(0.,0.,-1.));
#7774=DIRECTION('',(1.,0.,0.));
#7775=DIRECTION('',(0.,0.,-1.));
#7776=DIRECTION('',(-1.,0.,0.));
#7777=DIRECTION('',(0.,0.,-1.));
#7778=DIRECTION('',(0.,0.,-1.));
#7779=DIRECTION('',(1.,0.,0.));
#7780=DIRECTION('',(0.,0.,-1.));
#7781=DIRECTION('',(-1.,0.,0.));
#7782=DIRECTION('',(0.,0.,-1.));
#7783=DIRECTION('',(0.,0.,-1.));
#7784=DIRECTION('',(1.,0.,0.));
#7785=DIRECTION('',(0.,0.,-1.));
#7786=DIRECTION('',(-1.,0.,0.));
#7787=DIRECTION('',(0.,0.,-1.));
#7788=DIRECTION('',(0.,0.,-1.));
#7789=DIRECTION('',(1.,0.,0.));
#7790=DIRECTION('',(0.,0.,-1.));
#7791=DIRECTION('',(-1.,0.,0.));
#7792=DIRECTION('',(0.,0.,-1.));
#7793=DIRECTION('',(0.,0.,-1.));
#7794=DIRECTION('',(1.,0.,0.));
#7795=DIRECTION('',(0.,0.,-1.));
#7796=DIRECTION('',(-1.,0.,0.));
#7797=DIRECTION('',(0.,0.,-1.));
#7798=DIRECTION('',(0.,0.,-1.));
#7799=DIRECTION('',(1.,0.,0.));
#7800=DIRECTION('',(0.,0.,-1.));
#7801=DIRECTION('',(-1.,0.,0.));
#7802=DIRECTION('',(0.,0.,-1.));
#7803=DIRECTION('',(0.,0.,-1.));
#7804=DIRECTION('',(1.,0.,0.));
#7805=DIRECTION('',(0.,0.,-1.));
#7806=DIRECTION('',(-1.,0.,0.));
#7807=DIRECTION('',(0.,0.,-1.));
#7808=DIRECTION('',(0.,0.,-1.));
#7809=DIRECTION('',(1.,0.,0.));
#7810=DIRECTION('',(0.,0.,-1.));
#7811=DIRECTION('',(-1.,0.,0.));
#7812=DIRECTION('',(0.,0.,-1.));
#7813=DIRECTION('',(0.,0.,-1.));
#7814=DIRECTION('',(1.,0.,0.));
#7815=DIRECTION('',(0.,0.,-1.));
#7816=DIRECTION('',(-1.,0.,0.));
#7817=DIRECTION('',(0.,0.,-1.));
#7818=DIRECTION('',(0.,0.,-1.));
#7819=DIRECTION('',(1.,0.,0.));
#7820=DIRECTION('',(0.,0.,-1.));
#7821=DIRECTION('',(-1.,0.,0.));
#7822=DIRECTION('',(0.,0.,-1.));
#7823=DIRECTION('',(0.,0.,1.));
#7824=DIRECTION('',(1.,0.,0.));
#7825=DIRECTION('',(0.,0.,-1.));
#7826=DIRECTION('',(-1.,0.,0.));
#7827=DIRECTION('',(0.,0.,-1.));
#7828=DIRECTION('',(1.,0.,0.));
#7829=DIRECTION('',(0.,0.,1.));
#7830=DIRECTION('',(1.,0.,0.));
#7831=DIRECTION('',(0.,0.,-1.));
#7832=DIRECTION('',(-1.,0.,0.));
#7833=DIRECTION('',(0.,0.,-1.));
#7834=DIRECTION('',(0.,0.,1.));
#7835=DIRECTION('',(1.,0.,0.));
#7836=DIRECTION('',(0.,0.,-1.));
#7837=DIRECTION('',(0.,0.,-1.));
#7838=DIRECTION('',(-1.,0.,0.));
#7839=DIRECTION('',(0.,0.,-1.));
#7840=DIRECTION('',(0.,0.,1.));
#7841=DIRECTION('',(1.,0.,0.));
#7842=DIRECTION('',(0.,0.,-1.));
#7843=DIRECTION('',(-1.,0.,0.));
#7844=DIRECTION('',(0.,0.,-1.));
#7845=DIRECTION('',(0.,0.,1.));
#7846=DIRECTION('',(1.,0.,0.));
#7847=DIRECTION('',(0.,0.,-1.));
#7848=DIRECTION('',(-1.,0.,0.));
#7849=DIRECTION('',(0.,0.,-1.));
#7850=DIRECTION('',(0.,0.,1.));
#7851=DIRECTION('',(1.,0.,0.));
#7852=DIRECTION('',(0.,0.,-1.));
#7853=DIRECTION('',(-1.,0.,0.));
#7854=DIRECTION('',(0.,0.,-1.));
#7855=DIRECTION('',(0.,0.,1.));
#7856=DIRECTION('',(1.,0.,0.));
#7857=DIRECTION('',(0.,0.,-1.));
#7858=DIRECTION('',(-1.,0.,0.));
#7859=DIRECTION('',(0.,0.,-1.));
#7860=DIRECTION('',(0.,0.,1.));
#7861=DIRECTION('',(1.,0.,0.));
#7862=DIRECTION('',(0.,0.,-1.));
#7863=DIRECTION('',(-1.,0.,0.));
#7864=DIRECTION('',(0.,0.,-1.));
#7865=DIRECTION('',(0.,0.,1.));
#7866=DIRECTION('',(1.,0.,0.));
#7867=DIRECTION('',(0.,0.,-1.));
#7868=DIRECTION('',(-1.,0.,0.));
#7869=DIRECTION('',(0.,0.,-1.));
#7870=DIRECTION('',(0.,0.,1.));
#7871=DIRECTION('',(1.,0.,0.));
#7872=DIRECTION('',(0.,0.,-1.));
#7873=DIRECTION('',(-1.,0.,0.));
#7874=DIRECTION('',(0.,0.,-1.));
#7875=DIRECTION('',(0.,0.,1.));
#7876=DIRECTION('',(1.,0.,0.));
#7877=DIRECTION('',(0.,0.,-1.));
#7878=DIRECTION('',(-1.,0.,0.));
#7879=DIRECTION('',(0.,0.,-1.));
#7880=DIRECTION('',(0.,0.,1.));
#7881=DIRECTION('',(1.,0.,0.));
#7882=DIRECTION('',(0.,0.,-1.));
#7883=DIRECTION('',(-1.,0.,0.));
#7884=DIRECTION('',(0.,0.,-1.));
#7885=DIRECTION('',(0.,0.,1.));
#7886=DIRECTION('',(1.,0.,0.));
#7887=DIRECTION('',(0.,0.,-1.));
#7888=DIRECTION('',(-1.,0.,0.));
#7889=DIRECTION('',(0.,0.,-1.));
#7890=DIRECTION('',(0.,0.,1.));
#7891=DIRECTION('',(1.,0.,0.));
#7892=DIRECTION('',(0.,0.,-1.));
#7893=DIRECTION('',(-1.,0.,0.));
#7894=DIRECTION('',(0.,0.,-1.));
#7895=DIRECTION('',(0.,0.,1.));
#7896=DIRECTION('',(1.,0.,0.));
#7897=DIRECTION('',(0.,0.,-1.));
#7898=DIRECTION('',(-1.,0.,0.));
#7899=DIRECTION('',(0.,0.,-1.));
#7900=DIRECTION('',(0.,0.,1.));
#7901=DIRECTION('',(1.,0.,0.));
#7902=DIRECTION('',(0.,0.,-1.));
#7903=DIRECTION('',(-1.,0.,0.));
#7904=DIRECTION('',(0.,0.,-1.));
#7905=DIRECTION('',(0.,0.,1.));
#7906=DIRECTION('',(1.,0.,0.));
#7907=DIRECTION('',(0.,0.,-1.));
#7908=DIRECTION('',(-1.,0.,0.));
#7909=DIRECTION('',(0.,0.,-1.));
#7910=DIRECTION('',(0.,0.,1.));
#7911=DIRECTION('',(1.,0.,0.));
#7912=DIRECTION('',(0.,0.,-1.));
#7913=DIRECTION('',(-1.,0.,0.));
#7914=DIRECTION('',(0.,0.,-1.));
#7915=DIRECTION('',(0.,0.,1.));
#7916=DIRECTION('',(1.,0.,0.));
#7917=DIRECTION('',(0.,0.,-1.));
#7918=DIRECTION('',(-1.,0.,0.));
#7919=DIRECTION('',(0.,0.,-1.));
#7920=DIRECTION('',(0.,0.,1.));
#7921=DIRECTION('',(1.,0.,0.));
#7922=DIRECTION('',(0.,0.,-1.));
#7923=DIRECTION('',(-1.,0.,0.));
#7924=DIRECTION('',(0.,0.,-1.));
#7925=DIRECTION('',(0.,0.,1.));
#7926=DIRECTION('',(1.,0.,0.));
#7927=DIRECTION('',(0.,0.,-1.));
#7928=DIRECTION('',(-1.,0.,0.));
#7929=DIRECTION('',(0.,0.,-1.));
#7930=DIRECTION('',(0.,0.,1.));
#7931=DIRECTION('',(1.,0.,0.));
#7932=DIRECTION('',(0.,0.,-1.));
#7933=DIRECTION('',(-1.,0.,0.));
#7934=DIRECTION('',(0.,0.,-1.));
#7935=DIRECTION('',(0.,0.,1.));
#7936=DIRECTION('',(1.,0.,0.));
#7937=DIRECTION('',(0.,0.,-1.));
#7938=DIRECTION('',(-1.,0.,0.));
#7939=DIRECTION('',(0.,0.,-1.));
#7940=DIRECTION('',(0.,0.,1.));
#7941=DIRECTION('',(1.,0.,0.));
#7942=DIRECTION('',(0.,0.,-1.));
#7943=DIRECTION('',(-1.,0.,0.));
#7944=DIRECTION('',(0.,0.,-1.));
#7945=DIRECTION('',(0.,0.,1.));
#7946=DIRECTION('',(1.,0.,0.));
#7947=DIRECTION('',(0.,0.,-1.));
#7948=DIRECTION('',(-1.,0.,0.));
#7949=DIRECTION('',(0.,0.,-1.));
#7950=DIRECTION('',(0.,0.,1.));
#7951=DIRECTION('',(1.,0.,0.));
#7952=DIRECTION('',(0.,0.,-1.));
#7953=DIRECTION('',(-1.,0.,0.));
#7954=DIRECTION('',(0.,0.,-1.));
#7955=DIRECTION('',(0.,0.,1.));
#7956=DIRECTION('',(1.,0.,0.));
#7957=DIRECTION('',(0.,0.,-1.));
#7958=DIRECTION('',(-1.,0.,0.));
#7959=DIRECTION('',(0.,0.,-1.));
#7960=DIRECTION('',(0.,0.,1.));
#7961=DIRECTION('',(1.,0.,0.));
#7962=DIRECTION('',(0.,0.,-1.));
#7963=DIRECTION('',(-1.,0.,0.));
#7964=DIRECTION('',(0.,0.,-1.));
#7965=DIRECTION('',(0.,0.,1.));
#7966=DIRECTION('',(1.,0.,0.));
#7967=DIRECTION('',(0.,0.,-1.));
#7968=DIRECTION('',(-1.,0.,0.));
#7969=DIRECTION('',(0.,0.,-1.));
#7970=DIRECTION('',(0.,0.,1.));
#7971=DIRECTION('',(1.,0.,0.));
#7972=DIRECTION('',(0.,0.,-1.));
#7973=DIRECTION('',(-1.,0.,0.));
#7974=DIRECTION('',(0.,0.,-1.));
#7975=DIRECTION('',(0.,0.,1.));
#7976=DIRECTION('',(1.,0.,0.));
#7977=DIRECTION('',(0.,0.,-1.));
#7978=DIRECTION('',(-1.,0.,0.));
#7979=DIRECTION('',(0.,0.,-1.));
#7980=DIRECTION('',(0.,0.,1.));
#7981=DIRECTION('',(1.,0.,0.));
#7982=DIRECTION('',(0.,0.,-1.));
#7983=DIRECTION('',(-1.,0.,0.));
#7984=DIRECTION('',(0.,0.,1.));
#7985=DIRECTION('',(1.,0.,0.));
#7986=DIRECTION('',(0.,0.,1.));
#7987=DIRECTION('',(1.,0.,0.));
#7988=CARTESIAN_POINT('',(0.,0.,0.));
#7989=CARTESIAN_POINT('',(-0.0340747705743873,0.0217838630644635,0.02831514));
#7990=CARTESIAN_POINT('',(-0.00382422370360117,0.018054438328338,0.02831514));
#7991=CARTESIAN_POINT('',(-0.0116723992306822,0.0197374141161962,0.02831514));
#7992=CARTESIAN_POINT('',(-0.0113478126546261,0.0208512000097128,0.02831514));
#7993=CARTESIAN_POINT('',(-0.0123434679348401,0.0156842740400037,0.02831514));
#7994=CARTESIAN_POINT('',(-0.0129412575870423,0.019748868142083,0.02831514));
#7995=CARTESIAN_POINT('',(-0.0126682392828177,0.0181366125646319,0.02831514));
#7996=CARTESIAN_POINT('',(-0.0136424322646885,0.0194499499453295,0.02831514));
#7997=CARTESIAN_POINT('',(-0.0132961472491731,0.0208726029065278,0.02831514));
#7998=CARTESIAN_POINT('',(-0.0142691704675639,0.019778491131411,0.02831514));
#7999=CARTESIAN_POINT('',(-0.0123850315281857,-0.0173297012569846,0.02831514));
#8000=CARTESIAN_POINT('',(-0.0160927766034664,0.0196408349621966,0.02831514));
#8001=CARTESIAN_POINT('',(-0.0166584054585312,0.020204647233584,0.02831514));
#8002=CARTESIAN_POINT('',(-0.0159475632323597,0.0205686851554278,0.02831514));
#8003=CARTESIAN_POINT('',(-0.0149838481951195,0.0207111494581512,0.02831514));
#8004=CARTESIAN_POINT('',(-0.0158855408555163,0.0210799218767778,0.02831514));
#8005=CARTESIAN_POINT('',(-0.018977885282526,0.0235434873858682,0.02831514));
#8006=CARTESIAN_POINT('',(-0.0168902557711175,0.0201858763160845,0.02831514));
#8007=CARTESIAN_POINT('',(-0.0171654873185885,0.0198118086263561,0.02831514));
#8008=CARTESIAN_POINT('',(-0.0167173963181618,0.0199338475404721,0.02831514));
#8009=CARTESIAN_POINT('',(-0.0166442988467744,0.0196421402427471,0.02831514));
#8010=CARTESIAN_POINT('',(-0.0163590633705321,0.0197374141161962,0.02831514));
#8011=CARTESIAN_POINT('',(-0.0164963271092445,0.0195936820307629,0.02831514));
#8012=CARTESIAN_POINT('',(-0.0163590633705321,0.0194499499453295,0.02831514));
#8013=CARTESIAN_POINT('',(-0.0166681912472997,0.0200500027295452,0.02831514));
#8014=CARTESIAN_POINT('',(-0.0169773191240673,0.0194499499453295,0.02831514));
#8015=CARTESIAN_POINT('',(-0.0168902557711175,0.0199338475404721,0.02831514));
#8016=CARTESIAN_POINT('',(-0.0173805595115306,0.0199704419683069,0.02831514));
#8017=CARTESIAN_POINT('',(-0.0167173963181618,0.0200438635235977,0.02831514));
#8018=CARTESIAN_POINT('',(-0.0171293895226974,0.0205686851554278,0.02831514));
#8019=CARTESIAN_POINT('',(-0.0158274407175295,0.0201421920894808,0.02831514));
#8020=CARTESIAN_POINT('',(-0.0155715406890988,0.0214881052375065,0.02831514));
#8021=CARTESIAN_POINT('',(-0.0149213633800783,0.0180840031599981,0.02831514));
#8022=CARTESIAN_POINT('',(-0.0136424322646885,0.0213050242231627,0.02831514));
#8023=CARTESIAN_POINT('',(-0.0119049532351737,0.0178870499883842,0.02831514));
#8024=CARTESIAN_POINT('',(-0.0118990642407702,0.0217212834929269,0.02831514));
#8025=CARTESIAN_POINT('',(-0.0118015980279371,0.0185305937182539,0.02831514));
#8026=CARTESIAN_POINT('',(-0.00971339212290154,0.0209450081398107,0.02831514));
#8027=CARTESIAN_POINT('',(-0.0103835799312504,0.0205135155651983,0.02831514));
#8028=CARTESIAN_POINT('',(-0.00983647617370972,0.0199338475404721,0.02831514));
#8029=CARTESIAN_POINT('',(-0.0131163023587126,0.0252876984343441,0.02831514));
#8030=CARTESIAN_POINT('',(-0.0101811152802853,0.0197374141161962,0.02831514));
#8031=CARTESIAN_POINT('',(-0.0102346281112481,0.020409494169984,0.02831514));
#8032=CARTESIAN_POINT('',(-0.0107124518293816,0.0199338475404721,0.02831514));
#8033=CARTESIAN_POINT('',(-0.0104264965822242,0.0199291314778271,0.02831514));
#8034=CARTESIAN_POINT('',(-0.0105524915529648,0.0201858763160845,0.02831514));
#8035=CARTESIAN_POINT('',(-0.0102697223537848,0.0201216554386764,0.02831514));
#8036=CARTESIAN_POINT('',(-0.0102346281112481,0.020409494169984,0.02831514));
#8037=CARTESIAN_POINT('',(-0.0121486885942537,0.0192354643403307,0.02831514));
#8038=CARTESIAN_POINT('',(-0.0116392338455291,0.021422340978946,0.02831514));
#8039=CARTESIAN_POINT('',(-0.0133730613548843,0.0201777476569628,0.02831514));
#8040=CARTESIAN_POINT('',(-0.0621388637465283,0.0174537569488265,0.02831514));
#8041=CARTESIAN_POINT('',(-0.0621388637465283,0.024906862398914,0.02831514));
#8042=CARTESIAN_POINT('',(-0.0621388637465283,0.0186608637300131,0.02831514));
#8043=CARTESIAN_POINT('',(-0.00467397052771493,0.0186608637300131,0.02831514));
#8044=CARTESIAN_POINT('',(-0.00588107730890148,0.0186608637300131,0.02831514));
#8045=CARTESIAN_POINT('',(-0.00588107730890148,0.0261139691801006,0.02831514));
#8046=CARTESIAN_POINT('',(-0.00588107730890148,0.024906862398914,0.02831514));
#8047=CARTESIAN_POINT('',(-0.0633459705277149,0.024906862398914,0.02831514));
#8048=CARTESIAN_POINT('',(-0.0554918661862377,0.0180840031599982,0.02831514));
#8049=CARTESIAN_POINT('',(-0.0548416888772172,0.0214881052375065,0.02831514));
#8050=CARTESIAN_POINT('',(-0.0567707973016275,0.0213050242231627,0.02831514));
#8051=CARTESIAN_POINT('',(-0.0545857888487865,0.0201421920894808,0.02831514));
#8052=CARTESIAN_POINT('',(-0.0532838400436186,0.0205686851554278,0.02831514));
#8053=CARTESIAN_POINT('',(-0.0536958332481543,0.0200438635235976,0.02831514));
#8054=CARTESIAN_POINT('',(-0.0530326700547854,0.0199704419683069,0.02831514));
#8055=CARTESIAN_POINT('',(-0.0535229737951985,0.0199338475404721,0.02831514));
#8056=CARTESIAN_POINT('',(-0.0534359104422487,0.0194499499453294,0.02831514));
#8057=CARTESIAN_POINT('',(-0.0537450383190163,0.0200500027295452,0.02831514));
#8058=CARTESIAN_POINT('',(-0.0540541661957839,0.0194499499453294,0.02831514));
#8059=CARTESIAN_POINT('',(-0.0539169024570715,0.0195936820307628,0.02831514));
#8060=CARTESIAN_POINT('',(-0.0540541661957839,0.0197374141161962,0.02831514));
#8061=CARTESIAN_POINT('',(-0.0537689307195415,0.0196421402427471,0.02831514));
#8062=CARTESIAN_POINT('',(-0.0536958332481542,0.0199338475404721,0.02831514));
#8063=CARTESIAN_POINT('',(-0.0532477422477275,0.0198118086263562,0.02831514));
#8064=CARTESIAN_POINT('',(-0.0535229737951985,0.0201858763160845,0.02831514));
#8065=CARTESIAN_POINT('',(-0.0514353442837899,0.0235434873858683,0.02831514));
#8066=CARTESIAN_POINT('',(-0.0545276887107997,0.0210799218767778,0.02831514));
#8067=CARTESIAN_POINT('',(-0.0554293813711966,0.0207111494581512,0.02831514));
#8068=CARTESIAN_POINT('',(-0.0544656663339563,0.0205686851554278,0.02831514));
#8069=CARTESIAN_POINT('',(-0.0537548241077848,0.020204647233584,0.02831514));
#8070=CARTESIAN_POINT('',(-0.0543204529628496,0.0196408349621966,0.02831514));
#8071=CARTESIAN_POINT('',(-0.0580281980381303,-0.017329701256985,0.02831514));
#8072=CARTESIAN_POINT('',(-0.0561440590987521,0.0197784911314109,0.02831514));
#8073=CARTESIAN_POINT('',(-0.0571170823171429,0.0208726029065278,0.02831514));
#8074=CARTESIAN_POINT('',(-0.0567707973016275,0.0194499499453294,0.02831514));
#8075=CARTESIAN_POINT('',(-0.0577449902834983,0.0181366125646319,0.02831514));
#8076=CARTESIAN_POINT('',(-0.0574719719792737,0.019748868142083,0.02831514));
#8077=CARTESIAN_POINT('',(-0.0580697616314759,0.0156842740400037,0.02831514));
#8078=CARTESIAN_POINT('',(-0.0587408303356337,0.0197374141161962,0.02831514));
#8079=CARTESIAN_POINT('',(-0.0665890058627151,0.0180544383283379,0.02831514));
#8080=CARTESIAN_POINT('',(-0.0590654169116899,0.0208512000097128,0.02831514));
#8081=CARTESIAN_POINT('',(-0.0570401682114317,0.0201777476569628,0.02831514));
#8082=CARTESIAN_POINT('',(-0.0587739957207869,0.021422340978946,0.02831514));
#8083=CARTESIAN_POINT('',(-0.0582645409720623,0.0192354643403307,0.02831514));
#8084=CARTESIAN_POINT('',(-0.0601786014550679,0.020409494169984,0.02831514));
#8085=CARTESIAN_POINT('',(-0.0601435072125312,0.0201216554386764,0.02831514));
#8086=CARTESIAN_POINT('',(-0.0598607380133512,0.0201858763160845,0.02831514));
#8087=CARTESIAN_POINT('',(-0.0599867329840918,0.0199291314778271,0.02831514));
#8088=CARTESIAN_POINT('',(-0.0597007777369344,0.019933847540472,0.02831514));
#8089=CARTESIAN_POINT('',(-0.0601786014550679,0.020409494169984,0.02831514));
#8090=CARTESIAN_POINT('',(-0.0602321142860307,0.0197374141161962,0.02831514));
#8091=CARTESIAN_POINT('',(-0.0572969272075998,0.0252876984343508,0.02831514));
#8092=CARTESIAN_POINT('',(-0.0605767533926063,0.0199338475404721,0.02831514));
#8093=CARTESIAN_POINT('',(-0.0600296496350656,0.0205135155651983,0.02831514));
#8094=CARTESIAN_POINT('',(-0.0606998374434145,0.0209450081398107,0.02831514));
#8095=CARTESIAN_POINT('',(-0.0586116315383788,0.0185305937182537,0.02831514));
#8096=CARTESIAN_POINT('',(-0.0585141653255458,0.0217212834929269,0.02831514));
#8097=CARTESIAN_POINT('',(-0.0585082763311423,0.0178870499883841,0.02831514));
#8098=CARTESIAN_POINT('',(-0.0340099705277149,0.0271139691801006,0.02581514));
#8099=CARTESIAN_POINT('',(-0.0643459705277149,0.0271139691801006,0.02751514));
#8100=CARTESIAN_POINT('',(-0.0643459705277149,0.0271139691801006,0.02651514));
#8101=CARTESIAN_POINT('',(-0.0643459705277149,0.0271139691801006,0.02581514));
#8102=CARTESIAN_POINT('',(-0.0340099705277149,0.0271139691801006,0.02651514));
#8103=CARTESIAN_POINT('',(-0.00367397052771493,0.0271139691801006,0.02651514));
#8104=CARTESIAN_POINT('',(-0.00367397052771493,0.0271139691801006,0.02581514));
#8105=CARTESIAN_POINT('',(-0.00367397052771493,0.0271139691801006,0.));
#8106=CARTESIAN_POINT('',(-0.0340099705277149,0.0271139691801006,0.));
#8107=CARTESIAN_POINT('',(-0.0643459705277149,0.0271139691801006,0.));
#8108=CARTESIAN_POINT('',(-0.0643459705277149,0.0271139691801006,0.02581514));
#8109=CARTESIAN_POINT('',(-0.0621524742092165,0.0271139691801006,0.0127433425938062));
#8110=CARTESIAN_POINT('',(-0.0621524742092165,0.0271139691801006,0.00251173581933155));
#8111=CARTESIAN_POINT('',(-0.0621524742092165,0.0271139691801006,0.0229749493682808));
#8112=CARTESIAN_POINT('',(-0.0338600770718382,0.0271139691801006,0.00251173581933155));
#8113=CARTESIAN_POINT('',(-0.00556767993445987,0.0271139691801006,0.00251173581933155));
#8114=CARTESIAN_POINT('',(-0.00556767993445987,0.0271139691801006,0.0127433425938062));
#8115=CARTESIAN_POINT('',(-0.00556767993445987,0.0271139691801006,0.0229749493682808));
#8116=CARTESIAN_POINT('',(-0.0338600770718382,0.0271139691801006,0.0229749493682808));
#8117=CARTESIAN_POINT('',(-0.0644107705743872,0.0217838630644635,0.02581514));
#8118=CARTESIAN_POINT('',(-0.0644107705743872,0.0217838630644635,0.));
#8119=CARTESIAN_POINT('',(-0.0644755706210596,0.0164537569488266,0.));
#8120=CARTESIAN_POINT('',(-0.0644755706210596,0.0164537569488266,0.02581514));
#8121=CARTESIAN_POINT('',(-0.0644755706210596,0.0164537569488266,0.02581514));
#8122=CARTESIAN_POINT('',(-0.0644107705743872,0.0217838630644635,0.02581514));
#8123=CARTESIAN_POINT('',(-0.0340747705743873,0.0164537569488266,0.02581514));
#8124=CARTESIAN_POINT('',(-0.00367397052771489,0.0164537569488266,0.02581514));
#8125=CARTESIAN_POINT('',(-0.00367397052771489,0.0164537569488266,0.02651514));
#8126=CARTESIAN_POINT('',(-0.00367397052771489,0.0164537569488266,0.));
#8127=CARTESIAN_POINT('',(-0.0340747705743873,0.0164537569488266,0.02651514));
#8128=CARTESIAN_POINT('',(-0.0643459705277149,0.0164537569488266,0.02651514));
#8129=CARTESIAN_POINT('',(-0.0643459705277149,0.0164537569488266,0.02751514));
#8130=CARTESIAN_POINT('',(-0.0643459705277149,0.0164537569488266,0.02581514));
#8131=CARTESIAN_POINT('',(-0.0340747705743873,0.0164537569488266,0.02581514));
#8132=CARTESIAN_POINT('',(-0.0340747705743873,0.0164537569488266,0.));
#8133=CARTESIAN_POINT('',(-0.00367397052771493,0.0217838630644635,0.02581514));
#8134=CARTESIAN_POINT('',(-0.00367397052771493,0.0217838630644635,0.02651514));
#8135=CARTESIAN_POINT('',(-0.00367397052771493,0.0217838630644635,0.));
#8136=CARTESIAN_POINT('',(-0.0340747705743873,0.0217838630644635,0.02581514));
#8137=CARTESIAN_POINT('',(-0.0643459705277149,0.0217838630644635,0.02581514));
#8138=CARTESIAN_POINT('',(-0.0340747705743873,0.0217838630644635,0.));
#8139=CARTESIAN_POINT('',(-0.0338600770718382,0.0179139691801006,0.00251173581933155));
#8140=CARTESIAN_POINT('',(-0.0621524742092165,0.0179139691801006,0.00251173581933155));
#8141=CARTESIAN_POINT('',(-0.0621524742092165,0.0179139691801006,0.00251173581933155));
#8142=CARTESIAN_POINT('',(-0.0338600770718382,0.0179139691801006,0.00251173581933155));
#8143=CARTESIAN_POINT('',(-0.00556767993445987,0.0179139691801006,0.00251173581933155));
#8144=CARTESIAN_POINT('',(-0.00556767993445987,0.0179139691801006,0.00251173581933155));
#8145=CARTESIAN_POINT('',(-0.0621524742092165,0.0179139691801006,0.0127433425938062));
#8146=CARTESIAN_POINT('',(-0.0621524742092165,0.0179139691801006,0.0229749493682808));
#8147=CARTESIAN_POINT('',(-0.0621524742092165,0.0179139691801006,0.0229749493682808));
#8148=CARTESIAN_POINT('',(-0.0621524742092165,0.0179139691801006,0.0127433425938062));
#8149=CARTESIAN_POINT('',(-0.0338600770718382,0.0179139691801006,0.0229749493682808));
#8150=CARTESIAN_POINT('',(-0.00556767993445987,0.0179139691801006,0.0229749493682808));
#8151=CARTESIAN_POINT('',(-0.00556767993445987,0.0179139691801006,0.0229749493682808));
#8152=CARTESIAN_POINT('',(-0.0338600770718382,0.0179139691801006,0.0229749493682808));
#8153=CARTESIAN_POINT('',(-0.00556767993445987,0.0179139691801006,0.0127433425938062));
#8154=CARTESIAN_POINT('',(-0.00556767993445987,0.0179139691801006,0.0127433425938062));
#8155=CARTESIAN_POINT('',(-0.0340099705277149,0.0179139691801006,0.01290757));
#8156=CARTESIAN_POINT('',(-0.0643459705277149,0.0217838630644635,0.02751514));
#8157=CARTESIAN_POINT('',(-0.0643459705277149,0.0271139691801006,0.02651514));
#8158=CARTESIAN_POINT('',(-0.0633459705277149,0.0217838630644635,0.02751514));
#8159=CARTESIAN_POINT('',(-0.0542555705432723,0.0265441569332691,0.0366055399844425));
#8160=CARTESIAN_POINT('',(-0.0632236970737201,0.0175760304028214,0.0276374134539949));
#8161=CARTESIAN_POINT('',(-0.0632236970737201,0.0217838630644635,0.0276374134539949));
#8162=CARTESIAN_POINT('',(-0.0632236970737201,0.0259916957261058,0.0276374134539949));
#8163=CARTESIAN_POINT('',(-0.0619026018225026,0.0246706004748882,0.0289585087052124));
#8164=CARTESIAN_POINT('',(-0.0340099705277149,0.0271139691801006,0.02651514));
#8165=CARTESIAN_POINT('',(-0.0340099705277149,0.0259916957261058,0.0276374134539949));
#8166=CARTESIAN_POINT('',(-0.00479624398170976,0.0259916957261058,0.0276374134539949));
#8167=CARTESIAN_POINT('',(-0.0137859705277149,0.0170019691801006,0.03662714));
#8168=CARTESIAN_POINT('',(-0.0340747705743873,0.0164537569488266,0.02651514));
#8169=CARTESIAN_POINT('',(-0.0138075705432724,0.026587356964384,0.0366487400155575));
#8170=CARTESIAN_POINT('',(-0.00479624398170975,0.0175760304028214,0.0276374134539949));
#8171=CARTESIAN_POINT('',(-0.0340099705277149,0.0175760304028214,0.0276374134539949));
#8172=CARTESIAN_POINT('',(-0.00367397052771493,0.0217838630644635,0.02651514));
#8173=CARTESIAN_POINT('',(-0.00479624398170976,0.0217838630644635,0.0276374134539949));
#8174=CARTESIAN_POINT('',(-0.0340747705743873,0.024906862398914,0.0271080332188135));
#8175=CARTESIAN_POINT('',(-0.00588107730890148,0.024906862398914,0.0271080332188135));
#8176=CARTESIAN_POINT('',(-0.0621388637465283,0.024906862398914,0.0271080332188135));
#8177=CARTESIAN_POINT('',(-0.0621388637465283,0.0217838630644635,0.0271080332188135));
#8178=CARTESIAN_POINT('',(-0.0621388637465283,0.0186608637300131,0.0271080332188135));
#8179=CARTESIAN_POINT('',(-0.00588107730890148,0.0217838630644635,0.0271080332188135));
#8180=CARTESIAN_POINT('',(-0.00588107730890148,0.0186608637300131,0.0271080332188135));
#8181=CARTESIAN_POINT('',(-0.0340747705743873,0.0186608637300131,0.0271080332188135));
#8182=CARTESIAN_POINT('',(-0.00382422370360117,0.018054438328338,0.02875514));
#8183=CARTESIAN_POINT('',(-0.0113478126546261,0.0208512000097128,0.02875514));
#8184=CARTESIAN_POINT('',(-0.0113478126546261,0.0208512000097128,0.02875514));
#8185=CARTESIAN_POINT('',(-0.00382422370360117,0.018054438328338,0.02875514));
#8186=CARTESIAN_POINT('',(-0.0116723992306822,0.0197374141161962,0.02875514));
#8187=CARTESIAN_POINT('',(-0.0116723992306822,0.0197374141161962,0.02875514));
#8188=CARTESIAN_POINT('',(-0.0133730613548843,0.0201777476569628,0.02875514));
#8189=CARTESIAN_POINT('',(-0.0116392338455291,0.021422340978946,0.02875514));
#8190=CARTESIAN_POINT('',(-0.0116392338455291,0.021422340978946,0.02875514));
#8191=CARTESIAN_POINT('',(-0.0133730613548843,0.0201777476569628,0.02875514));
#8192=CARTESIAN_POINT('',(-0.0121486885942537,0.0192354643403307,0.02875514));
#8193=CARTESIAN_POINT('',(-0.0102346281112481,0.020409494169984,0.02875514));
#8194=CARTESIAN_POINT('',(-0.0102346281112481,0.020409494169984,0.02875514));
#8195=CARTESIAN_POINT('',(-0.0121486885942537,0.0192354643403307,0.02875514));
#8196=CARTESIAN_POINT('',(-0.0102697223537848,0.0201216554386764,0.02875514));
#8197=CARTESIAN_POINT('',(-0.0105524915529648,0.0201858763160845,0.02875514));
#8198=CARTESIAN_POINT('',(-0.0105524915529648,0.0201858763160845,0.02875514));
#8199=CARTESIAN_POINT('',(-0.0102697223537848,0.0201216554386764,0.02875514));
#8200=CARTESIAN_POINT('',(-0.0104264965822242,0.0199291314778271,0.02875514));
#8201=CARTESIAN_POINT('',(-0.0107124518293816,0.0199338475404721,0.02875514));
#8202=CARTESIAN_POINT('',(-0.0107124518293816,0.0199338475404721,0.02875514));
#8203=CARTESIAN_POINT('',(-0.0104264965822242,0.0199291314778271,0.02875514));
#8204=CARTESIAN_POINT('',(-0.0102346281112481,0.020409494169984,0.02875514));
#8205=CARTESIAN_POINT('',(-0.0101811152802853,0.0197374141161962,0.02875514));
#8206=CARTESIAN_POINT('',(-0.0101811152802853,0.0197374141161962,0.02875514));
#8207=CARTESIAN_POINT('',(-0.0102346281112481,0.020409494169984,0.02875514));
#8208=CARTESIAN_POINT('',(-0.0131163023587126,0.0252876984343441,0.02875514));
#8209=CARTESIAN_POINT('',(-0.00983647617370972,0.0199338475404721,0.02875514));
#8210=CARTESIAN_POINT('',(-0.00983647617370972,0.0199338475404721,0.02875514));
#8211=CARTESIAN_POINT('',(-0.0131163023587126,0.0252876984343441,0.02875514));
#8212=CARTESIAN_POINT('',(-0.0103835799312504,0.0205135155651983,0.02875514));
#8213=CARTESIAN_POINT('',(-0.00971339212290154,0.0209450081398107,0.02875514));
#8214=CARTESIAN_POINT('',(-0.00971339212290154,0.0209450081398107,0.02875514));
#8215=CARTESIAN_POINT('',(-0.0103835799312504,0.0205135155651983,0.02875514));
#8216=CARTESIAN_POINT('',(-0.0118015980279371,0.0185305937182539,0.02875514));
#8217=CARTESIAN_POINT('',(-0.0118990642407702,0.0217212834929269,0.02875514));
#8218=CARTESIAN_POINT('',(-0.0118990642407702,0.0217212834929269,0.02875514));
#8219=CARTESIAN_POINT('',(-0.0118015980279371,0.0185305937182539,0.02875514));
#8220=CARTESIAN_POINT('',(-0.0119049532351737,0.0178870499883842,0.02875514));
#8221=CARTESIAN_POINT('',(-0.0136424322646885,0.0213050242231627,0.02875514));
#8222=CARTESIAN_POINT('',(-0.0136424322646885,0.0213050242231627,0.02875514));
#8223=CARTESIAN_POINT('',(-0.0119049532351737,0.0178870499883842,0.02875514));
#8224=CARTESIAN_POINT('',(-0.0149213633800783,0.0180840031599981,0.02875514));
#8225=CARTESIAN_POINT('',(-0.0155715406890988,0.0214881052375065,0.02875514));
#8226=CARTESIAN_POINT('',(-0.0155715406890988,0.0214881052375065,0.02875514));
#8227=CARTESIAN_POINT('',(-0.0149213633800783,0.0180840031599981,0.02875514));
#8228=CARTESIAN_POINT('',(-0.0158274407175295,0.0201421920894808,0.02875514));
#8229=CARTESIAN_POINT('',(-0.0171293895226974,0.0205686851554278,0.02875514));
#8230=CARTESIAN_POINT('',(-0.0171293895226974,0.0205686851554278,0.02875514));
#8231=CARTESIAN_POINT('',(-0.0158274407175295,0.0201421920894808,0.02875514));
#8232=CARTESIAN_POINT('',(-0.0167173963181618,0.0200438635235977,0.02875514));
#8233=CARTESIAN_POINT('',(-0.0173805595115306,0.0199704419683069,0.02875514));
#8234=CARTESIAN_POINT('',(-0.0173805595115306,0.0199704419683069,0.02875514));
#8235=CARTESIAN_POINT('',(-0.0167173963181618,0.0200438635235977,0.02875514));
#8236=CARTESIAN_POINT('',(-0.0168902557711175,0.0199338475404721,0.02875514));
#8237=CARTESIAN_POINT('',(-0.0169773191240673,0.0194499499453295,0.02875514));
#8238=CARTESIAN_POINT('',(-0.0169773191240673,0.0194499499453295,0.02875514));
#8239=CARTESIAN_POINT('',(-0.0168902557711175,0.0199338475404721,0.02875514));
#8240=CARTESIAN_POINT('',(-0.0166681912472997,0.0200500027295452,0.02875514));
#8241=CARTESIAN_POINT('',(-0.0163590633705321,0.0194499499453295,0.02875514));
#8242=CARTESIAN_POINT('',(-0.0163590633705321,0.0194499499453295,0.02875514));
#8243=CARTESIAN_POINT('',(-0.0166681912472997,0.0200500027295452,0.02875514));
#8244=CARTESIAN_POINT('',(-0.0164963271092445,0.0195936820307629,0.02875514));
#8245=CARTESIAN_POINT('',(-0.0163590633705321,0.0197374141161962,0.02875514));
#8246=CARTESIAN_POINT('',(-0.0163590633705321,0.0197374141161962,0.02875514));
#8247=CARTESIAN_POINT('',(-0.0164963271092445,0.0195936820307629,0.02875514));
#8248=CARTESIAN_POINT('',(-0.0166442988467744,0.0196421402427471,0.02875514));
#8249=CARTESIAN_POINT('',(-0.0167173963181618,0.0199338475404721,0.02875514));
#8250=CARTESIAN_POINT('',(-0.0167173963181618,0.0199338475404721,0.02875514));
#8251=CARTESIAN_POINT('',(-0.0166442988467744,0.0196421402427471,0.02875514));
#8252=CARTESIAN_POINT('',(-0.0171654873185885,0.0198118086263561,0.02875514));
#8253=CARTESIAN_POINT('',(-0.0168902557711175,0.0201858763160845,0.02875514));
#8254=CARTESIAN_POINT('',(-0.0168902557711175,0.0201858763160845,0.02875514));
#8255=CARTESIAN_POINT('',(-0.0171654873185885,0.0198118086263561,0.02875514));
#8256=CARTESIAN_POINT('',(-0.018977885282526,0.0235434873858682,0.02875514));
#8257=CARTESIAN_POINT('',(-0.0158855408555163,0.0210799218767778,0.02875514));
#8258=CARTESIAN_POINT('',(-0.0158855408555163,0.0210799218767778,0.02875514));
#8259=CARTESIAN_POINT('',(-0.018977885282526,0.0235434873858682,0.02875514));
#8260=CARTESIAN_POINT('',(-0.0149838481951195,0.0207111494581512,0.02875514));
#8261=CARTESIAN_POINT('',(-0.0159475632323597,0.0205686851554278,0.02875514));
#8262=CARTESIAN_POINT('',(-0.0159475632323597,0.0205686851554278,0.02875514));
#8263=CARTESIAN_POINT('',(-0.0149838481951195,0.0207111494581512,0.02875514));
#8264=CARTESIAN_POINT('',(-0.0166584054585312,0.020204647233584,0.02875514));
#8265=CARTESIAN_POINT('',(-0.0160927766034664,0.0196408349621966,0.02875514));
#8266=CARTESIAN_POINT('',(-0.0160927766034664,0.0196408349621966,0.02875514));
#8267=CARTESIAN_POINT('',(-0.0166584054585312,0.020204647233584,0.02875514));
#8268=CARTESIAN_POINT('',(-0.0123850315281857,-0.0173297012569846,0.02875514));
#8269=CARTESIAN_POINT('',(-0.0142691704675639,0.019778491131411,0.02875514));
#8270=CARTESIAN_POINT('',(-0.0142691704675639,0.019778491131411,0.02875514));
#8271=CARTESIAN_POINT('',(-0.0123850315281857,-0.0173297012569846,0.02875514));
#8272=CARTESIAN_POINT('',(-0.0132961472491731,0.0208726029065278,0.02875514));
#8273=CARTESIAN_POINT('',(-0.0136424322646885,0.0194499499453295,0.02875514));
#8274=CARTESIAN_POINT('',(-0.0136424322646885,0.0194499499453295,0.02875514));
#8275=CARTESIAN_POINT('',(-0.0132961472491731,0.0208726029065278,0.02875514));
#8276=CARTESIAN_POINT('',(-0.0126682392828177,0.0181366125646319,0.02875514));
#8277=CARTESIAN_POINT('',(-0.0129412575870423,0.019748868142083,0.02875514));
#8278=CARTESIAN_POINT('',(-0.0129412575870423,0.019748868142083,0.02875514));
#8279=CARTESIAN_POINT('',(-0.0126682392828177,0.0181366125646319,0.02875514));
#8280=CARTESIAN_POINT('',(-0.0123434679348401,0.0156842740400037,0.02875514));
#8281=CARTESIAN_POINT('',(-0.0123434679348401,0.0156842740400037,0.02875514));
#8282=CARTESIAN_POINT('',(-0.0340099705277149,0.0217838630644635,0.02875514));
#8283=CARTESIAN_POINT('',(-0.0554918661862377,0.0180840031599982,0.02875514));
#8284=CARTESIAN_POINT('',(-0.0567707973016275,0.0213050242231627,0.02875514));
#8285=CARTESIAN_POINT('',(-0.0567707973016275,0.0213050242231627,0.02875514));
#8286=CARTESIAN_POINT('',(-0.0554918661862377,0.0180840031599982,0.02875514));
#8287=CARTESIAN_POINT('',(-0.0548416888772172,0.0214881052375065,0.02875514));
#8288=CARTESIAN_POINT('',(-0.0548416888772172,0.0214881052375065,0.02875514));
#8289=CARTESIAN_POINT('',(-0.0585082763311423,0.0178870499883841,0.02875514));
#8290=CARTESIAN_POINT('',(-0.0585141653255458,0.0217212834929269,0.02875514));
#8291=CARTESIAN_POINT('',(-0.0585141653255458,0.0217212834929269,0.02875514));
#8292=CARTESIAN_POINT('',(-0.0585082763311423,0.0178870499883841,0.02875514));
#8293=CARTESIAN_POINT('',(-0.0586116315383788,0.0185305937182537,0.02875514));
#8294=CARTESIAN_POINT('',(-0.0606998374434145,0.0209450081398107,0.02875514));
#8295=CARTESIAN_POINT('',(-0.0606998374434145,0.0209450081398107,0.02875514));
#8296=CARTESIAN_POINT('',(-0.0586116315383788,0.0185305937182537,0.02875514));
#8297=CARTESIAN_POINT('',(-0.0600296496350656,0.0205135155651983,0.02875514));
#8298=CARTESIAN_POINT('',(-0.0605767533926063,0.0199338475404721,0.02875514));
#8299=CARTESIAN_POINT('',(-0.0605767533926063,0.0199338475404721,0.02875514));
#8300=CARTESIAN_POINT('',(-0.0600296496350656,0.0205135155651983,0.02875514));
#8301=CARTESIAN_POINT('',(-0.0572969272075998,0.0252876984343508,0.02875514));
#8302=CARTESIAN_POINT('',(-0.0602321142860307,0.0197374141161962,0.02875514));
#8303=CARTESIAN_POINT('',(-0.0602321142860307,0.0197374141161962,0.02875514));
#8304=CARTESIAN_POINT('',(-0.0572969272075998,0.0252876984343508,0.02875514));
#8305=CARTESIAN_POINT('',(-0.0601786014550679,0.020409494169984,0.02875514));
#8306=CARTESIAN_POINT('',(-0.0597007777369344,0.019933847540472,0.02875514));
#8307=CARTESIAN_POINT('',(-0.0597007777369344,0.019933847540472,0.02875514));
#8308=CARTESIAN_POINT('',(-0.0601786014550679,0.020409494169984,0.02875514));
#8309=CARTESIAN_POINT('',(-0.0599867329840918,0.0199291314778271,0.02875514));
#8310=CARTESIAN_POINT('',(-0.0598607380133512,0.0201858763160845,0.02875514));
#8311=CARTESIAN_POINT('',(-0.0598607380133512,0.0201858763160845,0.02875514));
#8312=CARTESIAN_POINT('',(-0.0599867329840918,0.0199291314778271,0.02875514));
#8313=CARTESIAN_POINT('',(-0.0601435072125312,0.0201216554386764,0.02875514));
#8314=CARTESIAN_POINT('',(-0.0601786014550679,0.020409494169984,0.02875514));
#8315=CARTESIAN_POINT('',(-0.0601786014550679,0.020409494169984,0.02875514));
#8316=CARTESIAN_POINT('',(-0.0601435072125312,0.0201216554386764,0.02875514));
#8317=CARTESIAN_POINT('',(-0.0582645409720623,0.0192354643403307,0.02875514));
#8318=CARTESIAN_POINT('',(-0.0587739957207869,0.021422340978946,0.02875514));
#8319=CARTESIAN_POINT('',(-0.0587739957207869,0.021422340978946,0.02875514));
#8320=CARTESIAN_POINT('',(-0.0582645409720623,0.0192354643403307,0.02875514));
#8321=CARTESIAN_POINT('',(-0.0570401682114317,0.0201777476569628,0.02875514));
#8322=CARTESIAN_POINT('',(-0.0590654169116899,0.0208512000097128,0.02875514));
#8323=CARTESIAN_POINT('',(-0.0590654169116899,0.0208512000097128,0.02875514));
#8324=CARTESIAN_POINT('',(-0.0570401682114317,0.0201777476569628,0.02875514));
#8325=CARTESIAN_POINT('',(-0.0665890058627151,0.0180544383283379,0.02875514));
#8326=CARTESIAN_POINT('',(-0.0587408303356337,0.0197374141161962,0.02875514));
#8327=CARTESIAN_POINT('',(-0.0587408303356337,0.0197374141161962,0.02875514));
#8328=CARTESIAN_POINT('',(-0.0665890058627151,0.0180544383283379,0.02875514));
#8329=CARTESIAN_POINT('',(-0.0580697616314759,0.0156842740400037,0.02875514));
#8330=CARTESIAN_POINT('',(-0.0574719719792737,0.019748868142083,0.02875514));
#8331=CARTESIAN_POINT('',(-0.0574719719792737,0.019748868142083,0.02875514));
#8332=CARTESIAN_POINT('',(-0.0580697616314759,0.0156842740400037,0.02875514));
#8333=CARTESIAN_POINT('',(-0.0577449902834983,0.0181366125646319,0.02875514));
#8334=CARTESIAN_POINT('',(-0.0567707973016275,0.0194499499453294,0.02875514));
#8335=CARTESIAN_POINT('',(-0.0567707973016275,0.0194499499453294,0.02875514));
#8336=CARTESIAN_POINT('',(-0.0577449902834983,0.0181366125646319,0.02875514));
#8337=CARTESIAN_POINT('',(-0.0571170823171429,0.0208726029065278,0.02875514));
#8338=CARTESIAN_POINT('',(-0.0561440590987521,0.0197784911314109,0.02875514));
#8339=CARTESIAN_POINT('',(-0.0561440590987521,0.0197784911314109,0.02875514));
#8340=CARTESIAN_POINT('',(-0.0571170823171429,0.0208726029065278,0.02875514));
#8341=CARTESIAN_POINT('',(-0.0580281980381303,-0.017329701256985,0.02875514));
#8342=CARTESIAN_POINT('',(-0.0543204529628496,0.0196408349621966,0.02875514));
#8343=CARTESIAN_POINT('',(-0.0543204529628496,0.0196408349621966,0.02875514));
#8344=CARTESIAN_POINT('',(-0.0580281980381303,-0.017329701256985,0.02875514));
#8345=CARTESIAN_POINT('',(-0.0537548241077848,0.020204647233584,0.02875514));
#8346=CARTESIAN_POINT('',(-0.0544656663339563,0.0205686851554278,0.02875514));
#8347=CARTESIAN_POINT('',(-0.0544656663339563,0.0205686851554278,0.02875514));
#8348=CARTESIAN_POINT('',(-0.0537548241077848,0.020204647233584,0.02875514));
#8349=CARTESIAN_POINT('',(-0.0554293813711966,0.0207111494581512,0.02875514));
#8350=CARTESIAN_POINT('',(-0.0545276887107997,0.0210799218767778,0.02875514));
#8351=CARTESIAN_POINT('',(-0.0545276887107997,0.0210799218767778,0.02875514));
#8352=CARTESIAN_POINT('',(-0.0554293813711966,0.0207111494581512,0.02875514));
#8353=CARTESIAN_POINT('',(-0.0514353442837899,0.0235434873858683,0.02875514));
#8354=CARTESIAN_POINT('',(-0.0535229737951985,0.0201858763160845,0.02875514));
#8355=CARTESIAN_POINT('',(-0.0535229737951985,0.0201858763160845,0.02875514));
#8356=CARTESIAN_POINT('',(-0.0514353442837899,0.0235434873858683,0.02875514));
#8357=CARTESIAN_POINT('',(-0.0532477422477275,0.0198118086263562,0.02875514));
#8358=CARTESIAN_POINT('',(-0.0536958332481542,0.0199338475404721,0.02875514));
#8359=CARTESIAN_POINT('',(-0.0536958332481542,0.0199338475404721,0.02875514));
#8360=CARTESIAN_POINT('',(-0.0532477422477275,0.0198118086263562,0.02875514));
#8361=CARTESIAN_POINT('',(-0.0537689307195415,0.0196421402427471,0.02875514));
#8362=CARTESIAN_POINT('',(-0.0540541661957839,0.0197374141161962,0.02875514));
#8363=CARTESIAN_POINT('',(-0.0540541661957839,0.0197374141161962,0.02875514));
#8364=CARTESIAN_POINT('',(-0.0537689307195415,0.0196421402427471,0.02875514));
#8365=CARTESIAN_POINT('',(-0.0539169024570715,0.0195936820307628,0.02875514));
#8366=CARTESIAN_POINT('',(-0.0540541661957839,0.0194499499453294,0.02875514));
#8367=CARTESIAN_POINT('',(-0.0540541661957839,0.0194499499453294,0.02875514));
#8368=CARTESIAN_POINT('',(-0.0539169024570715,0.0195936820307628,0.02875514));
#8369=CARTESIAN_POINT('',(-0.0537450383190163,0.0200500027295452,0.02875514));
#8370=CARTESIAN_POINT('',(-0.0534359104422487,0.0194499499453294,0.02875514));
#8371=CARTESIAN_POINT('',(-0.0534359104422487,0.0194499499453294,0.02875514));
#8372=CARTESIAN_POINT('',(-0.0537450383190163,0.0200500027295452,0.02875514));
#8373=CARTESIAN_POINT('',(-0.0535229737951985,0.0199338475404721,0.02875514));
#8374=CARTESIAN_POINT('',(-0.0530326700547854,0.0199704419683069,0.02875514));
#8375=CARTESIAN_POINT('',(-0.0530326700547854,0.0199704419683069,0.02875514));
#8376=CARTESIAN_POINT('',(-0.0535229737951985,0.0199338475404721,0.02875514));
#8377=CARTESIAN_POINT('',(-0.0536958332481543,0.0200438635235976,0.02875514));
#8378=CARTESIAN_POINT('',(-0.0532838400436186,0.0205686851554278,0.02875514));
#8379=CARTESIAN_POINT('',(-0.0532838400436186,0.0205686851554278,0.02875514));
#8380=CARTESIAN_POINT('',(-0.0536958332481543,0.0200438635235976,0.02875514));
#8381=CARTESIAN_POINT('',(-0.0545857888487865,0.0201421920894808,0.02875514));
#8382=CARTESIAN_POINT('',(-0.0545857888487865,0.0201421920894808,0.02875514));
#8383=CARTESIAN_POINT('',(-0.0340099705277149,0.0217838630644635,0.02875514));
#8384=CARTESIAN_POINT('',(0.,0.,0.));
#8385=CARTESIAN_POINT('',(0.0391761904507948,0.0223856563019102,0.02961514));
#8386=CARTESIAN_POINT('',(0.0177933492547219,0.0227378977765781,0.02961514));
#8387=CARTESIAN_POINT('',(0.0181007632910371,0.0227110835006456,0.02961514));
#8388=CARTESIAN_POINT('',(0.0189079510947802,0.0231965225228278,0.02961514));
#8389=CARTESIAN_POINT('',(0.0188722015413758,0.022489241534767,0.02961514));
#8390=CARTESIAN_POINT('',(0.0190373077068766,0.0224200162758506,0.02961514));
#8391=CARTESIAN_POINT('',(0.0177933492547219,0.0227378977765781,0.02961514));
#8392=CARTESIAN_POINT('',(0.0190373077068766,0.0224200162758506,0.02961514));
#8393=CARTESIAN_POINT('',(0.0190373077068766,0.0224200162758506,0.02961514));
#8394=CARTESIAN_POINT('',(0.0192343149907552,0.0223374156037708,0.02961514));
#8395=CARTESIAN_POINT('',(0.0200912950135317,0.0228089783968401,0.02961514));
#8396=CARTESIAN_POINT('',(0.0197392056865311,0.0220396574065817,0.02961514));
#8397=CARTESIAN_POINT('',(0.0198312963467024,0.0218830888881206,0.02961514));
#8398=CARTESIAN_POINT('',(0.0198312963467024,0.0218830888881206,0.02961514));
#8399=CARTESIAN_POINT('',(0.0158531527979107,0.0168558797028797,0.02961514));
#8400=CARTESIAN_POINT('',(0.0199478961680817,0.0217885802836371,0.02961514));
#8401=CARTESIAN_POINT('',(0.0199478961653018,0.0217885802802882,0.02961514));
#8402=CARTESIAN_POINT('',(0.019990611250831,0.0217671221540011,0.02961514));
#8403=CARTESIAN_POINT('',(0.0200225614861403,0.0217550052266604,0.02961514));
#8404=CARTESIAN_POINT('',(0.0200050775466108,0.0217405474672312,0.02961514));
#8405=CARTESIAN_POINT('',(0.0200050775466108,0.0217405474672312,0.02961514));
#8406=CARTESIAN_POINT('',(0.0200035744863661,0.0217394115867845,0.02961514));
#8407=CARTESIAN_POINT('',(0.0200019550348128,0.0217382560098614,0.02961514));
#8408=CARTESIAN_POINT('',(0.0251532512367418,0.0146569767440681,0.02961514));
#8409=CARTESIAN_POINT('',(0.0193070275663898,0.0211763582584471,0.02961514));
#8410=CARTESIAN_POINT('',(0.0186037594922044,0.0238863161009081,0.02961514));
#8411=CARTESIAN_POINT('',(0.0205775295951332,0.0219006955246478,0.02961514));
#8412=CARTESIAN_POINT('',(0.0213626595949881,0.021591499489523,0.02961514));
#8413=CARTESIAN_POINT('',(0.0210628693825185,0.0223802688685662,0.02961514));
#8414=CARTESIAN_POINT('',(0.021276273244371,0.0219325134418518,0.02961514));
#8415=CARTESIAN_POINT('',(0.0217487891362277,0.0220833605908097,0.02961514));
#8416=CARTESIAN_POINT('',(0.021435920959255,0.0218047949358664,0.02961514));
#8417=CARTESIAN_POINT('',(0.0217487891362277,0.0215262292809232,0.02961514));
#8418=CARTESIAN_POINT('',(0.021066157630297,0.0219006955246478,0.02961514));
#8419=CARTESIAN_POINT('',(0.0213517206975369,0.0211763582584471,0.02961514));
#8420=CARTESIAN_POINT('',(0.0191385644455786,0.0288291738345027,0.02961514));
#8421=CARTESIAN_POINT('',(0.0189768078046018,0.0208644088269333,0.02961514));
#8422=CARTESIAN_POINT('',(0.0251532512367422,0.0146569767440679,0.02961514));
#8423=CARTESIAN_POINT('',(0.0185931383248288,0.0204574581996684,0.02961514));
#8424=CARTESIAN_POINT('',(0.0169914140492013,0.0166144222325442,0.02961514));
#8425=CARTESIAN_POINT('',(0.0155978077536246,0.020537725380744,0.02961514));
#8426=CARTESIAN_POINT('',(0.0550154804044293,0.0713141959728843,0.02961514));
#8427=CARTESIAN_POINT('',(0.0150377922478792,0.0209774565804871,0.02961514));
#8428=CARTESIAN_POINT('',(0.0153065147090366,0.0280475245051447,0.02961514));
#8429=CARTESIAN_POINT('',(0.0121002532001084,0.0217405474672312,0.02961514));
#8430=CARTESIAN_POINT('',(0.0124861080101387,0.0225641350326066,0.02961514));
#8431=CARTESIAN_POINT('',(0.0116590621068021,0.0221857496655023,0.02961514));
#8432=CARTESIAN_POINT('',(0.01221334664087,0.0221617824446089,0.02961514));
#8433=CARTESIAN_POINT('',(0.0121002532001084,0.0227049358723261,0.02961514));
#8434=CARTESIAN_POINT('',(0.0123482251317976,0.0220778373754357,0.02961514));
#8435=CARTESIAN_POINT('',(0.0128248445688434,0.0225548871798986,0.02961514));
#8436=CARTESIAN_POINT('',(0.01239654728809,0.022195711199698,0.02961514));
#8437=CARTESIAN_POINT('',(0.0128248445688434,0.0218365352194974,0.02961514));
#8438=CARTESIAN_POINT('',(0.0131209348812415,0.0192576006714757,0.02961514));
#8439=CARTESIAN_POINT('',(0.0143067815271231,0.0215667868070063,0.02961514));
#8440=CARTESIAN_POINT('',(0.0550154804043545,0.0713141959727891,0.02961514));
#8441=CARTESIAN_POINT('',(0.0140490614781433,0.0217788005131072,0.02961514));
#8442=CARTESIAN_POINT('',(0.0140490614781433,0.0217788005131072,0.02961514));
#8443=CARTESIAN_POINT('',(0.0138231395492237,0.0219610802796726,0.02961514));
#8444=CARTESIAN_POINT('',(0.014325299180115,0.0225480639250546,0.02961514));
#8445=CARTESIAN_POINT('',(0.0148344712852422,0.0224063661746796,0.02961514));
#8446=CARTESIAN_POINT('',(0.0150377922478792,0.0224888553630462,0.02961514));
#8447=CARTESIAN_POINT('',(0.0150377922478792,0.0224888553630462,0.02961514));
#8448=CARTESIAN_POINT('',(0.0150377922478792,0.0224888553630462,0.02961514));
#8449=CARTESIAN_POINT('',(0.0152222874161755,0.0225637067531486,0.02961514));
#8450=CARTESIAN_POINT('',(0.015502183574531,0.0229890450963187,0.02961514));
#8451=CARTESIAN_POINT('',(0.0160549235041097,0.022753402440078,0.02961514));
#8452=CARTESIAN_POINT('',(0.0163342133666462,0.0227681879977305,0.02961514));
#8453=CARTESIAN_POINT('',(0.0163342133666462,0.0227681879977305,0.02961514));
#8454=CARTESIAN_POINT('',(0.0169403461243027,0.0168069420931012,0.02961514));
#8455=CARTESIAN_POINT('',(0.0164022158530565,0.0227747109786273,0.02961514));
#8456=CARTESIAN_POINT('',(0.0164022158530565,0.0227747109786273,0.02961514));
#8457=CARTESIAN_POINT('',(0.0166981285992978,0.0228166760306805,0.02961514));
#8458=CARTESIAN_POINT('',(0.0172084209077564,0.0232359359307607,0.02961514));
#8459=CARTESIAN_POINT('',(0.0175203884373906,0.0227880711378268,0.02961514));
#8460=CARTESIAN_POINT('',(0.0177468845360384,0.022744394868689,0.02961514));
#8461=CARTESIAN_POINT('',(0.0177468845360384,0.022744394868689,0.02961514));
#8462=CARTESIAN_POINT('',(0.0169403461243378,0.0168069420934082,0.02961514));
#8463=CARTESIAN_POINT('',(0.0391761904507948,0.0248399121078761,0.02961514));
#8464=CARTESIAN_POINT('',(0.0685444108743883,0.0248399121078761,0.02961514));
#8465=CARTESIAN_POINT('',(0.00996692869278454,0.0248399121078761,0.02961514));
#8466=CARTESIAN_POINT('',(0.00992212857433723,0.0231709047494429,0.02961514));
#8467=CARTESIAN_POINT('',(0.0098351725920679,0.0199314004959444,0.02961514));
#8468=CARTESIAN_POINT('',(0.0391761904507948,0.0199314004959444,0.02961514));
#8469=CARTESIAN_POINT('',(0.0685444108743883,0.0199314004959444,0.02961514));
#8470=CARTESIAN_POINT('',(0.0685444108743883,0.0223856563019102,0.02961514));
#8471=CARTESIAN_POINT('',(0.0517283947761302,0.0146569767440671,0.02961514));
#8472=CARTESIAN_POINT('',(0.0568796909780601,0.0217382560098614,0.02961514));
#8473=CARTESIAN_POINT('',(0.057574618446483,0.0211763582584471,0.02961514));
#8474=CARTESIAN_POINT('',(0.0568780715265068,0.0217394115867845,0.02961514));
#8475=CARTESIAN_POINT('',(0.056876568466262,0.0217405474672312,0.02961514));
#8476=CARTESIAN_POINT('',(0.0578443383059962,0.0224200162758506,0.02961514));
#8477=CARTESIAN_POINT('',(0.0576473310221177,0.0223374156037709,0.02961514));
#8478=CARTESIAN_POINT('',(0.0567903509993412,0.0228089783968401,0.02961514));
#8479=CARTESIAN_POINT('',(0.0572432698857138,0.0218193431552972,0.02961514));
#8480=CARTESIAN_POINT('',(0.0568427049574331,0.021768549764039,0.02961514));
#8481=CARTESIAN_POINT('',(0.056876568466262,0.0217405474672312,0.02961514));
#8482=CARTESIAN_POINT('',(0.0578443383059962,0.0224200162758506,0.02961514));
#8483=CARTESIAN_POINT('',(0.0590882967581509,0.0227378977765781,0.02961514));
#8484=CARTESIAN_POINT('',(0.0587808827218357,0.0227110835006456,0.02961514));
#8485=CARTESIAN_POINT('',(0.0579736949180926,0.0231965225228279,0.02961514));
#8486=CARTESIAN_POINT('',(0.0580094444714971,0.022489241534767,0.02961514));
#8487=CARTESIAN_POINT('',(0.0578443383059962,0.0224200162758506,0.02961514));
#8488=CARTESIAN_POINT('',(0.0590882967581509,0.0227378977765781,0.02961514));
#8489=CARTESIAN_POINT('',(0.0599412998885955,0.0168069420929835,0.02961514));
#8490=CARTESIAN_POINT('',(0.0591347614768344,0.022744394868689,0.02961514));
#8491=CARTESIAN_POINT('',(0.0604794301598164,0.0227747109786273,0.02961514));
#8492=CARTESIAN_POINT('',(0.0601835174135751,0.0228166760306805,0.02961514));
#8493=CARTESIAN_POINT('',(0.0596732251051164,0.0232359359307608,0.02961514));
#8494=CARTESIAN_POINT('',(0.0593612575754822,0.0227880711378267,0.02961514));
#8495=CARTESIAN_POINT('',(0.0591347614768344,0.022744394868689,0.02961514));
#8496=CARTESIAN_POINT('',(0.0604794301598164,0.0227747109786273,0.02961514));
#8497=CARTESIAN_POINT('',(0.059941299888573,0.0168069420931305,0.02961514));
#8498=CARTESIAN_POINT('',(0.0605474326462262,0.0227681879977306,0.02961514));
#8499=CARTESIAN_POINT('',(0.0618438537649937,0.0224888553630462,0.02961514));
#8500=CARTESIAN_POINT('',(0.0616593585966974,0.0225637067531486,0.02961514));
#8501=CARTESIAN_POINT('',(0.0613794624383417,0.0229890450963188,0.02961514));
#8502=CARTESIAN_POINT('',(0.0608267225087628,0.022753402440078,0.02961514));
#8503=CARTESIAN_POINT('',(0.0605474326462262,0.0227681879977306,0.02961514));
#8504=CARTESIAN_POINT('',(0.0618438537649937,0.0224888553630462,0.02961514));
#8505=CARTESIAN_POINT('',(0.0628325845347296,0.0217788005131072,0.02961514));
#8506=CARTESIAN_POINT('',(0.0630585064636492,0.0219610802796726,0.02961514));
#8507=CARTESIAN_POINT('',(0.0625563468327578,0.0225480639250546,0.02961514));
#8508=CARTESIAN_POINT('',(0.0620471747276307,0.0224063661746796,0.02961514));
#8509=CARTESIAN_POINT('',(0.0618438537649937,0.0224888553630462,0.02961514));
#8510=CARTESIAN_POINT('',(0.0628325845347296,0.0217788005131072,0.02961514));
#8511=CARTESIAN_POINT('',(0.0218661656084142,0.0713141959729152,0.02961514));
#8512=CARTESIAN_POINT('',(0.0625748644857494,0.021566786807006,0.02961514));
#8513=CARTESIAN_POINT('',(0.0637607111316314,0.0192576006714758,0.02961514));
#8514=CARTESIAN_POINT('',(0.0640568014440294,0.0218365352194974,0.02961514));
#8515=CARTESIAN_POINT('',(0.0644850987247828,0.022195711199698,0.02961514));
#8516=CARTESIAN_POINT('',(0.0640568014440294,0.0225548871798986,0.02961514));
#8517=CARTESIAN_POINT('',(0.0645334208810752,0.0220778373754357,0.02961514));
#8518=CARTESIAN_POINT('',(0.0647813928127644,0.0227049358723261,0.02961514));
#8519=CARTESIAN_POINT('',(0.0646682993720028,0.0221617824446089,0.02961514));
#8520=CARTESIAN_POINT('',(0.0652225839060707,0.0221857496655023,0.02961514));
#8521=CARTESIAN_POINT('',(0.0643955380027341,0.0225641350326067,0.02961514));
#8522=CARTESIAN_POINT('',(0.0647813928127644,0.0217405474672312,0.02961514));
#8523=CARTESIAN_POINT('',(0.0615751313038362,0.0280475245051447,0.02961514));
#8524=CARTESIAN_POINT('',(0.0618438537649936,0.0209774565804871,0.02961514));
#8525=CARTESIAN_POINT('',(0.021866165608612,0.0713141959726691,0.02961514));
#8526=CARTESIAN_POINT('',(0.0612838382592482,0.0205377253807441,0.02961514));
#8527=CARTESIAN_POINT('',(0.0598902319636716,0.0166144222325442,0.02961514));
#8528=CARTESIAN_POINT('',(0.058288507688044,0.0204574581996684,0.02961514));
#8529=CARTESIAN_POINT('',(0.0517283947761333,0.0146569767440702,0.02961514));
#8530=CARTESIAN_POINT('',(0.0579048382082711,0.0208644088269334,0.02961514));
#8531=CARTESIAN_POINT('',(0.0577430815672942,0.0288291738345028,0.02961514));
#8532=CARTESIAN_POINT('',(0.0555299253153359,0.0211763582584471,0.02961514));
#8533=CARTESIAN_POINT('',(0.0558154883825758,0.0219006955246478,0.02961514));
#8534=CARTESIAN_POINT('',(0.0551328568766451,0.0215262292809232,0.02961514));
#8535=CARTESIAN_POINT('',(0.0554457250536179,0.0218047949358664,0.02961514));
#8536=CARTESIAN_POINT('',(0.0551328568766451,0.0220833605908097,0.02961514));
#8537=CARTESIAN_POINT('',(0.0556053727685018,0.0219325134418518,0.02961514));
#8538=CARTESIAN_POINT('',(0.0558187766303544,0.0223802688685663,0.02961514));
#8539=CARTESIAN_POINT('',(0.0555189864178849,0.021591499489523,0.02961514));
#8540=CARTESIAN_POINT('',(0.0563041164177397,0.0219006955246478,0.02961514));
#8541=CARTESIAN_POINT('',(0.0582778865206685,0.0238863161009081,0.02961514));
#8542=CARTESIAN_POINT('',(0.0392689108743883,0.0258399121078761,0.02581514));
#8543=CARTESIAN_POINT('',(0.00899341087438827,0.0258399121078761,0.02581514));
#8544=CARTESIAN_POINT('',(0.00899341087438827,0.0258399121078761,0.02861514));
#8545=CARTESIAN_POINT('',(0.00899341087438827,0.0258399121078761,0.));
#8546=CARTESIAN_POINT('',(0.0392689108743883,0.0258399121078761,0.02861514));
#8547=CARTESIAN_POINT('',(0.0695444108743883,0.0258399121078761,0.02861514));
#8548=CARTESIAN_POINT('',(0.0695444108743883,0.0258399121078761,0.02581514));
#8549=CARTESIAN_POINT('',(0.0695444108743883,0.0258399121078761,0.));
#8550=CARTESIAN_POINT('',(0.0392689108743883,0.0258399121078761,0.));
#8551=CARTESIAN_POINT('',(0.0108778942294198,0.0258399121078761,0.0133998480715411));
#8552=CARTESIAN_POINT('',(0.0108778942294198,0.0258399121078761,0.00386015309566806));
#8553=CARTESIAN_POINT('',(0.0108778942294198,0.0258399121078761,0.022939543047414));
#8554=CARTESIAN_POINT('',(0.0393298379783487,0.0258399121078761,0.00386015309566806));
#8555=CARTESIAN_POINT('',(0.0677817817272777,0.0258399121078761,0.00386015309566806));
#8556=CARTESIAN_POINT('',(0.0677817817272777,0.0258399121078761,0.0133998480715411));
#8557=CARTESIAN_POINT('',(0.0677817817272777,0.0258399121078761,0.022939543047414));
#8558=CARTESIAN_POINT('',(0.0393298379783487,0.0258399121078761,0.022939543047414));
#8559=CARTESIAN_POINT('',(0.00890069045079478,0.0223856563019102,0.02581514));
#8560=CARTESIAN_POINT('',(0.00880797002720129,0.0189314004959444,0.02581514));
#8561=CARTESIAN_POINT('',(0.00880797002720129,0.0189314004959444,0.02861514));
#8562=CARTESIAN_POINT('',(0.00880797002720129,0.0189314004959444,0.));
#8563=CARTESIAN_POINT('',(0.00890069045079478,0.0223856563019102,0.02861514));
#8564=CARTESIAN_POINT('',(0.00890069045079478,0.0223856563019102,0.));
#8565=CARTESIAN_POINT('',(0.0391761904507948,0.0189314004959444,0.02581514));
#8566=CARTESIAN_POINT('',(0.0695444108743883,0.0189314004959444,0.02581514));
#8567=CARTESIAN_POINT('',(0.0695444108743883,0.0189314004959444,0.02861514));
#8568=CARTESIAN_POINT('',(0.0695444108743883,0.0189314004959444,0.));
#8569=CARTESIAN_POINT('',(0.0391761904507948,0.0189314004959444,0.02861514));
#8570=CARTESIAN_POINT('',(0.0391761904507948,0.0189314004959444,0.));
#8571=CARTESIAN_POINT('',(0.0695444108743883,0.0223856563019102,0.02581514));
#8572=CARTESIAN_POINT('',(0.0695444108743883,0.0223856563019102,0.02861514));
#8573=CARTESIAN_POINT('',(0.0695444108743883,0.0223856563019102,0.));
#8574=CARTESIAN_POINT('',(0.0391761904507948,0.0223856563019102,0.));
#8575=CARTESIAN_POINT('',(0.0393298379783487,0.020439912107876,0.00386015309566806));
#8576=CARTESIAN_POINT('',(0.0108778942294198,0.020439912107876,0.00386015309566806));
#8577=CARTESIAN_POINT('',(0.0108778942294198,0.020439912107876,0.00386015309566806));
#8578=CARTESIAN_POINT('',(0.0393298379783487,0.020439912107876,0.00386015309566806));
#8579=CARTESIAN_POINT('',(0.0677817817272777,0.020439912107876,0.00386015309566806));
#8580=CARTESIAN_POINT('',(0.0677817817272777,0.020439912107876,0.00386015309566806));
#8581=CARTESIAN_POINT('',(0.0108778942294198,0.020439912107876,0.0133998480715411));
#8582=CARTESIAN_POINT('',(0.0108778942294198,0.020439912107876,0.022939543047414));
#8583=CARTESIAN_POINT('',(0.0108778942294198,0.020439912107876,0.022939543047414));
#8584=CARTESIAN_POINT('',(0.0108778942294198,0.020439912107876,0.0133998480715411));
#8585=CARTESIAN_POINT('',(0.0393298379783487,0.020439912107876,0.022939543047414));
#8586=CARTESIAN_POINT('',(0.0677817817272777,0.020439912107876,0.022939543047414));
#8587=CARTESIAN_POINT('',(0.0677817817272777,0.020439912107876,0.022939543047414));
#8588=CARTESIAN_POINT('',(0.0393298379783487,0.020439912107876,0.022939543047414));
#8589=CARTESIAN_POINT('',(0.0677817817272777,0.020439912107876,0.0133998480715411));
#8590=CARTESIAN_POINT('',(0.0677817817272777,0.020439912107876,0.0133998480715411));
#8591=CARTESIAN_POINT('',(0.0392689108743883,0.020439912107876,0.01290757));
#8592=CARTESIAN_POINT('',(0.0695444108743883,0.0223856563019102,0.02861514));
#8593=CARTESIAN_POINT('',(0.0594525775410549,0.0157480787745427,0.0387069733333334));
#8594=CARTESIAN_POINT('',(0.0683929922723997,0.020082819097933,0.0297665586019886));
#8595=CARTESIAN_POINT('',(0.0391761904507948,0.0189314004959444,0.02861514));
#8596=CARTESIAN_POINT('',(0.019296139364865,0.0291418202285175,0.0388255597325732));
#8597=CARTESIAN_POINT('',(0.0392689108743883,0.0258399121078761,0.02861514));
#8598=CARTESIAN_POINT('',(0.0187273899801194,0.015841143804111,0.0386139083037651));
#8599=CARTESIAN_POINT('',(0.00890069045079478,0.0223856563019102,0.02861514));
#8600=CARTESIAN_POINT('',(0.0568780715265068,0.0217394115867845,0.0302151400031016));
#8601=CARTESIAN_POINT('',(0.0568797009758821,0.0217382697706359,0.03021514));
#8602=CARTESIAN_POINT('',(0.0568796909390683,0.0217382560345208,0.030215139750044));
#8603=CARTESIAN_POINT('',(0.0568780715265068,0.0217394115867845,0.03021514));
#8604=CARTESIAN_POINT('',(0.056876568466262,0.0217405474672312,0.03021514));
#8605=CARTESIAN_POINT('',(0.056876568466262,0.0217405474672312,0.03021514));
#8606=CARTESIAN_POINT('',(0.0517283947761302,0.0146569767440671,0.03021514));
#8607=CARTESIAN_POINT('',(0.057574618446483,0.0211763582584471,0.03021514));
#8608=CARTESIAN_POINT('',(0.057574618446483,0.0211763582584471,0.03021514));
#8609=CARTESIAN_POINT('',(0.0517283947761302,0.0146569767440671,0.03021514));
#8610=CARTESIAN_POINT('',(0.0582778865206685,0.0238863161009081,0.03021514));
#8611=CARTESIAN_POINT('',(0.0563041164177397,0.0219006955246478,0.03021514));
#8612=CARTESIAN_POINT('',(0.0563041164177397,0.0219006955246478,0.03021514));
#8613=CARTESIAN_POINT('',(0.0582778865206685,0.0238863161009081,0.03021514));
#8614=CARTESIAN_POINT('',(0.0555189864178849,0.021591499489523,0.03021514));
#8615=CARTESIAN_POINT('',(0.0558187766303544,0.0223802688685663,0.03021514));
#8616=CARTESIAN_POINT('',(0.0558187766303544,0.0223802688685663,0.03021514));
#8617=CARTESIAN_POINT('',(0.0555189864178849,0.021591499489523,0.03021514));
#8618=CARTESIAN_POINT('',(0.0556053727685018,0.0219325134418518,0.03021514));
#8619=CARTESIAN_POINT('',(0.0551328568766451,0.0220833605908097,0.03021514));
#8620=CARTESIAN_POINT('',(0.0551328568766451,0.0220833605908097,0.03021514));
#8621=CARTESIAN_POINT('',(0.0556053727685018,0.0219325134418518,0.03021514));
#8622=CARTESIAN_POINT('',(0.0554457250536179,0.0218047949358664,0.03021514));
#8623=CARTESIAN_POINT('',(0.0551328568766451,0.0215262292809232,0.03021514));
#8624=CARTESIAN_POINT('',(0.0551328568766451,0.0215262292809232,0.03021514));
#8625=CARTESIAN_POINT('',(0.0554457250536179,0.0218047949358664,0.03021514));
#8626=CARTESIAN_POINT('',(0.0558154883825758,0.0219006955246478,0.03021514));
#8627=CARTESIAN_POINT('',(0.0555299253153359,0.0211763582584471,0.03021514));
#8628=CARTESIAN_POINT('',(0.0555299253153359,0.0211763582584471,0.03021514));
#8629=CARTESIAN_POINT('',(0.0558154883825758,0.0219006955246478,0.03021514));
#8630=CARTESIAN_POINT('',(0.0577430815672942,0.0288291738345028,0.03021514));
#8631=CARTESIAN_POINT('',(0.0579048382082711,0.0208644088269334,0.03021514));
#8632=CARTESIAN_POINT('',(0.0579048382082711,0.0208644088269334,0.03021514));
#8633=CARTESIAN_POINT('',(0.0577430815672942,0.0288291738345028,0.03021514));
#8634=CARTESIAN_POINT('',(0.0517283947761333,0.0146569767440702,0.03021514));
#8635=CARTESIAN_POINT('',(0.058288507688044,0.0204574581996684,0.03021514));
#8636=CARTESIAN_POINT('',(0.058288507688044,0.0204574581996684,0.03021514));
#8637=CARTESIAN_POINT('',(0.0517283947761333,0.0146569767440702,0.03021514));
#8638=CARTESIAN_POINT('',(0.0598902319636716,0.0166144222325442,0.03021514));
#8639=CARTESIAN_POINT('',(0.0612838382592482,0.0205377253807441,0.03021514));
#8640=CARTESIAN_POINT('',(0.0612838382592482,0.0205377253807441,0.03021514));
#8641=CARTESIAN_POINT('',(0.0598902319636716,0.0166144222325442,0.03021514));
#8642=CARTESIAN_POINT('',(0.021866165608612,0.0713141959726691,0.03021514));
#8643=CARTESIAN_POINT('',(0.0618438537649936,0.0209774565804871,0.03021514));
#8644=CARTESIAN_POINT('',(0.0618438537649936,0.0209774565804871,0.03021514));
#8645=CARTESIAN_POINT('',(0.021866165608612,0.0713141959726691,0.03021514));
#8646=CARTESIAN_POINT('',(0.0615751313038362,0.0280475245051447,0.03021514));
#8647=CARTESIAN_POINT('',(0.0647813928127644,0.0217405474672312,0.03021514));
#8648=CARTESIAN_POINT('',(0.0647813928127644,0.0217405474672312,0.03021514));
#8649=CARTESIAN_POINT('',(0.0615751313038362,0.0280475245051447,0.03021514));
#8650=CARTESIAN_POINT('',(0.0643955380027341,0.0225641350326067,0.03021514));
#8651=CARTESIAN_POINT('',(0.0652225839060707,0.0221857496655023,0.03021514));
#8652=CARTESIAN_POINT('',(0.0652225839060707,0.0221857496655023,0.03021514));
#8653=CARTESIAN_POINT('',(0.0643955380027341,0.0225641350326067,0.03021514));
#8654=CARTESIAN_POINT('',(0.0646682993720028,0.0221617824446089,0.03021514));
#8655=CARTESIAN_POINT('',(0.0647813928127644,0.0227049358723261,0.03021514));
#8656=CARTESIAN_POINT('',(0.0647813928127644,0.0227049358723261,0.03021514));
#8657=CARTESIAN_POINT('',(0.0646682993720028,0.0221617824446089,0.03021514));
#8658=CARTESIAN_POINT('',(0.0645334208810752,0.0220778373754357,0.03021514));
#8659=CARTESIAN_POINT('',(0.0640568014440294,0.0225548871798986,0.03021514));
#8660=CARTESIAN_POINT('',(0.0640568014440294,0.0225548871798986,0.03021514));
#8661=CARTESIAN_POINT('',(0.0645334208810752,0.0220778373754357,0.03021514));
#8662=CARTESIAN_POINT('',(0.0644850987247828,0.022195711199698,0.03021514));
#8663=CARTESIAN_POINT('',(0.0640568014440294,0.0218365352194974,0.03021514));
#8664=CARTESIAN_POINT('',(0.0640568014440294,0.0218365352194974,0.03021514));
#8665=CARTESIAN_POINT('',(0.0644850987247828,0.022195711199698,0.03021514));
#8666=CARTESIAN_POINT('',(0.0637607111316314,0.0192576006714758,0.03021514));
#8667=CARTESIAN_POINT('',(0.0625748644857494,0.021566786807006,0.03021514));
#8668=CARTESIAN_POINT('',(0.0625748644857494,0.021566786807006,0.03021514));
#8669=CARTESIAN_POINT('',(0.0637607111316314,0.0192576006714758,0.03021514));
#8670=CARTESIAN_POINT('',(0.0218661656084142,0.0713141959729152,0.03021514));
#8671=CARTESIAN_POINT('',(0.0628325845347296,0.0217788005131072,0.03021514));
#8672=CARTESIAN_POINT('',(0.0628325845347296,0.0217788005131072,0.03021514));
#8673=CARTESIAN_POINT('',(0.0218661656084142,0.0713141959729152,0.03021514));
#8674=CARTESIAN_POINT('',(0.0628325845347296,0.0217788005131072,0.03021514));
#8675=CARTESIAN_POINT('',(0.0628325845347296,0.0217788005131072,0.02961514));
#8676=CARTESIAN_POINT('',(0.0630679426427302,0.0219686936376515,0.03021514));
#8677=CARTESIAN_POINT('',(0.0630679426427302,0.0219686936376515,0.02961514));
#8678=CARTESIAN_POINT('',(0.0625352755222771,0.0225510485785961,0.03021514));
#8679=CARTESIAN_POINT('',(0.0625352755222771,0.0225510485785961,0.02961514));
#8680=CARTESIAN_POINT('',(0.0620393372366613,0.022409545916997,0.03021514));
#8681=CARTESIAN_POINT('',(0.0620393372366613,0.022409545916997,0.02961514));
#8682=CARTESIAN_POINT('',(0.0618438537649937,0.0224888553630462,0.03021514));
#8683=CARTESIAN_POINT('',(0.0618438537649937,0.0224888553630462,0.02961514));
#8684=CARTESIAN_POINT('',(0.0618438537649937,0.0224888553630462,0.03021514));
#8685=CARTESIAN_POINT('',(0.0618438537649937,0.0224888553630462,0.03021514));
#8686=CARTESIAN_POINT('',(0.0628325845347296,0.0217788005131072,0.03021514));
#8687=CARTESIAN_POINT('',(0.0630585064636492,0.0219610802796726,0.03021514));
#8688=CARTESIAN_POINT('',(0.0625563468327578,0.0225480639250546,0.03021514));
#8689=CARTESIAN_POINT('',(0.0620471747276307,0.0224063661746796,0.03021514));
#8690=CARTESIAN_POINT('',(0.0618438537649937,0.0224888553630462,0.03021514));
#8691=CARTESIAN_POINT('',(0.0618438537649937,0.0224888553630462,0.03021514));
#8692=CARTESIAN_POINT('',(0.0618438537649937,0.0224888553630462,0.02961514));
#8693=CARTESIAN_POINT('',(0.0616509958003032,0.0225670996167181,0.03021514));
#8694=CARTESIAN_POINT('',(0.0616509958003032,0.0225670996167181,0.02961514));
#8695=CARTESIAN_POINT('',(0.0613711503944152,0.022990578430646,0.03021514));
#8696=CARTESIAN_POINT('',(0.0613711503944152,0.022990578430646,0.02961514));
#8697=CARTESIAN_POINT('',(0.060815115136627,0.0227540169323776,0.03021514));
#8698=CARTESIAN_POINT('',(0.060815115136627,0.0227540169323776,0.02961514));
#8699=CARTESIAN_POINT('',(0.0605474326462262,0.0227681879977306,0.03021514));
#8700=CARTESIAN_POINT('',(0.0605474326462262,0.0227681879977306,0.02961514));
#8701=CARTESIAN_POINT('',(0.0605474326462262,0.0227681879977306,0.03021514));
#8702=CARTESIAN_POINT('',(0.0605474326462262,0.0227681879977306,0.03021514));
#8703=CARTESIAN_POINT('',(0.0618438537649937,0.0224888553630462,0.03021514));
#8704=CARTESIAN_POINT('',(0.0616593585966974,0.0225637067531486,0.03021514));
#8705=CARTESIAN_POINT('',(0.0613794624383417,0.0229890450963188,0.03021514));
#8706=CARTESIAN_POINT('',(0.0608267225087628,0.022753402440078,0.03021514));
#8707=CARTESIAN_POINT('',(0.0605474326462262,0.0227681879977306,0.03021514));
#8708=CARTESIAN_POINT('',(0.059941299888573,0.0168069420931305,0.03021514));
#8709=CARTESIAN_POINT('',(0.0604794301598164,0.0227747109786273,0.03021514));
#8710=CARTESIAN_POINT('',(0.0604794301598164,0.0227747109786273,0.03021514));
#8711=CARTESIAN_POINT('',(0.059941299888573,0.0168069420931305,0.03021514));
#8712=CARTESIAN_POINT('',(0.0604794301598164,0.0227747109786273,0.03021514));
#8713=CARTESIAN_POINT('',(0.0604794301598164,0.0227747109786273,0.02961514));
#8714=CARTESIAN_POINT('',(0.0602077068387159,0.0228132455921541,0.03021514));
#8715=CARTESIAN_POINT('',(0.0602077068387159,0.0228132455921541,0.02961514));
#8716=CARTESIAN_POINT('',(0.0596874046611131,0.0232338387940798,0.03021514));
#8717=CARTESIAN_POINT('',(0.0596874046611131,0.0232338387940798,0.02961514));
#8718=CARTESIAN_POINT('',(0.0593833911519836,0.0227923392556884,0.03021514));
#8719=CARTESIAN_POINT('',(0.0593833911519836,0.0227923392556884,0.02961514));
#8720=CARTESIAN_POINT('',(0.0591347614768344,0.022744394868689,0.03021514));
#8721=CARTESIAN_POINT('',(0.0591347614768344,0.022744394868689,0.02961514));
#8722=CARTESIAN_POINT('',(0.0591347614768344,0.022744394868689,0.03021514));
#8723=CARTESIAN_POINT('',(0.0591347614768344,0.022744394868689,0.03021514));
#8724=CARTESIAN_POINT('',(0.0604794301598164,0.0227747109786273,0.03021514));
#8725=CARTESIAN_POINT('',(0.0601835174135751,0.0228166760306805,0.03021514));
#8726=CARTESIAN_POINT('',(0.0596732251051164,0.0232359359307608,0.03021514));
#8727=CARTESIAN_POINT('',(0.0593612575754822,0.0227880711378267,0.03021514));
#8728=CARTESIAN_POINT('',(0.0591347614768344,0.022744394868689,0.03021514));
#8729=CARTESIAN_POINT('',(0.0599412998885955,0.0168069420929835,0.03021514));
#8730=CARTESIAN_POINT('',(0.0590882967581509,0.0227378977765781,0.03021514));
#8731=CARTESIAN_POINT('',(0.0590882967581509,0.0227378977765781,0.03021514));
#8732=CARTESIAN_POINT('',(0.0599412998885955,0.0168069420929835,0.03021514));
#8733=CARTESIAN_POINT('',(0.0590882967581509,0.0227378977765781,0.03021514));
#8734=CARTESIAN_POINT('',(0.0590882967581509,0.0227378977765781,0.02961514));
#8735=CARTESIAN_POINT('',(0.0589539594402865,0.0227261801661774,0.03021514));
#8736=CARTESIAN_POINT('',(0.0589539594402865,0.0227261801661774,0.02961514));
#8737=CARTESIAN_POINT('',(0.058628684947085,0.0228156498025902,0.03021514));
#8738=CARTESIAN_POINT('',(0.058628684947085,0.0228156498025902,0.02961514));
#8739=CARTESIAN_POINT('',(0.0581651720626229,0.0229712621343414,0.03021514));
#8740=CARTESIAN_POINT('',(0.0581651720626229,0.0229712621343414,0.02961514));
#8741=CARTESIAN_POINT('',(0.0580051701547252,0.0227084858027065,0.03021514));
#8742=CARTESIAN_POINT('',(0.0580051701547252,0.0227084858027065,0.02961514));
#8743=CARTESIAN_POINT('',(0.0579407999005949,0.0224604604278986,0.03021514));
#8744=CARTESIAN_POINT('',(0.0579407999005949,0.0224604604278986,0.02961514));
#8745=CARTESIAN_POINT('',(0.0578443383059962,0.0224200162758506,0.03021514));
#8746=CARTESIAN_POINT('',(0.0578443383059962,0.0224200162758506,0.02961514));
#8747=CARTESIAN_POINT('',(0.0578443383059962,0.0224200162758506,0.03021514));
#8748=CARTESIAN_POINT('',(0.0578443383059962,0.0224200162758506,0.03021514));
#8749=CARTESIAN_POINT('',(0.0590882967581509,0.0227378977765781,0.03021514));
#8750=CARTESIAN_POINT('',(0.0587808827218357,0.0227110835006456,0.03021514));
#8751=CARTESIAN_POINT('',(0.0579736949180926,0.0231965225228279,0.03021514));
#8752=CARTESIAN_POINT('',(0.0580094444714971,0.022489241534767,0.03021514));
#8753=CARTESIAN_POINT('',(0.0578443383059962,0.0224200162758506,0.03021514));
#8754=CARTESIAN_POINT('',(0.0578443383059962,0.0224200162758506,0.03021514));
#8755=CARTESIAN_POINT('',(0.0578443383059962,0.0224200162758506,0.02961514));
#8756=CARTESIAN_POINT('',(0.0577247085647597,0.0223698582470086,0.03021514));
#8757=CARTESIAN_POINT('',(0.0577247085647597,0.0223698582470086,0.02961514));
#8758=CARTESIAN_POINT('',(0.0574047796163502,0.0224766649924809,0.03021514));
#8759=CARTESIAN_POINT('',(0.0574047796163502,0.0224766649924809,0.02961514));
#8760=CARTESIAN_POINT('',(0.0570880820614755,0.0225367803609207,0.03021514));
#8761=CARTESIAN_POINT('',(0.0570880820614755,0.0225367803609207,0.02961514));
#8762=CARTESIAN_POINT('',(0.0570033740092445,0.0223612879926273,0.03021514));
#8763=CARTESIAN_POINT('',(0.0570033740092445,0.0223612879926273,0.02961514));
#8764=CARTESIAN_POINT('',(0.0571938380556682,0.0218295478613413,0.03021514));
#8765=CARTESIAN_POINT('',(0.0571938380556682,0.0218295478613413,0.02961514));
#8766=CARTESIAN_POINT('',(0.0568385403750877,0.0217719935262169,0.03021514));
#8767=CARTESIAN_POINT('',(0.0568385403750877,0.0217719935262169,0.02961514));
#8768=CARTESIAN_POINT('',(0.056876568466262,0.0217405474672312,0.03021514));
#8769=CARTESIAN_POINT('',(0.056876568466262,0.0217405474672312,0.02961514));
#8770=CARTESIAN_POINT('',(0.0578443383059962,0.0224200162758506,0.03021514));
#8771=CARTESIAN_POINT('',(0.0576473310221177,0.0223374156037709,0.03021514));
#8772=CARTESIAN_POINT('',(0.0567903509993412,0.0228089783968401,0.03021514));
#8773=CARTESIAN_POINT('',(0.0572432698857138,0.0218193431552972,0.03021514));
#8774=CARTESIAN_POINT('',(0.0568427049574331,0.021768549764039,0.03021514));
#8775=CARTESIAN_POINT('',(0.056876568466262,0.0217405474672312,0.03021514));
#8776=CARTESIAN_POINT('',(0.0391897917332281,0.0223856563019102,0.03021514));
#8777=CARTESIAN_POINT('',(0.0177933492547219,0.0227378977765781,0.03021514));
#8778=CARTESIAN_POINT('',(0.0177933492547219,0.0227378977765781,0.02961514));
#8779=CARTESIAN_POINT('',(0.0179276865725863,0.0227261801661774,0.03021514));
#8780=CARTESIAN_POINT('',(0.0179276865725863,0.0227261801661774,0.02961514));
#8781=CARTESIAN_POINT('',(0.0182529610657879,0.0228156498025901,0.03021514));
#8782=CARTESIAN_POINT('',(0.0182529610657879,0.0228156498025901,0.02961514));
#8783=CARTESIAN_POINT('',(0.0187164739502499,0.0229712621343413,0.03021514));
#8784=CARTESIAN_POINT('',(0.0187164739502499,0.0229712621343413,0.02961514));
#8785=CARTESIAN_POINT('',(0.0188764758581477,0.0227084858027065,0.03021514));
#8786=CARTESIAN_POINT('',(0.0188764758581477,0.0227084858027065,0.02961514));
#8787=CARTESIAN_POINT('',(0.0189408461122779,0.0224604604278986,0.03021514));
#8788=CARTESIAN_POINT('',(0.0189408461122779,0.0224604604278986,0.02961514));
#8789=CARTESIAN_POINT('',(0.0190373077068766,0.0224200162758506,0.03021514));
#8790=CARTESIAN_POINT('',(0.0190373077068766,0.0224200162758506,0.02961514));
#8791=CARTESIAN_POINT('',(0.0177933492547219,0.0227378977765781,0.03021514));
#8792=CARTESIAN_POINT('',(0.0177933492547219,0.0227378977765781,0.03021514));
#8793=CARTESIAN_POINT('',(0.0177933492547219,0.0227378977765781,0.03021514));
#8794=CARTESIAN_POINT('',(0.0181007632910371,0.0227110835006456,0.03021514));
#8795=CARTESIAN_POINT('',(0.0189079510947802,0.0231965225228278,0.03021514));
#8796=CARTESIAN_POINT('',(0.0188722015413758,0.022489241534767,0.03021514));
#8797=CARTESIAN_POINT('',(0.0190373077068766,0.0224200162758506,0.03021514));
#8798=CARTESIAN_POINT('',(0.0190373077068766,0.0224200162758506,0.03021514));
#8799=CARTESIAN_POINT('',(0.0190373077068766,0.0224200162758506,0.03021514));
#8800=CARTESIAN_POINT('',(0.0169403461243378,0.0168069420934082,0.03021514));
#8801=CARTESIAN_POINT('',(0.0177468845360384,0.022744394868689,0.03021514));
#8802=CARTESIAN_POINT('',(0.0177468845360384,0.022744394868689,0.03021514));
#8803=CARTESIAN_POINT('',(0.0169403461243378,0.0168069420934082,0.03021514));
#8804=CARTESIAN_POINT('',(0.0164022158530565,0.0227747109786273,0.03021514));
#8805=CARTESIAN_POINT('',(0.0164022158530565,0.0227747109786273,0.02961514));
#8806=CARTESIAN_POINT('',(0.016673939174157,0.0228132455921541,0.03021514));
#8807=CARTESIAN_POINT('',(0.016673939174157,0.0228132455921541,0.02961514));
#8808=CARTESIAN_POINT('',(0.0171942413517596,0.0232338387940798,0.03021514));
#8809=CARTESIAN_POINT('',(0.0171942413517596,0.0232338387940798,0.02961514));
#8810=CARTESIAN_POINT('',(0.0174982548608891,0.0227923392556885,0.03021514));
#8811=CARTESIAN_POINT('',(0.0174982548608891,0.0227923392556885,0.02961514));
#8812=CARTESIAN_POINT('',(0.0177468845360384,0.022744394868689,0.03021514));
#8813=CARTESIAN_POINT('',(0.0177468845360384,0.022744394868689,0.02961514));
#8814=CARTESIAN_POINT('',(0.0164022158530565,0.0227747109786273,0.03021514));
#8815=CARTESIAN_POINT('',(0.0164022158530565,0.0227747109786273,0.03021514));
#8816=CARTESIAN_POINT('',(0.0164022158530565,0.0227747109786273,0.03021514));
#8817=CARTESIAN_POINT('',(0.0166981285992978,0.0228166760306805,0.03021514));
#8818=CARTESIAN_POINT('',(0.0172084209077564,0.0232359359307607,0.03021514));
#8819=CARTESIAN_POINT('',(0.0175203884373906,0.0227880711378268,0.03021514));
#8820=CARTESIAN_POINT('',(0.0177468845360384,0.022744394868689,0.03021514));
#8821=CARTESIAN_POINT('',(0.0169403461243027,0.0168069420931012,0.03021514));
#8822=CARTESIAN_POINT('',(0.0163342133666462,0.0227681879977305,0.03021514));
#8823=CARTESIAN_POINT('',(0.0163342133666462,0.0227681879977305,0.03021514));
#8824=CARTESIAN_POINT('',(0.0169403461243027,0.0168069420931012,0.03021514));
#8825=CARTESIAN_POINT('',(0.0150377922478792,0.0224888553630462,0.03021514));
#8826=CARTESIAN_POINT('',(0.0150377922478792,0.0224888553630462,0.02961514));
#8827=CARTESIAN_POINT('',(0.0152306502125696,0.0225670996167181,0.03021514));
#8828=CARTESIAN_POINT('',(0.0152306502125696,0.0225670996167181,0.02961514));
#8829=CARTESIAN_POINT('',(0.0155104956184575,0.0229905784306459,0.03021514));
#8830=CARTESIAN_POINT('',(0.0155104956184575,0.0229905784306459,0.02961514));
#8831=CARTESIAN_POINT('',(0.0160665308762454,0.0227540169323777,0.03021514));
#8832=CARTESIAN_POINT('',(0.0160665308762454,0.0227540169323777,0.02961514));
#8833=CARTESIAN_POINT('',(0.0163342133666462,0.0227681879977305,0.03021514));
#8834=CARTESIAN_POINT('',(0.0163342133666462,0.0227681879977305,0.02961514));
#8835=CARTESIAN_POINT('',(0.0150377922478792,0.0224888553630462,0.03021514));
#8836=CARTESIAN_POINT('',(0.0150377922478792,0.0224888553630462,0.03021514));
#8837=CARTESIAN_POINT('',(0.0150377922478792,0.0224888553630462,0.03021514));
#8838=CARTESIAN_POINT('',(0.0152222874161755,0.0225637067531486,0.03021514));
#8839=CARTESIAN_POINT('',(0.015502183574531,0.0229890450963187,0.03021514));
#8840=CARTESIAN_POINT('',(0.0160549235041097,0.022753402440078,0.03021514));
#8841=CARTESIAN_POINT('',(0.0163342133666462,0.0227681879977305,0.03021514));
#8842=CARTESIAN_POINT('',(0.0140490614781433,0.0217788005131072,0.03021514));
#8843=CARTESIAN_POINT('',(0.0140490614781433,0.0217788005131072,0.02961514));
#8844=CARTESIAN_POINT('',(0.0138137033701426,0.0219686936376515,0.03021514));
#8845=CARTESIAN_POINT('',(0.0138137033701426,0.0219686936376515,0.02961514));
#8846=CARTESIAN_POINT('',(0.0143463704905957,0.0225510485785961,0.03021514));
#8847=CARTESIAN_POINT('',(0.0143463704905957,0.0225510485785961,0.02961514));
#8848=CARTESIAN_POINT('',(0.0148423087762116,0.0224095459169969,0.03021514));
#8849=CARTESIAN_POINT('',(0.0148423087762116,0.0224095459169969,0.02961514));
#8850=CARTESIAN_POINT('',(0.0150377922478792,0.0224888553630462,0.03021514));
#8851=CARTESIAN_POINT('',(0.0150377922478792,0.0224888553630462,0.02961514));
#8852=CARTESIAN_POINT('',(0.0140490614781433,0.0217788005131072,0.03021514));
#8853=CARTESIAN_POINT('',(0.0140490614781433,0.0217788005131072,0.03021514));
#8854=CARTESIAN_POINT('',(0.0140490614781433,0.0217788005131072,0.03021514));
#8855=CARTESIAN_POINT('',(0.0138231395492237,0.0219610802796726,0.03021514));
#8856=CARTESIAN_POINT('',(0.014325299180115,0.0225480639250546,0.03021514));
#8857=CARTESIAN_POINT('',(0.0148344712852422,0.0224063661746796,0.03021514));
#8858=CARTESIAN_POINT('',(0.0150377922478792,0.0224888553630462,0.03021514));
#8859=CARTESIAN_POINT('',(0.0550154804043545,0.0713141959727891,0.03021514));
#8860=CARTESIAN_POINT('',(0.0143067815271231,0.0215667868070063,0.03021514));
#8861=CARTESIAN_POINT('',(0.0143067815271231,0.0215667868070063,0.03021514));
#8862=CARTESIAN_POINT('',(0.0550154804043545,0.0713141959727891,0.03021514));
#8863=CARTESIAN_POINT('',(0.0131209348812415,0.0192576006714757,0.03021514));
#8864=CARTESIAN_POINT('',(0.0128248445688435,0.0218365352194974,0.03021514));
#8865=CARTESIAN_POINT('',(0.0128248445688435,0.0218365352194974,0.03021514));
#8866=CARTESIAN_POINT('',(0.0131209348812415,0.0192576006714757,0.03021514));
#8867=CARTESIAN_POINT('',(0.01239654728809,0.022195711199698,0.03021514));
#8868=CARTESIAN_POINT('',(0.0128248445688434,0.0225548871798986,0.03021514));
#8869=CARTESIAN_POINT('',(0.0128248445688434,0.0225548871798986,0.03021514));
#8870=CARTESIAN_POINT('',(0.01239654728809,0.022195711199698,0.03021514));
#8871=CARTESIAN_POINT('',(0.0123482251317976,0.0220778373754357,0.03021514));
#8872=CARTESIAN_POINT('',(0.0121002532001084,0.0227049358723261,0.03021514));
#8873=CARTESIAN_POINT('',(0.0121002532001084,0.0227049358723261,0.03021514));
#8874=CARTESIAN_POINT('',(0.0123482251317976,0.0220778373754357,0.03021514));
#8875=CARTESIAN_POINT('',(0.01221334664087,0.0221617824446089,0.03021514));
#8876=CARTESIAN_POINT('',(0.0116590621068021,0.0221857496655023,0.03021514));
#8877=CARTESIAN_POINT('',(0.0116590621068021,0.0221857496655023,0.03021514));
#8878=CARTESIAN_POINT('',(0.01221334664087,0.0221617824446089,0.03021514));
#8879=CARTESIAN_POINT('',(0.0124861080101387,0.0225641350326066,0.03021514));
#8880=CARTESIAN_POINT('',(0.0121002532001084,0.0217405474672312,0.03021514));
#8881=CARTESIAN_POINT('',(0.0121002532001084,0.0217405474672312,0.03021514));
#8882=CARTESIAN_POINT('',(0.0124861080101387,0.0225641350326066,0.03021514));
#8883=CARTESIAN_POINT('',(0.0153065147090366,0.0280475245051447,0.03021514));
#8884=CARTESIAN_POINT('',(0.0150377922478792,0.0209774565804871,0.03021514));
#8885=CARTESIAN_POINT('',(0.0150377922478792,0.0209774565804871,0.03021514));
#8886=CARTESIAN_POINT('',(0.0153065147090366,0.0280475245051447,0.03021514));
#8887=CARTESIAN_POINT('',(0.0550154804044293,0.0713141959728843,0.03021514));
#8888=CARTESIAN_POINT('',(0.0155978077536246,0.0205377253807441,0.03021514));
#8889=CARTESIAN_POINT('',(0.0155978077536246,0.0205377253807441,0.03021514));
#8890=CARTESIAN_POINT('',(0.0550154804044293,0.0713141959728843,0.03021514));
#8891=CARTESIAN_POINT('',(0.0169914140492013,0.0166144222325442,0.03021514));
#8892=CARTESIAN_POINT('',(0.0185931383248288,0.0204574581996684,0.03021514));
#8893=CARTESIAN_POINT('',(0.0185931383248288,0.0204574581996684,0.03021514));
#8894=CARTESIAN_POINT('',(0.0169914140492013,0.0166144222325442,0.03021514));
#8895=CARTESIAN_POINT('',(0.0251532512367422,0.0146569767440679,0.03021514));
#8896=CARTESIAN_POINT('',(0.0189768078046018,0.0208644088269333,0.03021514));
#8897=CARTESIAN_POINT('',(0.0189768078046018,0.0208644088269333,0.03021514));
#8898=CARTESIAN_POINT('',(0.0251532512367422,0.0146569767440679,0.03021514));
#8899=CARTESIAN_POINT('',(0.0191385644455786,0.0288291738345027,0.03021514));
#8900=CARTESIAN_POINT('',(0.0213517206975369,0.0211763582584471,0.03021514));
#8901=CARTESIAN_POINT('',(0.0213517206975369,0.0211763582584471,0.03021514));
#8902=CARTESIAN_POINT('',(0.0191385644455786,0.0288291738345027,0.03021514));
#8903=CARTESIAN_POINT('',(0.021066157630297,0.0219006955246478,0.03021514));
#8904=CARTESIAN_POINT('',(0.0217487891362277,0.0215262292809232,0.03021514));
#8905=CARTESIAN_POINT('',(0.0217487891362277,0.0215262292809232,0.03021514));
#8906=CARTESIAN_POINT('',(0.021066157630297,0.0219006955246478,0.03021514));
#8907=CARTESIAN_POINT('',(0.021435920959255,0.0218047949358664,0.03021514));
#8908=CARTESIAN_POINT('',(0.0217487891362277,0.0220833605908097,0.03021514));
#8909=CARTESIAN_POINT('',(0.0217487891362277,0.0220833605908097,0.03021514));
#8910=CARTESIAN_POINT('',(0.021435920959255,0.0218047949358664,0.03021514));
#8911=CARTESIAN_POINT('',(0.021276273244371,0.0219325134418518,0.03021514));
#8912=CARTESIAN_POINT('',(0.0210628693825185,0.0223802688685662,0.03021514));
#8913=CARTESIAN_POINT('',(0.0210628693825185,0.0223802688685662,0.03021514));
#8914=CARTESIAN_POINT('',(0.021276273244371,0.0219325134418518,0.03021514));
#8915=CARTESIAN_POINT('',(0.0213626595949881,0.021591499489523,0.03021514));
#8916=CARTESIAN_POINT('',(0.0205775295951332,0.0219006955246478,0.03021514));
#8917=CARTESIAN_POINT('',(0.0205775295951332,0.0219006955246478,0.03021514));
#8918=CARTESIAN_POINT('',(0.0213626595949881,0.021591499489523,0.03021514));
#8919=CARTESIAN_POINT('',(0.0186037594922044,0.0238863161009081,0.03021514));
#8920=CARTESIAN_POINT('',(0.0193070275663898,0.0211763582584471,0.03021514));
#8921=CARTESIAN_POINT('',(0.0193070275663898,0.0211763582584471,0.03021514));
#8922=CARTESIAN_POINT('',(0.0186037594922044,0.0238863161009081,0.03021514));
#8923=CARTESIAN_POINT('',(0.0251532512367418,0.0146569767440681,0.03021514));
#8924=CARTESIAN_POINT('',(0.0200019450369908,0.0217382697706359,0.03021514));
#8925=CARTESIAN_POINT('',(0.0200019550348128,0.0217382560098614,0.03021514));
#8926=CARTESIAN_POINT('',(0.0251532512367418,0.0146569767440681,0.03021514));
#8927=CARTESIAN_POINT('',(0.0200035744863661,0.0217394115867845,0.0302151400031016));
#8928=CARTESIAN_POINT('',(0.0200050775466108,0.0217405474672312,0.03021514));
#8929=CARTESIAN_POINT('',(0.0200050775466108,0.0217405474672312,0.03021514));
#8930=CARTESIAN_POINT('',(0.0200035744863661,0.0217394115867845,0.03021514));
#8931=CARTESIAN_POINT('',(0.0199478961653018,0.0217885802802882,0.03021514));
#8932=CARTESIAN_POINT('',(0.0199478961653018,0.0217885802802882,0.02961514));
#8933=CARTESIAN_POINT('',(0.019990611250831,0.0217671221540011,0.03021514));
#8934=CARTESIAN_POINT('',(0.019990611250831,0.0217671221540011,0.02961514));
#8935=CARTESIAN_POINT('',(0.0200225614861403,0.0217550052266604,0.03021514));
#8936=CARTESIAN_POINT('',(0.0200225614861403,0.0217550052266604,0.02961514));
#8937=CARTESIAN_POINT('',(0.0200050775466108,0.0217405474672312,0.03021514));
#8938=CARTESIAN_POINT('',(0.0200050775466108,0.0217405474672312,0.02961514));
#8939=CARTESIAN_POINT('',(0.0199478961653018,0.0217885802802882,0.03021514));
#8940=CARTESIAN_POINT('',(0.0199478961653018,0.0217885802802882,0.03021514));
#8941=CARTESIAN_POINT('',(0.0199478961653018,0.0217885802802882,0.03021514));
#8942=CARTESIAN_POINT('',(0.019990611250831,0.0217671221540011,0.03021514));
#8943=CARTESIAN_POINT('',(0.0200225614861403,0.0217550052266604,0.03021514));
#8944=CARTESIAN_POINT('',(0.0200050775466108,0.0217405474672312,0.03021514));
#8945=CARTESIAN_POINT('',(0.0158531527979107,0.0168558797028797,0.03021514));
#8946=CARTESIAN_POINT('',(0.0198312963467024,0.0218830888881206,0.03021514));
#8947=CARTESIAN_POINT('',(0.0198312963467024,0.0218830888881206,0.03021514));
#8948=CARTESIAN_POINT('',(0.0158531527979107,0.0168558797028797,0.03021514));
#8949=CARTESIAN_POINT('',(0.0190373077068766,0.0224200162758506,0.03021514));
#8950=CARTESIAN_POINT('',(0.0190373077068766,0.0224200162758506,0.02961514));
#8951=CARTESIAN_POINT('',(0.0192233028435271,0.0223420327465696,0.03021514));
#8952=CARTESIAN_POINT('',(0.0192233028435271,0.0223420327465696,0.02961514));
#8953=CARTESIAN_POINT('',(0.019860392726268,0.0226842988932637,0.03021514));
#8954=CARTESIAN_POINT('',(0.019860392726268,0.0226842988932637,0.02961514));
#8955=CARTESIAN_POINT('',(0.0198333747405553,0.0222520793469999,0.03021514));
#8956=CARTESIAN_POINT('',(0.0198333747405553,0.0222520793469999,0.02961514));
#8957=CARTESIAN_POINT('',(0.0197823532609221,0.0219662997850268,0.03021514));
#8958=CARTESIAN_POINT('',(0.0197823532609221,0.0219662997850268,0.02961514));
#8959=CARTESIAN_POINT('',(0.0198312963467024,0.0218830888881206,0.03021514));
#8960=CARTESIAN_POINT('',(0.0198312963467024,0.0218830888881206,0.02961514));
#8961=CARTESIAN_POINT('',(0.0190373077068766,0.0224200162758506,0.03021514));
#8962=CARTESIAN_POINT('',(0.0192343149907552,0.0223374156037708,0.03021514));
#8963=CARTESIAN_POINT('',(0.0200912950135317,0.0228089783968401,0.03021514));
#8964=CARTESIAN_POINT('',(0.0197392056865311,0.0220396574065817,0.03021514));
#8965=CARTESIAN_POINT('',(0.0198312963467024,0.0218830888881206,0.03021514));
#8966=CARTESIAN_POINT('',(0.0391897917332281,0.0223856563019102,0.03021514));
#8967=CARTESIAN_POINT('',(0.,0.,0.));
#8968=CARTESIAN_POINT('',(0.035073415379974,0.0541780609676615,0.0284));
#8969=CARTESIAN_POINT('',(0.00590278522320788,0.0596110328302376,0.0284));
#8970=CARTESIAN_POINT('',(0.0628608872425502,0.0596110328302376,0.0284));
#8971=CARTESIAN_POINT('',(0.00735131336063174,0.0596110328302376,0.0284));
#8972=CARTESIAN_POINT('',(0.00735131336063174,0.0472965609676615,0.0284));
#8973=CARTESIAN_POINT('',(0.00735131336063174,0.0487450891050854,0.0284));
#8974=CARTESIAN_POINT('',(0.0643094153799741,0.0487450891050854,0.0284));
#8975=CARTESIAN_POINT('',(0.0628608872425502,0.0487450891050854,0.0284));
#8976=CARTESIAN_POINT('',(0.0628608872425502,0.0610595609676615,0.0284));
#8977=CARTESIAN_POINT('',(0.0583165412078266,0.0552577464750815,0.0284));
#8978=CARTESIAN_POINT('',(0.0586002666092447,0.0557820982955338,0.0284));
#8979=CARTESIAN_POINT('',(0.0570303731582737,0.0570313309787658,0.0284));
#8980=CARTESIAN_POINT('',(0.0567761565253384,0.0558554633019222,0.0284));
#8981=CARTESIAN_POINT('',(0.0565109144582468,0.055852780246404,0.0284));
#8982=CARTESIAN_POINT('',(0.0583165412078266,0.0552577464750815,0.0284));
#8983=CARTESIAN_POINT('',(0.0565109144582468,0.055852780246404,0.0284));
#8984=CARTESIAN_POINT('',(0.0607083630818432,0.0505914965729516,0.0284));
#8985=CARTESIAN_POINT('',(0.0610164630226434,0.0558259759599231,0.0284));
#8986=CARTESIAN_POINT('',(0.0586632008715364,0.0536021296684657,0.0284));
#8987=CARTESIAN_POINT('',(0.0614902581740955,0.0520238134492279,0.0284));
#8988=CARTESIAN_POINT('',(0.0494110531512313,0.0625259089297486,0.0284));
#8989=CARTESIAN_POINT('',(0.0600099612454065,0.0505315623165484,0.0284));
#8990=CARTESIAN_POINT('',(0.0588872254004697,0.0513446497134185,0.0284));
#8991=CARTESIAN_POINT('',(0.0583165412078266,0.0500813340581992,0.0284));
#8992=CARTESIAN_POINT('',(0.0582719525807378,0.0508058067238618,0.0284));
#8993=CARTESIAN_POINT('',(0.057578468660106,0.0505914965729517,0.0284));
#8994=CARTESIAN_POINT('',(0.0583904987031954,0.0504421894768559,0.0284));
#8995=CARTESIAN_POINT('',(0.0586195001157081,0.0512354383362258,0.0284));
#8996=CARTESIAN_POINT('',(0.056874833189735,0.0554232887433658,0.0284));
#8997=CARTESIAN_POINT('',(0.0598790837518076,0.0520238134492279,0.0284));
#8998=CARTESIAN_POINT('',(0.057742289412116,0.0541235905609237,0.0284));
#8999=CARTESIAN_POINT('',(0.0607083630818432,0.0545447330008308,0.0284));
#9000=CARTESIAN_POINT('',(0.0594657492570958,0.0502226535327032,0.0284));
#9001=CARTESIAN_POINT('',(0.0586195001157081,0.0546394761957682,0.0284));
#9002=CARTESIAN_POINT('',(0.0700908177083303,0.0606439035362183,0.0284));
#9003=CARTESIAN_POINT('',(0.059552581591198,0.0531212806866322,0.0284));
#9004=CARTESIAN_POINT('',(0.0622441651561443,0.0382379086028845,0.0284));
#9005=CARTESIAN_POINT('',(0.0534336336716715,0.0505315623165484,0.0284));
#9006=CARTESIAN_POINT('',(0.0477663786350114,0.0409411778590721,0.0284));
#9007=CARTESIAN_POINT('',(0.0488926299695562,0.0520238134492279,0.0284));
#9008=CARTESIAN_POINT('',(0.0418167360768089,0.0543900208401195,0.0284));
#9009=CARTESIAN_POINT('',(0.0492763216953703,0.0542423922606322,0.0284));
#9010=CARTESIAN_POINT('',(0.051273565650471,0.044094461179346,0.0284));
#9011=CARTESIAN_POINT('',(0.0468385662686123,0.0534379224828262,0.0284));
#9012=CARTESIAN_POINT('',(0.0485925913204103,0.0525338804966093,0.0284));
#9013=CARTESIAN_POINT('',(0.0468385662686122,0.0516298385103924,0.0284));
#9014=CARTESIAN_POINT('',(0.0460712196384164,0.0450441272657401,0.0284));
#9015=CARTESIAN_POINT('',(0.0479248291257262,0.0514100164665799,0.0284));
#9016=CARTESIAN_POINT('',(0.0482152628485645,0.0509440027954447,0.0284));
#9017=CARTESIAN_POINT('',(0.0486806506595525,0.0512354383362258,0.0284));
#9018=CARTESIAN_POINT('',(0.0482654636898617,0.0507674764335226,0.0284));
#9019=CARTESIAN_POINT('',(0.0486806506595525,0.0502995145308194,0.0284));
#9020=CARTESIAN_POINT('',(0.0479248291257262,0.0514100164665799,0.0284));
#9021=CARTESIAN_POINT('',(0.0471690075918999,0.0502995145308194,0.0284));
#9022=CARTESIAN_POINT('',(0.0493958398806899,0.05405187193487,0.0284));
#9023=CARTESIAN_POINT('',(0.046063172793422,0.0512354383362258,0.0284));
#9024=CARTESIAN_POINT('',(0.0480620882661963,0.052703718175636,0.0284));
#9025=CARTESIAN_POINT('',(0.046063172793422,0.0541719980150462,0.0284));
#9026=CARTESIAN_POINT('',(0.0485152290009115,0.0508897140446725,0.0284));
#9027=CARTESIAN_POINT('',(0.049259028046965,0.0549187003546455,0.0284));
#9028=CARTESIAN_POINT('',(0.0515175157783587,0.0557902181604511,0.0284));
#9029=CARTESIAN_POINT('',(0.0511540438071093,0.0557935073374755,0.0284));
#9030=CARTESIAN_POINT('',(0.0500939226979371,0.0566255861452009,0.0284));
#9031=CARTESIAN_POINT('',(0.0488651724262744,0.0553720393281936,0.0284));
#9032=CARTESIAN_POINT('',(0.049259028046965,0.0549187003546455,0.0284));
#9033=CARTESIAN_POINT('',(0.0515175157783587,0.0557902181604511,0.0284));
#9034=CARTESIAN_POINT('',(0.0541419410177019,0.0456270440269797,0.0284));
#9035=CARTESIAN_POINT('',(0.0517169404658173,0.0558396386392514,0.0284));
#9036=CARTESIAN_POINT('',(0.0537493027404795,0.0561162552258499,0.0284));
#9037=CARTESIAN_POINT('',(0.0533420734591725,0.0561344956239293,0.0284));
#9038=CARTESIAN_POINT('',(0.0523837327662234,0.0578211372391893,0.0284));
#9039=CARTESIAN_POINT('',(0.0520588694116576,0.0560402310634391,0.0284));
#9040=CARTESIAN_POINT('',(0.0517169404658173,0.0558396386392514,0.0284));
#9041=CARTESIAN_POINT('',(0.0537493027404794,0.0561162552258499,0.0284));
#9042=CARTESIAN_POINT('',(0.0541419410176581,0.0456270440282547,0.0284));
#9043=CARTESIAN_POINT('',(0.0537974431812088,0.0561179466388055,0.0284));
#9044=CARTESIAN_POINT('',(0.0563891691716948,0.0558802231444446,0.0284));
#9045=CARTESIAN_POINT('',(0.0559945204658822,0.0560439775712326,0.0284));
#9046=CARTESIAN_POINT('',(0.0548236313816912,0.0576490967425633,0.0284));
#9047=CARTESIAN_POINT('',(0.0541702798808678,0.0561604561038459,0.0284));
#9048=CARTESIAN_POINT('',(0.0537974431812088,0.0561179466388055,0.0284));
#9049=CARTESIAN_POINT('',(0.0563891691716948,0.0558802231444446,0.0284));
#9050=CARTESIAN_POINT('',(0.0541419410176785,0.0456270440268624,0.0284));
#9051=CARTESIAN_POINT('',(0.0160702595854606,0.0456270440270555,0.0284));
#9052=CARTESIAN_POINT('',(0.0138230314314872,0.0558802231444446,0.0284));
#9053=CARTESIAN_POINT('',(0.0137012861449352,0.055852780246404,0.0284));
#9054=CARTESIAN_POINT('',(0.0138230314314872,0.0558802231444446,0.0284));
#9055=CARTESIAN_POINT('',(0.0142176801372998,0.0560439775712326,0.0284));
#9056=CARTESIAN_POINT('',(0.0153885692214984,0.0576490967425737,0.0284));
#9057=CARTESIAN_POINT('',(0.0160419207223226,0.0561604561038266,0.0284));
#9058=CARTESIAN_POINT('',(0.0164147574219884,0.0561179466388038,0.0284));
#9059=CARTESIAN_POINT('',(0.0164147574219884,0.0561179466388038,0.0284));
#9060=CARTESIAN_POINT('',(0.0160702595855503,0.0456270440289575,0.0284));
#9061=CARTESIAN_POINT('',(0.0164628978627025,0.0561162552258499,0.0284));
#9062=CARTESIAN_POINT('',(0.0164628978627025,0.0561162552258499,0.0284));
#9063=CARTESIAN_POINT('',(0.0168701271440094,0.0561344956239293,0.0284));
#9064=CARTESIAN_POINT('',(0.0178284678369585,0.0578211372391893,0.0284));
#9065=CARTESIAN_POINT('',(0.0181533311915244,0.056040231063439,0.0284));
#9066=CARTESIAN_POINT('',(0.0184952601373647,0.0558396386392514,0.0284));
#9067=CARTESIAN_POINT('',(0.0184952601373647,0.0558396386392514,0.0284));
#9068=CARTESIAN_POINT('',(0.0160702595854608,0.0456270440269054,0.0284));
#9069=CARTESIAN_POINT('',(0.0186946848248263,0.0557902181604511,0.0284));
#9070=CARTESIAN_POINT('',(0.0186946848248263,0.0557902181604511,0.0284));
#9071=CARTESIAN_POINT('',(0.0190581567960753,0.0557935073374777,0.0284));
#9072=CARTESIAN_POINT('',(0.0201182779052464,0.0566255861451993,0.0284));
#9073=CARTESIAN_POINT('',(0.0213470281769076,0.0553720393281936,0.0284));
#9074=CARTESIAN_POINT('',(0.020953172556217,0.0549187003546455,0.0284));
#9075=CARTESIAN_POINT('',(0.020953172556217,0.0549187003546455,0.0284));
#9076=CARTESIAN_POINT('',(0.0216969716022705,0.0508897140446726,0.0284));
#9077=CARTESIAN_POINT('',(0.02414902780976,0.0541719980150462,0.0284));
#9078=CARTESIAN_POINT('',(0.0221501123369856,0.052703718175636,0.0284));
#9079=CARTESIAN_POINT('',(0.02414902780976,0.0512354383362258,0.0284));
#9080=CARTESIAN_POINT('',(0.0208163607224922,0.0540518719348699,0.0284));
#9081=CARTESIAN_POINT('',(0.0230431930112821,0.0502995145308194,0.0284));
#9082=CARTESIAN_POINT('',(0.0222873714774557,0.0514100164665799,0.0284));
#9083=CARTESIAN_POINT('',(0.0215315499436294,0.0502995145308194,0.0284));
#9084=CARTESIAN_POINT('',(0.0219467369133203,0.0507674764335226,0.0284));
#9085=CARTESIAN_POINT('',(0.0215315499436294,0.0512354383362258,0.0284));
#9086=CARTESIAN_POINT('',(0.0219969377546174,0.0509440027954448,0.0284));
#9087=CARTESIAN_POINT('',(0.0222873714774557,0.0514100164665799,0.0284));
#9088=CARTESIAN_POINT('',(0.0241409809647655,0.0450441272657407,0.0284));
#9089=CARTESIAN_POINT('',(0.0233736343345697,0.0516298385103924,0.0284));
#9090=CARTESIAN_POINT('',(0.0216196092827717,0.0525338804966093,0.0284));
#9091=CARTESIAN_POINT('',(0.0233736343345697,0.0534379224828262,0.0284));
#9092=CARTESIAN_POINT('',(0.018938634952711,0.044094461179346,0.0284));
#9093=CARTESIAN_POINT('',(0.0209358789078117,0.0542423922606322,0.0284));
#9094=CARTESIAN_POINT('',(0.028395464526373,0.0543900208401195,0.0284));
#9095=CARTESIAN_POINT('',(0.0213195706336257,0.0520238134492279,0.0284));
#9096=CARTESIAN_POINT('',(0.0224458219681706,0.0409411778590722,0.0284));
#9097=CARTESIAN_POINT('',(0.0167785669315105,0.0505315623165484,0.0284));
#9098=CARTESIAN_POINT('',(0.00796803544703759,0.0382379086028845,0.0284));
#9099=CARTESIAN_POINT('',(0.010659619011984,0.0531212806866322,0.0284));
#9100=CARTESIAN_POINT('',(0.000121382894852222,0.0606439035362178,0.0284));
#9101=CARTESIAN_POINT('',(0.0115927004874738,0.0546394761957682,0.0284));
#9102=CARTESIAN_POINT('',(0.0107464513460861,0.0502226535327031,0.0284));
#9103=CARTESIAN_POINT('',(0.00950383752133877,0.0545447330008308,0.0284));
#9104=CARTESIAN_POINT('',(0.0124699111910659,0.0541235905609237,0.0284));
#9105=CARTESIAN_POINT('',(0.0103331168513743,0.0520238134492279,0.0284));
#9106=CARTESIAN_POINT('',(0.0133373674134469,0.0554232887433658,0.0284));
#9107=CARTESIAN_POINT('',(0.0115927004874738,0.0512354383362258,0.0284));
#9108=CARTESIAN_POINT('',(0.0118217018999865,0.0504421894768559,0.0284));
#9109=CARTESIAN_POINT('',(0.012633731943076,0.0505914965729517,0.0284));
#9110=CARTESIAN_POINT('',(0.0119402480224442,0.0508058067238617,0.0284));
#9111=CARTESIAN_POINT('',(0.0118956593953553,0.0500813340581992,0.0284));
#9112=CARTESIAN_POINT('',(0.0113249752027122,0.0513446497134185,0.0284));
#9113=CARTESIAN_POINT('',(0.0102022393577754,0.0505315623165484,0.0284));
#9114=CARTESIAN_POINT('',(0.0208011474519509,0.0625259089297488,0.0284));
#9115=CARTESIAN_POINT('',(0.00872194242908642,0.0520238134492279,0.0284));
#9116=CARTESIAN_POINT('',(0.0115489997316456,0.0536021296684657,0.0284));
#9117=CARTESIAN_POINT('',(0.00919573758053851,0.0558259759599231,0.0284));
#9118=CARTESIAN_POINT('',(0.00950383752133874,0.0505914965729515,0.0284));
#9119=CARTESIAN_POINT('',(0.0118956593953553,0.0552577464750815,0.0284));
#9120=CARTESIAN_POINT('',(0.0118956593953553,0.0552577464750815,0.0284));
#9121=CARTESIAN_POINT('',(0.0116119339939373,0.0557820982955338,0.0284));
#9122=CARTESIAN_POINT('',(0.0131818274449083,0.0570313309787658,0.0284));
#9123=CARTESIAN_POINT('',(0.0134360440778435,0.0558554633019222,0.0284));
#9124=CARTESIAN_POINT('',(0.0137012861449352,0.055852780246404,0.0284));
#9125=CARTESIAN_POINT('',(0.0351061003015909,0.0620595609676615,0.025));
#9126=CARTESIAN_POINT('',(0.00490278522320788,0.0620595609676615,0.025));
#9127=CARTESIAN_POINT('',(0.00490278522320788,0.0620595609676615,0.026));
#9128=CARTESIAN_POINT('',(0.00490278522320788,0.0620595609676615,0.));
#9129=CARTESIAN_POINT('',(0.0351061003015909,0.0620595609676615,0.026));
#9130=CARTESIAN_POINT('',(0.0653094153799741,0.0620595609676615,0.026));
#9131=CARTESIAN_POINT('',(0.0653094153799741,0.0620595609676615,0.025));
#9132=CARTESIAN_POINT('',(0.0653094153799741,0.0620595609676615,0.));
#9133=CARTESIAN_POINT('',(0.0351061003015909,0.0620595609676615,0.));
#9134=CARTESIAN_POINT('',(0.0350520184081447,0.0620595609676615,0.0242290958470358));
#9135=CARTESIAN_POINT('',(0.0613221687326322,0.0620595609676615,0.0243140414195478));
#9136=CARTESIAN_POINT('',(0.00878186808365712,0.0620595609676615,0.0241441502745238));
#9137=CARTESIAN_POINT('',(0.00878186808365712,0.0620595609676615,0.0135763620841518));
#9138=CARTESIAN_POINT('',(0.00878186808365712,0.0620595609676615,0.0030085738937798));
#9139=CARTESIAN_POINT('',(0.0350520184081447,0.0620595609676615,0.0030085738937798));
#9140=CARTESIAN_POINT('',(0.0613221687326322,0.0620595609676615,0.0030085738937798));
#9141=CARTESIAN_POINT('',(0.0613221687326322,0.0620595609676615,0.0136613076566638));
#9142=CARTESIAN_POINT('',(0.00490278522320788,0.0541780609676615,0.025));
#9143=CARTESIAN_POINT('',(0.00490278522320788,0.0462965609676615,0.025));
#9144=CARTESIAN_POINT('',(0.00490278522320788,0.0462965609676615,0.026));
#9145=CARTESIAN_POINT('',(0.00490278522320788,0.0462965609676615,0.));
#9146=CARTESIAN_POINT('',(0.00490278522320788,0.0541780609676615,0.026));
#9147=CARTESIAN_POINT('',(0.00490278522320788,0.0541780609676615,0.));
#9148=CARTESIAN_POINT('',(0.0351061003015909,0.0462965609676615,0.025));
#9149=CARTESIAN_POINT('',(0.0653094153799741,0.0462965609676615,0.025));
#9150=CARTESIAN_POINT('',(0.0653094153799741,0.0462965609676615,0.026));
#9151=CARTESIAN_POINT('',(0.0653094153799741,0.0462965609676615,0.));
#9152=CARTESIAN_POINT('',(0.0351061003015909,0.0462965609676615,0.026));
#9153=CARTESIAN_POINT('',(0.0351061003015909,0.0462965609676615,0.));
#9154=CARTESIAN_POINT('',(0.0653094153799741,0.0541780609676615,0.025));
#9155=CARTESIAN_POINT('',(0.0653094153799741,0.0541780609676615,0.026));
#9156=CARTESIAN_POINT('',(0.0653094153799741,0.0541780609676615,0.));
#9157=CARTESIAN_POINT('',(0.035073415379974,0.0541780609676615,0.));
#9158=CARTESIAN_POINT('',(0.0653094153799741,0.0541780609676615,0.026));
#9159=CARTESIAN_POINT('',(0.0552416436871797,0.0519917892748671,0.0360677716927943));
#9160=CARTESIAN_POINT('',(0.0643085738097588,0.0610587193974462,0.0270008415702153));
#9161=CARTESIAN_POINT('',(0.0643085738097588,0.0541780609676615,0.0270008415702153));
#9162=CARTESIAN_POINT('',(0.0643085738097588,0.0472974025378768,0.0270008415702153));
#9163=CARTESIAN_POINT('',(0.0626822487133074,0.0489237276343282,0.0286271666666667));
#9164=CARTESIAN_POINT('',(0.0351061003015909,0.0462965609676615,0.026));
#9165=CARTESIAN_POINT('',(0.0351061003015909,0.0472974025378768,0.0270008415702153));
#9166=CARTESIAN_POINT('',(0.00590362679342313,0.0472974025378768,0.0270008415702153));
#9167=CARTESIAN_POINT('',(0.0149705569160023,0.0563643326604559,0.0360677716927943));
#9168=CARTESIAN_POINT('',(0.0351061003015909,0.0620595609676615,0.026));
#9169=CARTESIAN_POINT('',(0.0149705569160023,0.0519917892748671,0.0360677716927943));
#9170=CARTESIAN_POINT('',(0.00590362679342313,0.0610587193974462,0.0270008415702153));
#9171=CARTESIAN_POINT('',(0.0351061003015909,0.0610587193974462,0.0270008415702153));
#9172=CARTESIAN_POINT('',(0.00490278522320788,0.0541780609676615,0.026));
#9173=CARTESIAN_POINT('',(0.00590362679342313,0.0541780609676615,0.0270008415702153));
#9174=CARTESIAN_POINT('',(0.00878186808365712,0.0561595609676615,0.0135763620841518));
#9175=CARTESIAN_POINT('',(0.00878186808365712,0.0561595609676615,0.0241441502745238));
#9176=CARTESIAN_POINT('',(0.00878186808365712,0.0561595609676615,0.0241441502745238));
#9177=CARTESIAN_POINT('',(0.00878186808365712,0.0561595609676615,0.0135763620841518));
#9178=CARTESIAN_POINT('',(0.00878186808365712,0.0561595609676615,0.0030085738937798));
#9179=CARTESIAN_POINT('',(0.00878186808365712,0.0561595609676615,0.0030085738937798));
#9180=CARTESIAN_POINT('',(0.0350520184081447,0.0561595609676615,0.0242290958470358));
#9181=CARTESIAN_POINT('',(0.0613221687326322,0.0561595609676615,0.0243140414195478));
#9182=CARTESIAN_POINT('',(0.0613221687326322,0.0561595609676615,0.0243140414195478));
#9183=CARTESIAN_POINT('',(0.0350520184081447,0.0561595609676615,0.0242290958470358));
#9184=CARTESIAN_POINT('',(0.0613221687326322,0.0561595609676615,0.0136613076566638));
#9185=CARTESIAN_POINT('',(0.0613221687326322,0.0561595609676615,0.0030085738937798));
#9186=CARTESIAN_POINT('',(0.0613221687326322,0.0561595609676615,0.0030085738937798));
#9187=CARTESIAN_POINT('',(0.0613221687326322,0.0561595609676615,0.0136613076566638));
#9188=CARTESIAN_POINT('',(0.0350520184081447,0.0561595609676615,0.0030085738937798));
#9189=CARTESIAN_POINT('',(0.0350520184081447,0.0561595609676615,0.0030085738937798));
#9190=CARTESIAN_POINT('',(0.0351061003015909,0.0561595609676615,0.013));
#9191=CARTESIAN_POINT('',(0.0628608872425502,0.0541780609676615,0.0269514718625762));
#9192=CARTESIAN_POINT('',(0.0628608872425502,0.0487450891050854,0.0269514718625762));
#9193=CARTESIAN_POINT('',(0.0628608872425502,0.0596110328302376,0.0269514718625762));
#9194=CARTESIAN_POINT('',(0.035073415379974,0.0596110328302376,0.0269514718625762));
#9195=CARTESIAN_POINT('',(0.00735131336063174,0.0596110328302376,0.0269514718625762));
#9196=CARTESIAN_POINT('',(0.035073415379974,0.0487450891050854,0.0269514718625762));
#9197=CARTESIAN_POINT('',(0.00735131336063174,0.0487450891050854,0.0269514718625762));
#9198=CARTESIAN_POINT('',(0.00735131336063174,0.0541780609676615,0.0269514718625762));
#9199=CARTESIAN_POINT('',(0.0607083630818432,0.0505914965729516,0.0291));
#9200=CARTESIAN_POINT('',(0.0583165412078266,0.0552577464750815,0.0291));
#9201=CARTESIAN_POINT('',(0.0583165412078266,0.0552577464750815,0.0291));
#9202=CARTESIAN_POINT('',(0.0607083630818432,0.0505914965729516,0.0291));
#9203=CARTESIAN_POINT('',(0.0610164630226434,0.0558259759599231,0.0291));
#9204=CARTESIAN_POINT('',(0.0610164630226434,0.0558259759599231,0.0291));
#9205=CARTESIAN_POINT('',(0.0583165412078266,0.0552577464750815,0.0291));
#9206=CARTESIAN_POINT('',(0.0583165412078266,0.0552577464750815,0.0284));
#9207=CARTESIAN_POINT('',(0.0584417688908566,0.0554891792732717,0.0291));
#9208=CARTESIAN_POINT('',(0.0584417688908566,0.0554891792732717,0.0284));
#9209=CARTESIAN_POINT('',(0.0582368021462532,0.0560214751956574,0.0291));
#9210=CARTESIAN_POINT('',(0.0582368021462532,0.0560214751956574,0.0284));
#9211=CARTESIAN_POINT('',(0.0575159711463053,0.0564618676663719,0.0291));
#9212=CARTESIAN_POINT('',(0.0575159711463053,0.0564618676663719,0.0284));
#9213=CARTESIAN_POINT('',(0.0570931990516573,0.0564047564532699,0.0291));
#9214=CARTESIAN_POINT('',(0.0570931990516573,0.0564047564532699,0.0284));
#9215=CARTESIAN_POINT('',(0.0568173458453957,0.0561078184845408,0.0291));
#9216=CARTESIAN_POINT('',(0.0568173458453957,0.0561078184845408,0.0284));
#9217=CARTESIAN_POINT('',(0.0566638513504237,0.0558543272791842,0.0291));
#9218=CARTESIAN_POINT('',(0.0566638513504237,0.0558543272791842,0.0284));
#9219=CARTESIAN_POINT('',(0.0565109144582468,0.055852780246404,0.0291));
#9220=CARTESIAN_POINT('',(0.0565109144582468,0.055852780246404,0.0284));
#9221=CARTESIAN_POINT('',(0.0565109144582468,0.055852780246404,0.0291));
#9222=CARTESIAN_POINT('',(0.0565109144582468,0.055852780246404,0.0291));
#9223=CARTESIAN_POINT('',(0.0583165412078266,0.0552577464750815,0.0291));
#9224=CARTESIAN_POINT('',(0.0586002666092447,0.0557820982955338,0.0291));
#9225=CARTESIAN_POINT('',(0.0570303731582737,0.0570313309787658,0.0291));
#9226=CARTESIAN_POINT('',(0.0567761565253384,0.0558554633019222,0.0291));
#9227=CARTESIAN_POINT('',(0.0565109144582468,0.055852780246404,0.0291));
#9228=CARTESIAN_POINT('',(0.0541419410176785,0.0456270440268624,0.0291));
#9229=CARTESIAN_POINT('',(0.0563891691716948,0.0558802231444446,0.0291));
#9230=CARTESIAN_POINT('',(0.0563891691716948,0.0558802231444446,0.0291));
#9231=CARTESIAN_POINT('',(0.0541419410176785,0.0456270440268624,0.0291));
#9232=CARTESIAN_POINT('',(0.0563891691716948,0.0558802231444446,0.0291));
#9233=CARTESIAN_POINT('',(0.0563891691716948,0.0558802231444446,0.0284));
#9234=CARTESIAN_POINT('',(0.0562007585986142,0.0559584016990457,0.0291));
#9235=CARTESIAN_POINT('',(0.0562007585986142,0.0559584016990457,0.0284));
#9236=CARTESIAN_POINT('',(0.0557250780351416,0.0564191281908579,0.0291));
#9237=CARTESIAN_POINT('',(0.0557250780351416,0.0564191281908579,0.0284));
#9238=CARTESIAN_POINT('',(0.0549436225954683,0.0570648228807285,0.0291));
#9239=CARTESIAN_POINT('',(0.0549436225954683,0.0570648228807285,0.0284));
#9240=CARTESIAN_POINT('',(0.0543495228271987,0.0565577115657388,0.0291));
#9241=CARTESIAN_POINT('',(0.0543495228271987,0.0565577115657388,0.0284));
#9242=CARTESIAN_POINT('',(0.0539931190341709,0.0561402568776805,0.0291));
#9243=CARTESIAN_POINT('',(0.0539931190341709,0.0561402568776805,0.0284));
#9244=CARTESIAN_POINT('',(0.0537974431812088,0.0561179466388055,0.0291));
#9245=CARTESIAN_POINT('',(0.0537974431812088,0.0561179466388055,0.0284));
#9246=CARTESIAN_POINT('',(0.0537974431812088,0.0561179466388055,0.0291));
#9247=CARTESIAN_POINT('',(0.0537974431812088,0.0561179466388055,0.0291));
#9248=CARTESIAN_POINT('',(0.0563891691716948,0.0558802231444446,0.0291));
#9249=CARTESIAN_POINT('',(0.0559945204658822,0.0560439775712326,0.0291));
#9250=CARTESIAN_POINT('',(0.0548236313816912,0.0576490967425633,0.0291));
#9251=CARTESIAN_POINT('',(0.0541702798808678,0.0561604561038459,0.0291));
#9252=CARTESIAN_POINT('',(0.0537974431812088,0.0561179466388055,0.0291));
#9253=CARTESIAN_POINT('',(0.0541419410176581,0.0456270440282547,0.0291));
#9254=CARTESIAN_POINT('',(0.0537493027404794,0.0561162552258499,0.0291));
#9255=CARTESIAN_POINT('',(0.0537493027404794,0.0561162552258499,0.0291));
#9256=CARTESIAN_POINT('',(0.0541419410176581,0.0456270440282547,0.0291));
#9257=CARTESIAN_POINT('',(0.0537493027404795,0.0561162552258499,0.0291));
#9258=CARTESIAN_POINT('',(0.0537493027404795,0.0561162552258499,0.0284));
#9259=CARTESIAN_POINT('',(0.0533489819534487,0.0561341861823162,0.0291));
#9260=CARTESIAN_POINT('',(0.0533489819534487,0.0561341861823162,0.0284));
#9261=CARTESIAN_POINT('',(0.0523884406340953,0.0578198447044076,0.0291));
#9262=CARTESIAN_POINT('',(0.0523884406340953,0.0578198447044076,0.0284));
#9263=CARTESIAN_POINT('',(0.0520648738355374,0.0560437535553385,0.0291));
#9264=CARTESIAN_POINT('',(0.0520648738355374,0.0560437535553385,0.0284));
#9265=CARTESIAN_POINT('',(0.0517169404658173,0.0558396386392514,0.0291));
#9266=CARTESIAN_POINT('',(0.0517169404658173,0.0558396386392514,0.0284));
#9267=CARTESIAN_POINT('',(0.0517169404658173,0.0558396386392514,0.0291));
#9268=CARTESIAN_POINT('',(0.0517169404658173,0.0558396386392514,0.0291));
#9269=CARTESIAN_POINT('',(0.0537493027404795,0.0561162552258499,0.0291));
#9270=CARTESIAN_POINT('',(0.0533420734591725,0.0561344956239293,0.0291));
#9271=CARTESIAN_POINT('',(0.0523837327662234,0.0578211372391893,0.0291));
#9272=CARTESIAN_POINT('',(0.0520588694116576,0.0560402310634391,0.0291));
#9273=CARTESIAN_POINT('',(0.0517169404658173,0.0558396386392514,0.0291));
#9274=CARTESIAN_POINT('',(0.0541419410177019,0.0456270440269797,0.0291));
#9275=CARTESIAN_POINT('',(0.0515175157783587,0.0557902181604511,0.0291));
#9276=CARTESIAN_POINT('',(0.0515175157783587,0.0557902181604511,0.0291));
#9277=CARTESIAN_POINT('',(0.0541419410177019,0.0456270440269797,0.0291));
#9278=CARTESIAN_POINT('',(0.0515175157783587,0.0557902181604511,0.0291));
#9279=CARTESIAN_POINT('',(0.0515175157783587,0.0557902181604511,0.0284));
#9280=CARTESIAN_POINT('',(0.0513222845509113,0.0557919848718307,0.0291));
#9281=CARTESIAN_POINT('',(0.0513222845509113,0.0557919848718307,0.0284));
#9282=CARTESIAN_POINT('',(0.0508591402385868,0.0560220823505911,0.0291));
#9283=CARTESIAN_POINT('',(0.0508591402385868,0.0560220823505911,0.0284));
#9284=CARTESIAN_POINT('',(0.0500125349537308,0.0562248370408561,0.0291));
#9285=CARTESIAN_POINT('',(0.0500125349537308,0.0562248370408561,0.0284));
#9286=CARTESIAN_POINT('',(0.0491645605042399,0.0556463170757019,0.0291));
#9287=CARTESIAN_POINT('',(0.0491645605042399,0.0556463170757019,0.0284));
#9288=CARTESIAN_POINT('',(0.0490748326343435,0.0551307144910534,0.0291));
#9289=CARTESIAN_POINT('',(0.0490748326343435,0.0551307144910534,0.0284));
#9290=CARTESIAN_POINT('',(0.049259028046965,0.0549187003546455,0.0291));
#9291=CARTESIAN_POINT('',(0.049259028046965,0.0549187003546455,0.0284));
#9292=CARTESIAN_POINT('',(0.049259028046965,0.0549187003546455,0.0291));
#9293=CARTESIAN_POINT('',(0.049259028046965,0.0549187003546455,0.0291));
#9294=CARTESIAN_POINT('',(0.0515175157783587,0.0557902181604511,0.0291));
#9295=CARTESIAN_POINT('',(0.0511540438071093,0.0557935073374755,0.0291));
#9296=CARTESIAN_POINT('',(0.0500939226979371,0.0566255861452009,0.0291));
#9297=CARTESIAN_POINT('',(0.0488651724262744,0.0553720393281936,0.0291));
#9298=CARTESIAN_POINT('',(0.049259028046965,0.0549187003546455,0.0291));
#9299=CARTESIAN_POINT('',(0.0485152290009115,0.0508897140446725,0.0291));
#9300=CARTESIAN_POINT('',(0.046063172793422,0.0541719980150462,0.0291));
#9301=CARTESIAN_POINT('',(0.046063172793422,0.0541719980150462,0.0291));
#9302=CARTESIAN_POINT('',(0.0485152290009115,0.0508897140446725,0.0291));
#9303=CARTESIAN_POINT('',(0.0480620882661963,0.052703718175636,0.0291));
#9304=CARTESIAN_POINT('',(0.046063172793422,0.0512354383362258,0.0291));
#9305=CARTESIAN_POINT('',(0.046063172793422,0.0512354383362258,0.0291));
#9306=CARTESIAN_POINT('',(0.0480620882661963,0.052703718175636,0.0291));
#9307=CARTESIAN_POINT('',(0.0493958398806899,0.05405187193487,0.0291));
#9308=CARTESIAN_POINT('',(0.0471690075918999,0.0502995145308194,0.0291));
#9309=CARTESIAN_POINT('',(0.0471690075918999,0.0502995145308194,0.0291));
#9310=CARTESIAN_POINT('',(0.0493958398806899,0.05405187193487,0.0291));
#9311=CARTESIAN_POINT('',(0.0479248291257262,0.0514100164665799,0.0291));
#9312=CARTESIAN_POINT('',(0.0486806506595525,0.0502995145308194,0.0291));
#9313=CARTESIAN_POINT('',(0.0486806506595525,0.0502995145308194,0.0291));
#9314=CARTESIAN_POINT('',(0.0479248291257262,0.0514100164665799,0.0291));
#9315=CARTESIAN_POINT('',(0.0482654636898617,0.0507674764335226,0.0291));
#9316=CARTESIAN_POINT('',(0.0486806506595525,0.0512354383362258,0.0291));
#9317=CARTESIAN_POINT('',(0.0486806506595525,0.0512354383362258,0.0291));
#9318=CARTESIAN_POINT('',(0.0482654636898617,0.0507674764335226,0.0291));
#9319=CARTESIAN_POINT('',(0.0482152628485645,0.0509440027954447,0.0291));
#9320=CARTESIAN_POINT('',(0.0479248291257262,0.0514100164665799,0.0291));
#9321=CARTESIAN_POINT('',(0.0479248291257262,0.0514100164665799,0.0291));
#9322=CARTESIAN_POINT('',(0.0482152628485645,0.0509440027954447,0.0291));
#9323=CARTESIAN_POINT('',(0.0460712196384164,0.0450441272657401,0.0291));
#9324=CARTESIAN_POINT('',(0.0468385662686122,0.0516298385103924,0.0291));
#9325=CARTESIAN_POINT('',(0.0468385662686122,0.0516298385103924,0.0291));
#9326=CARTESIAN_POINT('',(0.0460712196384164,0.0450441272657401,0.0291));
#9327=CARTESIAN_POINT('',(0.0485925913204103,0.0525338804966093,0.0291));
#9328=CARTESIAN_POINT('',(0.0468385662686123,0.0534379224828262,0.0291));
#9329=CARTESIAN_POINT('',(0.0468385662686123,0.0534379224828262,0.0291));
#9330=CARTESIAN_POINT('',(0.0485925913204103,0.0525338804966093,0.0291));
#9331=CARTESIAN_POINT('',(0.051273565650471,0.044094461179346,0.0291));
#9332=CARTESIAN_POINT('',(0.0492763216953703,0.0542423922606322,0.0291));
#9333=CARTESIAN_POINT('',(0.0492763216953703,0.0542423922606322,0.0291));
#9334=CARTESIAN_POINT('',(0.051273565650471,0.044094461179346,0.0291));
#9335=CARTESIAN_POINT('',(0.0418167360768089,0.0543900208401195,0.0291));
#9336=CARTESIAN_POINT('',(0.0488926299695562,0.0520238134492279,0.0291));
#9337=CARTESIAN_POINT('',(0.0488926299695562,0.0520238134492279,0.0291));
#9338=CARTESIAN_POINT('',(0.0418167360768089,0.0543900208401195,0.0291));
#9339=CARTESIAN_POINT('',(0.0477663786350114,0.0409411778590721,0.0291));
#9340=CARTESIAN_POINT('',(0.0534336336716715,0.0505315623165484,0.0291));
#9341=CARTESIAN_POINT('',(0.0534336336716715,0.0505315623165484,0.0291));
#9342=CARTESIAN_POINT('',(0.0477663786350114,0.0409411778590721,0.0291));
#9343=CARTESIAN_POINT('',(0.0622441651561443,0.0382379086028845,0.0291));
#9344=CARTESIAN_POINT('',(0.059552581591198,0.0531212806866322,0.0291));
#9345=CARTESIAN_POINT('',(0.059552581591198,0.0531212806866322,0.0291));
#9346=CARTESIAN_POINT('',(0.0622441651561443,0.0382379086028845,0.0291));
#9347=CARTESIAN_POINT('',(0.0700908177083303,0.0606439035362183,0.0291));
#9348=CARTESIAN_POINT('',(0.0586195001157081,0.0546394761957682,0.0291));
#9349=CARTESIAN_POINT('',(0.0586195001157081,0.0546394761957682,0.0291));
#9350=CARTESIAN_POINT('',(0.0700908177083303,0.0606439035362183,0.0291));
#9351=CARTESIAN_POINT('',(0.0594657492570958,0.0502226535327032,0.0291));
#9352=CARTESIAN_POINT('',(0.0607083630818432,0.0545447330008308,0.0291));
#9353=CARTESIAN_POINT('',(0.0607083630818432,0.0545447330008308,0.0291));
#9354=CARTESIAN_POINT('',(0.0594657492570958,0.0502226535327032,0.0291));
#9355=CARTESIAN_POINT('',(0.057742289412116,0.0541235905609237,0.0291));
#9356=CARTESIAN_POINT('',(0.0598790837518076,0.0520238134492279,0.0291));
#9357=CARTESIAN_POINT('',(0.0598790837518076,0.0520238134492279,0.0291));
#9358=CARTESIAN_POINT('',(0.057742289412116,0.0541235905609237,0.0291));
#9359=CARTESIAN_POINT('',(0.056874833189735,0.0554232887433658,0.0291));
#9360=CARTESIAN_POINT('',(0.0586195001157081,0.0512354383362258,0.0291));
#9361=CARTESIAN_POINT('',(0.0586195001157081,0.0512354383362258,0.0291));
#9362=CARTESIAN_POINT('',(0.056874833189735,0.0554232887433658,0.0291));
#9363=CARTESIAN_POINT('',(0.0583904987031954,0.0504421894768559,0.0291));
#9364=CARTESIAN_POINT('',(0.057578468660106,0.0505914965729517,0.0291));
#9365=CARTESIAN_POINT('',(0.057578468660106,0.0505914965729517,0.0291));
#9366=CARTESIAN_POINT('',(0.0583904987031954,0.0504421894768559,0.0291));
#9367=CARTESIAN_POINT('',(0.0582719525807378,0.0508058067238618,0.0291));
#9368=CARTESIAN_POINT('',(0.0583165412078266,0.0500813340581992,0.0291));
#9369=CARTESIAN_POINT('',(0.0583165412078266,0.0500813340581992,0.0291));
#9370=CARTESIAN_POINT('',(0.0582719525807378,0.0508058067238618,0.0291));
#9371=CARTESIAN_POINT('',(0.0588872254004697,0.0513446497134185,0.0291));
#9372=CARTESIAN_POINT('',(0.0600099612454065,0.0505315623165484,0.0291));
#9373=CARTESIAN_POINT('',(0.0600099612454065,0.0505315623165484,0.0291));
#9374=CARTESIAN_POINT('',(0.0588872254004697,0.0513446497134185,0.0291));
#9375=CARTESIAN_POINT('',(0.0494110531512313,0.0625259089297486,0.0291));
#9376=CARTESIAN_POINT('',(0.0614902581740955,0.0520238134492279,0.0291));
#9377=CARTESIAN_POINT('',(0.0614902581740955,0.0520238134492279,0.0291));
#9378=CARTESIAN_POINT('',(0.0494110531512313,0.0625259089297486,0.0291));
#9379=CARTESIAN_POINT('',(0.0586632008715364,0.0536021296684657,0.0291));
#9380=CARTESIAN_POINT('',(0.0586632008715364,0.0536021296684657,0.0291));
#9381=CARTESIAN_POINT('',(0.0351061003015909,0.0541780609676615,0.0291));
#9382=CARTESIAN_POINT('',(0.0138230314314872,0.0558802231444446,0.0291));
#9383=CARTESIAN_POINT('',(0.0138230314314872,0.0558802231444446,0.0284));
#9384=CARTESIAN_POINT('',(0.014011442004569,0.0559584016990462,0.0291));
#9385=CARTESIAN_POINT('',(0.014011442004569,0.0559584016990462,0.0284));
#9386=CARTESIAN_POINT('',(0.0144871225680454,0.0564191281908638,0.0291));
#9387=CARTESIAN_POINT('',(0.0144871225680454,0.0564191281908638,0.0284));
#9388=CARTESIAN_POINT('',(0.0152685780077233,0.0570648228807328,0.0291));
#9389=CARTESIAN_POINT('',(0.0152685780077233,0.0570648228807328,0.0284));
#9390=CARTESIAN_POINT('',(0.0158626777759938,0.0565577115657232,0.0291));
#9391=CARTESIAN_POINT('',(0.0158626777759938,0.0565577115657232,0.0284));
#9392=CARTESIAN_POINT('',(0.0162190815690241,0.0561402568776694,0.0291));
#9393=CARTESIAN_POINT('',(0.0162190815690241,0.0561402568776694,0.0284));
#9394=CARTESIAN_POINT('',(0.0164147574219884,0.0561179466388038,0.0291));
#9395=CARTESIAN_POINT('',(0.0164147574219884,0.0561179466388038,0.0284));
#9396=CARTESIAN_POINT('',(0.0138230314314872,0.0558802231444446,0.0291));
#9397=CARTESIAN_POINT('',(0.0138230314314872,0.0558802231444446,0.0291));
#9398=CARTESIAN_POINT('',(0.0138230314314872,0.0558802231444446,0.0291));
#9399=CARTESIAN_POINT('',(0.0142176801372998,0.0560439775712326,0.0291));
#9400=CARTESIAN_POINT('',(0.0153885692214984,0.0576490967425737,0.0291));
#9401=CARTESIAN_POINT('',(0.0160419207223226,0.0561604561038266,0.0291));
#9402=CARTESIAN_POINT('',(0.0164147574219884,0.0561179466388038,0.0291));
#9403=CARTESIAN_POINT('',(0.0164147574219884,0.0561179466388038,0.0291));
#9404=CARTESIAN_POINT('',(0.0164147574219884,0.0561179466388038,0.0291));
#9405=CARTESIAN_POINT('',(0.0160702595854606,0.0456270440270555,0.0291));
#9406=CARTESIAN_POINT('',(0.0137012861449352,0.055852780246404,0.0291));
#9407=CARTESIAN_POINT('',(0.0137012861449352,0.055852780246404,0.0291));
#9408=CARTESIAN_POINT('',(0.0160702595854606,0.0456270440270555,0.0291));
#9409=CARTESIAN_POINT('',(0.0118956593953553,0.0552577464750815,0.0291));
#9410=CARTESIAN_POINT('',(0.0118956593953553,0.0552577464750815,0.0284));
#9411=CARTESIAN_POINT('',(0.0117704317123253,0.0554891792732717,0.0291));
#9412=CARTESIAN_POINT('',(0.0117704317123253,0.0554891792732717,0.0284));
#9413=CARTESIAN_POINT('',(0.0119753984569288,0.0560214751956574,0.0291));
#9414=CARTESIAN_POINT('',(0.0119753984569288,0.0560214751956574,0.0284));
#9415=CARTESIAN_POINT('',(0.0126962294568766,0.0564618676663719,0.0291));
#9416=CARTESIAN_POINT('',(0.0126962294568766,0.0564618676663719,0.0284));
#9417=CARTESIAN_POINT('',(0.0131190015515247,0.0564047564532699,0.0291));
#9418=CARTESIAN_POINT('',(0.0131190015515247,0.0564047564532699,0.0284));
#9419=CARTESIAN_POINT('',(0.0133948547577862,0.0561078184845408,0.0291));
#9420=CARTESIAN_POINT('',(0.0133948547577862,0.0561078184845408,0.0284));
#9421=CARTESIAN_POINT('',(0.0135483492527583,0.0558543272791842,0.0291));
#9422=CARTESIAN_POINT('',(0.0135483492527583,0.0558543272791842,0.0284));
#9423=CARTESIAN_POINT('',(0.0137012861449352,0.055852780246404,0.0291));
#9424=CARTESIAN_POINT('',(0.0137012861449352,0.055852780246404,0.0284));
#9425=CARTESIAN_POINT('',(0.0118956593953553,0.0552577464750815,0.0291));
#9426=CARTESIAN_POINT('',(0.0118956593953553,0.0552577464750815,0.0291));
#9427=CARTESIAN_POINT('',(0.0118956593953553,0.0552577464750815,0.0291));
#9428=CARTESIAN_POINT('',(0.0116119339939373,0.0557820982955338,0.0291));
#9429=CARTESIAN_POINT('',(0.0131818274449083,0.0570313309787658,0.0291));
#9430=CARTESIAN_POINT('',(0.0134360440778435,0.0558554633019222,0.0291));
#9431=CARTESIAN_POINT('',(0.0137012861449352,0.055852780246404,0.0291));
#9432=CARTESIAN_POINT('',(0.00950383752133874,0.0505914965729515,0.0291));
#9433=CARTESIAN_POINT('',(0.00919573758053851,0.0558259759599231,0.0291));
#9434=CARTESIAN_POINT('',(0.00919573758053851,0.0558259759599231,0.0291));
#9435=CARTESIAN_POINT('',(0.00950383752133874,0.0505914965729515,0.0291));
#9436=CARTESIAN_POINT('',(0.0115489997316456,0.0536021296684657,0.0291));
#9437=CARTESIAN_POINT('',(0.00872194242908642,0.0520238134492279,0.0291));
#9438=CARTESIAN_POINT('',(0.00872194242908642,0.0520238134492279,0.0291));
#9439=CARTESIAN_POINT('',(0.0115489997316456,0.0536021296684657,0.0291));
#9440=CARTESIAN_POINT('',(0.0208011474519509,0.0625259089297488,0.0291));
#9441=CARTESIAN_POINT('',(0.0102022393577754,0.0505315623165484,0.0291));
#9442=CARTESIAN_POINT('',(0.0102022393577754,0.0505315623165484,0.0291));
#9443=CARTESIAN_POINT('',(0.0208011474519509,0.0625259089297488,0.0291));
#9444=CARTESIAN_POINT('',(0.0113249752027122,0.0513446497134185,0.0291));
#9445=CARTESIAN_POINT('',(0.0118956593953553,0.0500813340581992,0.0291));
#9446=CARTESIAN_POINT('',(0.0118956593953553,0.0500813340581992,0.0291));
#9447=CARTESIAN_POINT('',(0.0113249752027122,0.0513446497134185,0.0291));
#9448=CARTESIAN_POINT('',(0.0119402480224442,0.0508058067238617,0.0291));
#9449=CARTESIAN_POINT('',(0.012633731943076,0.0505914965729517,0.0291));
#9450=CARTESIAN_POINT('',(0.012633731943076,0.0505914965729517,0.0291));
#9451=CARTESIAN_POINT('',(0.0119402480224442,0.0508058067238617,0.0291));
#9452=CARTESIAN_POINT('',(0.0118217018999865,0.0504421894768559,0.0291));
#9453=CARTESIAN_POINT('',(0.0115927004874738,0.0512354383362258,0.0291));
#9454=CARTESIAN_POINT('',(0.0115927004874738,0.0512354383362258,0.0291));
#9455=CARTESIAN_POINT('',(0.0118217018999865,0.0504421894768559,0.0291));
#9456=CARTESIAN_POINT('',(0.0133373674134469,0.0554232887433658,0.0291));
#9457=CARTESIAN_POINT('',(0.0103331168513743,0.0520238134492279,0.0291));
#9458=CARTESIAN_POINT('',(0.0103331168513743,0.0520238134492279,0.0291));
#9459=CARTESIAN_POINT('',(0.0133373674134469,0.0554232887433658,0.0291));
#9460=CARTESIAN_POINT('',(0.0124699111910659,0.0541235905609237,0.0291));
#9461=CARTESIAN_POINT('',(0.00950383752133877,0.0545447330008308,0.0291));
#9462=CARTESIAN_POINT('',(0.00950383752133877,0.0545447330008308,0.0291));
#9463=CARTESIAN_POINT('',(0.0124699111910659,0.0541235905609237,0.0291));
#9464=CARTESIAN_POINT('',(0.0107464513460861,0.0502226535327031,0.0291));
#9465=CARTESIAN_POINT('',(0.0115927004874738,0.0546394761957682,0.0291));
#9466=CARTESIAN_POINT('',(0.0115927004874738,0.0546394761957682,0.0291));
#9467=CARTESIAN_POINT('',(0.0107464513460861,0.0502226535327031,0.0291));
#9468=CARTESIAN_POINT('',(0.000121382894852222,0.0606439035362178,0.0291));
#9469=CARTESIAN_POINT('',(0.010659619011984,0.0531212806866322,0.0291));
#9470=CARTESIAN_POINT('',(0.010659619011984,0.0531212806866322,0.0291));
#9471=CARTESIAN_POINT('',(0.000121382894852222,0.0606439035362178,0.0291));
#9472=CARTESIAN_POINT('',(0.00796803544703759,0.0382379086028845,0.0291));
#9473=CARTESIAN_POINT('',(0.0167785669315105,0.0505315623165484,0.0291));
#9474=CARTESIAN_POINT('',(0.0167785669315105,0.0505315623165484,0.0291));
#9475=CARTESIAN_POINT('',(0.00796803544703759,0.0382379086028845,0.0291));
#9476=CARTESIAN_POINT('',(0.0224458219681706,0.0409411778590722,0.0291));
#9477=CARTESIAN_POINT('',(0.0213195706336257,0.0520238134492279,0.0291));
#9478=CARTESIAN_POINT('',(0.0213195706336257,0.0520238134492279,0.0291));
#9479=CARTESIAN_POINT('',(0.0224458219681706,0.0409411778590722,0.0291));
#9480=CARTESIAN_POINT('',(0.028395464526373,0.0543900208401195,0.0291));
#9481=CARTESIAN_POINT('',(0.0209358789078117,0.0542423922606322,0.0291));
#9482=CARTESIAN_POINT('',(0.0209358789078117,0.0542423922606322,0.0291));
#9483=CARTESIAN_POINT('',(0.028395464526373,0.0543900208401195,0.0291));
#9484=CARTESIAN_POINT('',(0.018938634952711,0.044094461179346,0.0291));
#9485=CARTESIAN_POINT('',(0.0233736343345697,0.0534379224828262,0.0291));
#9486=CARTESIAN_POINT('',(0.0233736343345697,0.0534379224828262,0.0291));
#9487=CARTESIAN_POINT('',(0.018938634952711,0.044094461179346,0.0291));
#9488=CARTESIAN_POINT('',(0.0216196092827717,0.0525338804966093,0.0291));
#9489=CARTESIAN_POINT('',(0.0233736343345697,0.0516298385103924,0.0291));
#9490=CARTESIAN_POINT('',(0.0233736343345697,0.0516298385103924,0.0291));
#9491=CARTESIAN_POINT('',(0.0216196092827717,0.0525338804966093,0.0291));
#9492=CARTESIAN_POINT('',(0.0241409809647655,0.0450441272657407,0.0291));
#9493=CARTESIAN_POINT('',(0.0222873714774557,0.0514100164665799,0.0291));
#9494=CARTESIAN_POINT('',(0.0222873714774557,0.0514100164665799,0.0291));
#9495=CARTESIAN_POINT('',(0.0241409809647655,0.0450441272657407,0.0291));
#9496=CARTESIAN_POINT('',(0.0219969377546174,0.0509440027954448,0.0291));
#9497=CARTESIAN_POINT('',(0.0215315499436294,0.0512354383362258,0.0291));
#9498=CARTESIAN_POINT('',(0.0215315499436294,0.0512354383362258,0.0291));
#9499=CARTESIAN_POINT('',(0.0219969377546174,0.0509440027954448,0.0291));
#9500=CARTESIAN_POINT('',(0.0219467369133203,0.0507674764335226,0.0291));
#9501=CARTESIAN_POINT('',(0.0215315499436294,0.0502995145308194,0.0291));
#9502=CARTESIAN_POINT('',(0.0215315499436294,0.0502995145308194,0.0291));
#9503=CARTESIAN_POINT('',(0.0219467369133203,0.0507674764335226,0.0291));
#9504=CARTESIAN_POINT('',(0.0222873714774557,0.0514100164665799,0.0291));
#9505=CARTESIAN_POINT('',(0.0230431930112821,0.0502995145308194,0.0291));
#9506=CARTESIAN_POINT('',(0.0230431930112821,0.0502995145308194,0.0291));
#9507=CARTESIAN_POINT('',(0.0222873714774557,0.0514100164665799,0.0291));
#9508=CARTESIAN_POINT('',(0.0208163607224922,0.0540518719348699,0.0291));
#9509=CARTESIAN_POINT('',(0.02414902780976,0.0512354383362258,0.0291));
#9510=CARTESIAN_POINT('',(0.02414902780976,0.0512354383362258,0.0291));
#9511=CARTESIAN_POINT('',(0.0208163607224922,0.0540518719348699,0.0291));
#9512=CARTESIAN_POINT('',(0.0221501123369856,0.052703718175636,0.0291));
#9513=CARTESIAN_POINT('',(0.02414902780976,0.0541719980150462,0.0291));
#9514=CARTESIAN_POINT('',(0.02414902780976,0.0541719980150462,0.0291));
#9515=CARTESIAN_POINT('',(0.0221501123369856,0.052703718175636,0.0291));
#9516=CARTESIAN_POINT('',(0.0216969716022705,0.0508897140446726,0.0291));
#9517=CARTESIAN_POINT('',(0.020953172556217,0.0549187003546455,0.0291));
#9518=CARTESIAN_POINT('',(0.020953172556217,0.0549187003546455,0.0291));
#9519=CARTESIAN_POINT('',(0.0216969716022705,0.0508897140446726,0.0291));
#9520=CARTESIAN_POINT('',(0.0186946848248263,0.0557902181604511,0.0291));
#9521=CARTESIAN_POINT('',(0.0186946848248263,0.0557902181604511,0.0284));
#9522=CARTESIAN_POINT('',(0.0188899160522738,0.0557919848718319,0.0291));
#9523=CARTESIAN_POINT('',(0.0188899160522738,0.0557919848718319,0.0284));
#9524=CARTESIAN_POINT('',(0.0193530603645982,0.0560220823505928,0.0291));
#9525=CARTESIAN_POINT('',(0.0193530603645982,0.0560220823505928,0.0284));
#9526=CARTESIAN_POINT('',(0.0201996656494536,0.0562248370408552,0.0291));
#9527=CARTESIAN_POINT('',(0.0201996656494536,0.0562248370408552,0.0284));
#9528=CARTESIAN_POINT('',(0.0210476400989426,0.0556463170757008,0.0291));
#9529=CARTESIAN_POINT('',(0.0210476400989426,0.0556463170757008,0.0284));
#9530=CARTESIAN_POINT('',(0.0211373679688382,0.0551307144910531,0.0291));
#9531=CARTESIAN_POINT('',(0.0211373679688382,0.0551307144910531,0.0284));
#9532=CARTESIAN_POINT('',(0.020953172556217,0.0549187003546455,0.0291));
#9533=CARTESIAN_POINT('',(0.020953172556217,0.0549187003546455,0.0284));
#9534=CARTESIAN_POINT('',(0.0186946848248263,0.0557902181604511,0.0291));
#9535=CARTESIAN_POINT('',(0.0186946848248263,0.0557902181604511,0.0291));
#9536=CARTESIAN_POINT('',(0.0186946848248263,0.0557902181604511,0.0291));
#9537=CARTESIAN_POINT('',(0.0190581567960753,0.0557935073374777,0.0291));
#9538=CARTESIAN_POINT('',(0.0201182779052464,0.0566255861451993,0.0291));
#9539=CARTESIAN_POINT('',(0.0213470281769076,0.0553720393281936,0.0291));
#9540=CARTESIAN_POINT('',(0.020953172556217,0.0549187003546455,0.0291));
#9541=CARTESIAN_POINT('',(0.0160702595854608,0.0456270440269054,0.0291));
#9542=CARTESIAN_POINT('',(0.0184952601373647,0.0558396386392514,0.0291));
#9543=CARTESIAN_POINT('',(0.0184952601373647,0.0558396386392514,0.0291));
#9544=CARTESIAN_POINT('',(0.0160702595854608,0.0456270440269054,0.0291));
#9545=CARTESIAN_POINT('',(0.0164628978627025,0.0561162552258499,0.0291));
#9546=CARTESIAN_POINT('',(0.0164628978627025,0.0561162552258499,0.0284));
#9547=CARTESIAN_POINT('',(0.0168632186497332,0.0561341861823162,0.0291));
#9548=CARTESIAN_POINT('',(0.0168632186497332,0.0561341861823162,0.0284));
#9549=CARTESIAN_POINT('',(0.0178237599690866,0.0578198447044076,0.0291));
#9550=CARTESIAN_POINT('',(0.0178237599690866,0.0578198447044076,0.0284));
#9551=CARTESIAN_POINT('',(0.0181473267676446,0.0560437535553384,0.0291));
#9552=CARTESIAN_POINT('',(0.0181473267676446,0.0560437535553384,0.0284));
#9553=CARTESIAN_POINT('',(0.0184952601373647,0.0558396386392514,0.0291));
#9554=CARTESIAN_POINT('',(0.0184952601373647,0.0558396386392514,0.0284));
#9555=CARTESIAN_POINT('',(0.0164628978627025,0.0561162552258499,0.0291));
#9556=CARTESIAN_POINT('',(0.0164628978627025,0.0561162552258499,0.0291));
#9557=CARTESIAN_POINT('',(0.0164628978627025,0.0561162552258499,0.0291));
#9558=CARTESIAN_POINT('',(0.0168701271440094,0.0561344956239293,0.0291));
#9559=CARTESIAN_POINT('',(0.0178284678369585,0.0578211372391893,0.0291));
#9560=CARTESIAN_POINT('',(0.0181533311915244,0.056040231063439,0.0291));
#9561=CARTESIAN_POINT('',(0.0184952601373647,0.0558396386392514,0.0291));
#9562=CARTESIAN_POINT('',(0.0160702595855503,0.0456270440289575,0.0291));
#9563=CARTESIAN_POINT('',(0.0160702595855503,0.0456270440289575,0.0291));
#9564=CARTESIAN_POINT('',(0.0351061003015909,0.0541780609676615,0.0291));
#9565=CARTESIAN_POINT('',(0.,0.,0.));
#9566=CARTESIAN_POINT('',(-0.0396060887724161,0.0522495394049549,0.02641514));
#9567=CARTESIAN_POINT('',(-0.0649325667355936,0.0518689045014188,0.02641514));
#9568=CARTESIAN_POINT('',(-0.0641785600660908,0.0528981344494214,0.02641514));
#9569=CARTESIAN_POINT('',(-0.0652113825425198,0.0531139354606034,0.02641514));
#9570=CARTESIAN_POINT('',(-0.0643068774411494,0.0513822273005374,0.02641514));
#9571=CARTESIAN_POINT('',(-0.063519491369508,0.0526839427098972,0.02641514));
#9572=CARTESIAN_POINT('',(-0.0639043606647752,0.0528776351096945,0.02641514));
#9573=CARTESIAN_POINT('',(-0.063519491369508,0.0530713275094919,0.02641514));
#9574=CARTESIAN_POINT('',(-0.0638875833009888,0.0540219250938958,0.02641514));
#9575=CARTESIAN_POINT('',(-0.0631677737796522,0.0533001206255742,0.02641514));
#9576=CARTESIAN_POINT('',(-0.0632211280819279,0.053521024687453,0.02641514));
#9577=CARTESIAN_POINT('',(-0.0630285310808395,0.0534003943376332,0.02641514));
#9578=CARTESIAN_POINT('',(-0.0622760146946581,0.0551159302183658,0.02641514));
#9579=CARTESIAN_POINT('',(-0.0627366444725476,0.0533001206255742,0.02641514));
#9580=CARTESIAN_POINT('',(-0.0621959855486249,0.0536910465311031,0.02641514));
#9581=CARTESIAN_POINT('',(-0.0624431362514037,0.0530713275094919,0.02641514));
#9582=CARTESIAN_POINT('',(-0.0627366444725475,0.0533001206255742,0.02641514));
#9583=CARTESIAN_POINT('',(-0.0625727271994657,0.0529660181062316,0.02641514));
#9584=CARTESIAN_POINT('',(-0.062163812510151,0.052823960966612,0.02641514));
#9585=CARTESIAN_POINT('',(-0.0625727271994657,0.0526819038269924,0.02641514));
#9586=CARTESIAN_POINT('',(-0.061815457217523,0.0518170124036721,0.02641514));
#9587=CARTESIAN_POINT('',(-0.0617796676216844,0.0529660181062316,0.02641514));
#9588=CARTESIAN_POINT('',(-0.0617006617508015,0.0523664978147774,0.02641514));
#9589=CARTESIAN_POINT('',(-0.06122337921715,0.0527378034713066,0.02641514));
#9590=CARTESIAN_POINT('',(-0.062003815933701,0.0516172448770868,0.02641514));
#9591=CARTESIAN_POINT('',(-0.0608124783594808,0.0522846636480782,0.02641514));
#9592=CARTESIAN_POINT('',(-0.0612168138018035,0.0521330829036659,0.02641514));
#9593=CARTESIAN_POINT('',(-0.0608553687549426,0.0518968174806886,0.02641514));
#9594=CARTESIAN_POINT('',(-0.0625242665897072,0.0542699523743784,0.02641514));
#9595=CARTESIAN_POINT('',(-0.06122337921715,0.0516767533364233,0.02641514));
#9596=CARTESIAN_POINT('',(-0.0616409849484787,0.0527772843710251,0.02641514));
#9597=CARTESIAN_POINT('',(-0.0615557128296106,0.0516032776543902,0.02641514));
#9598=CARTESIAN_POINT('',(-0.0613447104420744,0.0520311196515878,0.02641514));
#9599=CARTESIAN_POINT('',(-0.0617395064644889,0.0517633382429767,0.02641514));
#9600=CARTESIAN_POINT('',(-0.0612943999325421,0.0507135725291652,0.02641514));
#9601=CARTESIAN_POINT('',(-0.0615557128296106,0.0518234569594108,0.02641514));
#9602=CARTESIAN_POINT('',(-0.0616156676905222,0.0522420289294599,0.02641514));
#9603=CARTESIAN_POINT('',(-0.06122337921715,0.0520842099410045,0.02641514));
#9604=CARTESIAN_POINT('',(-0.061607152402144,0.0521996530532382,0.02641514));
#9605=CARTESIAN_POINT('',(-0.061408063085102,0.0525474639408228,0.02641514));
#9606=CARTESIAN_POINT('',(-0.0616069480697335,0.0519520105464839,0.02641514));
#9607=CARTESIAN_POINT('',(-0.0619233388383149,0.0524942437652174,0.02641514));
#9608=CARTESIAN_POINT('',(-0.0614334796794019,0.0521825953648738,0.02641514));
#9609=CARTESIAN_POINT('',(-0.0620056746019394,0.0520842099410045,0.02641514));
#9610=CARTESIAN_POINT('',(-0.0627532060237936,0.0523757483845353,0.02641514));
#9611=CARTESIAN_POINT('',(-0.0625154021857689,0.051609427808447,0.02641514));
#9612=CARTESIAN_POINT('',(-0.0631677737796522,0.0529524561633743,0.02641514));
#9613=CARTESIAN_POINT('',(-0.0635643007550962,0.0515129839627431,0.02641514));
#9614=CARTESIAN_POINT('',(-0.0633093101391295,0.0524088194365191,0.02641514));
#9615=CARTESIAN_POINT('',(-0.0641785600660908,0.0520742361512457,0.02641514));
#9616=CARTESIAN_POINT('',(-0.0645464784603477,0.0523121199125004,0.02641514));
#9617=CARTESIAN_POINT('',(-0.0641785600660908,0.052550003673755,0.02641514));
#9618=CARTESIAN_POINT('',(-0.0651277106482871,0.0515488936979593,0.02641514));
#9619=CARTESIAN_POINT('',(-0.0648103559939624,0.052891426392049,0.02641514));
#9620=CARTESIAN_POINT('',(-0.0647696872722845,0.0525666086118972,0.02641514));
#9621=CARTESIAN_POINT('',(-0.0650765057074025,0.0524524903263449,0.02641514));
#9622=CARTESIAN_POINT('',(-0.0644961073589184,0.052558275720656,0.02641514));
#9623=CARTESIAN_POINT('',(-0.0644743597852676,0.0519687167027342,0.02641514));
#9624=CARTESIAN_POINT('',(-0.0638672982659783,0.0485622411388276,0.02641514));
#9625=CARTESIAN_POINT('',(-0.0649188197164133,0.0518587395985526,0.02641514));
#9626=CARTESIAN_POINT('',(-0.0641785600660908,0.0536293685486084,0.02641514));
#9627=CARTESIAN_POINT('',(-0.0656944983493442,0.0524524903263449,0.02641514));
#9628=CARTESIAN_POINT('',(-0.0651336482566298,0.052550003673755,0.02641514));
#9629=CARTESIAN_POINT('',(-0.0688300887724161,0.0552428539800057,0.02641514));
#9630=CARTESIAN_POINT('',(-0.0113477741973653,0.0552428539800057,0.02641514));
#9631=CARTESIAN_POINT('',(-0.0678644033474669,0.0552428539800057,0.02641514));
#9632=CARTESIAN_POINT('',(-0.0678644033474669,0.0482905394049549,0.02641514));
#9633=CARTESIAN_POINT('',(-0.0678644033474669,0.0492562248299042,0.02641514));
#9634=CARTESIAN_POINT('',(-0.0103820887724161,0.0492562248299042,0.02641514));
#9635=CARTESIAN_POINT('',(-0.0113477741973653,0.0492562248299042,0.02641514));
#9636=CARTESIAN_POINT('',(-0.0113477741973653,0.0562085394049549,0.02641514));
#9637=CARTESIAN_POINT('',(-0.0170483650346811,0.052823960966612,0.02641514));
#9638=CARTESIAN_POINT('',(-0.0166394503453666,0.0529660181062316,0.02641514));
#9639=CARTESIAN_POINT('',(-0.0166394503453666,0.0526819038269924,0.02641514));
#9640=CARTESIAN_POINT('',(-0.0164755330722847,0.0533001206255742,0.02641514));
#9641=CARTESIAN_POINT('',(-0.0167690412934286,0.0530713275094919,0.02641514));
#9642=CARTESIAN_POINT('',(-0.0170161919962073,0.0536910465311032,0.02641514));
#9643=CARTESIAN_POINT('',(-0.0164755330722847,0.0533001206255742,0.02641514));
#9644=CARTESIAN_POINT('',(-0.0164778297709581,0.0537817690986332,0.02641514));
#9645=CARTESIAN_POINT('',(-0.0161836464639927,0.0534003943376332,0.02641514));
#9646=CARTESIAN_POINT('',(-0.0159910494629043,0.053521024687453,0.02641514));
#9647=CARTESIAN_POINT('',(-0.0160444037651801,0.0533001206255742,0.02641514));
#9648=CARTESIAN_POINT('',(-0.0153245942438434,0.0540219250938958,0.02641514));
#9649=CARTESIAN_POINT('',(-0.0156926861753243,0.0530713275094919,0.02641514));
#9650=CARTESIAN_POINT('',(-0.015307816880057,0.0528776351096945,0.02641514));
#9651=CARTESIAN_POINT('',(-0.0156926861753243,0.0526839427098971,0.02641514));
#9652=CARTESIAN_POINT('',(-0.0149053001036828,0.0513822273005375,0.02641514));
#9653=CARTESIAN_POINT('',(-0.0150336174787415,0.0528981344494214,0.02641514));
#9654=CARTESIAN_POINT('',(-0.0142796108092387,0.0518689045014187,0.02641514));
#9655=CARTESIAN_POINT('',(-0.0140007950023125,0.0531139354606034,0.02641514));
#9656=CARTESIAN_POINT('',(-0.0140785292882025,0.052550003673755,0.02641514));
#9657=CARTESIAN_POINT('',(-0.0135176791954881,0.0524524903263449,0.02641514));
#9658=CARTESIAN_POINT('',(-0.0150336174787415,0.0536293685486086,0.02641514));
#9659=CARTESIAN_POINT('',(-0.014293357828419,0.0518587395985526,0.02641514));
#9660=CARTESIAN_POINT('',(-0.0153448792788537,0.0485622411388288,0.02641514));
#9661=CARTESIAN_POINT('',(-0.0147378177595646,0.0519687167027342,0.02641514));
#9662=CARTESIAN_POINT('',(-0.0147160701859138,0.052558275720656,0.02641514));
#9663=CARTESIAN_POINT('',(-0.0141356718374297,0.0524524903263449,0.02641514));
#9664=CARTESIAN_POINT('',(-0.0144424902725477,0.0525666086118972,0.02641514));
#9665=CARTESIAN_POINT('',(-0.0144018215508699,0.052891426392049,0.02641514));
#9666=CARTESIAN_POINT('',(-0.0140844668965452,0.0515488936979594,0.02641514));
#9667=CARTESIAN_POINT('',(-0.0150336174787415,0.052550003673755,0.02641514));
#9668=CARTESIAN_POINT('',(-0.0146656990844846,0.0523121199125004,0.02641514));
#9669=CARTESIAN_POINT('',(-0.0150336174787415,0.0520742361512457,0.02641514));
#9670=CARTESIAN_POINT('',(-0.0159028674057028,0.0524088194365192,0.02641514));
#9671=CARTESIAN_POINT('',(-0.015647876789736,0.0515129839627431,0.02641514));
#9672=CARTESIAN_POINT('',(-0.0160444037651801,0.0529524561633743,0.02641514));
#9673=CARTESIAN_POINT('',(-0.0166967753590634,0.051609427808447,0.02641514));
#9674=CARTESIAN_POINT('',(-0.0164589715210387,0.0523757483845353,0.02641514));
#9675=CARTESIAN_POINT('',(-0.0172065029428928,0.0520842099410045,0.02641514));
#9676=CARTESIAN_POINT('',(-0.0177786978654303,0.0521825953648738,0.02641514));
#9677=CARTESIAN_POINT('',(-0.0172888387065173,0.0524942437652173,0.02641514));
#9678=CARTESIAN_POINT('',(-0.0176052294750988,0.051952010546484,0.02641514));
#9679=CARTESIAN_POINT('',(-0.0178041144597302,0.0525474639408228,0.02641514));
#9680=CARTESIAN_POINT('',(-0.0176050251426882,0.0521996530532382,0.02641514));
#9681=CARTESIAN_POINT('',(-0.0179887983276822,0.0520842099410045,0.02641514));
#9682=CARTESIAN_POINT('',(-0.01759650985431,0.0522420289294599,0.02641514));
#9683=CARTESIAN_POINT('',(-0.0176564647152217,0.0518234569594108,0.02641514));
#9684=CARTESIAN_POINT('',(-0.0179177776122901,0.0507135725291653,0.02641514));
#9685=CARTESIAN_POINT('',(-0.0174726710803433,0.0517633382429767,0.02641514));
#9686=CARTESIAN_POINT('',(-0.0178674671027578,0.0520311196515878,0.02641514));
#9687=CARTESIAN_POINT('',(-0.0176564647152217,0.0516032776543901,0.02641514));
#9688=CARTESIAN_POINT('',(-0.0175711925963535,0.0527772843710251,0.02641514));
#9689=CARTESIAN_POINT('',(-0.0179887983276822,0.0516767533364233,0.02641514));
#9690=CARTESIAN_POINT('',(-0.0166879109551252,0.0542699523743782,0.02641514));
#9691=CARTESIAN_POINT('',(-0.0183568087898896,0.0518968174806886,0.02641514));
#9692=CARTESIAN_POINT('',(-0.0179953637430287,0.0521330829036659,0.02641514));
#9693=CARTESIAN_POINT('',(-0.0183996991853514,0.0522846636480782,0.02641514));
#9694=CARTESIAN_POINT('',(-0.0172083616111313,0.0516172448770868,0.02641514));
#9695=CARTESIAN_POINT('',(-0.0179887983276822,0.0527378034713065,0.02641514));
#9696=CARTESIAN_POINT('',(-0.0175115157940308,0.0523664978147774,0.02641514));
#9697=CARTESIAN_POINT('',(-0.0174325099231478,0.0529660181062316,0.02641514));
#9698=CARTESIAN_POINT('',(-0.0173967203273092,0.0518170124036721,0.02641514));
#9699=CARTESIAN_POINT('',(-0.0698300887724161,0.0522495394049549,0.02581514));
#9700=CARTESIAN_POINT('',(-0.0698300887724161,0.0472905394049549,0.02581514));
#9701=CARTESIAN_POINT('',(-0.0698300887724161,0.0472905394049549,0.02481514));
#9702=CARTESIAN_POINT('',(-0.0698300887724161,0.0472905394049549,0.));
#9703=CARTESIAN_POINT('',(-0.0698300887724161,0.0522495394049549,0.02481514));
#9704=CARTESIAN_POINT('',(-0.0698300887724161,0.0572085394049549,0.02481514));
#9705=CARTESIAN_POINT('',(-0.0698300887724161,0.0572085394049549,0.02581514));
#9706=CARTESIAN_POINT('',(-0.0698300887724161,0.0572085394049549,0.));
#9707=CARTESIAN_POINT('',(-0.0698300887724161,0.0522495394049549,0.));
#9708=CARTESIAN_POINT('',(-0.0396060887724161,0.0472905394049549,0.02581514));
#9709=CARTESIAN_POINT('',(-0.00938208877241611,0.0472905394049549,0.02581514));
#9710=CARTESIAN_POINT('',(-0.00938208877241611,0.0472905394049549,0.02481514));
#9711=CARTESIAN_POINT('',(-0.00938208877241611,0.0472905394049549,0.));
#9712=CARTESIAN_POINT('',(-0.0396060887724161,0.0472905394049549,0.02481514));
#9713=CARTESIAN_POINT('',(-0.0396060887724161,0.0472905394049549,0.));
#9714=CARTESIAN_POINT('',(-0.00938208877241611,0.0522495394049549,0.02581514));
#9715=CARTESIAN_POINT('',(-0.00938208877241611,0.0572085394049549,0.02581514));
#9716=CARTESIAN_POINT('',(-0.00938208877241611,0.0572085394049549,0.02481514));
#9717=CARTESIAN_POINT('',(-0.00938208877241611,0.0572085394049549,0.));
#9718=CARTESIAN_POINT('',(-0.00938208877241611,0.0522495394049549,0.02481514));
#9719=CARTESIAN_POINT('',(-0.00938208877241611,0.0522495394049549,0.));
#9720=CARTESIAN_POINT('',(-0.0396060887724161,0.0572085394049549,0.02581514));
#9721=CARTESIAN_POINT('',(-0.0670743908132901,0.0572085394049549,0.0132285390478898));
#9722=CARTESIAN_POINT('',(-0.0670683333780265,0.0572085394049549,0.00350770436123329));
#9723=CARTESIAN_POINT('',(-0.0670804482485538,0.0572085394049549,0.0229493737345464));
#9724=CARTESIAN_POINT('',(-0.0398325862301682,0.0572085394049549,0.0035077043612333));
#9725=CARTESIAN_POINT('',(-0.0125968390823099,0.0572085394049549,0.0035077043612333));
#9726=CARTESIAN_POINT('',(-0.0125968390823099,0.0572085394049549,0.0132285390478898));
#9727=CARTESIAN_POINT('',(-0.0125968390823099,0.0572085394049549,0.0229493737345464));
#9728=CARTESIAN_POINT('',(-0.0398386436654318,0.0572085394049549,0.0229493737345464));
#9729=CARTESIAN_POINT('',(-0.0396060887724161,0.0572085394049549,0.02481514));
#9730=CARTESIAN_POINT('',(-0.0396060887724161,0.0572085394049549,0.));
#9731=CARTESIAN_POINT('',(-0.0396060887724161,0.0522495394049549,0.));
#9732=CARTESIAN_POINT('',(-0.0670743908132901,0.0501085394049549,0.0132285390478898));
#9733=CARTESIAN_POINT('',(-0.0670804482485538,0.0501085394049549,0.0229493737345464));
#9734=CARTESIAN_POINT('',(-0.0670804482485538,0.0501085394049549,0.0229493737345464));
#9735=CARTESIAN_POINT('',(-0.0670743908132901,0.0501085394049549,0.0132285390478898));
#9736=CARTESIAN_POINT('',(-0.0670683333780265,0.0501085394049549,0.00350770436123329));
#9737=CARTESIAN_POINT('',(-0.0670683333780265,0.0501085394049549,0.00350770436123329));
#9738=CARTESIAN_POINT('',(-0.0398386436654318,0.0501085394049549,0.0229493737345464));
#9739=CARTESIAN_POINT('',(-0.0125968390823099,0.0501085394049549,0.0229493737345464));
#9740=CARTESIAN_POINT('',(-0.0125968390823099,0.0501085394049549,0.0229493737345464));
#9741=CARTESIAN_POINT('',(-0.0398386436654318,0.0501085394049549,0.0229493737345464));
#9742=CARTESIAN_POINT('',(-0.0125968390823099,0.0501085394049549,0.0132285390478898));
#9743=CARTESIAN_POINT('',(-0.0125968390823099,0.0501085394049549,0.0035077043612333));
#9744=CARTESIAN_POINT('',(-0.0125968390823099,0.0501085394049549,0.0035077043612333));
#9745=CARTESIAN_POINT('',(-0.0125968390823099,0.0501085394049549,0.0132285390478898));
#9746=CARTESIAN_POINT('',(-0.0398325862301682,0.0501085394049549,0.0035077043612333));
#9747=CARTESIAN_POINT('',(-0.0398325862301682,0.0501085394049549,0.0035077043612333));
#9748=CARTESIAN_POINT('',(-0.0396060887724161,0.0501085394049549,0.01290757));
#9749=CARTESIAN_POINT('',(-0.0698300887724161,0.0522495394049549,0.02481514));
#9750=CARTESIAN_POINT('',(-0.0597554221057495,0.0573652060716216,0.0348898066666667));
#9751=CARTESIAN_POINT('',(-0.0686821975656854,0.0484384306116856,0.0259630312067307));
#9752=CARTESIAN_POINT('',(-0.0686821975656854,0.0522495394049549,0.0259630312067307));
#9753=CARTESIAN_POINT('',(-0.0686821975656854,0.0560606481982242,0.0259630312067307));
#9754=CARTESIAN_POINT('',(-0.0681770887724161,0.0555555394049549,0.02646814));
#9755=CARTESIAN_POINT('',(-0.0396060887724161,0.0572085394049549,0.02481514));
#9756=CARTESIAN_POINT('',(-0.0396060887724161,0.0560606481982242,0.0259630312067307));
#9757=CARTESIAN_POINT('',(-0.0105299799791468,0.0560606481982242,0.0259630312067307));
#9758=CARTESIAN_POINT('',(-0.0194567554390828,0.0471338727382882,0.0348898066666667));
#9759=CARTESIAN_POINT('',(-0.0396060887724161,0.0472905394049549,0.02481514));
#9760=CARTESIAN_POINT('',(-0.0194567554390828,0.0573652060716216,0.0348898066666667));
#9761=CARTESIAN_POINT('',(-0.0105299799791468,0.0484384306116856,0.0259630312067307));
#9762=CARTESIAN_POINT('',(-0.0396060887724161,0.0484384306116856,0.0259630312067307));
#9763=CARTESIAN_POINT('',(-0.00938208877241611,0.0522495394049549,0.02481514));
#9764=CARTESIAN_POINT('',(-0.0105299799791468,0.0522495394049549,0.0259630312067307));
#9765=CARTESIAN_POINT('',(-0.0113477741973653,0.0522495394049549,0.0254494545750507));
#9766=CARTESIAN_POINT('',(-0.0113477741973653,0.0492562248299042,0.0254494545750507));
#9767=CARTESIAN_POINT('',(-0.0113477741973653,0.0552428539800057,0.0254494545750507));
#9768=CARTESIAN_POINT('',(-0.0396060887724161,0.0552428539800057,0.0254494545750507));
#9769=CARTESIAN_POINT('',(-0.0678644033474669,0.0552428539800057,0.0254494545750507));
#9770=CARTESIAN_POINT('',(-0.0396060887724161,0.0492562248299042,0.0254494545750507));
#9771=CARTESIAN_POINT('',(-0.0678644033474669,0.0492562248299042,0.0254494545750507));
#9772=CARTESIAN_POINT('',(-0.0678644033474669,0.0522495394049549,0.0254494545750507));
#9773=CARTESIAN_POINT('',(-0.0164755330722847,0.0533001206255742,0.02681514));
#9774=CARTESIAN_POINT('',(-0.0166394503453666,0.0529660181062316,0.02681514));
#9775=CARTESIAN_POINT('',(-0.0166394503453666,0.0529660181062316,0.02681514));
#9776=CARTESIAN_POINT('',(-0.0164755330722847,0.0533001206255742,0.02681514));
#9777=CARTESIAN_POINT('',(-0.0167690412934286,0.0530713275094919,0.02681514));
#9778=CARTESIAN_POINT('',(-0.0167690412934286,0.0530713275094919,0.02681514));
#9779=CARTESIAN_POINT('',(-0.0170483650346811,0.052823960966612,0.02681514));
#9780=CARTESIAN_POINT('',(-0.0166394503453666,0.0526819038269924,0.02681514));
#9781=CARTESIAN_POINT('',(-0.0166394503453666,0.0526819038269924,0.02681514));
#9782=CARTESIAN_POINT('',(-0.0170483650346811,0.052823960966612,0.02681514));
#9783=CARTESIAN_POINT('',(-0.0173967203273092,0.0518170124036721,0.02681514));
#9784=CARTESIAN_POINT('',(-0.0174325099231478,0.0529660181062316,0.02681514));
#9785=CARTESIAN_POINT('',(-0.0174325099231478,0.0529660181062316,0.02681514));
#9786=CARTESIAN_POINT('',(-0.0173967203273092,0.0518170124036721,0.02681514));
#9787=CARTESIAN_POINT('',(-0.0175115157940308,0.0523664978147774,0.02681514));
#9788=CARTESIAN_POINT('',(-0.0179887983276822,0.0527378034713065,0.02681514));
#9789=CARTESIAN_POINT('',(-0.0179887983276822,0.0527378034713065,0.02681514));
#9790=CARTESIAN_POINT('',(-0.0175115157940308,0.0523664978147774,0.02681514));
#9791=CARTESIAN_POINT('',(-0.0172083616111313,0.0516172448770868,0.02681514));
#9792=CARTESIAN_POINT('',(-0.0183996991853514,0.0522846636480782,0.02681514));
#9793=CARTESIAN_POINT('',(-0.0183996991853514,0.0522846636480782,0.02681514));
#9794=CARTESIAN_POINT('',(-0.0172083616111313,0.0516172448770868,0.02681514));
#9795=CARTESIAN_POINT('',(-0.0179953637430287,0.0521330829036659,0.02681514));
#9796=CARTESIAN_POINT('',(-0.0183568087898896,0.0518968174806886,0.02681514));
#9797=CARTESIAN_POINT('',(-0.0183568087898896,0.0518968174806886,0.02681514));
#9798=CARTESIAN_POINT('',(-0.0179953637430287,0.0521330829036659,0.02681514));
#9799=CARTESIAN_POINT('',(-0.0166879109551252,0.0542699523743782,0.02681514));
#9800=CARTESIAN_POINT('',(-0.0179887983276822,0.0516767533364233,0.02681514));
#9801=CARTESIAN_POINT('',(-0.0179887983276822,0.0516767533364233,0.02681514));
#9802=CARTESIAN_POINT('',(-0.0166879109551252,0.0542699523743782,0.02681514));
#9803=CARTESIAN_POINT('',(-0.0175711925963535,0.0527772843710251,0.02681514));
#9804=CARTESIAN_POINT('',(-0.0176564647152217,0.0516032776543901,0.02681514));
#9805=CARTESIAN_POINT('',(-0.0176564647152217,0.0516032776543901,0.02681514));
#9806=CARTESIAN_POINT('',(-0.0175711925963535,0.0527772843710251,0.02681514));
#9807=CARTESIAN_POINT('',(-0.0178674671027578,0.0520311196515878,0.02681514));
#9808=CARTESIAN_POINT('',(-0.0174726710803433,0.0517633382429767,0.02681514));
#9809=CARTESIAN_POINT('',(-0.0174726710803433,0.0517633382429767,0.02681514));
#9810=CARTESIAN_POINT('',(-0.0178674671027578,0.0520311196515878,0.02681514));
#9811=CARTESIAN_POINT('',(-0.0179177776122901,0.0507135725291653,0.02681514));
#9812=CARTESIAN_POINT('',(-0.0176564647152217,0.0518234569594108,0.02681514));
#9813=CARTESIAN_POINT('',(-0.0176564647152217,0.0518234569594108,0.02681514));
#9814=CARTESIAN_POINT('',(-0.0179177776122901,0.0507135725291653,0.02681514));
#9815=CARTESIAN_POINT('',(-0.01759650985431,0.0522420289294599,0.02681514));
#9816=CARTESIAN_POINT('',(-0.0179887983276822,0.0520842099410045,0.02681514));
#9817=CARTESIAN_POINT('',(-0.0179887983276822,0.0520842099410045,0.02681514));
#9818=CARTESIAN_POINT('',(-0.01759650985431,0.0522420289294599,0.02681514));
#9819=CARTESIAN_POINT('',(-0.0176050251426882,0.0521996530532382,0.02681514));
#9820=CARTESIAN_POINT('',(-0.0178041144597302,0.0525474639408228,0.02681514));
#9821=CARTESIAN_POINT('',(-0.0178041144597302,0.0525474639408228,0.02681514));
#9822=CARTESIAN_POINT('',(-0.0176050251426882,0.0521996530532382,0.02681514));
#9823=CARTESIAN_POINT('',(-0.0176052294750988,0.051952010546484,0.02681514));
#9824=CARTESIAN_POINT('',(-0.0172888387065173,0.0524942437652173,0.02681514));
#9825=CARTESIAN_POINT('',(-0.0172888387065173,0.0524942437652173,0.02681514));
#9826=CARTESIAN_POINT('',(-0.0176052294750988,0.051952010546484,0.02681514));
#9827=CARTESIAN_POINT('',(-0.0177786978654303,0.0521825953648738,0.02681514));
#9828=CARTESIAN_POINT('',(-0.0172065029428928,0.0520842099410045,0.02681514));
#9829=CARTESIAN_POINT('',(-0.0172065029428928,0.0520842099410045,0.02681514));
#9830=CARTESIAN_POINT('',(-0.0177786978654303,0.0521825953648738,0.02681514));
#9831=CARTESIAN_POINT('',(-0.0164589715210387,0.0523757483845353,0.02681514));
#9832=CARTESIAN_POINT('',(-0.0166967753590634,0.051609427808447,0.02681514));
#9833=CARTESIAN_POINT('',(-0.0166967753590634,0.051609427808447,0.02681514));
#9834=CARTESIAN_POINT('',(-0.0164589715210387,0.0523757483845353,0.02681514));
#9835=CARTESIAN_POINT('',(-0.0160444037651801,0.0529524561633743,0.02681514));
#9836=CARTESIAN_POINT('',(-0.015647876789736,0.0515129839627431,0.02681514));
#9837=CARTESIAN_POINT('',(-0.015647876789736,0.0515129839627431,0.02681514));
#9838=CARTESIAN_POINT('',(-0.0160444037651801,0.0529524561633743,0.02681514));
#9839=CARTESIAN_POINT('',(-0.0159028674057028,0.0524088194365192,0.02681514));
#9840=CARTESIAN_POINT('',(-0.0150336174787415,0.0520742361512457,0.02681514));
#9841=CARTESIAN_POINT('',(-0.0150336174787415,0.0520742361512457,0.02681514));
#9842=CARTESIAN_POINT('',(-0.0159028674057028,0.0524088194365192,0.02681514));
#9843=CARTESIAN_POINT('',(-0.0146656990844846,0.0523121199125004,0.02681514));
#9844=CARTESIAN_POINT('',(-0.0150336174787415,0.052550003673755,0.02681514));
#9845=CARTESIAN_POINT('',(-0.0150336174787415,0.052550003673755,0.02681514));
#9846=CARTESIAN_POINT('',(-0.0146656990844846,0.0523121199125004,0.02681514));
#9847=CARTESIAN_POINT('',(-0.0140844668965452,0.0515488936979594,0.02681514));
#9848=CARTESIAN_POINT('',(-0.0144018215508699,0.052891426392049,0.02681514));
#9849=CARTESIAN_POINT('',(-0.0144018215508699,0.052891426392049,0.02681514));
#9850=CARTESIAN_POINT('',(-0.0140844668965452,0.0515488936979594,0.02681514));
#9851=CARTESIAN_POINT('',(-0.0144424902725477,0.0525666086118972,0.02681514));
#9852=CARTESIAN_POINT('',(-0.0141356718374297,0.0524524903263449,0.02681514));
#9853=CARTESIAN_POINT('',(-0.0141356718374297,0.0524524903263449,0.02681514));
#9854=CARTESIAN_POINT('',(-0.0144424902725477,0.0525666086118972,0.02681514));
#9855=CARTESIAN_POINT('',(-0.0147160701859138,0.052558275720656,0.02681514));
#9856=CARTESIAN_POINT('',(-0.0147378177595646,0.0519687167027342,0.02681514));
#9857=CARTESIAN_POINT('',(-0.0147378177595646,0.0519687167027342,0.02681514));
#9858=CARTESIAN_POINT('',(-0.0147160701859138,0.052558275720656,0.02681514));
#9859=CARTESIAN_POINT('',(-0.0153448792788537,0.0485622411388288,0.02681514));
#9860=CARTESIAN_POINT('',(-0.014293357828419,0.0518587395985526,0.02681514));
#9861=CARTESIAN_POINT('',(-0.014293357828419,0.0518587395985526,0.02681514));
#9862=CARTESIAN_POINT('',(-0.0153448792788537,0.0485622411388288,0.02681514));
#9863=CARTESIAN_POINT('',(-0.0150336174787415,0.0536293685486086,0.02681514));
#9864=CARTESIAN_POINT('',(-0.0135176791954881,0.0524524903263449,0.02681514));
#9865=CARTESIAN_POINT('',(-0.0135176791954881,0.0524524903263449,0.02681514));
#9866=CARTESIAN_POINT('',(-0.0150336174787415,0.0536293685486086,0.02681514));
#9867=CARTESIAN_POINT('',(-0.0140785292882025,0.052550003673755,0.02681514));
#9868=CARTESIAN_POINT('',(-0.0140007950023125,0.0531139354606034,0.02681514));
#9869=CARTESIAN_POINT('',(-0.0140007950023125,0.0531139354606034,0.02681514));
#9870=CARTESIAN_POINT('',(-0.0140785292882025,0.052550003673755,0.02681514));
#9871=CARTESIAN_POINT('',(-0.0142796108092387,0.0518689045014187,0.02681514));
#9872=CARTESIAN_POINT('',(-0.0150336174787415,0.0528981344494214,0.02681514));
#9873=CARTESIAN_POINT('',(-0.0150336174787415,0.0528981344494214,0.02681514));
#9874=CARTESIAN_POINT('',(-0.0142796108092387,0.0518689045014187,0.02681514));
#9875=CARTESIAN_POINT('',(-0.0149053001036828,0.0513822273005375,0.02681514));
#9876=CARTESIAN_POINT('',(-0.0156926861753243,0.0526839427098971,0.02681514));
#9877=CARTESIAN_POINT('',(-0.0156926861753243,0.0526839427098971,0.02681514));
#9878=CARTESIAN_POINT('',(-0.0149053001036828,0.0513822273005375,0.02681514));
#9879=CARTESIAN_POINT('',(-0.015307816880057,0.0528776351096945,0.02681514));
#9880=CARTESIAN_POINT('',(-0.0156926861753243,0.0530713275094919,0.02681514));
#9881=CARTESIAN_POINT('',(-0.0156926861753243,0.0530713275094919,0.02681514));
#9882=CARTESIAN_POINT('',(-0.015307816880057,0.0528776351096945,0.02681514));
#9883=CARTESIAN_POINT('',(-0.0153245942438434,0.0540219250938958,0.02681514));
#9884=CARTESIAN_POINT('',(-0.0160444037651801,0.0533001206255742,0.02681514));
#9885=CARTESIAN_POINT('',(-0.0160444037651801,0.0533001206255742,0.02681514));
#9886=CARTESIAN_POINT('',(-0.0153245942438434,0.0540219250938958,0.02681514));
#9887=CARTESIAN_POINT('',(-0.0159910494629043,0.053521024687453,0.02681514));
#9888=CARTESIAN_POINT('',(-0.0161836464639927,0.0534003943376332,0.02681514));
#9889=CARTESIAN_POINT('',(-0.0161836464639927,0.0534003943376332,0.02681514));
#9890=CARTESIAN_POINT('',(-0.0159910494629043,0.053521024687453,0.02681514));
#9891=CARTESIAN_POINT('',(-0.0164778297709581,0.0537817690986332,0.02681514));
#9892=CARTESIAN_POINT('',(-0.0164755330722847,0.0533001206255742,0.02681514));
#9893=CARTESIAN_POINT('',(-0.0164755330722847,0.0533001206255742,0.02681514));
#9894=CARTESIAN_POINT('',(-0.0164778297709581,0.0537817690986332,0.02681514));
#9895=CARTESIAN_POINT('',(-0.0170161919962073,0.0536910465311032,0.02681514));
#9896=CARTESIAN_POINT('',(-0.0170161919962073,0.0536910465311032,0.02681514));
#9897=CARTESIAN_POINT('',(-0.0396060887724161,0.0522495394049549,0.02681514));
#9898=CARTESIAN_POINT('',(-0.0649325667355936,0.0518689045014188,0.02681514));
#9899=CARTESIAN_POINT('',(-0.0652113825425198,0.0531139354606034,0.02681514));
#9900=CARTESIAN_POINT('',(-0.0652113825425198,0.0531139354606034,0.02681514));
#9901=CARTESIAN_POINT('',(-0.0649325667355936,0.0518689045014188,0.02681514));
#9902=CARTESIAN_POINT('',(-0.0641785600660908,0.0528981344494214,0.02681514));
#9903=CARTESIAN_POINT('',(-0.0641785600660908,0.0528981344494214,0.02681514));
#9904=CARTESIAN_POINT('',(-0.0651336482566298,0.052550003673755,0.02681514));
#9905=CARTESIAN_POINT('',(-0.0656944983493442,0.0524524903263449,0.02681514));
#9906=CARTESIAN_POINT('',(-0.0656944983493442,0.0524524903263449,0.02681514));
#9907=CARTESIAN_POINT('',(-0.0651336482566298,0.052550003673755,0.02681514));
#9908=CARTESIAN_POINT('',(-0.0641785600660908,0.0536293685486084,0.02681514));
#9909=CARTESIAN_POINT('',(-0.0649188197164133,0.0518587395985526,0.02681514));
#9910=CARTESIAN_POINT('',(-0.0649188197164133,0.0518587395985526,0.02681514));
#9911=CARTESIAN_POINT('',(-0.0641785600660908,0.0536293685486084,0.02681514));
#9912=CARTESIAN_POINT('',(-0.0638672982659783,0.0485622411388276,0.02681514));
#9913=CARTESIAN_POINT('',(-0.0644743597852676,0.0519687167027342,0.02681514));
#9914=CARTESIAN_POINT('',(-0.0644743597852676,0.0519687167027342,0.02681514));
#9915=CARTESIAN_POINT('',(-0.0638672982659783,0.0485622411388276,0.02681514));
#9916=CARTESIAN_POINT('',(-0.0644961073589184,0.052558275720656,0.02681514));
#9917=CARTESIAN_POINT('',(-0.0650765057074025,0.0524524903263449,0.02681514));
#9918=CARTESIAN_POINT('',(-0.0650765057074025,0.0524524903263449,0.02681514));
#9919=CARTESIAN_POINT('',(-0.0644961073589184,0.052558275720656,0.02681514));
#9920=CARTESIAN_POINT('',(-0.0647696872722845,0.0525666086118972,0.02681514));
#9921=CARTESIAN_POINT('',(-0.0648103559939624,0.052891426392049,0.02681514));
#9922=CARTESIAN_POINT('',(-0.0648103559939624,0.052891426392049,0.02681514));
#9923=CARTESIAN_POINT('',(-0.0647696872722845,0.0525666086118972,0.02681514));
#9924=CARTESIAN_POINT('',(-0.0651277106482871,0.0515488936979593,0.02681514));
#9925=CARTESIAN_POINT('',(-0.0641785600660908,0.052550003673755,0.02681514));
#9926=CARTESIAN_POINT('',(-0.0641785600660908,0.052550003673755,0.02681514));
#9927=CARTESIAN_POINT('',(-0.0651277106482871,0.0515488936979593,0.02681514));
#9928=CARTESIAN_POINT('',(-0.0645464784603477,0.0523121199125004,0.02681514));
#9929=CARTESIAN_POINT('',(-0.0641785600660908,0.0520742361512457,0.02681514));
#9930=CARTESIAN_POINT('',(-0.0641785600660908,0.0520742361512457,0.02681514));
#9931=CARTESIAN_POINT('',(-0.0645464784603477,0.0523121199125004,0.02681514));
#9932=CARTESIAN_POINT('',(-0.0633093101391295,0.0524088194365191,0.02681514));
#9933=CARTESIAN_POINT('',(-0.0635643007550962,0.0515129839627431,0.02681514));
#9934=CARTESIAN_POINT('',(-0.0635643007550962,0.0515129839627431,0.02681514));
#9935=CARTESIAN_POINT('',(-0.0633093101391295,0.0524088194365191,0.02681514));
#9936=CARTESIAN_POINT('',(-0.0631677737796522,0.0529524561633743,0.02681514));
#9937=CARTESIAN_POINT('',(-0.0625154021857689,0.051609427808447,0.02681514));
#9938=CARTESIAN_POINT('',(-0.0625154021857689,0.051609427808447,0.02681514));
#9939=CARTESIAN_POINT('',(-0.0631677737796522,0.0529524561633743,0.02681514));
#9940=CARTESIAN_POINT('',(-0.0627532060237936,0.0523757483845353,0.02681514));
#9941=CARTESIAN_POINT('',(-0.0620056746019394,0.0520842099410045,0.02681514));
#9942=CARTESIAN_POINT('',(-0.0620056746019394,0.0520842099410045,0.02681514));
#9943=CARTESIAN_POINT('',(-0.0627532060237936,0.0523757483845353,0.02681514));
#9944=CARTESIAN_POINT('',(-0.0614334796794019,0.0521825953648738,0.02681514));
#9945=CARTESIAN_POINT('',(-0.0619233388383149,0.0524942437652173,0.02681514));
#9946=CARTESIAN_POINT('',(-0.0619233388383149,0.0524942437652173,0.02681514));
#9947=CARTESIAN_POINT('',(-0.0614334796794019,0.0521825953648738,0.02681514));
#9948=CARTESIAN_POINT('',(-0.0616069480697335,0.0519520105464839,0.02681514));
#9949=CARTESIAN_POINT('',(-0.061408063085102,0.0525474639408228,0.02681514));
#9950=CARTESIAN_POINT('',(-0.061408063085102,0.0525474639408228,0.02681514));
#9951=CARTESIAN_POINT('',(-0.0616069480697335,0.0519520105464839,0.02681514));
#9952=CARTESIAN_POINT('',(-0.061607152402144,0.0521996530532382,0.02681514));
#9953=CARTESIAN_POINT('',(-0.06122337921715,0.0520842099410045,0.02681514));
#9954=CARTESIAN_POINT('',(-0.06122337921715,0.0520842099410045,0.02681514));
#9955=CARTESIAN_POINT('',(-0.061607152402144,0.0521996530532382,0.02681514));
#9956=CARTESIAN_POINT('',(-0.0616156676905222,0.0522420289294599,0.02681514));
#9957=CARTESIAN_POINT('',(-0.0615557128296106,0.0518234569594108,0.02681514));
#9958=CARTESIAN_POINT('',(-0.0615557128296106,0.0518234569594108,0.02681514));
#9959=CARTESIAN_POINT('',(-0.0616156676905222,0.0522420289294599,0.02681514));
#9960=CARTESIAN_POINT('',(-0.0612943999325421,0.0507135725291652,0.02681514));
#9961=CARTESIAN_POINT('',(-0.0617395064644889,0.0517633382429767,0.02681514));
#9962=CARTESIAN_POINT('',(-0.0617395064644889,0.0517633382429767,0.02681514));
#9963=CARTESIAN_POINT('',(-0.0612943999325421,0.0507135725291652,0.02681514));
#9964=CARTESIAN_POINT('',(-0.0613447104420744,0.0520311196515878,0.02681514));
#9965=CARTESIAN_POINT('',(-0.0615557128296106,0.0516032776543901,0.02681514));
#9966=CARTESIAN_POINT('',(-0.0615557128296106,0.0516032776543901,0.02681514));
#9967=CARTESIAN_POINT('',(-0.0613447104420744,0.0520311196515878,0.02681514));
#9968=CARTESIAN_POINT('',(-0.0616409849484787,0.0527772843710251,0.02681514));
#9969=CARTESIAN_POINT('',(-0.06122337921715,0.0516767533364233,0.02681514));
#9970=CARTESIAN_POINT('',(-0.06122337921715,0.0516767533364233,0.02681514));
#9971=CARTESIAN_POINT('',(-0.0616409849484787,0.0527772843710251,0.02681514));
#9972=CARTESIAN_POINT('',(-0.0625242665897072,0.0542699523743784,0.02681514));
#9973=CARTESIAN_POINT('',(-0.0608553687549426,0.0518968174806886,0.02681514));
#9974=CARTESIAN_POINT('',(-0.0608553687549426,0.0518968174806886,0.02681514));
#9975=CARTESIAN_POINT('',(-0.0625242665897072,0.0542699523743784,0.02681514));
#9976=CARTESIAN_POINT('',(-0.0612168138018035,0.0521330829036659,0.02681514));
#9977=CARTESIAN_POINT('',(-0.0608124783594808,0.0522846636480782,0.02681514));
#9978=CARTESIAN_POINT('',(-0.0608124783594808,0.0522846636480782,0.02681514));
#9979=CARTESIAN_POINT('',(-0.0612168138018035,0.0521330829036659,0.02681514));
#9980=CARTESIAN_POINT('',(-0.062003815933701,0.0516172448770868,0.02681514));
#9981=CARTESIAN_POINT('',(-0.06122337921715,0.0527378034713066,0.02681514));
#9982=CARTESIAN_POINT('',(-0.06122337921715,0.0527378034713066,0.02681514));
#9983=CARTESIAN_POINT('',(-0.062003815933701,0.0516172448770868,0.02681514));
#9984=CARTESIAN_POINT('',(-0.0617006617508015,0.0523664978147774,0.02681514));
#9985=CARTESIAN_POINT('',(-0.0617796676216844,0.0529660181062316,0.02681514));
#9986=CARTESIAN_POINT('',(-0.0617796676216844,0.0529660181062316,0.02681514));
#9987=CARTESIAN_POINT('',(-0.0617006617508015,0.0523664978147774,0.02681514));
#9988=CARTESIAN_POINT('',(-0.061815457217523,0.0518170124036721,0.02681514));
#9989=CARTESIAN_POINT('',(-0.0625727271994657,0.0526819038269924,0.02681514));
#9990=CARTESIAN_POINT('',(-0.0625727271994657,0.0526819038269924,0.02681514));
#9991=CARTESIAN_POINT('',(-0.061815457217523,0.0518170124036721,0.02681514));
#9992=CARTESIAN_POINT('',(-0.062163812510151,0.052823960966612,0.02681514));
#9993=CARTESIAN_POINT('',(-0.0625727271994657,0.0529660181062316,0.02681514));
#9994=CARTESIAN_POINT('',(-0.0625727271994657,0.0529660181062316,0.02681514));
#9995=CARTESIAN_POINT('',(-0.062163812510151,0.052823960966612,0.02681514));
#9996=CARTESIAN_POINT('',(-0.0627366444725475,0.0533001206255742,0.02681514));
#9997=CARTESIAN_POINT('',(-0.0624431362514037,0.0530713275094919,0.02681514));
#9998=CARTESIAN_POINT('',(-0.0624431362514037,0.0530713275094919,0.02681514));
#9999=CARTESIAN_POINT('',(-0.0627366444725475,0.0533001206255742,0.02681514));
#10000=CARTESIAN_POINT('',(-0.0621959855486249,0.0536910465311031,0.02681514));
#10001=CARTESIAN_POINT('',(-0.0627366444725476,0.0533001206255742,0.02681514));
#10002=CARTESIAN_POINT('',(-0.0627366444725476,0.0533001206255742,0.02681514));
#10003=CARTESIAN_POINT('',(-0.0621959855486249,0.0536910465311031,0.02681514));
#10004=CARTESIAN_POINT('',(-0.0622760146946581,0.0551159302183658,0.02681514));
#10005=CARTESIAN_POINT('',(-0.0630285310808395,0.0534003943376332,0.02681514));
#10006=CARTESIAN_POINT('',(-0.0630285310808395,0.0534003943376332,0.02681514));
#10007=CARTESIAN_POINT('',(-0.0622760146946581,0.0551159302183658,0.02681514));
#10008=CARTESIAN_POINT('',(-0.0632211280819279,0.053521024687453,0.02681514));
#10009=CARTESIAN_POINT('',(-0.0631677737796522,0.0533001206255742,0.02681514));
#10010=CARTESIAN_POINT('',(-0.0631677737796522,0.0533001206255742,0.02681514));
#10011=CARTESIAN_POINT('',(-0.0632211280819279,0.053521024687453,0.02681514));
#10012=CARTESIAN_POINT('',(-0.0638875833009888,0.0540219250938958,0.02681514));
#10013=CARTESIAN_POINT('',(-0.063519491369508,0.0530713275094919,0.02681514));
#10014=CARTESIAN_POINT('',(-0.063519491369508,0.0530713275094919,0.02681514));
#10015=CARTESIAN_POINT('',(-0.0638875833009888,0.0540219250938958,0.02681514));
#10016=CARTESIAN_POINT('',(-0.0639043606647752,0.0528776351096945,0.02681514));
#10017=CARTESIAN_POINT('',(-0.063519491369508,0.0526839427098971,0.02681514));
#10018=CARTESIAN_POINT('',(-0.063519491369508,0.0526839427098971,0.02681514));
#10019=CARTESIAN_POINT('',(-0.0639043606647752,0.0528776351096945,0.02681514));
#10020=CARTESIAN_POINT('',(-0.0643068774411494,0.0513822273005374,0.02681514));
#10021=CARTESIAN_POINT('',(-0.0643068774411494,0.0513822273005374,0.02681514));
#10022=CARTESIAN_POINT('',(-0.0396060887724161,0.0522495394049549,0.02681514));
#10023=MECHANICAL_DESIGN_GEOMETRIC_PRESENTATION_REPRESENTATION('',(#5464),
#10027);
#10024=MECHANICAL_DESIGN_GEOMETRIC_PRESENTATION_REPRESENTATION('',(#5465),
#10028);
#10025=MECHANICAL_DESIGN_GEOMETRIC_PRESENTATION_REPRESENTATION('',(#5466),
#10029);
#10026=MECHANICAL_DESIGN_GEOMETRIC_PRESENTATION_REPRESENTATION('',(#5467),
#10030);
#10027=(
GEOMETRIC_REPRESENTATION_CONTEXT(3)
GLOBAL_UNCERTAINTY_ASSIGNED_CONTEXT((#10031))
GLOBAL_UNIT_ASSIGNED_CONTEXT((#10043,#10039,#10035))
REPRESENTATION_CONTEXT('Part 3','TOP_LEVEL_ASSEMBLY_PART')
);
#10028=(
GEOMETRIC_REPRESENTATION_CONTEXT(3)
GLOBAL_UNCERTAINTY_ASSIGNED_CONTEXT((#10032))
GLOBAL_UNIT_ASSIGNED_CONTEXT((#10044,#10040,#10036))
REPRESENTATION_CONTEXT('Part 4','TOP_LEVEL_ASSEMBLY_PART')
);
#10029=(
GEOMETRIC_REPRESENTATION_CONTEXT(3)
GLOBAL_UNCERTAINTY_ASSIGNED_CONTEXT((#10033))
GLOBAL_UNIT_ASSIGNED_CONTEXT((#10045,#10041,#10037))
REPRESENTATION_CONTEXT('Part 2','TOP_LEVEL_ASSEMBLY_PART')
);
#10030=(
GEOMETRIC_REPRESENTATION_CONTEXT(3)
GLOBAL_UNCERTAINTY_ASSIGNED_CONTEXT((#10034))
GLOBAL_UNIT_ASSIGNED_CONTEXT((#10046,#10042,#10038))
REPRESENTATION_CONTEXT('Part 1','TOP_LEVEL_ASSEMBLY_PART')
);
#10031=UNCERTAINTY_MEASURE_WITH_UNIT(LENGTH_MEASURE(1.E-8),#10043,
'DISTANCE_ACCURACY_VALUE','Maximum Tolerance applied to model');
#10032=UNCERTAINTY_MEASURE_WITH_UNIT(LENGTH_MEASURE(2.E-5),#10044,
'DISTANCE_ACCURACY_VALUE','Maximum Tolerance applied to model');
#10033=UNCERTAINTY_MEASURE_WITH_UNIT(LENGTH_MEASURE(2.E-5),#10045,
'DISTANCE_ACCURACY_VALUE','Maximum Tolerance applied to model');
#10034=UNCERTAINTY_MEASURE_WITH_UNIT(LENGTH_MEASURE(1.E-8),#10046,
'DISTANCE_ACCURACY_VALUE','Maximum Tolerance applied to model');
#10035=(
NAMED_UNIT(*)
SI_UNIT($,.STERADIAN.)
SOLID_ANGLE_UNIT()
);
#10036=(
NAMED_UNIT(*)
SI_UNIT($,.STERADIAN.)
SOLID_ANGLE_UNIT()
);
#10037=(
NAMED_UNIT(*)
SI_UNIT($,.STERADIAN.)
SOLID_ANGLE_UNIT()
);
#10038=(
NAMED_UNIT(*)
SI_UNIT($,.STERADIAN.)
SOLID_ANGLE_UNIT()
);
#10039=(
NAMED_UNIT(*)
PLANE_ANGLE_UNIT()
SI_UNIT($,.RADIAN.)
);
#10040=(
NAMED_UNIT(*)
PLANE_ANGLE_UNIT()
SI_UNIT($,.RADIAN.)
);
#10041=(
NAMED_UNIT(*)
PLANE_ANGLE_UNIT()
SI_UNIT($,.RADIAN.)
);
#10042=(
NAMED_UNIT(*)
PLANE_ANGLE_UNIT()
SI_UNIT($,.RADIAN.)
);
#10043=(
LENGTH_UNIT()
NAMED_UNIT(*)
SI_UNIT($,.METRE.)
);
#10044=(
LENGTH_UNIT()
NAMED_UNIT(*)
SI_UNIT($,.METRE.)
);
#10045=(
LENGTH_UNIT()
NAMED_UNIT(*)
SI_UNIT($,.METRE.)
);
#10046=(
LENGTH_UNIT()
NAMED_UNIT(*)
SI_UNIT($,.METRE.)
);
#10047=PRODUCT_DEFINITION_SHAPE('','',#10051);
#10048=PRODUCT_DEFINITION_SHAPE('','',#10052);
#10049=PRODUCT_DEFINITION_SHAPE('','',#10053);
#10050=PRODUCT_DEFINITION_SHAPE('','',#10054);
#10051=PRODUCT_DEFINITION('','',#10059,#10055);
#10052=PRODUCT_DEFINITION('','',#10060,#10056);
#10053=PRODUCT_DEFINITION('','',#10061,#10057);
#10054=PRODUCT_DEFINITION('','',#10062,#10058);
#10055=PRODUCT_DEFINITION_CONTEXT('',#10083,'design');
#10056=PRODUCT_DEFINITION_CONTEXT('',#10084,'design');
#10057=PRODUCT_DEFINITION_CONTEXT('',#10085,'design');
#10058=PRODUCT_DEFINITION_CONTEXT('',#10086,'design');
#10059=PRODUCT_DEFINITION_FORMATION_WITH_SPECIFIED_SOURCE('','',#10067,
 .NOT_KNOWN.);
#10060=PRODUCT_DEFINITION_FORMATION_WITH_SPECIFIED_SOURCE('','',#10068,
 .NOT_KNOWN.);
#10061=PRODUCT_DEFINITION_FORMATION_WITH_SPECIFIED_SOURCE('','',#10069,
 .NOT_KNOWN.);
#10062=PRODUCT_DEFINITION_FORMATION_WITH_SPECIFIED_SOURCE('','',#10070,
 .NOT_KNOWN.);
#10063=PRODUCT_RELATED_PRODUCT_CATEGORY('','',(#10067));
#10064=PRODUCT_RELATED_PRODUCT_CATEGORY('','',(#10068));
#10065=PRODUCT_RELATED_PRODUCT_CATEGORY('','',(#10069));
#10066=PRODUCT_RELATED_PRODUCT_CATEGORY('','',(#10070));
#10067=PRODUCT('Part 3','Part 3','Part 3',(#10075));
#10068=PRODUCT('Part 4','Part 4','Part 4',(#10076));
#10069=PRODUCT('Part 2','Part 2','Part 2',(#10077));
#10070=PRODUCT('Part 1','Part 1','Part 1',(#10078));
#10071=PRODUCT_CATEGORY('','');
#10072=PRODUCT_CATEGORY('','');
#10073=PRODUCT_CATEGORY('','');
#10074=PRODUCT_CATEGORY('','');
#10075=PRODUCT_CONTEXT('',#10083,'mechanical');
#10076=PRODUCT_CONTEXT('',#10084,'mechanical');
#10077=PRODUCT_CONTEXT('',#10085,'mechanical');
#10078=PRODUCT_CONTEXT('',#10086,'mechanical');
#10079=APPLICATION_PROTOCOL_DEFINITION('international standard',
'ap242_managed_model_based_3d_engineering',2020,#10083);
#10080=APPLICATION_PROTOCOL_DEFINITION('international standard',
'ap242_managed_model_based_3d_engineering',2020,#10084);
#10081=APPLICATION_PROTOCOL_DEFINITION('international standard',
'ap242_managed_model_based_3d_engineering',2020,#10085);
#10082=APPLICATION_PROTOCOL_DEFINITION('international standard',
'ap242_managed_model_based_3d_engineering',2020,#10086);
#10083=APPLICATION_CONTEXT('managed model based 3d engineering');
#10084=APPLICATION_CONTEXT('managed model based 3d engineering');
#10085=APPLICATION_CONTEXT('managed model based 3d engineering');
#10086=APPLICATION_CONTEXT('managed model based 3d engineering');
ENDSEC;
END-ISO-10303-21;
