ISO-10303-21;
HEADER;
/* Generated by software containing ST-Developer
 * from STEP Tools, Inc. (www.steptools.com) 
 */
/* OPTION: using custom renumber hook */

FILE_DESCRIPTION(
/* description */ ('STEP AP242 Edition 2',
'CAx-IF Rec.Pracs.---Representation and Presentation of Product Manufa
cturing Information (PMI)---4.0---2014-10-13',
'CAx-IF Rec.Pracs.---3D Tessellated Geometry---0.4---2014-09-14','2;1',
'CAx-IF Rec.Pracs.---User Defined Attributes---1.5---2016-08-15'),
/* implementation_level */ '2;1');

FILE_NAME(
/* name */ 'dresser',
/* time_stamp */ '2026-09-07T01:31:42Z',
/* author */ (''),
/* organization */ (''),
/* preprocessor_version */ 'ST-DEVELOPER v20',
/* originating_system */ 'ONSHAPE BY PTC INC, 1.220',
/* authorisation */ '  ');

FILE_SCHEMA (('AP242_MANAGED_MODEL_BASED_3D_ENGINEERING_MIM_LF { 1 0 10303 442 3 1 4 }'));
ENDSEC;

DATA;
#10=SPHERICAL_SURFACE('',#3931,0.00265563);
#11=SPHERICAL_SURFACE('',#3932,0.00265563);
#12=SPHERICAL_SURFACE('',#3938,0.00265563);
#13=SHAPE_REPRESENTATION_RELATIONSHIP('','',#3671,#18);
#14=SHAPE_REPRESENTATION_RELATIONSHIP('','',#3672,#19);
#15=SHAPE_REPRESENTATION_RELATIONSHIP('','',#3673,#20);
#16=SHAPE_REPRESENTATION_RELATIONSHIP('','',#3674,#21);
#17=SHAPE_REPRESENTATION_RELATIONSHIP('','',#3675,#22);
#18=ADVANCED_BREP_SHAPE_REPRESENTATION('',(#3661),#6044);
#19=ADVANCED_BREP_SHAPE_REPRESENTATION('',(#3662),#6045);
#20=ADVANCED_BREP_SHAPE_REPRESENTATION('',(#3663),#6046);
#21=ADVANCED_BREP_SHAPE_REPRESENTATION('',(#3664),#6047);
#22=ADVANCED_BREP_SHAPE_REPRESENTATION('',(#3665),#6048);
#23=CYLINDRICAL_SURFACE('',#3855,4.82842712474619E-5);
#24=CYLINDRICAL_SURFACE('',#3856,4.82842712474619E-5);
#25=CYLINDRICAL_SURFACE('',#3857,4.82842712474619E-5);
#26=CYLINDRICAL_SURFACE('',#3858,4.82842712474619E-5);
#27=CYLINDRICAL_SURFACE('',#3859,4.82842712474619E-5);
#28=CYLINDRICAL_SURFACE('',#3860,4.82842712474619E-5);
#29=CYLINDRICAL_SURFACE('',#3861,4.82842712474619E-5);
#30=CYLINDRICAL_SURFACE('',#3862,4.82842712474619E-5);
#31=CYLINDRICAL_SURFACE('',#3863,4.82842712474619E-5);
#32=CYLINDRICAL_SURFACE('',#3864,4.82842712474619E-5);
#33=CYLINDRICAL_SURFACE('',#3865,4.82842712474619E-5);
#34=CYLINDRICAL_SURFACE('',#3866,4.82842712474619E-5);
#35=CYLINDRICAL_SURFACE('',#3867,4.82842712474619E-5);
#36=CYLINDRICAL_SURFACE('',#3868,4.82842712474619E-5);
#37=CYLINDRICAL_SURFACE('',#3869,4.82842712474619E-5);
#38=CYLINDRICAL_SURFACE('',#3870,4.82842712474619E-5);
#39=CYLINDRICAL_SURFACE('',#3871,4.82842712474619E-5);
#40=CYLINDRICAL_SURFACE('',#3872,4.82842712474619E-5);
#41=CYLINDRICAL_SURFACE('',#3873,4.82842712474619E-5);
#42=CYLINDRICAL_SURFACE('',#3874,4.82842712474619E-5);
#43=CYLINDRICAL_SURFACE('',#3875,4.82842712474619E-5);
#44=CYLINDRICAL_SURFACE('',#3876,4.82842712474619E-5);
#45=CYLINDRICAL_SURFACE('',#3877,4.82842712474619E-5);
#46=CYLINDRICAL_SURFACE('',#3878,4.82842712474619E-5);
#47=CYLINDRICAL_SURFACE('',#3879,4.82842712474619E-5);
#48=CYLINDRICAL_SURFACE('',#3880,4.82842712474619E-5);
#49=CYLINDRICAL_SURFACE('',#3881,4.82842712474619E-5);
#50=CYLINDRICAL_SURFACE('',#3882,4.82842712474619E-5);
#51=CYLINDRICAL_SURFACE('',#3883,4.82842712474619E-5);
#52=CYLINDRICAL_SURFACE('',#3884,4.82842712474619E-5);
#53=CYLINDRICAL_SURFACE('',#3885,4.82842712474619E-5);
#54=CYLINDRICAL_SURFACE('',#3886,4.82842712474619E-5);
#55=CYLINDRICAL_SURFACE('',#3887,4.82842712474619E-5);
#56=CYLINDRICAL_SURFACE('',#3888,4.82842712474619E-5);
#57=CYLINDRICAL_SURFACE('',#3889,4.82842712474619E-5);
#58=CYLINDRICAL_SURFACE('',#3890,4.82842712474619E-5);
#59=CYLINDRICAL_SURFACE('',#3891,4.82842712474619E-5);
#60=CYLINDRICAL_SURFACE('',#3892,4.82842712474619E-5);
#61=CYLINDRICAL_SURFACE('',#3893,4.82842712474619E-5);
#62=CYLINDRICAL_SURFACE('',#3894,4.82842712474619E-5);
#63=CYLINDRICAL_SURFACE('',#3895,4.82842712474619E-5);
#64=CYLINDRICAL_SURFACE('',#3896,4.82842712474619E-5);
#65=CYLINDRICAL_SURFACE('',#3897,4.82842712474619E-5);
#66=CYLINDRICAL_SURFACE('',#3898,4.82842712474619E-5);
#67=CYLINDRICAL_SURFACE('',#3918,0.00217279220613578);
#68=CYLINDRICAL_SURFACE('',#3925,0.0026556349186104);
#69=CYLINDRICAL_SURFACE('',#3928,0.00265563);
#70=CYLINDRICAL_SURFACE('',#3934,0.00265563);
#71=CYLINDRICAL_SURFACE('',#3936,0.00265563);
#72=ELLIPSE('',#3701,4.83064215206326E-5,4.82842712474619E-5);
#73=ELLIPSE('',#3705,4.83064215206326E-5,4.82842712474619E-5);
#74=ELLIPSE('',#3707,4.83064215206326E-5,4.82842712474619E-5);
#75=ELLIPSE('',#3708,4.83064215206326E-5,4.82842712474619E-5);
#76=ELLIPSE('',#3709,4.83064215206326E-5,4.82842712474619E-5);
#77=ELLIPSE('',#3710,4.83064215206326E-5,4.82842712474619E-5);
#78=ELLIPSE('',#3711,4.83064215206326E-5,4.82842712474619E-5);
#79=ELLIPSE('',#3713,4.83064215206326E-5,4.82842712474619E-5);
#80=ELLIPSE('',#3714,4.83064215206326E-5,4.82842712474619E-5);
#81=ELLIPSE('',#3715,4.83064215206326E-5,4.82842712474619E-5);
#82=ELLIPSE('',#3716,4.83064215206326E-5,4.82842712474619E-5);
#83=ELLIPSE('',#3717,4.83064215206326E-5,4.82842712474619E-5);
#84=ELLIPSE('',#3718,4.83064215206326E-5,4.82842712474619E-5);
#85=ELLIPSE('',#3719,4.83064215206326E-5,4.82842712474619E-5);
#86=ELLIPSE('',#3720,4.83064215206326E-5,4.82842712474619E-5);
#87=ELLIPSE('',#3721,4.83064215206326E-5,4.82842712474619E-5);
#88=ELLIPSE('',#3723,4.83064215206326E-5,4.82842712474619E-5);
#89=ELLIPSE('',#3724,4.82865590812661E-5,4.82842712474619E-5);
#90=ELLIPSE('',#3725,4.83064215206326E-5,4.82842712474619E-5);
#91=ELLIPSE('',#3726,4.83064215206326E-5,4.82842712474619E-5);
#92=ELLIPSE('',#3728,4.82865590812661E-5,4.82842712474619E-5);
#93=ELLIPSE('',#3729,4.83064215206326E-5,4.82842712474619E-5);
#94=ELLIPSE('',#3730,4.83608812019869E-5,4.82842712474619E-5);
#95=ELLIPSE('',#3731,4.83712852303357E-5,4.82842712474619E-5);
#96=ELLIPSE('',#3759,4.83712852303357E-5,4.82842712474619E-5);
#97=ELLIPSE('',#3760,4.83608812019869E-5,4.82842712474619E-5);
#98=ELLIPSE('',#3761,4.83064215206326E-5,4.82842712474619E-5);
#99=ELLIPSE('',#3762,4.82865590812661E-5,4.82842712474619E-5);
#100=ELLIPSE('',#3764,4.83064215206326E-5,4.82842712474619E-5);
#101=ELLIPSE('',#3765,4.83064215206326E-5,4.82842712474619E-5);
#102=ELLIPSE('',#3766,4.82865590812661E-5,4.82842712474619E-5);
#103=ELLIPSE('',#3767,4.83064215206326E-5,4.82842712474619E-5);
#104=ELLIPSE('',#3769,4.83064215206326E-5,4.82842712474619E-5);
#105=ELLIPSE('',#3770,4.83064215206326E-5,4.82842712474619E-5);
#106=ELLIPSE('',#3771,4.83064215206326E-5,4.82842712474619E-5);
#107=ELLIPSE('',#3772,4.83064215206326E-5,4.82842712474619E-5);
#108=ELLIPSE('',#3773,4.83064215206326E-5,4.82842712474619E-5);
#109=ELLIPSE('',#3774,4.83064215206326E-5,4.82842712474619E-5);
#110=ELLIPSE('',#3775,4.83064215206326E-5,4.82842712474619E-5);
#111=ELLIPSE('',#3776,4.83064215206326E-5,4.82842712474619E-5);
#112=ELLIPSE('',#3777,4.83064215206326E-5,4.82842712474619E-5);
#113=ELLIPSE('',#3779,4.83064215206326E-5,4.82842712474619E-5);
#114=ELLIPSE('',#3780,4.83064215206326E-5,4.82842712474619E-5);
#115=ELLIPSE('',#3781,4.83064215206326E-5,4.82842712474619E-5);
#116=ELLIPSE('',#3782,4.83064215206326E-5,4.82842712474619E-5);
#117=ELLIPSE('',#3783,4.83064215206326E-5,4.82842712474619E-5);
#118=ELLIPSE('',#3785,4.83064215206326E-5,4.82842712474619E-5);
#119=ELLIPSE('',#3789,4.83064215206326E-5,4.82842712474619E-5);
#120=ELLIPSE('',#3905,0.0021736705034833,0.00217279220613578);
#121=ELLIPSE('',#3915,0.00307279220613579,0.00217279220613578);
#122=ELLIPSE('',#3917,0.00307403430615644,0.00217279220613578);
#123=ELLIPSE('',#3935,0.00375562796264486,0.00265563);
#124=CIRCLE('',#3700,4.82842712474619E-5);
#125=CIRCLE('',#3702,4.82842712474619E-5);
#126=CIRCLE('',#3703,4.82842712474619E-5);
#127=CIRCLE('',#3704,4.82842712474619E-5);
#128=CIRCLE('',#3706,4.82842712474619E-5);
#129=CIRCLE('',#3712,4.82842712474619E-5);
#130=CIRCLE('',#3722,4.82842712474619E-5);
#131=CIRCLE('',#3727,4.82842712474619E-5);
#132=CIRCLE('',#3732,4.82842712474619E-5);
#133=CIRCLE('',#3733,4.82842712474619E-5);
#134=CIRCLE('',#3734,4.82842712474619E-5);
#135=CIRCLE('',#3735,4.82842712474619E-5);
#136=CIRCLE('',#3736,4.82842712474619E-5);
#137=CIRCLE('',#3737,4.82842712474619E-5);
#138=CIRCLE('',#3738,4.82842712474619E-5);
#139=CIRCLE('',#3739,4.82842712474619E-5);
#140=CIRCLE('',#3740,4.82842712474619E-5);
#141=CIRCLE('',#3741,4.82842712474619E-5);
#142=CIRCLE('',#3742,4.82842712474619E-5);
#143=CIRCLE('',#3743,4.82842712474619E-5);
#144=CIRCLE('',#3746,4.82842712474619E-5);
#145=CIRCLE('',#3747,4.82842712474619E-5);
#146=CIRCLE('',#3748,4.82842712474619E-5);
#147=CIRCLE('',#3749,4.82842712474619E-5);
#148=CIRCLE('',#3750,4.82842712474619E-5);
#149=CIRCLE('',#3751,4.82842712474619E-5);
#150=CIRCLE('',#3752,4.82842712474619E-5);
#151=CIRCLE('',#3753,4.82842712474619E-5);
#152=CIRCLE('',#3754,4.82842712474619E-5);
#153=CIRCLE('',#3755,4.82842712474619E-5);
#154=CIRCLE('',#3756,4.82842712474619E-5);
#155=CIRCLE('',#3757,4.82842712474619E-5);
#156=CIRCLE('',#3758,4.82842712474619E-5);
#157=CIRCLE('',#3763,4.82842712474619E-5);
#158=CIRCLE('',#3768,4.82842712474619E-5);
#159=CIRCLE('',#3778,4.82842712474619E-5);
#160=CIRCLE('',#3784,4.82842712474619E-5);
#161=CIRCLE('',#3786,4.82842712474619E-5);
#162=CIRCLE('',#3787,4.82842712474619E-5);
#163=CIRCLE('',#3788,4.82842712474619E-5);
#164=CIRCLE('',#3903,0.00217279220613578);
#165=CIRCLE('',#3908,0.00217279220613578);
#166=CIRCLE('',#3911,0.00217279220613578);
#167=CIRCLE('',#3922,0.00263170942574688);
#168=CIRCLE('',#3923,0.00263171009041649);
#169=CIRCLE('',#3924,0.00263170942574688);
#170=CIRCLE('',#3926,0.0026556349186104);
#171=CIRCLE('',#3927,0.0026556349186104);
#172=CIRCLE('',#3929,0.00265563);
#173=CIRCLE('',#3930,0.00265563);
#174=CIRCLE('',#3933,0.00265563);
#175=CIRCLE('',#3937,0.00265563);
#176=ORIENTED_EDGE('',*,*,#1214,.T.);
#177=ORIENTED_EDGE('',*,*,#1215,.T.);
#178=ORIENTED_EDGE('',*,*,#1216,.T.);
#179=ORIENTED_EDGE('',*,*,#1217,.T.);
#180=ORIENTED_EDGE('',*,*,#1218,.T.);
#181=ORIENTED_EDGE('',*,*,#1219,.T.);
#182=ORIENTED_EDGE('',*,*,#1220,.T.);
#183=ORIENTED_EDGE('',*,*,#1221,.T.);
#184=ORIENTED_EDGE('',*,*,#1222,.T.);
#185=ORIENTED_EDGE('',*,*,#1223,.T.);
#186=ORIENTED_EDGE('',*,*,#1224,.T.);
#187=ORIENTED_EDGE('',*,*,#1225,.T.);
#188=ORIENTED_EDGE('',*,*,#1226,.T.);
#189=ORIENTED_EDGE('',*,*,#1227,.T.);
#190=ORIENTED_EDGE('',*,*,#1228,.T.);
#191=ORIENTED_EDGE('',*,*,#1229,.T.);
#192=ORIENTED_EDGE('',*,*,#1230,.T.);
#193=ORIENTED_EDGE('',*,*,#1231,.T.);
#194=ORIENTED_EDGE('',*,*,#1232,.T.);
#195=ORIENTED_EDGE('',*,*,#1233,.T.);
#196=ORIENTED_EDGE('',*,*,#1234,.T.);
#197=ORIENTED_EDGE('',*,*,#1235,.T.);
#198=ORIENTED_EDGE('',*,*,#1236,.T.);
#199=ORIENTED_EDGE('',*,*,#1237,.T.);
#200=ORIENTED_EDGE('',*,*,#1238,.T.);
#201=ORIENTED_EDGE('',*,*,#1239,.T.);
#202=ORIENTED_EDGE('',*,*,#1240,.T.);
#203=ORIENTED_EDGE('',*,*,#1241,.F.);
#204=ORIENTED_EDGE('',*,*,#1242,.T.);
#205=ORIENTED_EDGE('',*,*,#1243,.T.);
#206=ORIENTED_EDGE('',*,*,#1244,.T.);
#207=ORIENTED_EDGE('',*,*,#1245,.T.);
#208=ORIENTED_EDGE('',*,*,#1246,.T.);
#209=ORIENTED_EDGE('',*,*,#1247,.T.);
#210=ORIENTED_EDGE('',*,*,#1248,.T.);
#211=ORIENTED_EDGE('',*,*,#1249,.F.);
#212=ORIENTED_EDGE('',*,*,#1250,.T.);
#213=ORIENTED_EDGE('',*,*,#1251,.T.);
#214=ORIENTED_EDGE('',*,*,#1252,.T.);
#215=ORIENTED_EDGE('',*,*,#1253,.T.);
#216=ORIENTED_EDGE('',*,*,#1254,.T.);
#217=ORIENTED_EDGE('',*,*,#1255,.T.);
#218=ORIENTED_EDGE('',*,*,#1256,.T.);
#219=ORIENTED_EDGE('',*,*,#1257,.T.);
#220=ORIENTED_EDGE('',*,*,#1258,.T.);
#221=ORIENTED_EDGE('',*,*,#1259,.T.);
#222=ORIENTED_EDGE('',*,*,#1260,.T.);
#223=ORIENTED_EDGE('',*,*,#1261,.T.);
#224=ORIENTED_EDGE('',*,*,#1262,.T.);
#225=ORIENTED_EDGE('',*,*,#1263,.T.);
#226=ORIENTED_EDGE('',*,*,#1264,.T.);
#227=ORIENTED_EDGE('',*,*,#1265,.T.);
#228=ORIENTED_EDGE('',*,*,#1266,.T.);
#229=ORIENTED_EDGE('',*,*,#1267,.T.);
#230=ORIENTED_EDGE('',*,*,#1268,.T.);
#231=ORIENTED_EDGE('',*,*,#1269,.T.);
#232=ORIENTED_EDGE('',*,*,#1270,.T.);
#233=ORIENTED_EDGE('',*,*,#1271,.T.);
#234=ORIENTED_EDGE('',*,*,#1272,.T.);
#235=ORIENTED_EDGE('',*,*,#1273,.T.);
#236=ORIENTED_EDGE('',*,*,#1274,.T.);
#237=ORIENTED_EDGE('',*,*,#1275,.T.);
#238=ORIENTED_EDGE('',*,*,#1276,.T.);
#239=ORIENTED_EDGE('',*,*,#1277,.T.);
#240=ORIENTED_EDGE('',*,*,#1278,.T.);
#241=ORIENTED_EDGE('',*,*,#1279,.T.);
#242=ORIENTED_EDGE('',*,*,#1280,.T.);
#243=ORIENTED_EDGE('',*,*,#1281,.T.);
#244=ORIENTED_EDGE('',*,*,#1282,.T.);
#245=ORIENTED_EDGE('',*,*,#1283,.T.);
#246=ORIENTED_EDGE('',*,*,#1284,.T.);
#247=ORIENTED_EDGE('',*,*,#1285,.T.);
#248=ORIENTED_EDGE('',*,*,#1286,.T.);
#249=ORIENTED_EDGE('',*,*,#1287,.T.);
#250=ORIENTED_EDGE('',*,*,#1288,.T.);
#251=ORIENTED_EDGE('',*,*,#1289,.T.);
#252=ORIENTED_EDGE('',*,*,#1290,.T.);
#253=ORIENTED_EDGE('',*,*,#1291,.T.);
#254=ORIENTED_EDGE('',*,*,#1292,.T.);
#255=ORIENTED_EDGE('',*,*,#1293,.T.);
#256=ORIENTED_EDGE('',*,*,#1294,.T.);
#257=ORIENTED_EDGE('',*,*,#1295,.T.);
#258=ORIENTED_EDGE('',*,*,#1296,.T.);
#259=ORIENTED_EDGE('',*,*,#1297,.T.);
#260=ORIENTED_EDGE('',*,*,#1298,.F.);
#261=ORIENTED_EDGE('',*,*,#1299,.T.);
#262=ORIENTED_EDGE('',*,*,#1300,.T.);
#263=ORIENTED_EDGE('',*,*,#1301,.T.);
#264=ORIENTED_EDGE('',*,*,#1302,.F.);
#265=ORIENTED_EDGE('',*,*,#1303,.T.);
#266=ORIENTED_EDGE('',*,*,#1304,.F.);
#267=ORIENTED_EDGE('',*,*,#1305,.T.);
#268=ORIENTED_EDGE('',*,*,#1306,.F.);
#269=ORIENTED_EDGE('',*,*,#1307,.F.);
#270=ORIENTED_EDGE('',*,*,#1308,.T.);
#271=ORIENTED_EDGE('',*,*,#1309,.T.);
#272=ORIENTED_EDGE('',*,*,#1294,.F.);
#273=ORIENTED_EDGE('',*,*,#1310,.T.);
#274=ORIENTED_EDGE('',*,*,#1311,.F.);
#275=ORIENTED_EDGE('',*,*,#1312,.F.);
#276=ORIENTED_EDGE('',*,*,#1313,.T.);
#277=ORIENTED_EDGE('',*,*,#1314,.T.);
#278=ORIENTED_EDGE('',*,*,#1290,.F.);
#279=ORIENTED_EDGE('',*,*,#1315,.T.);
#280=ORIENTED_EDGE('',*,*,#1316,.F.);
#281=ORIENTED_EDGE('',*,*,#1317,.F.);
#282=ORIENTED_EDGE('',*,*,#1318,.T.);
#283=ORIENTED_EDGE('',*,*,#1319,.T.);
#284=ORIENTED_EDGE('',*,*,#1286,.F.);
#285=ORIENTED_EDGE('',*,*,#1320,.T.);
#286=ORIENTED_EDGE('',*,*,#1321,.F.);
#287=ORIENTED_EDGE('',*,*,#1322,.F.);
#288=ORIENTED_EDGE('',*,*,#1323,.T.);
#289=ORIENTED_EDGE('',*,*,#1324,.T.);
#290=ORIENTED_EDGE('',*,*,#1282,.F.);
#291=ORIENTED_EDGE('',*,*,#1325,.T.);
#292=ORIENTED_EDGE('',*,*,#1326,.F.);
#293=ORIENTED_EDGE('',*,*,#1327,.F.);
#294=ORIENTED_EDGE('',*,*,#1328,.T.);
#295=ORIENTED_EDGE('',*,*,#1329,.T.);
#296=ORIENTED_EDGE('',*,*,#1278,.F.);
#297=ORIENTED_EDGE('',*,*,#1330,.T.);
#298=ORIENTED_EDGE('',*,*,#1331,.F.);
#299=ORIENTED_EDGE('',*,*,#1332,.F.);
#300=ORIENTED_EDGE('',*,*,#1333,.T.);
#301=ORIENTED_EDGE('',*,*,#1334,.T.);
#302=ORIENTED_EDGE('',*,*,#1274,.F.);
#303=ORIENTED_EDGE('',*,*,#1335,.T.);
#304=ORIENTED_EDGE('',*,*,#1336,.F.);
#305=ORIENTED_EDGE('',*,*,#1337,.F.);
#306=ORIENTED_EDGE('',*,*,#1338,.T.);
#307=ORIENTED_EDGE('',*,*,#1339,.T.);
#308=ORIENTED_EDGE('',*,*,#1270,.F.);
#309=ORIENTED_EDGE('',*,*,#1340,.T.);
#310=ORIENTED_EDGE('',*,*,#1341,.F.);
#311=ORIENTED_EDGE('',*,*,#1342,.F.);
#312=ORIENTED_EDGE('',*,*,#1343,.T.);
#313=ORIENTED_EDGE('',*,*,#1344,.T.);
#314=ORIENTED_EDGE('',*,*,#1266,.F.);
#315=ORIENTED_EDGE('',*,*,#1345,.T.);
#316=ORIENTED_EDGE('',*,*,#1346,.F.);
#317=ORIENTED_EDGE('',*,*,#1347,.F.);
#318=ORIENTED_EDGE('',*,*,#1348,.T.);
#319=ORIENTED_EDGE('',*,*,#1349,.T.);
#320=ORIENTED_EDGE('',*,*,#1262,.F.);
#321=ORIENTED_EDGE('',*,*,#1350,.T.);
#322=ORIENTED_EDGE('',*,*,#1351,.F.);
#323=ORIENTED_EDGE('',*,*,#1352,.F.);
#324=ORIENTED_EDGE('',*,*,#1353,.T.);
#325=ORIENTED_EDGE('',*,*,#1354,.T.);
#326=ORIENTED_EDGE('',*,*,#1258,.F.);
#327=ORIENTED_EDGE('',*,*,#1355,.T.);
#328=ORIENTED_EDGE('',*,*,#1356,.F.);
#329=ORIENTED_EDGE('',*,*,#1357,.F.);
#330=ORIENTED_EDGE('',*,*,#1358,.T.);
#331=ORIENTED_EDGE('',*,*,#1359,.T.);
#332=ORIENTED_EDGE('',*,*,#1254,.F.);
#333=ORIENTED_EDGE('',*,*,#1360,.T.);
#334=ORIENTED_EDGE('',*,*,#1361,.F.);
#335=ORIENTED_EDGE('',*,*,#1362,.F.);
#336=ORIENTED_EDGE('',*,*,#1363,.T.);
#337=ORIENTED_EDGE('',*,*,#1364,.T.);
#338=ORIENTED_EDGE('',*,*,#1250,.F.);
#339=ORIENTED_EDGE('',*,*,#1365,.T.);
#340=ORIENTED_EDGE('',*,*,#1366,.F.);
#341=ORIENTED_EDGE('',*,*,#1367,.F.);
#342=ORIENTED_EDGE('',*,*,#1368,.T.);
#343=ORIENTED_EDGE('',*,*,#1369,.T.);
#344=ORIENTED_EDGE('',*,*,#1248,.F.);
#345=ORIENTED_EDGE('',*,*,#1370,.T.);
#346=ORIENTED_EDGE('',*,*,#1371,.F.);
#347=ORIENTED_EDGE('',*,*,#1372,.F.);
#348=ORIENTED_EDGE('',*,*,#1373,.T.);
#349=ORIENTED_EDGE('',*,*,#1374,.T.);
#350=ORIENTED_EDGE('',*,*,#1242,.F.);
#351=ORIENTED_EDGE('',*,*,#1375,.T.);
#352=ORIENTED_EDGE('',*,*,#1376,.F.);
#353=ORIENTED_EDGE('',*,*,#1377,.F.);
#354=ORIENTED_EDGE('',*,*,#1378,.T.);
#355=ORIENTED_EDGE('',*,*,#1379,.T.);
#356=ORIENTED_EDGE('',*,*,#1240,.F.);
#357=ORIENTED_EDGE('',*,*,#1380,.T.);
#358=ORIENTED_EDGE('',*,*,#1381,.F.);
#359=ORIENTED_EDGE('',*,*,#1382,.F.);
#360=ORIENTED_EDGE('',*,*,#1383,.T.);
#361=ORIENTED_EDGE('',*,*,#1384,.T.);
#362=ORIENTED_EDGE('',*,*,#1234,.F.);
#363=ORIENTED_EDGE('',*,*,#1385,.T.);
#364=ORIENTED_EDGE('',*,*,#1386,.F.);
#365=ORIENTED_EDGE('',*,*,#1387,.F.);
#366=ORIENTED_EDGE('',*,*,#1388,.T.);
#367=ORIENTED_EDGE('',*,*,#1389,.T.);
#368=ORIENTED_EDGE('',*,*,#1218,.F.);
#369=ORIENTED_EDGE('',*,*,#1390,.T.);
#370=ORIENTED_EDGE('',*,*,#1391,.F.);
#371=ORIENTED_EDGE('',*,*,#1392,.F.);
#372=ORIENTED_EDGE('',*,*,#1393,.T.);
#373=ORIENTED_EDGE('',*,*,#1394,.T.);
#374=ORIENTED_EDGE('',*,*,#1226,.F.);
#375=ORIENTED_EDGE('',*,*,#1395,.T.);
#376=ORIENTED_EDGE('',*,*,#1396,.F.);
#377=ORIENTED_EDGE('',*,*,#1397,.F.);
#378=ORIENTED_EDGE('',*,*,#1398,.T.);
#379=ORIENTED_EDGE('',*,*,#1399,.T.);
#380=ORIENTED_EDGE('',*,*,#1230,.F.);
#381=ORIENTED_EDGE('',*,*,#1400,.T.);
#382=ORIENTED_EDGE('',*,*,#1401,.F.);
#383=ORIENTED_EDGE('',*,*,#1402,.F.);
#384=ORIENTED_EDGE('',*,*,#1403,.T.);
#385=ORIENTED_EDGE('',*,*,#1404,.T.);
#386=ORIENTED_EDGE('',*,*,#1222,.F.);
#387=ORIENTED_EDGE('',*,*,#1405,.T.);
#388=ORIENTED_EDGE('',*,*,#1406,.F.);
#389=ORIENTED_EDGE('',*,*,#1407,.F.);
#390=ORIENTED_EDGE('',*,*,#1408,.T.);
#391=ORIENTED_EDGE('',*,*,#1409,.T.);
#392=ORIENTED_EDGE('',*,*,#1214,.F.);
#393=ORIENTED_EDGE('',*,*,#1410,.T.);
#394=ORIENTED_EDGE('',*,*,#1298,.T.);
#395=ORIENTED_EDGE('',*,*,#1411,.T.);
#396=ORIENTED_EDGE('',*,*,#1412,.F.);
#397=ORIENTED_EDGE('',*,*,#1413,.T.);
#398=ORIENTED_EDGE('',*,*,#1302,.T.);
#399=ORIENTED_EDGE('',*,*,#1414,.F.);
#400=ORIENTED_EDGE('',*,*,#1415,.F.);
#401=ORIENTED_EDGE('',*,*,#1416,.T.);
#402=ORIENTED_EDGE('',*,*,#1412,.T.);
#403=ORIENTED_EDGE('',*,*,#1417,.T.);
#404=ORIENTED_EDGE('',*,*,#1300,.F.);
#405=ORIENTED_EDGE('',*,*,#1418,.T.);
#406=ORIENTED_EDGE('',*,*,#1216,.F.);
#407=ORIENTED_EDGE('',*,*,#1419,.T.);
#408=ORIENTED_EDGE('',*,*,#1420,.F.);
#409=ORIENTED_EDGE('',*,*,#1421,.F.);
#410=ORIENTED_EDGE('',*,*,#1422,.T.);
#411=ORIENTED_EDGE('',*,*,#1423,.T.);
#412=ORIENTED_EDGE('',*,*,#1224,.F.);
#413=ORIENTED_EDGE('',*,*,#1424,.T.);
#414=ORIENTED_EDGE('',*,*,#1425,.F.);
#415=ORIENTED_EDGE('',*,*,#1426,.F.);
#416=ORIENTED_EDGE('',*,*,#1427,.T.);
#417=ORIENTED_EDGE('',*,*,#1428,.T.);
#418=ORIENTED_EDGE('',*,*,#1232,.F.);
#419=ORIENTED_EDGE('',*,*,#1429,.T.);
#420=ORIENTED_EDGE('',*,*,#1430,.F.);
#421=ORIENTED_EDGE('',*,*,#1431,.F.);
#422=ORIENTED_EDGE('',*,*,#1432,.T.);
#423=ORIENTED_EDGE('',*,*,#1433,.T.);
#424=ORIENTED_EDGE('',*,*,#1228,.F.);
#425=ORIENTED_EDGE('',*,*,#1434,.T.);
#426=ORIENTED_EDGE('',*,*,#1435,.F.);
#427=ORIENTED_EDGE('',*,*,#1436,.F.);
#428=ORIENTED_EDGE('',*,*,#1437,.T.);
#429=ORIENTED_EDGE('',*,*,#1438,.T.);
#430=ORIENTED_EDGE('',*,*,#1220,.F.);
#431=ORIENTED_EDGE('',*,*,#1439,.T.);
#432=ORIENTED_EDGE('',*,*,#1440,.F.);
#433=ORIENTED_EDGE('',*,*,#1441,.F.);
#434=ORIENTED_EDGE('',*,*,#1442,.T.);
#435=ORIENTED_EDGE('',*,*,#1443,.T.);
#436=ORIENTED_EDGE('',*,*,#1236,.F.);
#437=ORIENTED_EDGE('',*,*,#1444,.T.);
#438=ORIENTED_EDGE('',*,*,#1445,.F.);
#439=ORIENTED_EDGE('',*,*,#1446,.F.);
#440=ORIENTED_EDGE('',*,*,#1447,.T.);
#441=ORIENTED_EDGE('',*,*,#1448,.T.);
#442=ORIENTED_EDGE('',*,*,#1238,.F.);
#443=ORIENTED_EDGE('',*,*,#1449,.F.);
#444=ORIENTED_EDGE('',*,*,#1450,.T.);
#445=ORIENTED_EDGE('',*,*,#1451,.F.);
#446=ORIENTED_EDGE('',*,*,#1452,.T.);
#447=ORIENTED_EDGE('',*,*,#1453,.T.);
#448=ORIENTED_EDGE('',*,*,#1244,.F.);
#449=ORIENTED_EDGE('',*,*,#1454,.T.);
#450=ORIENTED_EDGE('',*,*,#1455,.F.);
#451=ORIENTED_EDGE('',*,*,#1456,.F.);
#452=ORIENTED_EDGE('',*,*,#1457,.T.);
#453=ORIENTED_EDGE('',*,*,#1458,.T.);
#454=ORIENTED_EDGE('',*,*,#1246,.F.);
#455=ORIENTED_EDGE('',*,*,#1459,.F.);
#456=ORIENTED_EDGE('',*,*,#1460,.T.);
#457=ORIENTED_EDGE('',*,*,#1461,.F.);
#458=ORIENTED_EDGE('',*,*,#1462,.T.);
#459=ORIENTED_EDGE('',*,*,#1463,.T.);
#460=ORIENTED_EDGE('',*,*,#1252,.F.);
#461=ORIENTED_EDGE('',*,*,#1464,.T.);
#462=ORIENTED_EDGE('',*,*,#1465,.F.);
#463=ORIENTED_EDGE('',*,*,#1466,.F.);
#464=ORIENTED_EDGE('',*,*,#1467,.T.);
#465=ORIENTED_EDGE('',*,*,#1468,.T.);
#466=ORIENTED_EDGE('',*,*,#1256,.F.);
#467=ORIENTED_EDGE('',*,*,#1469,.T.);
#468=ORIENTED_EDGE('',*,*,#1470,.F.);
#469=ORIENTED_EDGE('',*,*,#1471,.F.);
#470=ORIENTED_EDGE('',*,*,#1472,.T.);
#471=ORIENTED_EDGE('',*,*,#1473,.T.);
#472=ORIENTED_EDGE('',*,*,#1260,.F.);
#473=ORIENTED_EDGE('',*,*,#1474,.T.);
#474=ORIENTED_EDGE('',*,*,#1475,.F.);
#475=ORIENTED_EDGE('',*,*,#1476,.F.);
#476=ORIENTED_EDGE('',*,*,#1477,.T.);
#477=ORIENTED_EDGE('',*,*,#1478,.T.);
#478=ORIENTED_EDGE('',*,*,#1264,.F.);
#479=ORIENTED_EDGE('',*,*,#1479,.T.);
#480=ORIENTED_EDGE('',*,*,#1480,.F.);
#481=ORIENTED_EDGE('',*,*,#1481,.F.);
#482=ORIENTED_EDGE('',*,*,#1482,.T.);
#483=ORIENTED_EDGE('',*,*,#1483,.T.);
#484=ORIENTED_EDGE('',*,*,#1268,.F.);
#485=ORIENTED_EDGE('',*,*,#1484,.T.);
#486=ORIENTED_EDGE('',*,*,#1485,.F.);
#487=ORIENTED_EDGE('',*,*,#1486,.F.);
#488=ORIENTED_EDGE('',*,*,#1487,.T.);
#489=ORIENTED_EDGE('',*,*,#1488,.T.);
#490=ORIENTED_EDGE('',*,*,#1272,.F.);
#491=ORIENTED_EDGE('',*,*,#1489,.T.);
#492=ORIENTED_EDGE('',*,*,#1490,.F.);
#493=ORIENTED_EDGE('',*,*,#1491,.F.);
#494=ORIENTED_EDGE('',*,*,#1492,.T.);
#495=ORIENTED_EDGE('',*,*,#1493,.T.);
#496=ORIENTED_EDGE('',*,*,#1276,.F.);
#497=ORIENTED_EDGE('',*,*,#1494,.T.);
#498=ORIENTED_EDGE('',*,*,#1495,.F.);
#499=ORIENTED_EDGE('',*,*,#1496,.F.);
#500=ORIENTED_EDGE('',*,*,#1497,.T.);
#501=ORIENTED_EDGE('',*,*,#1498,.T.);
#502=ORIENTED_EDGE('',*,*,#1280,.F.);
#503=ORIENTED_EDGE('',*,*,#1499,.T.);
#504=ORIENTED_EDGE('',*,*,#1500,.F.);
#505=ORIENTED_EDGE('',*,*,#1501,.F.);
#506=ORIENTED_EDGE('',*,*,#1502,.T.);
#507=ORIENTED_EDGE('',*,*,#1503,.T.);
#508=ORIENTED_EDGE('',*,*,#1284,.F.);
#509=ORIENTED_EDGE('',*,*,#1504,.T.);
#510=ORIENTED_EDGE('',*,*,#1505,.F.);
#511=ORIENTED_EDGE('',*,*,#1506,.F.);
#512=ORIENTED_EDGE('',*,*,#1507,.T.);
#513=ORIENTED_EDGE('',*,*,#1508,.T.);
#514=ORIENTED_EDGE('',*,*,#1288,.F.);
#515=ORIENTED_EDGE('',*,*,#1509,.T.);
#516=ORIENTED_EDGE('',*,*,#1510,.F.);
#517=ORIENTED_EDGE('',*,*,#1511,.F.);
#518=ORIENTED_EDGE('',*,*,#1512,.T.);
#519=ORIENTED_EDGE('',*,*,#1513,.T.);
#520=ORIENTED_EDGE('',*,*,#1292,.F.);
#521=ORIENTED_EDGE('',*,*,#1514,.T.);
#522=ORIENTED_EDGE('',*,*,#1515,.F.);
#523=ORIENTED_EDGE('',*,*,#1516,.F.);
#524=ORIENTED_EDGE('',*,*,#1517,.T.);
#525=ORIENTED_EDGE('',*,*,#1518,.T.);
#526=ORIENTED_EDGE('',*,*,#1296,.F.);
#527=ORIENTED_EDGE('',*,*,#1519,.T.);
#528=ORIENTED_EDGE('',*,*,#1520,.F.);
#529=ORIENTED_EDGE('',*,*,#1521,.F.);
#530=ORIENTED_EDGE('',*,*,#1522,.T.);
#531=ORIENTED_EDGE('',*,*,#1523,.T.);
#532=ORIENTED_EDGE('',*,*,#1304,.T.);
#533=ORIENTED_EDGE('',*,*,#1524,.T.);
#534=ORIENTED_EDGE('',*,*,#1415,.T.);
#535=ORIENTED_EDGE('',*,*,#1525,.T.);
#536=ORIENTED_EDGE('',*,*,#1301,.F.);
#537=ORIENTED_EDGE('',*,*,#1417,.F.);
#538=ORIENTED_EDGE('',*,*,#1414,.T.);
#539=ORIENTED_EDGE('',*,*,#1411,.F.);
#540=ORIENTED_EDGE('',*,*,#1520,.T.);
#541=ORIENTED_EDGE('',*,*,#1526,.T.);
#542=ORIENTED_EDGE('',*,*,#1308,.F.);
#543=ORIENTED_EDGE('',*,*,#1527,.F.);
#544=ORIENTED_EDGE('',*,*,#1306,.T.);
#545=ORIENTED_EDGE('',*,*,#1528,.T.);
#546=ORIENTED_EDGE('',*,*,#1522,.F.);
#547=ORIENTED_EDGE('',*,*,#1529,.F.);
#548=ORIENTED_EDGE('',*,*,#1521,.T.);
#549=ORIENTED_EDGE('',*,*,#1527,.T.);
#550=ORIENTED_EDGE('',*,*,#1307,.T.);
#551=ORIENTED_EDGE('',*,*,#1529,.T.);
#552=ORIENTED_EDGE('',*,*,#1515,.T.);
#553=ORIENTED_EDGE('',*,*,#1530,.T.);
#554=ORIENTED_EDGE('',*,*,#1313,.F.);
#555=ORIENTED_EDGE('',*,*,#1531,.F.);
#556=ORIENTED_EDGE('',*,*,#1311,.T.);
#557=ORIENTED_EDGE('',*,*,#1532,.T.);
#558=ORIENTED_EDGE('',*,*,#1517,.F.);
#559=ORIENTED_EDGE('',*,*,#1533,.F.);
#560=ORIENTED_EDGE('',*,*,#1516,.T.);
#561=ORIENTED_EDGE('',*,*,#1531,.T.);
#562=ORIENTED_EDGE('',*,*,#1312,.T.);
#563=ORIENTED_EDGE('',*,*,#1533,.T.);
#564=ORIENTED_EDGE('',*,*,#1510,.T.);
#565=ORIENTED_EDGE('',*,*,#1534,.T.);
#566=ORIENTED_EDGE('',*,*,#1318,.F.);
#567=ORIENTED_EDGE('',*,*,#1535,.F.);
#568=ORIENTED_EDGE('',*,*,#1316,.T.);
#569=ORIENTED_EDGE('',*,*,#1536,.T.);
#570=ORIENTED_EDGE('',*,*,#1512,.F.);
#571=ORIENTED_EDGE('',*,*,#1537,.F.);
#572=ORIENTED_EDGE('',*,*,#1511,.T.);
#573=ORIENTED_EDGE('',*,*,#1535,.T.);
#574=ORIENTED_EDGE('',*,*,#1317,.T.);
#575=ORIENTED_EDGE('',*,*,#1537,.T.);
#576=ORIENTED_EDGE('',*,*,#1505,.T.);
#577=ORIENTED_EDGE('',*,*,#1538,.T.);
#578=ORIENTED_EDGE('',*,*,#1323,.F.);
#579=ORIENTED_EDGE('',*,*,#1539,.F.);
#580=ORIENTED_EDGE('',*,*,#1321,.T.);
#581=ORIENTED_EDGE('',*,*,#1540,.T.);
#582=ORIENTED_EDGE('',*,*,#1507,.F.);
#583=ORIENTED_EDGE('',*,*,#1541,.F.);
#584=ORIENTED_EDGE('',*,*,#1506,.T.);
#585=ORIENTED_EDGE('',*,*,#1539,.T.);
#586=ORIENTED_EDGE('',*,*,#1322,.T.);
#587=ORIENTED_EDGE('',*,*,#1541,.T.);
#588=ORIENTED_EDGE('',*,*,#1500,.T.);
#589=ORIENTED_EDGE('',*,*,#1542,.T.);
#590=ORIENTED_EDGE('',*,*,#1328,.F.);
#591=ORIENTED_EDGE('',*,*,#1543,.F.);
#592=ORIENTED_EDGE('',*,*,#1326,.T.);
#593=ORIENTED_EDGE('',*,*,#1544,.T.);
#594=ORIENTED_EDGE('',*,*,#1502,.F.);
#595=ORIENTED_EDGE('',*,*,#1545,.F.);
#596=ORIENTED_EDGE('',*,*,#1501,.T.);
#597=ORIENTED_EDGE('',*,*,#1543,.T.);
#598=ORIENTED_EDGE('',*,*,#1327,.T.);
#599=ORIENTED_EDGE('',*,*,#1545,.T.);
#600=ORIENTED_EDGE('',*,*,#1495,.T.);
#601=ORIENTED_EDGE('',*,*,#1546,.T.);
#602=ORIENTED_EDGE('',*,*,#1333,.F.);
#603=ORIENTED_EDGE('',*,*,#1547,.F.);
#604=ORIENTED_EDGE('',*,*,#1331,.T.);
#605=ORIENTED_EDGE('',*,*,#1548,.T.);
#606=ORIENTED_EDGE('',*,*,#1497,.F.);
#607=ORIENTED_EDGE('',*,*,#1549,.F.);
#608=ORIENTED_EDGE('',*,*,#1496,.T.);
#609=ORIENTED_EDGE('',*,*,#1547,.T.);
#610=ORIENTED_EDGE('',*,*,#1332,.T.);
#611=ORIENTED_EDGE('',*,*,#1549,.T.);
#612=ORIENTED_EDGE('',*,*,#1490,.T.);
#613=ORIENTED_EDGE('',*,*,#1550,.T.);
#614=ORIENTED_EDGE('',*,*,#1338,.F.);
#615=ORIENTED_EDGE('',*,*,#1551,.F.);
#616=ORIENTED_EDGE('',*,*,#1336,.T.);
#617=ORIENTED_EDGE('',*,*,#1552,.T.);
#618=ORIENTED_EDGE('',*,*,#1492,.F.);
#619=ORIENTED_EDGE('',*,*,#1553,.F.);
#620=ORIENTED_EDGE('',*,*,#1491,.T.);
#621=ORIENTED_EDGE('',*,*,#1551,.T.);
#622=ORIENTED_EDGE('',*,*,#1337,.T.);
#623=ORIENTED_EDGE('',*,*,#1553,.T.);
#624=ORIENTED_EDGE('',*,*,#1485,.T.);
#625=ORIENTED_EDGE('',*,*,#1554,.T.);
#626=ORIENTED_EDGE('',*,*,#1343,.F.);
#627=ORIENTED_EDGE('',*,*,#1555,.F.);
#628=ORIENTED_EDGE('',*,*,#1341,.T.);
#629=ORIENTED_EDGE('',*,*,#1556,.T.);
#630=ORIENTED_EDGE('',*,*,#1487,.F.);
#631=ORIENTED_EDGE('',*,*,#1557,.F.);
#632=ORIENTED_EDGE('',*,*,#1486,.T.);
#633=ORIENTED_EDGE('',*,*,#1555,.T.);
#634=ORIENTED_EDGE('',*,*,#1342,.T.);
#635=ORIENTED_EDGE('',*,*,#1557,.T.);
#636=ORIENTED_EDGE('',*,*,#1480,.T.);
#637=ORIENTED_EDGE('',*,*,#1558,.T.);
#638=ORIENTED_EDGE('',*,*,#1348,.F.);
#639=ORIENTED_EDGE('',*,*,#1559,.F.);
#640=ORIENTED_EDGE('',*,*,#1346,.T.);
#641=ORIENTED_EDGE('',*,*,#1560,.T.);
#642=ORIENTED_EDGE('',*,*,#1482,.F.);
#643=ORIENTED_EDGE('',*,*,#1561,.F.);
#644=ORIENTED_EDGE('',*,*,#1481,.T.);
#645=ORIENTED_EDGE('',*,*,#1559,.T.);
#646=ORIENTED_EDGE('',*,*,#1347,.T.);
#647=ORIENTED_EDGE('',*,*,#1561,.T.);
#648=ORIENTED_EDGE('',*,*,#1475,.T.);
#649=ORIENTED_EDGE('',*,*,#1562,.T.);
#650=ORIENTED_EDGE('',*,*,#1353,.F.);
#651=ORIENTED_EDGE('',*,*,#1563,.F.);
#652=ORIENTED_EDGE('',*,*,#1351,.T.);
#653=ORIENTED_EDGE('',*,*,#1564,.T.);
#654=ORIENTED_EDGE('',*,*,#1477,.F.);
#655=ORIENTED_EDGE('',*,*,#1565,.F.);
#656=ORIENTED_EDGE('',*,*,#1476,.T.);
#657=ORIENTED_EDGE('',*,*,#1563,.T.);
#658=ORIENTED_EDGE('',*,*,#1352,.T.);
#659=ORIENTED_EDGE('',*,*,#1565,.T.);
#660=ORIENTED_EDGE('',*,*,#1470,.T.);
#661=ORIENTED_EDGE('',*,*,#1566,.T.);
#662=ORIENTED_EDGE('',*,*,#1358,.F.);
#663=ORIENTED_EDGE('',*,*,#1567,.F.);
#664=ORIENTED_EDGE('',*,*,#1356,.T.);
#665=ORIENTED_EDGE('',*,*,#1568,.T.);
#666=ORIENTED_EDGE('',*,*,#1472,.F.);
#667=ORIENTED_EDGE('',*,*,#1569,.F.);
#668=ORIENTED_EDGE('',*,*,#1471,.T.);
#669=ORIENTED_EDGE('',*,*,#1567,.T.);
#670=ORIENTED_EDGE('',*,*,#1357,.T.);
#671=ORIENTED_EDGE('',*,*,#1569,.T.);
#672=ORIENTED_EDGE('',*,*,#1465,.T.);
#673=ORIENTED_EDGE('',*,*,#1570,.T.);
#674=ORIENTED_EDGE('',*,*,#1363,.F.);
#675=ORIENTED_EDGE('',*,*,#1571,.F.);
#676=ORIENTED_EDGE('',*,*,#1361,.T.);
#677=ORIENTED_EDGE('',*,*,#1572,.T.);
#678=ORIENTED_EDGE('',*,*,#1467,.F.);
#679=ORIENTED_EDGE('',*,*,#1573,.F.);
#680=ORIENTED_EDGE('',*,*,#1466,.T.);
#681=ORIENTED_EDGE('',*,*,#1571,.T.);
#682=ORIENTED_EDGE('',*,*,#1362,.T.);
#683=ORIENTED_EDGE('',*,*,#1573,.T.);
#684=ORIENTED_EDGE('',*,*,#1369,.F.);
#685=ORIENTED_EDGE('',*,*,#1574,.T.);
#686=ORIENTED_EDGE('',*,*,#1459,.T.);
#687=ORIENTED_EDGE('',*,*,#1249,.T.);
#688=ORIENTED_EDGE('',*,*,#1366,.T.);
#689=ORIENTED_EDGE('',*,*,#1575,.T.);
#690=ORIENTED_EDGE('',*,*,#1462,.F.);
#691=ORIENTED_EDGE('',*,*,#1576,.F.);
#692=ORIENTED_EDGE('',*,*,#1461,.T.);
#693=ORIENTED_EDGE('',*,*,#1577,.T.);
#694=ORIENTED_EDGE('',*,*,#1367,.T.);
#695=ORIENTED_EDGE('',*,*,#1576,.T.);
#696=ORIENTED_EDGE('',*,*,#1455,.T.);
#697=ORIENTED_EDGE('',*,*,#1578,.T.);
#698=ORIENTED_EDGE('',*,*,#1373,.F.);
#699=ORIENTED_EDGE('',*,*,#1579,.F.);
#700=ORIENTED_EDGE('',*,*,#1371,.T.);
#701=ORIENTED_EDGE('',*,*,#1580,.T.);
#702=ORIENTED_EDGE('',*,*,#1457,.F.);
#703=ORIENTED_EDGE('',*,*,#1581,.F.);
#704=ORIENTED_EDGE('',*,*,#1456,.T.);
#705=ORIENTED_EDGE('',*,*,#1579,.T.);
#706=ORIENTED_EDGE('',*,*,#1372,.T.);
#707=ORIENTED_EDGE('',*,*,#1581,.T.);
#708=ORIENTED_EDGE('',*,*,#1379,.F.);
#709=ORIENTED_EDGE('',*,*,#1582,.T.);
#710=ORIENTED_EDGE('',*,*,#1449,.T.);
#711=ORIENTED_EDGE('',*,*,#1241,.T.);
#712=ORIENTED_EDGE('',*,*,#1376,.T.);
#713=ORIENTED_EDGE('',*,*,#1583,.T.);
#714=ORIENTED_EDGE('',*,*,#1452,.F.);
#715=ORIENTED_EDGE('',*,*,#1584,.F.);
#716=ORIENTED_EDGE('',*,*,#1451,.T.);
#717=ORIENTED_EDGE('',*,*,#1585,.T.);
#718=ORIENTED_EDGE('',*,*,#1377,.T.);
#719=ORIENTED_EDGE('',*,*,#1584,.T.);
#720=ORIENTED_EDGE('',*,*,#1445,.T.);
#721=ORIENTED_EDGE('',*,*,#1586,.T.);
#722=ORIENTED_EDGE('',*,*,#1383,.F.);
#723=ORIENTED_EDGE('',*,*,#1587,.F.);
#724=ORIENTED_EDGE('',*,*,#1381,.T.);
#725=ORIENTED_EDGE('',*,*,#1588,.T.);
#726=ORIENTED_EDGE('',*,*,#1447,.F.);
#727=ORIENTED_EDGE('',*,*,#1589,.F.);
#728=ORIENTED_EDGE('',*,*,#1446,.T.);
#729=ORIENTED_EDGE('',*,*,#1587,.T.);
#730=ORIENTED_EDGE('',*,*,#1382,.T.);
#731=ORIENTED_EDGE('',*,*,#1589,.T.);
#732=ORIENTED_EDGE('',*,*,#1430,.T.);
#733=ORIENTED_EDGE('',*,*,#1590,.T.);
#734=ORIENTED_EDGE('',*,*,#1398,.F.);
#735=ORIENTED_EDGE('',*,*,#1591,.F.);
#736=ORIENTED_EDGE('',*,*,#1396,.T.);
#737=ORIENTED_EDGE('',*,*,#1592,.T.);
#738=ORIENTED_EDGE('',*,*,#1432,.F.);
#739=ORIENTED_EDGE('',*,*,#1593,.F.);
#740=ORIENTED_EDGE('',*,*,#1431,.T.);
#741=ORIENTED_EDGE('',*,*,#1591,.T.);
#742=ORIENTED_EDGE('',*,*,#1397,.T.);
#743=ORIENTED_EDGE('',*,*,#1593,.T.);
#744=ORIENTED_EDGE('',*,*,#1435,.T.);
#745=ORIENTED_EDGE('',*,*,#1594,.T.);
#746=ORIENTED_EDGE('',*,*,#1393,.F.);
#747=ORIENTED_EDGE('',*,*,#1595,.F.);
#748=ORIENTED_EDGE('',*,*,#1391,.T.);
#749=ORIENTED_EDGE('',*,*,#1596,.T.);
#750=ORIENTED_EDGE('',*,*,#1437,.F.);
#751=ORIENTED_EDGE('',*,*,#1597,.F.);
#752=ORIENTED_EDGE('',*,*,#1436,.T.);
#753=ORIENTED_EDGE('',*,*,#1595,.T.);
#754=ORIENTED_EDGE('',*,*,#1392,.T.);
#755=ORIENTED_EDGE('',*,*,#1597,.T.);
#756=ORIENTED_EDGE('',*,*,#1425,.T.);
#757=ORIENTED_EDGE('',*,*,#1598,.T.);
#758=ORIENTED_EDGE('',*,*,#1403,.F.);
#759=ORIENTED_EDGE('',*,*,#1599,.F.);
#760=ORIENTED_EDGE('',*,*,#1401,.T.);
#761=ORIENTED_EDGE('',*,*,#1600,.T.);
#762=ORIENTED_EDGE('',*,*,#1427,.F.);
#763=ORIENTED_EDGE('',*,*,#1601,.F.);
#764=ORIENTED_EDGE('',*,*,#1426,.T.);
#765=ORIENTED_EDGE('',*,*,#1599,.T.);
#766=ORIENTED_EDGE('',*,*,#1402,.T.);
#767=ORIENTED_EDGE('',*,*,#1601,.T.);
#768=ORIENTED_EDGE('',*,*,#1440,.T.);
#769=ORIENTED_EDGE('',*,*,#1602,.T.);
#770=ORIENTED_EDGE('',*,*,#1388,.F.);
#771=ORIENTED_EDGE('',*,*,#1603,.F.);
#772=ORIENTED_EDGE('',*,*,#1386,.T.);
#773=ORIENTED_EDGE('',*,*,#1604,.T.);
#774=ORIENTED_EDGE('',*,*,#1442,.F.);
#775=ORIENTED_EDGE('',*,*,#1605,.F.);
#776=ORIENTED_EDGE('',*,*,#1441,.T.);
#777=ORIENTED_EDGE('',*,*,#1603,.T.);
#778=ORIENTED_EDGE('',*,*,#1387,.T.);
#779=ORIENTED_EDGE('',*,*,#1605,.T.);
#780=ORIENTED_EDGE('',*,*,#1420,.T.);
#781=ORIENTED_EDGE('',*,*,#1606,.T.);
#782=ORIENTED_EDGE('',*,*,#1408,.F.);
#783=ORIENTED_EDGE('',*,*,#1607,.F.);
#784=ORIENTED_EDGE('',*,*,#1406,.T.);
#785=ORIENTED_EDGE('',*,*,#1608,.T.);
#786=ORIENTED_EDGE('',*,*,#1422,.F.);
#787=ORIENTED_EDGE('',*,*,#1609,.F.);
#788=ORIENTED_EDGE('',*,*,#1421,.T.);
#789=ORIENTED_EDGE('',*,*,#1607,.T.);
#790=ORIENTED_EDGE('',*,*,#1407,.T.);
#791=ORIENTED_EDGE('',*,*,#1609,.T.);
#792=ORIENTED_EDGE('',*,*,#1416,.F.);
#793=ORIENTED_EDGE('',*,*,#1524,.F.);
#794=ORIENTED_EDGE('',*,*,#1303,.F.);
#795=ORIENTED_EDGE('',*,*,#1413,.F.);
#796=ORIENTED_EDGE('',*,*,#1305,.F.);
#797=ORIENTED_EDGE('',*,*,#1525,.F.);
#798=ORIENTED_EDGE('',*,*,#1523,.F.);
#799=ORIENTED_EDGE('',*,*,#1528,.F.);
#800=ORIENTED_EDGE('',*,*,#1519,.F.);
#801=ORIENTED_EDGE('',*,*,#1295,.F.);
#802=ORIENTED_EDGE('',*,*,#1309,.F.);
#803=ORIENTED_EDGE('',*,*,#1526,.F.);
#804=ORIENTED_EDGE('',*,*,#1310,.F.);
#805=ORIENTED_EDGE('',*,*,#1297,.F.);
#806=ORIENTED_EDGE('',*,*,#1518,.F.);
#807=ORIENTED_EDGE('',*,*,#1532,.F.);
#808=ORIENTED_EDGE('',*,*,#1514,.F.);
#809=ORIENTED_EDGE('',*,*,#1291,.F.);
#810=ORIENTED_EDGE('',*,*,#1314,.F.);
#811=ORIENTED_EDGE('',*,*,#1530,.F.);
#812=ORIENTED_EDGE('',*,*,#1315,.F.);
#813=ORIENTED_EDGE('',*,*,#1293,.F.);
#814=ORIENTED_EDGE('',*,*,#1513,.F.);
#815=ORIENTED_EDGE('',*,*,#1536,.F.);
#816=ORIENTED_EDGE('',*,*,#1509,.F.);
#817=ORIENTED_EDGE('',*,*,#1287,.F.);
#818=ORIENTED_EDGE('',*,*,#1319,.F.);
#819=ORIENTED_EDGE('',*,*,#1534,.F.);
#820=ORIENTED_EDGE('',*,*,#1320,.F.);
#821=ORIENTED_EDGE('',*,*,#1289,.F.);
#822=ORIENTED_EDGE('',*,*,#1508,.F.);
#823=ORIENTED_EDGE('',*,*,#1540,.F.);
#824=ORIENTED_EDGE('',*,*,#1504,.F.);
#825=ORIENTED_EDGE('',*,*,#1283,.F.);
#826=ORIENTED_EDGE('',*,*,#1324,.F.);
#827=ORIENTED_EDGE('',*,*,#1538,.F.);
#828=ORIENTED_EDGE('',*,*,#1325,.F.);
#829=ORIENTED_EDGE('',*,*,#1285,.F.);
#830=ORIENTED_EDGE('',*,*,#1503,.F.);
#831=ORIENTED_EDGE('',*,*,#1544,.F.);
#832=ORIENTED_EDGE('',*,*,#1499,.F.);
#833=ORIENTED_EDGE('',*,*,#1279,.F.);
#834=ORIENTED_EDGE('',*,*,#1329,.F.);
#835=ORIENTED_EDGE('',*,*,#1542,.F.);
#836=ORIENTED_EDGE('',*,*,#1330,.F.);
#837=ORIENTED_EDGE('',*,*,#1281,.F.);
#838=ORIENTED_EDGE('',*,*,#1498,.F.);
#839=ORIENTED_EDGE('',*,*,#1548,.F.);
#840=ORIENTED_EDGE('',*,*,#1494,.F.);
#841=ORIENTED_EDGE('',*,*,#1275,.F.);
#842=ORIENTED_EDGE('',*,*,#1334,.F.);
#843=ORIENTED_EDGE('',*,*,#1546,.F.);
#844=ORIENTED_EDGE('',*,*,#1335,.F.);
#845=ORIENTED_EDGE('',*,*,#1277,.F.);
#846=ORIENTED_EDGE('',*,*,#1493,.F.);
#847=ORIENTED_EDGE('',*,*,#1552,.F.);
#848=ORIENTED_EDGE('',*,*,#1489,.F.);
#849=ORIENTED_EDGE('',*,*,#1271,.F.);
#850=ORIENTED_EDGE('',*,*,#1339,.F.);
#851=ORIENTED_EDGE('',*,*,#1550,.F.);
#852=ORIENTED_EDGE('',*,*,#1340,.F.);
#853=ORIENTED_EDGE('',*,*,#1273,.F.);
#854=ORIENTED_EDGE('',*,*,#1488,.F.);
#855=ORIENTED_EDGE('',*,*,#1556,.F.);
#856=ORIENTED_EDGE('',*,*,#1484,.F.);
#857=ORIENTED_EDGE('',*,*,#1267,.F.);
#858=ORIENTED_EDGE('',*,*,#1344,.F.);
#859=ORIENTED_EDGE('',*,*,#1554,.F.);
#860=ORIENTED_EDGE('',*,*,#1345,.F.);
#861=ORIENTED_EDGE('',*,*,#1269,.F.);
#862=ORIENTED_EDGE('',*,*,#1483,.F.);
#863=ORIENTED_EDGE('',*,*,#1560,.F.);
#864=ORIENTED_EDGE('',*,*,#1479,.F.);
#865=ORIENTED_EDGE('',*,*,#1263,.F.);
#866=ORIENTED_EDGE('',*,*,#1349,.F.);
#867=ORIENTED_EDGE('',*,*,#1558,.F.);
#868=ORIENTED_EDGE('',*,*,#1350,.F.);
#869=ORIENTED_EDGE('',*,*,#1265,.F.);
#870=ORIENTED_EDGE('',*,*,#1478,.F.);
#871=ORIENTED_EDGE('',*,*,#1564,.F.);
#872=ORIENTED_EDGE('',*,*,#1474,.F.);
#873=ORIENTED_EDGE('',*,*,#1259,.F.);
#874=ORIENTED_EDGE('',*,*,#1354,.F.);
#875=ORIENTED_EDGE('',*,*,#1562,.F.);
#876=ORIENTED_EDGE('',*,*,#1355,.F.);
#877=ORIENTED_EDGE('',*,*,#1261,.F.);
#878=ORIENTED_EDGE('',*,*,#1473,.F.);
#879=ORIENTED_EDGE('',*,*,#1568,.F.);
#880=ORIENTED_EDGE('',*,*,#1469,.F.);
#881=ORIENTED_EDGE('',*,*,#1255,.F.);
#882=ORIENTED_EDGE('',*,*,#1359,.F.);
#883=ORIENTED_EDGE('',*,*,#1566,.F.);
#884=ORIENTED_EDGE('',*,*,#1360,.F.);
#885=ORIENTED_EDGE('',*,*,#1257,.F.);
#886=ORIENTED_EDGE('',*,*,#1468,.F.);
#887=ORIENTED_EDGE('',*,*,#1572,.F.);
#888=ORIENTED_EDGE('',*,*,#1464,.F.);
#889=ORIENTED_EDGE('',*,*,#1251,.F.);
#890=ORIENTED_EDGE('',*,*,#1364,.F.);
#891=ORIENTED_EDGE('',*,*,#1570,.F.);
#892=ORIENTED_EDGE('',*,*,#1365,.F.);
#893=ORIENTED_EDGE('',*,*,#1253,.F.);
#894=ORIENTED_EDGE('',*,*,#1463,.F.);
#895=ORIENTED_EDGE('',*,*,#1575,.F.);
#896=ORIENTED_EDGE('',*,*,#1460,.F.);
#897=ORIENTED_EDGE('',*,*,#1574,.F.);
#898=ORIENTED_EDGE('',*,*,#1368,.F.);
#899=ORIENTED_EDGE('',*,*,#1577,.F.);
#900=ORIENTED_EDGE('',*,*,#1370,.F.);
#901=ORIENTED_EDGE('',*,*,#1247,.F.);
#902=ORIENTED_EDGE('',*,*,#1458,.F.);
#903=ORIENTED_EDGE('',*,*,#1580,.F.);
#904=ORIENTED_EDGE('',*,*,#1454,.F.);
#905=ORIENTED_EDGE('',*,*,#1243,.F.);
#906=ORIENTED_EDGE('',*,*,#1374,.F.);
#907=ORIENTED_EDGE('',*,*,#1578,.F.);
#908=ORIENTED_EDGE('',*,*,#1375,.F.);
#909=ORIENTED_EDGE('',*,*,#1245,.F.);
#910=ORIENTED_EDGE('',*,*,#1453,.F.);
#911=ORIENTED_EDGE('',*,*,#1583,.F.);
#912=ORIENTED_EDGE('',*,*,#1450,.F.);
#913=ORIENTED_EDGE('',*,*,#1582,.F.);
#914=ORIENTED_EDGE('',*,*,#1378,.F.);
#915=ORIENTED_EDGE('',*,*,#1585,.F.);
#916=ORIENTED_EDGE('',*,*,#1380,.F.);
#917=ORIENTED_EDGE('',*,*,#1239,.F.);
#918=ORIENTED_EDGE('',*,*,#1448,.F.);
#919=ORIENTED_EDGE('',*,*,#1588,.F.);
#920=ORIENTED_EDGE('',*,*,#1444,.F.);
#921=ORIENTED_EDGE('',*,*,#1235,.F.);
#922=ORIENTED_EDGE('',*,*,#1384,.F.);
#923=ORIENTED_EDGE('',*,*,#1586,.F.);
#924=ORIENTED_EDGE('',*,*,#1385,.F.);
#925=ORIENTED_EDGE('',*,*,#1237,.F.);
#926=ORIENTED_EDGE('',*,*,#1443,.F.);
#927=ORIENTED_EDGE('',*,*,#1604,.F.);
#928=ORIENTED_EDGE('',*,*,#1439,.F.);
#929=ORIENTED_EDGE('',*,*,#1219,.F.);
#930=ORIENTED_EDGE('',*,*,#1389,.F.);
#931=ORIENTED_EDGE('',*,*,#1602,.F.);
#932=ORIENTED_EDGE('',*,*,#1390,.F.);
#933=ORIENTED_EDGE('',*,*,#1221,.F.);
#934=ORIENTED_EDGE('',*,*,#1438,.F.);
#935=ORIENTED_EDGE('',*,*,#1596,.F.);
#936=ORIENTED_EDGE('',*,*,#1434,.F.);
#937=ORIENTED_EDGE('',*,*,#1227,.F.);
#938=ORIENTED_EDGE('',*,*,#1394,.F.);
#939=ORIENTED_EDGE('',*,*,#1594,.F.);
#940=ORIENTED_EDGE('',*,*,#1395,.F.);
#941=ORIENTED_EDGE('',*,*,#1229,.F.);
#942=ORIENTED_EDGE('',*,*,#1433,.F.);
#943=ORIENTED_EDGE('',*,*,#1592,.F.);
#944=ORIENTED_EDGE('',*,*,#1429,.F.);
#945=ORIENTED_EDGE('',*,*,#1231,.F.);
#946=ORIENTED_EDGE('',*,*,#1399,.F.);
#947=ORIENTED_EDGE('',*,*,#1590,.F.);
#948=ORIENTED_EDGE('',*,*,#1400,.F.);
#949=ORIENTED_EDGE('',*,*,#1233,.F.);
#950=ORIENTED_EDGE('',*,*,#1428,.F.);
#951=ORIENTED_EDGE('',*,*,#1600,.F.);
#952=ORIENTED_EDGE('',*,*,#1424,.F.);
#953=ORIENTED_EDGE('',*,*,#1223,.F.);
#954=ORIENTED_EDGE('',*,*,#1404,.F.);
#955=ORIENTED_EDGE('',*,*,#1598,.F.);
#956=ORIENTED_EDGE('',*,*,#1405,.F.);
#957=ORIENTED_EDGE('',*,*,#1225,.F.);
#958=ORIENTED_EDGE('',*,*,#1423,.F.);
#959=ORIENTED_EDGE('',*,*,#1608,.F.);
#960=ORIENTED_EDGE('',*,*,#1419,.F.);
#961=ORIENTED_EDGE('',*,*,#1215,.F.);
#962=ORIENTED_EDGE('',*,*,#1409,.F.);
#963=ORIENTED_EDGE('',*,*,#1606,.F.);
#964=ORIENTED_EDGE('',*,*,#1418,.F.);
#965=ORIENTED_EDGE('',*,*,#1299,.F.);
#966=ORIENTED_EDGE('',*,*,#1410,.F.);
#967=ORIENTED_EDGE('',*,*,#1217,.F.);
#968=ORIENTED_EDGE('',*,*,#1610,.T.);
#969=ORIENTED_EDGE('',*,*,#1611,.T.);
#970=ORIENTED_EDGE('',*,*,#1612,.T.);
#971=ORIENTED_EDGE('',*,*,#1613,.F.);
#972=ORIENTED_EDGE('',*,*,#1614,.F.);
#973=ORIENTED_EDGE('',*,*,#1615,.T.);
#974=ORIENTED_EDGE('',*,*,#1613,.T.);
#975=ORIENTED_EDGE('',*,*,#1616,.T.);
#976=ORIENTED_EDGE('',*,*,#1617,.F.);
#977=ORIENTED_EDGE('',*,*,#1618,.T.);
#978=ORIENTED_EDGE('',*,*,#1619,.T.);
#979=ORIENTED_EDGE('',*,*,#1620,.T.);
#980=ORIENTED_EDGE('',*,*,#1614,.T.);
#981=ORIENTED_EDGE('',*,*,#1621,.T.);
#982=ORIENTED_EDGE('',*,*,#1622,.T.);
#983=ORIENTED_EDGE('',*,*,#1623,.T.);
#984=ORIENTED_EDGE('',*,*,#1624,.F.);
#985=ORIENTED_EDGE('',*,*,#1625,.T.);
#986=ORIENTED_EDGE('',*,*,#1626,.T.);
#987=ORIENTED_EDGE('',*,*,#1624,.T.);
#988=ORIENTED_EDGE('',*,*,#1627,.F.);
#989=ORIENTED_EDGE('',*,*,#1628,.F.);
#990=ORIENTED_EDGE('',*,*,#1629,.F.);
#991=ORIENTED_EDGE('',*,*,#1630,.T.);
#992=ORIENTED_EDGE('',*,*,#1631,.T.);
#993=ORIENTED_EDGE('',*,*,#1628,.T.);
#994=ORIENTED_EDGE('',*,*,#1632,.F.);
#995=ORIENTED_EDGE('',*,*,#1633,.F.);
#996=ORIENTED_EDGE('',*,*,#1634,.T.);
#997=ORIENTED_EDGE('',*,*,#1629,.T.);
#998=ORIENTED_EDGE('',*,*,#1635,.T.);
#999=ORIENTED_EDGE('',*,*,#1612,.F.);
#1000=ORIENTED_EDGE('',*,*,#1636,.T.);
#1001=ORIENTED_EDGE('',*,*,#1633,.T.);
#1002=ORIENTED_EDGE('',*,*,#1637,.T.);
#1003=ORIENTED_EDGE('',*,*,#1616,.F.);
#1004=ORIENTED_EDGE('',*,*,#1631,.F.);
#1005=ORIENTED_EDGE('',*,*,#1638,.T.);
#1006=ORIENTED_EDGE('',*,*,#1639,.T.);
#1007=ORIENTED_EDGE('',*,*,#1625,.F.);
#1008=ORIENTED_EDGE('',*,*,#1623,.F.);
#1009=ORIENTED_EDGE('',*,*,#1640,.T.);
#1010=ORIENTED_EDGE('',*,*,#1618,.F.);
#1011=ORIENTED_EDGE('',*,*,#1617,.T.);
#1012=ORIENTED_EDGE('',*,*,#1637,.F.);
#1013=ORIENTED_EDGE('',*,*,#1635,.F.);
#1014=ORIENTED_EDGE('',*,*,#1632,.T.);
#1015=ORIENTED_EDGE('',*,*,#1627,.T.);
#1016=ORIENTED_EDGE('',*,*,#1620,.F.);
#1017=ORIENTED_EDGE('',*,*,#1641,.T.);
#1018=ORIENTED_EDGE('',*,*,#1610,.F.);
#1019=ORIENTED_EDGE('',*,*,#1615,.F.);
#1020=ORIENTED_EDGE('',*,*,#1639,.F.);
#1021=ORIENTED_EDGE('',*,*,#1642,.T.);
#1022=ORIENTED_EDGE('',*,*,#1621,.F.);
#1023=ORIENTED_EDGE('',*,*,#1626,.F.);
#1024=ORIENTED_EDGE('',*,*,#1611,.F.);
#1025=ORIENTED_EDGE('',*,*,#1641,.F.);
#1026=ORIENTED_EDGE('',*,*,#1619,.F.);
#1027=ORIENTED_EDGE('',*,*,#1640,.F.);
#1028=ORIENTED_EDGE('',*,*,#1622,.F.);
#1029=ORIENTED_EDGE('',*,*,#1642,.F.);
#1030=ORIENTED_EDGE('',*,*,#1638,.F.);
#1031=ORIENTED_EDGE('',*,*,#1630,.F.);
#1032=ORIENTED_EDGE('',*,*,#1634,.F.);
#1033=ORIENTED_EDGE('',*,*,#1636,.F.);
#1034=ORIENTED_EDGE('',*,*,#1643,.T.);
#1035=ORIENTED_EDGE('',*,*,#1644,.T.);
#1036=ORIENTED_EDGE('',*,*,#1645,.T.);
#1037=ORIENTED_EDGE('',*,*,#1646,.T.);
#1038=ORIENTED_EDGE('',*,*,#1647,.T.);
#1039=ORIENTED_EDGE('',*,*,#1648,.T.);
#1040=ORIENTED_EDGE('',*,*,#1649,.T.);
#1041=ORIENTED_EDGE('',*,*,#1650,.T.);
#1042=ORIENTED_EDGE('',*,*,#1651,.T.);
#1043=ORIENTED_EDGE('',*,*,#1652,.T.);
#1044=ORIENTED_EDGE('',*,*,#1653,.T.);
#1045=ORIENTED_EDGE('',*,*,#1645,.F.);
#1046=ORIENTED_EDGE('',*,*,#1654,.T.);
#1047=ORIENTED_EDGE('',*,*,#1647,.F.);
#1048=ORIENTED_EDGE('',*,*,#1655,.T.);
#1049=ORIENTED_EDGE('',*,*,#1652,.F.);
#1050=ORIENTED_EDGE('',*,*,#1656,.T.);
#1051=ORIENTED_EDGE('',*,*,#1646,.F.);
#1052=ORIENTED_EDGE('',*,*,#1657,.F.);
#1053=ORIENTED_EDGE('',*,*,#1657,.T.);
#1054=ORIENTED_EDGE('',*,*,#1655,.F.);
#1055=ORIENTED_EDGE('',*,*,#1653,.F.);
#1056=ORIENTED_EDGE('',*,*,#1656,.F.);
#1057=ORIENTED_EDGE('',*,*,#1651,.F.);
#1058=ORIENTED_EDGE('',*,*,#1658,.F.);
#1059=ORIENTED_EDGE('',*,*,#1658,.T.);
#1060=ORIENTED_EDGE('',*,*,#1650,.F.);
#1061=ORIENTED_EDGE('',*,*,#1659,.F.);
#1062=ORIENTED_EDGE('',*,*,#1643,.F.);
#1063=ORIENTED_EDGE('',*,*,#1659,.T.);
#1064=ORIENTED_EDGE('',*,*,#1649,.F.);
#1065=ORIENTED_EDGE('',*,*,#1660,.F.);
#1066=ORIENTED_EDGE('',*,*,#1644,.F.);
#1067=ORIENTED_EDGE('',*,*,#1648,.F.);
#1068=ORIENTED_EDGE('',*,*,#1654,.F.);
#1069=ORIENTED_EDGE('',*,*,#1660,.T.);
#1070=ORIENTED_EDGE('',*,*,#1661,.F.);
#1071=ORIENTED_EDGE('',*,*,#1662,.F.);
#1072=ORIENTED_EDGE('',*,*,#1663,.T.);
#1073=ORIENTED_EDGE('',*,*,#1664,.T.);
#1074=ORIENTED_EDGE('',*,*,#1665,.T.);
#1075=ORIENTED_EDGE('',*,*,#1666,.F.);
#1076=ORIENTED_EDGE('',*,*,#1667,.F.);
#1077=ORIENTED_EDGE('',*,*,#1662,.T.);
#1078=ORIENTED_EDGE('',*,*,#1668,.T.);
#1079=ORIENTED_EDGE('',*,*,#1669,.F.);
#1080=ORIENTED_EDGE('',*,*,#1670,.F.);
#1081=ORIENTED_EDGE('',*,*,#1666,.T.);
#1082=ORIENTED_EDGE('',*,*,#1671,.F.);
#1083=ORIENTED_EDGE('',*,*,#1664,.F.);
#1084=ORIENTED_EDGE('',*,*,#1672,.T.);
#1085=ORIENTED_EDGE('',*,*,#1669,.T.);
#1086=ORIENTED_EDGE('',*,*,#1663,.F.);
#1087=ORIENTED_EDGE('',*,*,#1667,.T.);
#1088=ORIENTED_EDGE('',*,*,#1670,.T.);
#1089=ORIENTED_EDGE('',*,*,#1672,.F.);
#1090=ORIENTED_EDGE('',*,*,#1661,.T.);
#1091=ORIENTED_EDGE('',*,*,#1671,.T.);
#1092=ORIENTED_EDGE('',*,*,#1668,.F.);
#1093=ORIENTED_EDGE('',*,*,#1665,.F.);
#1094=ORIENTED_EDGE('',*,*,#1673,.F.);
#1095=ORIENTED_EDGE('',*,*,#1674,.F.);
#1096=ORIENTED_EDGE('',*,*,#1675,.F.);
#1097=ORIENTED_EDGE('',*,*,#1676,.F.);
#1098=ORIENTED_EDGE('',*,*,#1677,.F.);
#1099=ORIENTED_EDGE('',*,*,#1678,.F.);
#1100=ORIENTED_EDGE('',*,*,#1679,.F.);
#1101=ORIENTED_EDGE('',*,*,#1680,.F.);
#1102=ORIENTED_EDGE('',*,*,#1681,.F.);
#1103=ORIENTED_EDGE('',*,*,#1682,.F.);
#1104=ORIENTED_EDGE('',*,*,#1683,.F.);
#1105=ORIENTED_EDGE('',*,*,#1684,.F.);
#1106=ORIENTED_EDGE('',*,*,#1685,.F.);
#1107=ORIENTED_EDGE('',*,*,#1686,.F.);
#1108=ORIENTED_EDGE('',*,*,#1687,.T.);
#1109=ORIENTED_EDGE('',*,*,#1688,.T.);
#1110=ORIENTED_EDGE('',*,*,#1689,.T.);
#1111=ORIENTED_EDGE('',*,*,#1690,.T.);
#1112=ORIENTED_EDGE('',*,*,#1691,.T.);
#1113=ORIENTED_EDGE('',*,*,#1692,.T.);
#1114=ORIENTED_EDGE('',*,*,#1693,.T.);
#1115=ORIENTED_EDGE('',*,*,#1694,.F.);
#1116=ORIENTED_EDGE('',*,*,#1695,.F.);
#1117=ORIENTED_EDGE('',*,*,#1686,.T.);
#1118=ORIENTED_EDGE('',*,*,#1696,.T.);
#1119=ORIENTED_EDGE('',*,*,#1697,.F.);
#1120=ORIENTED_EDGE('',*,*,#1698,.F.);
#1121=ORIENTED_EDGE('',*,*,#1694,.T.);
#1122=ORIENTED_EDGE('',*,*,#1699,.F.);
#1123=ORIENTED_EDGE('',*,*,#1688,.F.);
#1124=ORIENTED_EDGE('',*,*,#1700,.T.);
#1125=ORIENTED_EDGE('',*,*,#1697,.T.);
#1126=ORIENTED_EDGE('',*,*,#1687,.F.);
#1127=ORIENTED_EDGE('',*,*,#1695,.T.);
#1128=ORIENTED_EDGE('',*,*,#1698,.T.);
#1129=ORIENTED_EDGE('',*,*,#1700,.F.);
#1130=ORIENTED_EDGE('',*,*,#1685,.T.);
#1131=ORIENTED_EDGE('',*,*,#1699,.T.);
#1132=ORIENTED_EDGE('',*,*,#1696,.F.);
#1133=ORIENTED_EDGE('',*,*,#1693,.F.);
#1134=ORIENTED_EDGE('',*,*,#1681,.T.);
#1135=ORIENTED_EDGE('',*,*,#1701,.F.);
#1136=ORIENTED_EDGE('',*,*,#1702,.F.);
#1137=ORIENTED_EDGE('',*,*,#1703,.T.);
#1138=ORIENTED_EDGE('',*,*,#1684,.T.);
#1139=ORIENTED_EDGE('',*,*,#1704,.F.);
#1140=ORIENTED_EDGE('',*,*,#1705,.F.);
#1141=ORIENTED_EDGE('',*,*,#1701,.T.);
#1142=ORIENTED_EDGE('',*,*,#1683,.T.);
#1143=ORIENTED_EDGE('',*,*,#1706,.F.);
#1144=ORIENTED_EDGE('',*,*,#1707,.F.);
#1145=ORIENTED_EDGE('',*,*,#1704,.T.);
#1146=ORIENTED_EDGE('',*,*,#1682,.T.);
#1147=ORIENTED_EDGE('',*,*,#1703,.F.);
#1148=ORIENTED_EDGE('',*,*,#1708,.F.);
#1149=ORIENTED_EDGE('',*,*,#1706,.T.);
#1150=ORIENTED_EDGE('',*,*,#1702,.T.);
#1151=ORIENTED_EDGE('',*,*,#1705,.T.);
#1152=ORIENTED_EDGE('',*,*,#1707,.T.);
#1153=ORIENTED_EDGE('',*,*,#1708,.T.);
#1154=ORIENTED_EDGE('',*,*,#1677,.T.);
#1155=ORIENTED_EDGE('',*,*,#1709,.F.);
#1156=ORIENTED_EDGE('',*,*,#1710,.F.);
#1157=ORIENTED_EDGE('',*,*,#1711,.T.);
#1158=ORIENTED_EDGE('',*,*,#1680,.T.);
#1159=ORIENTED_EDGE('',*,*,#1712,.F.);
#1160=ORIENTED_EDGE('',*,*,#1713,.F.);
#1161=ORIENTED_EDGE('',*,*,#1709,.T.);
#1162=ORIENTED_EDGE('',*,*,#1679,.T.);
#1163=ORIENTED_EDGE('',*,*,#1714,.F.);
#1164=ORIENTED_EDGE('',*,*,#1715,.F.);
#1165=ORIENTED_EDGE('',*,*,#1712,.T.);
#1166=ORIENTED_EDGE('',*,*,#1678,.T.);
#1167=ORIENTED_EDGE('',*,*,#1711,.F.);
#1168=ORIENTED_EDGE('',*,*,#1716,.F.);
#1169=ORIENTED_EDGE('',*,*,#1714,.T.);
#1170=ORIENTED_EDGE('',*,*,#1710,.T.);
#1171=ORIENTED_EDGE('',*,*,#1713,.T.);
#1172=ORIENTED_EDGE('',*,*,#1715,.T.);
#1173=ORIENTED_EDGE('',*,*,#1716,.T.);
#1174=ORIENTED_EDGE('',*,*,#1690,.F.);
#1175=ORIENTED_EDGE('',*,*,#1717,.F.);
#1176=ORIENTED_EDGE('',*,*,#1718,.T.);
#1177=ORIENTED_EDGE('',*,*,#1719,.T.);
#1178=ORIENTED_EDGE('',*,*,#1689,.F.);
#1179=ORIENTED_EDGE('',*,*,#1720,.F.);
#1180=ORIENTED_EDGE('',*,*,#1721,.T.);
#1181=ORIENTED_EDGE('',*,*,#1717,.T.);
#1182=ORIENTED_EDGE('',*,*,#1692,.F.);
#1183=ORIENTED_EDGE('',*,*,#1722,.F.);
#1184=ORIENTED_EDGE('',*,*,#1723,.T.);
#1185=ORIENTED_EDGE('',*,*,#1720,.T.);
#1186=ORIENTED_EDGE('',*,*,#1691,.F.);
#1187=ORIENTED_EDGE('',*,*,#1719,.F.);
#1188=ORIENTED_EDGE('',*,*,#1724,.T.);
#1189=ORIENTED_EDGE('',*,*,#1722,.T.);
#1190=ORIENTED_EDGE('',*,*,#1718,.F.);
#1191=ORIENTED_EDGE('',*,*,#1721,.F.);
#1192=ORIENTED_EDGE('',*,*,#1723,.F.);
#1193=ORIENTED_EDGE('',*,*,#1724,.F.);
#1194=ORIENTED_EDGE('',*,*,#1673,.T.);
#1195=ORIENTED_EDGE('',*,*,#1725,.F.);
#1196=ORIENTED_EDGE('',*,*,#1726,.F.);
#1197=ORIENTED_EDGE('',*,*,#1727,.T.);
#1198=ORIENTED_EDGE('',*,*,#1676,.T.);
#1199=ORIENTED_EDGE('',*,*,#1728,.F.);
#1200=ORIENTED_EDGE('',*,*,#1729,.F.);
#1201=ORIENTED_EDGE('',*,*,#1725,.T.);
#1202=ORIENTED_EDGE('',*,*,#1675,.T.);
#1203=ORIENTED_EDGE('',*,*,#1730,.F.);
#1204=ORIENTED_EDGE('',*,*,#1731,.F.);
#1205=ORIENTED_EDGE('',*,*,#1728,.T.);
#1206=ORIENTED_EDGE('',*,*,#1674,.T.);
#1207=ORIENTED_EDGE('',*,*,#1727,.F.);
#1208=ORIENTED_EDGE('',*,*,#1732,.F.);
#1209=ORIENTED_EDGE('',*,*,#1730,.T.);
#1210=ORIENTED_EDGE('',*,*,#1726,.T.);
#1211=ORIENTED_EDGE('',*,*,#1729,.T.);
#1212=ORIENTED_EDGE('',*,*,#1731,.T.);
#1213=ORIENTED_EDGE('',*,*,#1732,.T.);
#1214=EDGE_CURVE('',#1733,#1734,#2078,.T.);
#1215=EDGE_CURVE('',#1734,#1735,#2079,.F.);
#1216=EDGE_CURVE('',#1735,#1736,#2080,.T.);
#1217=EDGE_CURVE('',#1736,#1733,#2081,.T.);
#1218=EDGE_CURVE('',#1737,#1738,#2082,.T.);
#1219=EDGE_CURVE('',#1738,#1739,#2083,.F.);
#1220=EDGE_CURVE('',#1739,#1740,#2084,.T.);
#1221=EDGE_CURVE('',#1740,#1737,#2085,.F.);
#1222=EDGE_CURVE('',#1741,#1742,#2086,.T.);
#1223=EDGE_CURVE('',#1742,#1743,#2087,.F.);
#1224=EDGE_CURVE('',#1743,#1744,#2088,.T.);
#1225=EDGE_CURVE('',#1744,#1741,#2089,.F.);
#1226=EDGE_CURVE('',#1745,#1746,#2090,.T.);
#1227=EDGE_CURVE('',#1746,#1747,#2091,.F.);
#1228=EDGE_CURVE('',#1747,#1748,#2092,.T.);
#1229=EDGE_CURVE('',#1748,#1745,#2093,.F.);
#1230=EDGE_CURVE('',#1749,#1750,#2094,.T.);
#1231=EDGE_CURVE('',#1750,#1751,#2095,.F.);
#1232=EDGE_CURVE('',#1751,#1752,#2096,.T.);
#1233=EDGE_CURVE('',#1752,#1749,#2097,.F.);
#1234=EDGE_CURVE('',#1753,#1754,#2098,.T.);
#1235=EDGE_CURVE('',#1754,#1755,#2099,.F.);
#1236=EDGE_CURVE('',#1755,#1756,#2100,.T.);
#1237=EDGE_CURVE('',#1756,#1753,#2101,.F.);
#1238=EDGE_CURVE('',#1757,#1758,#2102,.T.);
#1239=EDGE_CURVE('',#1758,#1759,#2103,.F.);
#1240=EDGE_CURVE('',#1759,#1760,#2104,.T.);
#1241=EDGE_CURVE('',#1757,#1760,#2105,.T.);
#1242=EDGE_CURVE('',#1761,#1762,#2106,.T.);
#1243=EDGE_CURVE('',#1762,#1763,#2107,.F.);
#1244=EDGE_CURVE('',#1763,#1764,#2108,.T.);
#1245=EDGE_CURVE('',#1764,#1761,#2109,.F.);
#1246=EDGE_CURVE('',#1765,#1766,#2110,.T.);
#1247=EDGE_CURVE('',#1766,#1767,#2111,.F.);
#1248=EDGE_CURVE('',#1767,#1768,#2112,.T.);
#1249=EDGE_CURVE('',#1765,#1768,#2113,.T.);
#1250=EDGE_CURVE('',#1769,#1770,#2114,.T.);
#1251=EDGE_CURVE('',#1770,#1771,#2115,.F.);
#1252=EDGE_CURVE('',#1771,#1772,#2116,.T.);
#1253=EDGE_CURVE('',#1772,#1769,#2117,.F.);
#1254=EDGE_CURVE('',#1773,#1774,#2118,.T.);
#1255=EDGE_CURVE('',#1774,#1775,#2119,.F.);
#1256=EDGE_CURVE('',#1775,#1776,#2120,.T.);
#1257=EDGE_CURVE('',#1776,#1773,#2121,.F.);
#1258=EDGE_CURVE('',#1777,#1778,#2122,.T.);
#1259=EDGE_CURVE('',#1778,#1779,#2123,.F.);
#1260=EDGE_CURVE('',#1779,#1780,#2124,.T.);
#1261=EDGE_CURVE('',#1780,#1777,#2125,.F.);
#1262=EDGE_CURVE('',#1781,#1782,#2126,.T.);
#1263=EDGE_CURVE('',#1782,#1783,#2127,.F.);
#1264=EDGE_CURVE('',#1783,#1784,#2128,.T.);
#1265=EDGE_CURVE('',#1784,#1781,#2129,.F.);
#1266=EDGE_CURVE('',#1785,#1786,#2130,.T.);
#1267=EDGE_CURVE('',#1786,#1787,#2131,.F.);
#1268=EDGE_CURVE('',#1787,#1788,#2132,.T.);
#1269=EDGE_CURVE('',#1788,#1785,#2133,.F.);
#1270=EDGE_CURVE('',#1789,#1790,#2134,.T.);
#1271=EDGE_CURVE('',#1790,#1791,#2135,.F.);
#1272=EDGE_CURVE('',#1791,#1792,#2136,.T.);
#1273=EDGE_CURVE('',#1792,#1789,#2137,.F.);
#1274=EDGE_CURVE('',#1793,#1794,#2138,.T.);
#1275=EDGE_CURVE('',#1794,#1795,#2139,.F.);
#1276=EDGE_CURVE('',#1795,#1796,#2140,.T.);
#1277=EDGE_CURVE('',#1796,#1793,#2141,.F.);
#1278=EDGE_CURVE('',#1797,#1798,#2142,.T.);
#1279=EDGE_CURVE('',#1798,#1799,#2143,.F.);
#1280=EDGE_CURVE('',#1799,#1800,#2144,.T.);
#1281=EDGE_CURVE('',#1800,#1797,#2145,.F.);
#1282=EDGE_CURVE('',#1801,#1802,#2146,.T.);
#1283=EDGE_CURVE('',#1802,#1803,#2147,.F.);
#1284=EDGE_CURVE('',#1803,#1804,#2148,.T.);
#1285=EDGE_CURVE('',#1804,#1801,#2149,.F.);
#1286=EDGE_CURVE('',#1805,#1806,#2150,.T.);
#1287=EDGE_CURVE('',#1806,#1807,#2151,.F.);
#1288=EDGE_CURVE('',#1807,#1808,#2152,.T.);
#1289=EDGE_CURVE('',#1808,#1805,#2153,.F.);
#1290=EDGE_CURVE('',#1809,#1810,#2154,.T.);
#1291=EDGE_CURVE('',#1810,#1811,#2155,.F.);
#1292=EDGE_CURVE('',#1811,#1812,#2156,.T.);
#1293=EDGE_CURVE('',#1812,#1809,#2157,.F.);
#1294=EDGE_CURVE('',#1813,#1814,#2158,.T.);
#1295=EDGE_CURVE('',#1814,#1815,#2159,.F.);
#1296=EDGE_CURVE('',#1815,#1816,#2160,.T.);
#1297=EDGE_CURVE('',#1816,#1813,#2161,.F.);
#1298=EDGE_CURVE('',#1817,#1818,#2162,.T.);
#1299=EDGE_CURVE('',#1817,#1819,#2163,.F.);
#1300=EDGE_CURVE('',#1819,#1820,#2164,.T.);
#1301=EDGE_CURVE('',#1820,#1818,#2165,.T.);
#1302=EDGE_CURVE('',#1821,#1822,#2166,.T.);
#1303=EDGE_CURVE('',#1821,#1823,#124,.F.);
#1304=EDGE_CURVE('',#1824,#1823,#2167,.T.);
#1305=EDGE_CURVE('',#1824,#1825,#72,.F.);
#1306=EDGE_CURVE('',#1826,#1825,#2168,.T.);
#1307=EDGE_CURVE('',#1827,#1826,#2169,.T.);
#1308=EDGE_CURVE('',#1827,#1828,#2170,.T.);
#1309=EDGE_CURVE('',#1828,#1814,#125,.F.);
#1310=EDGE_CURVE('',#1813,#1829,#126,.F.);
#1311=EDGE_CURVE('',#1830,#1829,#2171,.T.);
#1312=EDGE_CURVE('',#1831,#1830,#2172,.T.);
#1313=EDGE_CURVE('',#1831,#1832,#2173,.T.);
#1314=EDGE_CURVE('',#1832,#1810,#127,.F.);
#1315=EDGE_CURVE('',#1809,#1833,#73,.F.);
#1316=EDGE_CURVE('',#1834,#1833,#2174,.T.);
#1317=EDGE_CURVE('',#1835,#1834,#2175,.T.);
#1318=EDGE_CURVE('',#1835,#1836,#2176,.T.);
#1319=EDGE_CURVE('',#1836,#1806,#128,.F.);
#1320=EDGE_CURVE('',#1805,#1837,#74,.F.);
#1321=EDGE_CURVE('',#1838,#1837,#2177,.T.);
#1322=EDGE_CURVE('',#1839,#1838,#2178,.T.);
#1323=EDGE_CURVE('',#1839,#1840,#2179,.T.);
#1324=EDGE_CURVE('',#1840,#1802,#75,.F.);
#1325=EDGE_CURVE('',#1801,#1841,#76,.F.);
#1326=EDGE_CURVE('',#1842,#1841,#2180,.T.);
#1327=EDGE_CURVE('',#1843,#1842,#2181,.T.);
#1328=EDGE_CURVE('',#1843,#1844,#2182,.T.);
#1329=EDGE_CURVE('',#1844,#1798,#77,.F.);
#1330=EDGE_CURVE('',#1797,#1845,#78,.F.);
#1331=EDGE_CURVE('',#1846,#1845,#2183,.T.);
#1332=EDGE_CURVE('',#1847,#1846,#2184,.T.);
#1333=EDGE_CURVE('',#1847,#1848,#2185,.T.);
#1334=EDGE_CURVE('',#1848,#1794,#129,.F.);
#1335=EDGE_CURVE('',#1793,#1849,#79,.F.);
#1336=EDGE_CURVE('',#1850,#1849,#2186,.T.);
#1337=EDGE_CURVE('',#1851,#1850,#2187,.T.);
#1338=EDGE_CURVE('',#1851,#1852,#2188,.T.);
#1339=EDGE_CURVE('',#1852,#1790,#80,.F.);
#1340=EDGE_CURVE('',#1789,#1853,#81,.F.);
#1341=EDGE_CURVE('',#1854,#1853,#2189,.T.);
#1342=EDGE_CURVE('',#1855,#1854,#2190,.T.);
#1343=EDGE_CURVE('',#1855,#1856,#2191,.T.);
#1344=EDGE_CURVE('',#1856,#1786,#82,.F.);
#1345=EDGE_CURVE('',#1785,#1857,#83,.F.);
#1346=EDGE_CURVE('',#1858,#1857,#2192,.T.);
#1347=EDGE_CURVE('',#1859,#1858,#2193,.T.);
#1348=EDGE_CURVE('',#1859,#1860,#2194,.T.);
#1349=EDGE_CURVE('',#1860,#1782,#84,.F.);
#1350=EDGE_CURVE('',#1781,#1861,#85,.F.);
#1351=EDGE_CURVE('',#1862,#1861,#2195,.T.);
#1352=EDGE_CURVE('',#1863,#1862,#2196,.T.);
#1353=EDGE_CURVE('',#1863,#1864,#2197,.T.);
#1354=EDGE_CURVE('',#1864,#1778,#86,.F.);
#1355=EDGE_CURVE('',#1777,#1865,#87,.F.);
#1356=EDGE_CURVE('',#1866,#1865,#2198,.T.);
#1357=EDGE_CURVE('',#1867,#1866,#2199,.T.);
#1358=EDGE_CURVE('',#1867,#1868,#2200,.T.);
#1359=EDGE_CURVE('',#1868,#1774,#130,.F.);
#1360=EDGE_CURVE('',#1773,#1869,#88,.F.);
#1361=EDGE_CURVE('',#1870,#1869,#2201,.T.);
#1362=EDGE_CURVE('',#1871,#1870,#2202,.T.);
#1363=EDGE_CURVE('',#1871,#1872,#2203,.T.);
#1364=EDGE_CURVE('',#1872,#1770,#89,.F.);
#1365=EDGE_CURVE('',#1769,#1873,#90,.F.);
#1366=EDGE_CURVE('',#1874,#1873,#2204,.T.);
#1367=EDGE_CURVE('',#1875,#1874,#2205,.T.);
#1368=EDGE_CURVE('',#1875,#1876,#91,.T.);
#1369=EDGE_CURVE('',#1876,#1768,#2206,.T.);
#1370=EDGE_CURVE('',#1767,#1877,#131,.F.);
#1371=EDGE_CURVE('',#1878,#1877,#2207,.T.);
#1372=EDGE_CURVE('',#1879,#1878,#2208,.T.);
#1373=EDGE_CURVE('',#1879,#1880,#2209,.T.);
#1374=EDGE_CURVE('',#1880,#1762,#92,.F.);
#1375=EDGE_CURVE('',#1761,#1881,#93,.F.);
#1376=EDGE_CURVE('',#1882,#1881,#2210,.T.);
#1377=EDGE_CURVE('',#1883,#1882,#2211,.T.);
#1378=EDGE_CURVE('',#1883,#1884,#94,.T.);
#1379=EDGE_CURVE('',#1884,#1760,#2212,.T.);
#1380=EDGE_CURVE('',#1759,#1885,#95,.F.);
#1381=EDGE_CURVE('',#1886,#1885,#2213,.T.);
#1382=EDGE_CURVE('',#1887,#1886,#2214,.T.);
#1383=EDGE_CURVE('',#1887,#1888,#2215,.T.);
#1384=EDGE_CURVE('',#1888,#1754,#132,.F.);
#1385=EDGE_CURVE('',#1753,#1889,#133,.F.);
#1386=EDGE_CURVE('',#1890,#1889,#2216,.T.);
#1387=EDGE_CURVE('',#1891,#1890,#2217,.T.);
#1388=EDGE_CURVE('',#1891,#1892,#2218,.T.);
#1389=EDGE_CURVE('',#1892,#1738,#134,.F.);
#1390=EDGE_CURVE('',#1737,#1893,#135,.F.);
#1391=EDGE_CURVE('',#1894,#1893,#2219,.T.);
#1392=EDGE_CURVE('',#1895,#1894,#2220,.T.);
#1393=EDGE_CURVE('',#1895,#1896,#2221,.T.);
#1394=EDGE_CURVE('',#1896,#1746,#136,.F.);
#1395=EDGE_CURVE('',#1745,#1897,#137,.F.);
#1396=EDGE_CURVE('',#1898,#1897,#2222,.T.);
#1397=EDGE_CURVE('',#1899,#1898,#2223,.T.);
#1398=EDGE_CURVE('',#1899,#1900,#2224,.T.);
#1399=EDGE_CURVE('',#1900,#1750,#138,.F.);
#1400=EDGE_CURVE('',#1749,#1901,#139,.F.);
#1401=EDGE_CURVE('',#1902,#1901,#2225,.T.);
#1402=EDGE_CURVE('',#1903,#1902,#2226,.T.);
#1403=EDGE_CURVE('',#1903,#1904,#2227,.T.);
#1404=EDGE_CURVE('',#1904,#1742,#140,.F.);
#1405=EDGE_CURVE('',#1741,#1905,#141,.F.);
#1406=EDGE_CURVE('',#1906,#1905,#2228,.T.);
#1407=EDGE_CURVE('',#1907,#1906,#2229,.T.);
#1408=EDGE_CURVE('',#1907,#1908,#2230,.T.);
#1409=EDGE_CURVE('',#1908,#1734,#142,.F.);
#1410=EDGE_CURVE('',#1733,#1817,#143,.F.);
#1411=EDGE_CURVE('',#1818,#1822,#2231,.T.);
#1412=EDGE_CURVE('',#1909,#1910,#2232,.T.);
#1413=EDGE_CURVE('',#1909,#1821,#2233,.T.);
#1414=EDGE_CURVE('',#1910,#1822,#2234,.T.);
#1415=EDGE_CURVE('',#1911,#1912,#2235,.T.);
#1416=EDGE_CURVE('',#1911,#1909,#144,.F.);
#1417=EDGE_CURVE('',#1910,#1820,#2236,.T.);
#1418=EDGE_CURVE('',#1819,#1736,#145,.F.);
#1419=EDGE_CURVE('',#1735,#1913,#146,.F.);
#1420=EDGE_CURVE('',#1914,#1913,#2237,.T.);
#1421=EDGE_CURVE('',#1915,#1914,#2238,.T.);
#1422=EDGE_CURVE('',#1915,#1916,#2239,.T.);
#1423=EDGE_CURVE('',#1916,#1744,#147,.F.);
#1424=EDGE_CURVE('',#1743,#1917,#148,.F.);
#1425=EDGE_CURVE('',#1918,#1917,#2240,.T.);
#1426=EDGE_CURVE('',#1919,#1918,#2241,.T.);
#1427=EDGE_CURVE('',#1919,#1920,#2242,.T.);
#1428=EDGE_CURVE('',#1920,#1752,#149,.F.);
#1429=EDGE_CURVE('',#1751,#1921,#150,.F.);
#1430=EDGE_CURVE('',#1922,#1921,#2243,.T.);
#1431=EDGE_CURVE('',#1923,#1922,#2244,.T.);
#1432=EDGE_CURVE('',#1923,#1924,#2245,.T.);
#1433=EDGE_CURVE('',#1924,#1748,#151,.F.);
#1434=EDGE_CURVE('',#1747,#1925,#152,.F.);
#1435=EDGE_CURVE('',#1926,#1925,#2246,.T.);
#1436=EDGE_CURVE('',#1927,#1926,#2247,.T.);
#1437=EDGE_CURVE('',#1927,#1928,#2248,.T.);
#1438=EDGE_CURVE('',#1928,#1740,#153,.F.);
#1439=EDGE_CURVE('',#1739,#1929,#154,.F.);
#1440=EDGE_CURVE('',#1930,#1929,#2249,.T.);
#1441=EDGE_CURVE('',#1931,#1930,#2250,.T.);
#1442=EDGE_CURVE('',#1931,#1932,#2251,.T.);
#1443=EDGE_CURVE('',#1932,#1756,#155,.F.);
#1444=EDGE_CURVE('',#1755,#1933,#156,.F.);
#1445=EDGE_CURVE('',#1934,#1933,#2252,.T.);
#1446=EDGE_CURVE('',#1935,#1934,#2253,.T.);
#1447=EDGE_CURVE('',#1935,#1936,#2254,.T.);
#1448=EDGE_CURVE('',#1936,#1758,#96,.F.);
#1449=EDGE_CURVE('',#1937,#1757,#2255,.T.);
#1450=EDGE_CURVE('',#1937,#1938,#97,.T.);
#1451=EDGE_CURVE('',#1939,#1938,#2256,.T.);
#1452=EDGE_CURVE('',#1939,#1940,#2257,.T.);
#1453=EDGE_CURVE('',#1940,#1764,#98,.F.);
#1454=EDGE_CURVE('',#1763,#1941,#99,.F.);
#1455=EDGE_CURVE('',#1942,#1941,#2258,.T.);
#1456=EDGE_CURVE('',#1943,#1942,#2259,.T.);
#1457=EDGE_CURVE('',#1943,#1944,#2260,.T.);
#1458=EDGE_CURVE('',#1944,#1766,#157,.F.);
#1459=EDGE_CURVE('',#1945,#1765,#2261,.T.);
#1460=EDGE_CURVE('',#1945,#1946,#100,.T.);
#1461=EDGE_CURVE('',#1947,#1946,#2262,.T.);
#1462=EDGE_CURVE('',#1947,#1948,#2263,.T.);
#1463=EDGE_CURVE('',#1948,#1772,#101,.F.);
#1464=EDGE_CURVE('',#1771,#1949,#102,.F.);
#1465=EDGE_CURVE('',#1950,#1949,#2264,.T.);
#1466=EDGE_CURVE('',#1951,#1950,#2265,.T.);
#1467=EDGE_CURVE('',#1951,#1952,#2266,.T.);
#1468=EDGE_CURVE('',#1952,#1776,#103,.F.);
#1469=EDGE_CURVE('',#1775,#1953,#158,.F.);
#1470=EDGE_CURVE('',#1954,#1953,#2267,.T.);
#1471=EDGE_CURVE('',#1955,#1954,#2268,.T.);
#1472=EDGE_CURVE('',#1955,#1956,#2269,.T.);
#1473=EDGE_CURVE('',#1956,#1780,#104,.F.);
#1474=EDGE_CURVE('',#1779,#1957,#105,.F.);
#1475=EDGE_CURVE('',#1958,#1957,#2270,.T.);
#1476=EDGE_CURVE('',#1959,#1958,#2271,.T.);
#1477=EDGE_CURVE('',#1959,#1960,#2272,.T.);
#1478=EDGE_CURVE('',#1960,#1784,#106,.F.);
#1479=EDGE_CURVE('',#1783,#1961,#107,.F.);
#1480=EDGE_CURVE('',#1962,#1961,#2273,.T.);
#1481=EDGE_CURVE('',#1963,#1962,#2274,.T.);
#1482=EDGE_CURVE('',#1963,#1964,#2275,.T.);
#1483=EDGE_CURVE('',#1964,#1788,#108,.F.);
#1484=EDGE_CURVE('',#1787,#1965,#109,.F.);
#1485=EDGE_CURVE('',#1966,#1965,#2276,.T.);
#1486=EDGE_CURVE('',#1967,#1966,#2277,.T.);
#1487=EDGE_CURVE('',#1967,#1968,#2278,.T.);
#1488=EDGE_CURVE('',#1968,#1792,#110,.F.);
#1489=EDGE_CURVE('',#1791,#1969,#111,.F.);
#1490=EDGE_CURVE('',#1970,#1969,#2279,.T.);
#1491=EDGE_CURVE('',#1971,#1970,#2280,.T.);
#1492=EDGE_CURVE('',#1971,#1972,#2281,.T.);
#1493=EDGE_CURVE('',#1972,#1796,#112,.F.);
#1494=EDGE_CURVE('',#1795,#1973,#159,.F.);
#1495=EDGE_CURVE('',#1974,#1973,#2282,.T.);
#1496=EDGE_CURVE('',#1975,#1974,#2283,.T.);
#1497=EDGE_CURVE('',#1975,#1976,#2284,.T.);
#1498=EDGE_CURVE('',#1976,#1800,#113,.F.);
#1499=EDGE_CURVE('',#1799,#1977,#114,.F.);
#1500=EDGE_CURVE('',#1978,#1977,#2285,.T.);
#1501=EDGE_CURVE('',#1979,#1978,#2286,.T.);
#1502=EDGE_CURVE('',#1979,#1980,#2287,.T.);
#1503=EDGE_CURVE('',#1980,#1804,#115,.F.);
#1504=EDGE_CURVE('',#1803,#1981,#116,.F.);
#1505=EDGE_CURVE('',#1982,#1981,#2288,.T.);
#1506=EDGE_CURVE('',#1983,#1982,#2289,.T.);
#1507=EDGE_CURVE('',#1983,#1984,#2290,.T.);
#1508=EDGE_CURVE('',#1984,#1808,#117,.F.);
#1509=EDGE_CURVE('',#1807,#1985,#160,.F.);
#1510=EDGE_CURVE('',#1986,#1985,#2291,.T.);
#1511=EDGE_CURVE('',#1987,#1986,#2292,.T.);
#1512=EDGE_CURVE('',#1987,#1988,#2293,.T.);
#1513=EDGE_CURVE('',#1988,#1812,#118,.F.);
#1514=EDGE_CURVE('',#1811,#1989,#161,.F.);
#1515=EDGE_CURVE('',#1990,#1989,#2294,.T.);
#1516=EDGE_CURVE('',#1991,#1990,#2295,.T.);
#1517=EDGE_CURVE('',#1991,#1992,#2296,.T.);
#1518=EDGE_CURVE('',#1992,#1816,#162,.F.);
#1519=EDGE_CURVE('',#1815,#1993,#163,.F.);
#1520=EDGE_CURVE('',#1994,#1993,#2297,.T.);
#1521=EDGE_CURVE('',#1995,#1994,#2298,.T.);
#1522=EDGE_CURVE('',#1995,#1996,#2299,.T.);
#1523=EDGE_CURVE('',#1996,#1912,#119,.F.);
#1524=EDGE_CURVE('',#1823,#1911,#2300,.F.);
#1525=EDGE_CURVE('',#1912,#1824,#2301,.F.);
#1526=EDGE_CURVE('',#1993,#1828,#2302,.T.);
#1527=EDGE_CURVE('',#1994,#1827,#2303,.T.);
#1528=EDGE_CURVE('',#1825,#1996,#2304,.T.);
#1529=EDGE_CURVE('',#1826,#1995,#2305,.T.);
#1530=EDGE_CURVE('',#1989,#1832,#2306,.T.);
#1531=EDGE_CURVE('',#1990,#1831,#2307,.T.);
#1532=EDGE_CURVE('',#1829,#1992,#2308,.T.);
#1533=EDGE_CURVE('',#1830,#1991,#2309,.T.);
#1534=EDGE_CURVE('',#1985,#1836,#2310,.T.);
#1535=EDGE_CURVE('',#1986,#1835,#2311,.T.);
#1536=EDGE_CURVE('',#1833,#1988,#2312,.T.);
#1537=EDGE_CURVE('',#1834,#1987,#2313,.T.);
#1538=EDGE_CURVE('',#1981,#1840,#2314,.T.);
#1539=EDGE_CURVE('',#1982,#1839,#2315,.T.);
#1540=EDGE_CURVE('',#1837,#1984,#2316,.T.);
#1541=EDGE_CURVE('',#1838,#1983,#2317,.T.);
#1542=EDGE_CURVE('',#1977,#1844,#2318,.T.);
#1543=EDGE_CURVE('',#1978,#1843,#2319,.T.);
#1544=EDGE_CURVE('',#1841,#1980,#2320,.T.);
#1545=EDGE_CURVE('',#1842,#1979,#2321,.T.);
#1546=EDGE_CURVE('',#1973,#1848,#2322,.T.);
#1547=EDGE_CURVE('',#1974,#1847,#2323,.T.);
#1548=EDGE_CURVE('',#1845,#1976,#2324,.T.);
#1549=EDGE_CURVE('',#1846,#1975,#2325,.T.);
#1550=EDGE_CURVE('',#1969,#1852,#2326,.T.);
#1551=EDGE_CURVE('',#1970,#1851,#2327,.T.);
#1552=EDGE_CURVE('',#1849,#1972,#2328,.T.);
#1553=EDGE_CURVE('',#1850,#1971,#2329,.T.);
#1554=EDGE_CURVE('',#1965,#1856,#2330,.T.);
#1555=EDGE_CURVE('',#1966,#1855,#2331,.T.);
#1556=EDGE_CURVE('',#1853,#1968,#2332,.T.);
#1557=EDGE_CURVE('',#1854,#1967,#2333,.T.);
#1558=EDGE_CURVE('',#1961,#1860,#2334,.T.);
#1559=EDGE_CURVE('',#1962,#1859,#2335,.T.);
#1560=EDGE_CURVE('',#1857,#1964,#2336,.T.);
#1561=EDGE_CURVE('',#1858,#1963,#2337,.T.);
#1562=EDGE_CURVE('',#1957,#1864,#2338,.T.);
#1563=EDGE_CURVE('',#1958,#1863,#2339,.T.);
#1564=EDGE_CURVE('',#1861,#1960,#2340,.T.);
#1565=EDGE_CURVE('',#1862,#1959,#2341,.T.);
#1566=EDGE_CURVE('',#1953,#1868,#2342,.T.);
#1567=EDGE_CURVE('',#1954,#1867,#2343,.T.);
#1568=EDGE_CURVE('',#1865,#1956,#2344,.T.);
#1569=EDGE_CURVE('',#1866,#1955,#2345,.T.);
#1570=EDGE_CURVE('',#1949,#1872,#2346,.T.);
#1571=EDGE_CURVE('',#1950,#1871,#2347,.T.);
#1572=EDGE_CURVE('',#1869,#1952,#2348,.T.);
#1573=EDGE_CURVE('',#1870,#1951,#2349,.T.);
#1574=EDGE_CURVE('',#1876,#1945,#2350,.F.);
#1575=EDGE_CURVE('',#1873,#1948,#2351,.T.);
#1576=EDGE_CURVE('',#1874,#1947,#2352,.T.);
#1577=EDGE_CURVE('',#1946,#1875,#2353,.T.);
#1578=EDGE_CURVE('',#1941,#1880,#2354,.T.);
#1579=EDGE_CURVE('',#1942,#1879,#2355,.T.);
#1580=EDGE_CURVE('',#1877,#1944,#2356,.T.);
#1581=EDGE_CURVE('',#1878,#1943,#2357,.T.);
#1582=EDGE_CURVE('',#1884,#1937,#2358,.F.);
#1583=EDGE_CURVE('',#1881,#1940,#2359,.T.);
#1584=EDGE_CURVE('',#1882,#1939,#2360,.T.);
#1585=EDGE_CURVE('',#1938,#1883,#2361,.T.);
#1586=EDGE_CURVE('',#1933,#1888,#2362,.T.);
#1587=EDGE_CURVE('',#1934,#1887,#2363,.T.);
#1588=EDGE_CURVE('',#1885,#1936,#2364,.T.);
#1589=EDGE_CURVE('',#1886,#1935,#2365,.T.);
#1590=EDGE_CURVE('',#1921,#1900,#2366,.T.);
#1591=EDGE_CURVE('',#1922,#1899,#2367,.T.);
#1592=EDGE_CURVE('',#1897,#1924,#2368,.T.);
#1593=EDGE_CURVE('',#1898,#1923,#2369,.T.);
#1594=EDGE_CURVE('',#1925,#1896,#2370,.T.);
#1595=EDGE_CURVE('',#1926,#1895,#2371,.T.);
#1596=EDGE_CURVE('',#1893,#1928,#2372,.T.);
#1597=EDGE_CURVE('',#1894,#1927,#2373,.T.);
#1598=EDGE_CURVE('',#1917,#1904,#2374,.T.);
#1599=EDGE_CURVE('',#1918,#1903,#2375,.T.);
#1600=EDGE_CURVE('',#1901,#1920,#2376,.T.);
#1601=EDGE_CURVE('',#1902,#1919,#2377,.T.);
#1602=EDGE_CURVE('',#1929,#1892,#2378,.T.);
#1603=EDGE_CURVE('',#1930,#1891,#2379,.T.);
#1604=EDGE_CURVE('',#1889,#1932,#2380,.T.);
#1605=EDGE_CURVE('',#1890,#1931,#2381,.T.);
#1606=EDGE_CURVE('',#1913,#1908,#2382,.T.);
#1607=EDGE_CURVE('',#1914,#1907,#2383,.T.);
#1608=EDGE_CURVE('',#1905,#1916,#2384,.T.);
#1609=EDGE_CURVE('',#1906,#1915,#2385,.T.);
#1610=EDGE_CURVE('',#1997,#1998,#2386,.T.);
#1611=EDGE_CURVE('',#1998,#1999,#2387,.T.);
#1612=EDGE_CURVE('',#1999,#2000,#2388,.T.);
#1613=EDGE_CURVE('',#1997,#2000,#2389,.T.);
#1614=EDGE_CURVE('',#2001,#2002,#2390,.T.);
#1615=EDGE_CURVE('',#2001,#1997,#2391,.T.);
#1616=EDGE_CURVE('',#2000,#2003,#2392,.T.);
#1617=EDGE_CURVE('',#2002,#2003,#2393,.T.);
#1618=EDGE_CURVE('',#2002,#2004,#2394,.T.);
#1619=EDGE_CURVE('',#2004,#2005,#164,.F.);
#1620=EDGE_CURVE('',#2005,#2001,#2395,.T.);
#1621=EDGE_CURVE('',#2006,#2007,#2396,.T.);
#1622=EDGE_CURVE('',#2007,#2008,#120,.F.);
#1623=EDGE_CURVE('',#2008,#2009,#2397,.T.);
#1624=EDGE_CURVE('',#2006,#2009,#2398,.T.);
#1625=EDGE_CURVE('',#2010,#2011,#2399,.T.);
#1626=EDGE_CURVE('',#2011,#2006,#2400,.T.);
#1627=EDGE_CURVE('',#2012,#2009,#2401,.T.);
#1628=EDGE_CURVE('',#2010,#2012,#2402,.T.);
#1629=EDGE_CURVE('',#2013,#2014,#2403,.T.);
#1630=EDGE_CURVE('',#2013,#2015,#165,.T.);
#1631=EDGE_CURVE('',#2015,#2010,#2404,.T.);
#1632=EDGE_CURVE('',#2014,#2012,#2405,.T.);
#1633=EDGE_CURVE('',#2016,#2017,#2406,.T.);
#1634=EDGE_CURVE('',#2016,#2013,#2407,.F.);
#1635=EDGE_CURVE('',#2014,#2017,#2408,.T.);
#1636=EDGE_CURVE('',#1999,#2016,#166,.F.);
#1637=EDGE_CURVE('',#2017,#2003,#2409,.T.);
#1638=EDGE_CURVE('',#2015,#2018,#2410,.T.);
#1639=EDGE_CURVE('',#2018,#2011,#2411,.T.);
#1640=EDGE_CURVE('',#2008,#2004,#2412,.T.);
#1641=EDGE_CURVE('',#2005,#1998,#121,.T.);
#1642=EDGE_CURVE('',#2018,#2007,#122,.T.);
#1643=EDGE_CURVE('',#2019,#2020,#2413,.T.);
#1644=EDGE_CURVE('',#2020,#2021,#2414,.T.);
#1645=EDGE_CURVE('',#2021,#2022,#2415,.F.);
#1646=EDGE_CURVE('',#2022,#2019,#2416,.F.);
#1647=EDGE_CURVE('',#2023,#2024,#2417,.T.);
#1648=EDGE_CURVE('',#2024,#2025,#167,.F.);
#1649=EDGE_CURVE('',#2025,#2026,#2418,.T.);
#1650=EDGE_CURVE('',#2026,#2027,#2419,.T.);
#1651=EDGE_CURVE('',#2027,#2028,#168,.F.);
#1652=EDGE_CURVE('',#2028,#2029,#2420,.T.);
#1653=EDGE_CURVE('',#2029,#2023,#169,.F.);
#1654=EDGE_CURVE('',#2021,#2024,#170,.F.);
#1655=EDGE_CURVE('',#2023,#2022,#171,.T.);
#1656=EDGE_CURVE('',#2028,#2019,#172,.T.);
#1657=EDGE_CURVE('',#2029,#2022,#173,.T.);
#1658=EDGE_CURVE('',#2019,#2027,#174,.T.);
#1659=EDGE_CURVE('',#2020,#2026,#123,.F.);
#1660=EDGE_CURVE('',#2021,#2025,#175,.T.);
#1661=EDGE_CURVE('',#2030,#2031,#2421,.T.);
#1662=EDGE_CURVE('',#2032,#2030,#2422,.T.);
#1663=EDGE_CURVE('',#2032,#2033,#2423,.T.);
#1664=EDGE_CURVE('',#2033,#2031,#2424,.T.);
#1665=EDGE_CURVE('',#2030,#2034,#2425,.T.);
#1666=EDGE_CURVE('',#2035,#2034,#2426,.T.);
#1667=EDGE_CURVE('',#2032,#2035,#2427,.T.);
#1668=EDGE_CURVE('',#2034,#2036,#2428,.T.);
#1669=EDGE_CURVE('',#2037,#2036,#2429,.T.);
#1670=EDGE_CURVE('',#2035,#2037,#2430,.T.);
#1671=EDGE_CURVE('',#2031,#2036,#2431,.T.);
#1672=EDGE_CURVE('',#2033,#2037,#2432,.T.);
#1673=EDGE_CURVE('',#2038,#2039,#2433,.T.);
#1674=EDGE_CURVE('',#2040,#2038,#2434,.T.);
#1675=EDGE_CURVE('',#2041,#2040,#2435,.T.);
#1676=EDGE_CURVE('',#2039,#2041,#2436,.T.);
#1677=EDGE_CURVE('',#2042,#2043,#2437,.T.);
#1678=EDGE_CURVE('',#2044,#2042,#2438,.T.);
#1679=EDGE_CURVE('',#2045,#2044,#2439,.T.);
#1680=EDGE_CURVE('',#2043,#2045,#2440,.T.);
#1681=EDGE_CURVE('',#2046,#2047,#2441,.T.);
#1682=EDGE_CURVE('',#2048,#2046,#2442,.T.);
#1683=EDGE_CURVE('',#2049,#2048,#2443,.T.);
#1684=EDGE_CURVE('',#2047,#2049,#2444,.T.);
#1685=EDGE_CURVE('',#2050,#2051,#2445,.T.);
#1686=EDGE_CURVE('',#2052,#2050,#2446,.T.);
#1687=EDGE_CURVE('',#2052,#2053,#2447,.T.);
#1688=EDGE_CURVE('',#2053,#2051,#2448,.T.);
#1689=EDGE_CURVE('',#2054,#2055,#2449,.T.);
#1690=EDGE_CURVE('',#2055,#2056,#2450,.T.);
#1691=EDGE_CURVE('',#2056,#2057,#2451,.T.);
#1692=EDGE_CURVE('',#2057,#2054,#2452,.T.);
#1693=EDGE_CURVE('',#2050,#2058,#2453,.T.);
#1694=EDGE_CURVE('',#2059,#2058,#2454,.T.);
#1695=EDGE_CURVE('',#2052,#2059,#2455,.T.);
#1696=EDGE_CURVE('',#2058,#2060,#2456,.T.);
#1697=EDGE_CURVE('',#2061,#2060,#2457,.T.);
#1698=EDGE_CURVE('',#2059,#2061,#2458,.T.);
#1699=EDGE_CURVE('',#2051,#2060,#2459,.T.);
#1700=EDGE_CURVE('',#2053,#2061,#2460,.T.);
#1701=EDGE_CURVE('',#2062,#2047,#2461,.T.);
#1702=EDGE_CURVE('',#2063,#2062,#2462,.T.);
#1703=EDGE_CURVE('',#2063,#2046,#2463,.T.);
#1704=EDGE_CURVE('',#2064,#2049,#2464,.T.);
#1705=EDGE_CURVE('',#2062,#2064,#2465,.T.);
#1706=EDGE_CURVE('',#2065,#2048,#2466,.T.);
#1707=EDGE_CURVE('',#2064,#2065,#2467,.T.);
#1708=EDGE_CURVE('',#2065,#2063,#2468,.T.);
#1709=EDGE_CURVE('',#2066,#2043,#2469,.T.);
#1710=EDGE_CURVE('',#2067,#2066,#2470,.T.);
#1711=EDGE_CURVE('',#2067,#2042,#2471,.T.);
#1712=EDGE_CURVE('',#2068,#2045,#2472,.T.);
#1713=EDGE_CURVE('',#2066,#2068,#2473,.T.);
#1714=EDGE_CURVE('',#2069,#2044,#2474,.T.);
#1715=EDGE_CURVE('',#2068,#2069,#2475,.T.);
#1716=EDGE_CURVE('',#2069,#2067,#2476,.T.);
#1717=EDGE_CURVE('',#2070,#2055,#2477,.T.);
#1718=EDGE_CURVE('',#2070,#2071,#2478,.T.);
#1719=EDGE_CURVE('',#2071,#2056,#2479,.T.);
#1720=EDGE_CURVE('',#2072,#2054,#2480,.T.);
#1721=EDGE_CURVE('',#2072,#2070,#2481,.T.);
#1722=EDGE_CURVE('',#2073,#2057,#2482,.T.);
#1723=EDGE_CURVE('',#2073,#2072,#2483,.T.);
#1724=EDGE_CURVE('',#2071,#2073,#2484,.T.);
#1725=EDGE_CURVE('',#2074,#2039,#2485,.T.);
#1726=EDGE_CURVE('',#2075,#2074,#2486,.T.);
#1727=EDGE_CURVE('',#2075,#2038,#2487,.T.);
#1728=EDGE_CURVE('',#2076,#2041,#2488,.T.);
#1729=EDGE_CURVE('',#2074,#2076,#2489,.T.);
#1730=EDGE_CURVE('',#2077,#2040,#2490,.T.);
#1731=EDGE_CURVE('',#2076,#2077,#2491,.T.);
#1732=EDGE_CURVE('',#2077,#2075,#2492,.T.);
#1733=VERTEX_POINT('',#4985);
#1734=VERTEX_POINT('',#4986);
#1735=VERTEX_POINT('',#4988);
#1736=VERTEX_POINT('',#4990);
#1737=VERTEX_POINT('',#4994);
#1738=VERTEX_POINT('',#4995);
#1739=VERTEX_POINT('',#4997);
#1740=VERTEX_POINT('',#4999);
#1741=VERTEX_POINT('',#5003);
#1742=VERTEX_POINT('',#5004);
#1743=VERTEX_POINT('',#5006);
#1744=VERTEX_POINT('',#5008);
#1745=VERTEX_POINT('',#5012);
#1746=VERTEX_POINT('',#5013);
#1747=VERTEX_POINT('',#5015);
#1748=VERTEX_POINT('',#5017);
#1749=VERTEX_POINT('',#5021);
#1750=VERTEX_POINT('',#5022);
#1751=VERTEX_POINT('',#5024);
#1752=VERTEX_POINT('',#5026);
#1753=VERTEX_POINT('',#5030);
#1754=VERTEX_POINT('',#5031);
#1755=VERTEX_POINT('',#5033);
#1756=VERTEX_POINT('',#5035);
#1757=VERTEX_POINT('',#5039);
#1758=VERTEX_POINT('',#5040);
#1759=VERTEX_POINT('',#5042);
#1760=VERTEX_POINT('',#5044);
#1761=VERTEX_POINT('',#5048);
#1762=VERTEX_POINT('',#5049);
#1763=VERTEX_POINT('',#5051);
#1764=VERTEX_POINT('',#5053);
#1765=VERTEX_POINT('',#5057);
#1766=VERTEX_POINT('',#5058);
#1767=VERTEX_POINT('',#5060);
#1768=VERTEX_POINT('',#5062);
#1769=VERTEX_POINT('',#5066);
#1770=VERTEX_POINT('',#5067);
#1771=VERTEX_POINT('',#5069);
#1772=VERTEX_POINT('',#5071);
#1773=VERTEX_POINT('',#5075);
#1774=VERTEX_POINT('',#5076);
#1775=VERTEX_POINT('',#5078);
#1776=VERTEX_POINT('',#5080);
#1777=VERTEX_POINT('',#5084);
#1778=VERTEX_POINT('',#5085);
#1779=VERTEX_POINT('',#5087);
#1780=VERTEX_POINT('',#5089);
#1781=VERTEX_POINT('',#5093);
#1782=VERTEX_POINT('',#5094);
#1783=VERTEX_POINT('',#5096);
#1784=VERTEX_POINT('',#5098);
#1785=VERTEX_POINT('',#5102);
#1786=VERTEX_POINT('',#5103);
#1787=VERTEX_POINT('',#5105);
#1788=VERTEX_POINT('',#5107);
#1789=VERTEX_POINT('',#5111);
#1790=VERTEX_POINT('',#5112);
#1791=VERTEX_POINT('',#5114);
#1792=VERTEX_POINT('',#5116);
#1793=VERTEX_POINT('',#5120);
#1794=VERTEX_POINT('',#5121);
#1795=VERTEX_POINT('',#5123);
#1796=VERTEX_POINT('',#5125);
#1797=VERTEX_POINT('',#5129);
#1798=VERTEX_POINT('',#5130);
#1799=VERTEX_POINT('',#5132);
#1800=VERTEX_POINT('',#5134);
#1801=VERTEX_POINT('',#5138);
#1802=VERTEX_POINT('',#5139);
#1803=VERTEX_POINT('',#5141);
#1804=VERTEX_POINT('',#5143);
#1805=VERTEX_POINT('',#5147);
#1806=VERTEX_POINT('',#5148);
#1807=VERTEX_POINT('',#5150);
#1808=VERTEX_POINT('',#5152);
#1809=VERTEX_POINT('',#5156);
#1810=VERTEX_POINT('',#5157);
#1811=VERTEX_POINT('',#5159);
#1812=VERTEX_POINT('',#5161);
#1813=VERTEX_POINT('',#5165);
#1814=VERTEX_POINT('',#5166);
#1815=VERTEX_POINT('',#5168);
#1816=VERTEX_POINT('',#5170);
#1817=VERTEX_POINT('',#5174);
#1818=VERTEX_POINT('',#5175);
#1819=VERTEX_POINT('',#5177);
#1820=VERTEX_POINT('',#5179);
#1821=VERTEX_POINT('',#5183);
#1822=VERTEX_POINT('',#5184);
#1823=VERTEX_POINT('',#5186);
#1824=VERTEX_POINT('',#5188);
#1825=VERTEX_POINT('',#5190);
#1826=VERTEX_POINT('',#5192);
#1827=VERTEX_POINT('',#5194);
#1828=VERTEX_POINT('',#5196);
#1829=VERTEX_POINT('',#5199);
#1830=VERTEX_POINT('',#5201);
#1831=VERTEX_POINT('',#5203);
#1832=VERTEX_POINT('',#5205);
#1833=VERTEX_POINT('',#5208);
#1834=VERTEX_POINT('',#5210);
#1835=VERTEX_POINT('',#5212);
#1836=VERTEX_POINT('',#5214);
#1837=VERTEX_POINT('',#5217);
#1838=VERTEX_POINT('',#5219);
#1839=VERTEX_POINT('',#5221);
#1840=VERTEX_POINT('',#5223);
#1841=VERTEX_POINT('',#5226);
#1842=VERTEX_POINT('',#5228);
#1843=VERTEX_POINT('',#5230);
#1844=VERTEX_POINT('',#5232);
#1845=VERTEX_POINT('',#5235);
#1846=VERTEX_POINT('',#5237);
#1847=VERTEX_POINT('',#5239);
#1848=VERTEX_POINT('',#5241);
#1849=VERTEX_POINT('',#5244);
#1850=VERTEX_POINT('',#5246);
#1851=VERTEX_POINT('',#5248);
#1852=VERTEX_POINT('',#5250);
#1853=VERTEX_POINT('',#5253);
#1854=VERTEX_POINT('',#5255);
#1855=VERTEX_POINT('',#5257);
#1856=VERTEX_POINT('',#5259);
#1857=VERTEX_POINT('',#5262);
#1858=VERTEX_POINT('',#5264);
#1859=VERTEX_POINT('',#5266);
#1860=VERTEX_POINT('',#5268);
#1861=VERTEX_POINT('',#5271);
#1862=VERTEX_POINT('',#5273);
#1863=VERTEX_POINT('',#5275);
#1864=VERTEX_POINT('',#5277);
#1865=VERTEX_POINT('',#5280);
#1866=VERTEX_POINT('',#5282);
#1867=VERTEX_POINT('',#5284);
#1868=VERTEX_POINT('',#5286);
#1869=VERTEX_POINT('',#5289);
#1870=VERTEX_POINT('',#5291);
#1871=VERTEX_POINT('',#5293);
#1872=VERTEX_POINT('',#5295);
#1873=VERTEX_POINT('',#5298);
#1874=VERTEX_POINT('',#5300);
#1875=VERTEX_POINT('',#5302);
#1876=VERTEX_POINT('',#5304);
#1877=VERTEX_POINT('',#5307);
#1878=VERTEX_POINT('',#5309);
#1879=VERTEX_POINT('',#5311);
#1880=VERTEX_POINT('',#5313);
#1881=VERTEX_POINT('',#5316);
#1882=VERTEX_POINT('',#5318);
#1883=VERTEX_POINT('',#5320);
#1884=VERTEX_POINT('',#5322);
#1885=VERTEX_POINT('',#5325);
#1886=VERTEX_POINT('',#5327);
#1887=VERTEX_POINT('',#5329);
#1888=VERTEX_POINT('',#5331);
#1889=VERTEX_POINT('',#5334);
#1890=VERTEX_POINT('',#5336);
#1891=VERTEX_POINT('',#5338);
#1892=VERTEX_POINT('',#5340);
#1893=VERTEX_POINT('',#5343);
#1894=VERTEX_POINT('',#5345);
#1895=VERTEX_POINT('',#5347);
#1896=VERTEX_POINT('',#5349);
#1897=VERTEX_POINT('',#5352);
#1898=VERTEX_POINT('',#5354);
#1899=VERTEX_POINT('',#5356);
#1900=VERTEX_POINT('',#5358);
#1901=VERTEX_POINT('',#5361);
#1902=VERTEX_POINT('',#5363);
#1903=VERTEX_POINT('',#5365);
#1904=VERTEX_POINT('',#5367);
#1905=VERTEX_POINT('',#5370);
#1906=VERTEX_POINT('',#5372);
#1907=VERTEX_POINT('',#5374);
#1908=VERTEX_POINT('',#5376);
#1909=VERTEX_POINT('',#5382);
#1910=VERTEX_POINT('',#5383);
#1911=VERTEX_POINT('',#5388);
#1912=VERTEX_POINT('',#5389);
#1913=VERTEX_POINT('',#5394);
#1914=VERTEX_POINT('',#5396);
#1915=VERTEX_POINT('',#5398);
#1916=VERTEX_POINT('',#5400);
#1917=VERTEX_POINT('',#5403);
#1918=VERTEX_POINT('',#5405);
#1919=VERTEX_POINT('',#5407);
#1920=VERTEX_POINT('',#5409);
#1921=VERTEX_POINT('',#5412);
#1922=VERTEX_POINT('',#5414);
#1923=VERTEX_POINT('',#5416);
#1924=VERTEX_POINT('',#5418);
#1925=VERTEX_POINT('',#5421);
#1926=VERTEX_POINT('',#5423);
#1927=VERTEX_POINT('',#5425);
#1928=VERTEX_POINT('',#5427);
#1929=VERTEX_POINT('',#5430);
#1930=VERTEX_POINT('',#5432);
#1931=VERTEX_POINT('',#5434);
#1932=VERTEX_POINT('',#5436);
#1933=VERTEX_POINT('',#5439);
#1934=VERTEX_POINT('',#5441);
#1935=VERTEX_POINT('',#5443);
#1936=VERTEX_POINT('',#5445);
#1937=VERTEX_POINT('',#5448);
#1938=VERTEX_POINT('',#5450);
#1939=VERTEX_POINT('',#5452);
#1940=VERTEX_POINT('',#5454);
#1941=VERTEX_POINT('',#5457);
#1942=VERTEX_POINT('',#5459);
#1943=VERTEX_POINT('',#5461);
#1944=VERTEX_POINT('',#5463);
#1945=VERTEX_POINT('',#5466);
#1946=VERTEX_POINT('',#5468);
#1947=VERTEX_POINT('',#5470);
#1948=VERTEX_POINT('',#5472);
#1949=VERTEX_POINT('',#5475);
#1950=VERTEX_POINT('',#5477);
#1951=VERTEX_POINT('',#5479);
#1952=VERTEX_POINT('',#5481);
#1953=VERTEX_POINT('',#5484);
#1954=VERTEX_POINT('',#5486);
#1955=VERTEX_POINT('',#5488);
#1956=VERTEX_POINT('',#5490);
#1957=VERTEX_POINT('',#5493);
#1958=VERTEX_POINT('',#5495);
#1959=VERTEX_POINT('',#5497);
#1960=VERTEX_POINT('',#5499);
#1961=VERTEX_POINT('',#5502);
#1962=VERTEX_POINT('',#5504);
#1963=VERTEX_POINT('',#5506);
#1964=VERTEX_POINT('',#5508);
#1965=VERTEX_POINT('',#5511);
#1966=VERTEX_POINT('',#5513);
#1967=VERTEX_POINT('',#5515);
#1968=VERTEX_POINT('',#5517);
#1969=VERTEX_POINT('',#5520);
#1970=VERTEX_POINT('',#5522);
#1971=VERTEX_POINT('',#5524);
#1972=VERTEX_POINT('',#5526);
#1973=VERTEX_POINT('',#5529);
#1974=VERTEX_POINT('',#5531);
#1975=VERTEX_POINT('',#5533);
#1976=VERTEX_POINT('',#5535);
#1977=VERTEX_POINT('',#5538);
#1978=VERTEX_POINT('',#5540);
#1979=VERTEX_POINT('',#5542);
#1980=VERTEX_POINT('',#5544);
#1981=VERTEX_POINT('',#5547);
#1982=VERTEX_POINT('',#5549);
#1983=VERTEX_POINT('',#5551);
#1984=VERTEX_POINT('',#5553);
#1985=VERTEX_POINT('',#5556);
#1986=VERTEX_POINT('',#5558);
#1987=VERTEX_POINT('',#5560);
#1988=VERTEX_POINT('',#5562);
#1989=VERTEX_POINT('',#5565);
#1990=VERTEX_POINT('',#5567);
#1991=VERTEX_POINT('',#5569);
#1992=VERTEX_POINT('',#5571);
#1993=VERTEX_POINT('',#5574);
#1994=VERTEX_POINT('',#5576);
#1995=VERTEX_POINT('',#5578);
#1996=VERTEX_POINT('',#5580);
#1997=VERTEX_POINT('',#5780);
#1998=VERTEX_POINT('',#5781);
#1999=VERTEX_POINT('',#5783);
#2000=VERTEX_POINT('',#5785);
#2001=VERTEX_POINT('',#5789);
#2002=VERTEX_POINT('',#5790);
#2003=VERTEX_POINT('',#5793);
#2004=VERTEX_POINT('',#5797);
#2005=VERTEX_POINT('',#5799);
#2006=VERTEX_POINT('',#5803);
#2007=VERTEX_POINT('',#5804);
#2008=VERTEX_POINT('',#5806);
#2009=VERTEX_POINT('',#5808);
#2010=VERTEX_POINT('',#5812);
#2011=VERTEX_POINT('',#5813);
#2012=VERTEX_POINT('',#5816);
#2013=VERTEX_POINT('',#5820);
#2014=VERTEX_POINT('',#5821);
#2015=VERTEX_POINT('',#5823);
#2016=VERTEX_POINT('',#5828);
#2017=VERTEX_POINT('',#5829);
#2018=VERTEX_POINT('',#5837);
#2019=VERTEX_POINT('',#5849);
#2020=VERTEX_POINT('',#5850);
#2021=VERTEX_POINT('',#5852);
#2022=VERTEX_POINT('',#5854);
#2023=VERTEX_POINT('',#5858);
#2024=VERTEX_POINT('',#5859);
#2025=VERTEX_POINT('',#5861);
#2026=VERTEX_POINT('',#5863);
#2027=VERTEX_POINT('',#5865);
#2028=VERTEX_POINT('',#5867);
#2029=VERTEX_POINT('',#5869);
#2030=VERTEX_POINT('',#5888);
#2031=VERTEX_POINT('',#5889);
#2032=VERTEX_POINT('',#5891);
#2033=VERTEX_POINT('',#5893);
#2034=VERTEX_POINT('',#5897);
#2035=VERTEX_POINT('',#5899);
#2036=VERTEX_POINT('',#5903);
#2037=VERTEX_POINT('',#5905);
#2038=VERTEX_POINT('',#5915);
#2039=VERTEX_POINT('',#5916);
#2040=VERTEX_POINT('',#5918);
#2041=VERTEX_POINT('',#5920);
#2042=VERTEX_POINT('',#5923);
#2043=VERTEX_POINT('',#5924);
#2044=VERTEX_POINT('',#5926);
#2045=VERTEX_POINT('',#5928);
#2046=VERTEX_POINT('',#5931);
#2047=VERTEX_POINT('',#5932);
#2048=VERTEX_POINT('',#5934);
#2049=VERTEX_POINT('',#5936);
#2050=VERTEX_POINT('',#5939);
#2051=VERTEX_POINT('',#5940);
#2052=VERTEX_POINT('',#5942);
#2053=VERTEX_POINT('',#5944);
#2054=VERTEX_POINT('',#5947);
#2055=VERTEX_POINT('',#5948);
#2056=VERTEX_POINT('',#5950);
#2057=VERTEX_POINT('',#5952);
#2058=VERTEX_POINT('',#5956);
#2059=VERTEX_POINT('',#5958);
#2060=VERTEX_POINT('',#5962);
#2061=VERTEX_POINT('',#5964);
#2062=VERTEX_POINT('',#5973);
#2063=VERTEX_POINT('',#5975);
#2064=VERTEX_POINT('',#5979);
#2065=VERTEX_POINT('',#5983);
#2066=VERTEX_POINT('',#5990);
#2067=VERTEX_POINT('',#5992);
#2068=VERTEX_POINT('',#5996);
#2069=VERTEX_POINT('',#6000);
#2070=VERTEX_POINT('',#6007);
#2071=VERTEX_POINT('',#6009);
#2072=VERTEX_POINT('',#6013);
#2073=VERTEX_POINT('',#6017);
#2074=VERTEX_POINT('',#6024);
#2075=VERTEX_POINT('',#6026);
#2076=VERTEX_POINT('',#6030);
#2077=VERTEX_POINT('',#6034);
#2078=LINE('',#4984,#2493);
#2079=LINE('',#4987,#2494);
#2080=LINE('',#4989,#2495);
#2081=LINE('',#4991,#2496);
#2082=LINE('',#4993,#2497);
#2083=LINE('',#4996,#2498);
#2084=LINE('',#4998,#2499);
#2085=LINE('',#5000,#2500);
#2086=LINE('',#5002,#2501);
#2087=LINE('',#5005,#2502);
#2088=LINE('',#5007,#2503);
#2089=LINE('',#5009,#2504);
#2090=LINE('',#5011,#2505);
#2091=LINE('',#5014,#2506);
#2092=LINE('',#5016,#2507);
#2093=LINE('',#5018,#2508);
#2094=LINE('',#5020,#2509);
#2095=LINE('',#5023,#2510);
#2096=LINE('',#5025,#2511);
#2097=LINE('',#5027,#2512);
#2098=LINE('',#5029,#2513);
#2099=LINE('',#5032,#2514);
#2100=LINE('',#5034,#2515);
#2101=LINE('',#5036,#2516);
#2102=LINE('',#5038,#2517);
#2103=LINE('',#5041,#2518);
#2104=LINE('',#5043,#2519);
#2105=LINE('',#5045,#2520);
#2106=LINE('',#5047,#2521);
#2107=LINE('',#5050,#2522);
#2108=LINE('',#5052,#2523);
#2109=LINE('',#5054,#2524);
#2110=LINE('',#5056,#2525);
#2111=LINE('',#5059,#2526);
#2112=LINE('',#5061,#2527);
#2113=LINE('',#5063,#2528);
#2114=LINE('',#5065,#2529);
#2115=LINE('',#5068,#2530);
#2116=LINE('',#5070,#2531);
#2117=LINE('',#5072,#2532);
#2118=LINE('',#5074,#2533);
#2119=LINE('',#5077,#2534);
#2120=LINE('',#5079,#2535);
#2121=LINE('',#5081,#2536);
#2122=LINE('',#5083,#2537);
#2123=LINE('',#5086,#2538);
#2124=LINE('',#5088,#2539);
#2125=LINE('',#5090,#2540);
#2126=LINE('',#5092,#2541);
#2127=LINE('',#5095,#2542);
#2128=LINE('',#5097,#2543);
#2129=LINE('',#5099,#2544);
#2130=LINE('',#5101,#2545);
#2131=LINE('',#5104,#2546);
#2132=LINE('',#5106,#2547);
#2133=LINE('',#5108,#2548);
#2134=LINE('',#5110,#2549);
#2135=LINE('',#5113,#2550);
#2136=LINE('',#5115,#2551);
#2137=LINE('',#5117,#2552);
#2138=LINE('',#5119,#2553);
#2139=LINE('',#5122,#2554);
#2140=LINE('',#5124,#2555);
#2141=LINE('',#5126,#2556);
#2142=LINE('',#5128,#2557);
#2143=LINE('',#5131,#2558);
#2144=LINE('',#5133,#2559);
#2145=LINE('',#5135,#2560);
#2146=LINE('',#5137,#2561);
#2147=LINE('',#5140,#2562);
#2148=LINE('',#5142,#2563);
#2149=LINE('',#5144,#2564);
#2150=LINE('',#5146,#2565);
#2151=LINE('',#5149,#2566);
#2152=LINE('',#5151,#2567);
#2153=LINE('',#5153,#2568);
#2154=LINE('',#5155,#2569);
#2155=LINE('',#5158,#2570);
#2156=LINE('',#5160,#2571);
#2157=LINE('',#5162,#2572);
#2158=LINE('',#5164,#2573);
#2159=LINE('',#5167,#2574);
#2160=LINE('',#5169,#2575);
#2161=LINE('',#5171,#2576);
#2162=LINE('',#5173,#2577);
#2163=LINE('',#5176,#2578);
#2164=LINE('',#5178,#2579);
#2165=LINE('',#5180,#2580);
#2166=LINE('',#5182,#2581);
#2167=LINE('',#5187,#2582);
#2168=LINE('',#5191,#2583);
#2169=LINE('',#5193,#2584);
#2170=LINE('',#5195,#2585);
#2171=LINE('',#5200,#2586);
#2172=LINE('',#5202,#2587);
#2173=LINE('',#5204,#2588);
#2174=LINE('',#5209,#2589);
#2175=LINE('',#5211,#2590);
#2176=LINE('',#5213,#2591);
#2177=LINE('',#5218,#2592);
#2178=LINE('',#5220,#2593);
#2179=LINE('',#5222,#2594);
#2180=LINE('',#5227,#2595);
#2181=LINE('',#5229,#2596);
#2182=LINE('',#5231,#2597);
#2183=LINE('',#5236,#2598);
#2184=LINE('',#5238,#2599);
#2185=LINE('',#5240,#2600);
#2186=LINE('',#5245,#2601);
#2187=LINE('',#5247,#2602);
#2188=LINE('',#5249,#2603);
#2189=LINE('',#5254,#2604);
#2190=LINE('',#5256,#2605);
#2191=LINE('',#5258,#2606);
#2192=LINE('',#5263,#2607);
#2193=LINE('',#5265,#2608);
#2194=LINE('',#5267,#2609);
#2195=LINE('',#5272,#2610);
#2196=LINE('',#5274,#2611);
#2197=LINE('',#5276,#2612);
#2198=LINE('',#5281,#2613);
#2199=LINE('',#5283,#2614);
#2200=LINE('',#5285,#2615);
#2201=LINE('',#5290,#2616);
#2202=LINE('',#5292,#2617);
#2203=LINE('',#5294,#2618);
#2204=LINE('',#5299,#2619);
#2205=LINE('',#5301,#2620);
#2206=LINE('',#5305,#2621);
#2207=LINE('',#5308,#2622);
#2208=LINE('',#5310,#2623);
#2209=LINE('',#5312,#2624);
#2210=LINE('',#5317,#2625);
#2211=LINE('',#5319,#2626);
#2212=LINE('',#5323,#2627);
#2213=LINE('',#5326,#2628);
#2214=LINE('',#5328,#2629);
#2215=LINE('',#5330,#2630);
#2216=LINE('',#5335,#2631);
#2217=LINE('',#5337,#2632);
#2218=LINE('',#5339,#2633);
#2219=LINE('',#5344,#2634);
#2220=LINE('',#5346,#2635);
#2221=LINE('',#5348,#2636);
#2222=LINE('',#5353,#2637);
#2223=LINE('',#5355,#2638);
#2224=LINE('',#5357,#2639);
#2225=LINE('',#5362,#2640);
#2226=LINE('',#5364,#2641);
#2227=LINE('',#5366,#2642);
#2228=LINE('',#5371,#2643);
#2229=LINE('',#5373,#2644);
#2230=LINE('',#5375,#2645);
#2231=LINE('',#5379,#2646);
#2232=LINE('',#5381,#2647);
#2233=LINE('',#5384,#2648);
#2234=LINE('',#5385,#2649);
#2235=LINE('',#5387,#2650);
#2236=LINE('',#5391,#2651);
#2237=LINE('',#5395,#2652);
#2238=LINE('',#5397,#2653);
#2239=LINE('',#5399,#2654);
#2240=LINE('',#5404,#2655);
#2241=LINE('',#5406,#2656);
#2242=LINE('',#5408,#2657);
#2243=LINE('',#5413,#2658);
#2244=LINE('',#5415,#2659);
#2245=LINE('',#5417,#2660);
#2246=LINE('',#5422,#2661);
#2247=LINE('',#5424,#2662);
#2248=LINE('',#5426,#2663);
#2249=LINE('',#5431,#2664);
#2250=LINE('',#5433,#2665);
#2251=LINE('',#5435,#2666);
#2252=LINE('',#5440,#2667);
#2253=LINE('',#5442,#2668);
#2254=LINE('',#5444,#2669);
#2255=LINE('',#5447,#2670);
#2256=LINE('',#5451,#2671);
#2257=LINE('',#5453,#2672);
#2258=LINE('',#5458,#2673);
#2259=LINE('',#5460,#2674);
#2260=LINE('',#5462,#2675);
#2261=LINE('',#5465,#2676);
#2262=LINE('',#5469,#2677);
#2263=LINE('',#5471,#2678);
#2264=LINE('',#5476,#2679);
#2265=LINE('',#5478,#2680);
#2266=LINE('',#5480,#2681);
#2267=LINE('',#5485,#2682);
#2268=LINE('',#5487,#2683);
#2269=LINE('',#5489,#2684);
#2270=LINE('',#5494,#2685);
#2271=LINE('',#5496,#2686);
#2272=LINE('',#5498,#2687);
#2273=LINE('',#5503,#2688);
#2274=LINE('',#5505,#2689);
#2275=LINE('',#5507,#2690);
#2276=LINE('',#5512,#2691);
#2277=LINE('',#5514,#2692);
#2278=LINE('',#5516,#2693);
#2279=LINE('',#5521,#2694);
#2280=LINE('',#5523,#2695);
#2281=LINE('',#5525,#2696);
#2282=LINE('',#5530,#2697);
#2283=LINE('',#5532,#2698);
#2284=LINE('',#5534,#2699);
#2285=LINE('',#5539,#2700);
#2286=LINE('',#5541,#2701);
#2287=LINE('',#5543,#2702);
#2288=LINE('',#5548,#2703);
#2289=LINE('',#5550,#2704);
#2290=LINE('',#5552,#2705);
#2291=LINE('',#5557,#2706);
#2292=LINE('',#5559,#2707);
#2293=LINE('',#5561,#2708);
#2294=LINE('',#5566,#2709);
#2295=LINE('',#5568,#2710);
#2296=LINE('',#5570,#2711);
#2297=LINE('',#5575,#2712);
#2298=LINE('',#5577,#2713);
#2299=LINE('',#5579,#2714);
#2300=LINE('',#5583,#2715);
#2301=LINE('',#5584,#2716);
#2302=LINE('',#5587,#2717);
#2303=LINE('',#5588,#2718);
#2304=LINE('',#5590,#2719);
#2305=LINE('',#5591,#2720);
#2306=LINE('',#5594,#2721);
#2307=LINE('',#5595,#2722);
#2308=LINE('',#5597,#2723);
#2309=LINE('',#5598,#2724);
#2310=LINE('',#5601,#2725);
#2311=LINE('',#5602,#2726);
#2312=LINE('',#5604,#2727);
#2313=LINE('',#5605,#2728);
#2314=LINE('',#5608,#2729);
#2315=LINE('',#5609,#2730);
#2316=LINE('',#5611,#2731);
#2317=LINE('',#5612,#2732);
#2318=LINE('',#5615,#2733);
#2319=LINE('',#5616,#2734);
#2320=LINE('',#5618,#2735);
#2321=LINE('',#5619,#2736);
#2322=LINE('',#5622,#2737);
#2323=LINE('',#5623,#2738);
#2324=LINE('',#5625,#2739);
#2325=LINE('',#5626,#2740);
#2326=LINE('',#5629,#2741);
#2327=LINE('',#5630,#2742);
#2328=LINE('',#5632,#2743);
#2329=LINE('',#5633,#2744);
#2330=LINE('',#5636,#2745);
#2331=LINE('',#5637,#2746);
#2332=LINE('',#5639,#2747);
#2333=LINE('',#5640,#2748);
#2334=LINE('',#5643,#2749);
#2335=LINE('',#5644,#2750);
#2336=LINE('',#5646,#2751);
#2337=LINE('',#5647,#2752);
#2338=LINE('',#5650,#2753);
#2339=LINE('',#5651,#2754);
#2340=LINE('',#5653,#2755);
#2341=LINE('',#5654,#2756);
#2342=LINE('',#5657,#2757);
#2343=LINE('',#5658,#2758);
#2344=LINE('',#5660,#2759);
#2345=LINE('',#5661,#2760);
#2346=LINE('',#5664,#2761);
#2347=LINE('',#5665,#2762);
#2348=LINE('',#5667,#2763);
#2349=LINE('',#5668,#2764);
#2350=LINE('',#5671,#2765);
#2351=LINE('',#5673,#2766);
#2352=LINE('',#5674,#2767);
#2353=LINE('',#5676,#2768);
#2354=LINE('',#5678,#2769);
#2355=LINE('',#5679,#2770);
#2356=LINE('',#5681,#2771);
#2357=LINE('',#5682,#2772);
#2358=LINE('',#5685,#2773);
#2359=LINE('',#5687,#2774);
#2360=LINE('',#5688,#2775);
#2361=LINE('',#5690,#2776);
#2362=LINE('',#5692,#2777);
#2363=LINE('',#5693,#2778);
#2364=LINE('',#5695,#2779);
#2365=LINE('',#5696,#2780);
#2366=LINE('',#5699,#2781);
#2367=LINE('',#5700,#2782);
#2368=LINE('',#5702,#2783);
#2369=LINE('',#5703,#2784);
#2370=LINE('',#5706,#2785);
#2371=LINE('',#5707,#2786);
#2372=LINE('',#5709,#2787);
#2373=LINE('',#5710,#2788);
#2374=LINE('',#5713,#2789);
#2375=LINE('',#5714,#2790);
#2376=LINE('',#5716,#2791);
#2377=LINE('',#5717,#2792);
#2378=LINE('',#5720,#2793);
#2379=LINE('',#5721,#2794);
#2380=LINE('',#5723,#2795);
#2381=LINE('',#5724,#2796);
#2382=LINE('',#5727,#2797);
#2383=LINE('',#5728,#2798);
#2384=LINE('',#5730,#2799);
#2385=LINE('',#5731,#2800);
#2386=LINE('',#5779,#2801);
#2387=LINE('',#5782,#2802);
#2388=LINE('',#5784,#2803);
#2389=LINE('',#5786,#2804);
#2390=LINE('',#5788,#2805);
#2391=LINE('',#5791,#2806);
#2392=LINE('',#5792,#2807);
#2393=LINE('',#5794,#2808);
#2394=LINE('',#5796,#2809);
#2395=LINE('',#5800,#2810);
#2396=LINE('',#5802,#2811);
#2397=LINE('',#5807,#2812);
#2398=LINE('',#5809,#2813);
#2399=LINE('',#5811,#2814);
#2400=LINE('',#5814,#2815);
#2401=LINE('',#5815,#2816);
#2402=LINE('',#5817,#2817);
#2403=LINE('',#5819,#2818);
#2404=LINE('',#5824,#2819);
#2405=LINE('',#5825,#2820);
#2406=LINE('',#5827,#2821);
#2407=LINE('',#5830,#2822);
#2408=LINE('',#5831,#2823);
#2409=LINE('',#5834,#2824);
#2410=LINE('',#5836,#2825);
#2411=LINE('',#5838,#2826);
#2412=LINE('',#5840,#2827);
#2413=LINE('',#5848,#2828);
#2414=LINE('',#5851,#2829);
#2415=LINE('',#5853,#2830);
#2416=LINE('',#5855,#2831);
#2417=LINE('',#5857,#2832);
#2418=LINE('',#5862,#2833);
#2419=LINE('',#5864,#2834);
#2420=LINE('',#5868,#2835);
#2421=LINE('',#5887,#2836);
#2422=LINE('',#5890,#2837);
#2423=LINE('',#5892,#2838);
#2424=LINE('',#5894,#2839);
#2425=LINE('',#5896,#2840);
#2426=LINE('',#5898,#2841);
#2427=LINE('',#5900,#2842);
#2428=LINE('',#5902,#2843);
#2429=LINE('',#5904,#2844);
#2430=LINE('',#5906,#2845);
#2431=LINE('',#5908,#2846);
#2432=LINE('',#5909,#2847);
#2433=LINE('',#5914,#2848);
#2434=LINE('',#5917,#2849);
#2435=LINE('',#5919,#2850);
#2436=LINE('',#5921,#2851);
#2437=LINE('',#5922,#2852);
#2438=LINE('',#5925,#2853);
#2439=LINE('',#5927,#2854);
#2440=LINE('',#5929,#2855);
#2441=LINE('',#5930,#2856);
#2442=LINE('',#5933,#2857);
#2443=LINE('',#5935,#2858);
#2444=LINE('',#5937,#2859);
#2445=LINE('',#5938,#2860);
#2446=LINE('',#5941,#2861);
#2447=LINE('',#5943,#2862);
#2448=LINE('',#5945,#2863);
#2449=LINE('',#5946,#2864);
#2450=LINE('',#5949,#2865);
#2451=LINE('',#5951,#2866);
#2452=LINE('',#5953,#2867);
#2453=LINE('',#5955,#2868);
#2454=LINE('',#5957,#2869);
#2455=LINE('',#5959,#2870);
#2456=LINE('',#5961,#2871);
#2457=LINE('',#5963,#2872);
#2458=LINE('',#5965,#2873);
#2459=LINE('',#5967,#2874);
#2460=LINE('',#5968,#2875);
#2461=LINE('',#5972,#2876);
#2462=LINE('',#5974,#2877);
#2463=LINE('',#5976,#2878);
#2464=LINE('',#5978,#2879);
#2465=LINE('',#5980,#2880);
#2466=LINE('',#5982,#2881);
#2467=LINE('',#5984,#2882);
#2468=LINE('',#5986,#2883);
#2469=LINE('',#5989,#2884);
#2470=LINE('',#5991,#2885);
#2471=LINE('',#5993,#2886);
#2472=LINE('',#5995,#2887);
#2473=LINE('',#5997,#2888);
#2474=LINE('',#5999,#2889);
#2475=LINE('',#6001,#2890);
#2476=LINE('',#6003,#2891);
#2477=LINE('',#6006,#2892);
#2478=LINE('',#6008,#2893);
#2479=LINE('',#6010,#2894);
#2480=LINE('',#6012,#2895);
#2481=LINE('',#6014,#2896);
#2482=LINE('',#6016,#2897);
#2483=LINE('',#6018,#2898);
#2484=LINE('',#6020,#2899);
#2485=LINE('',#6023,#2900);
#2486=LINE('',#6025,#2901);
#2487=LINE('',#6027,#2902);
#2488=LINE('',#6029,#2903);
#2489=LINE('',#6031,#2904);
#2490=LINE('',#6033,#2905);
#2491=LINE('',#6035,#2906);
#2492=LINE('',#6037,#2907);
#2493=VECTOR('',#3977,1.);
#2494=VECTOR('',#3978,1.);
#2495=VECTOR('',#3979,1.);
#2496=VECTOR('',#3980,1.);
#2497=VECTOR('',#3983,1.);
#2498=VECTOR('',#3984,1.);
#2499=VECTOR('',#3985,1.);
#2500=VECTOR('',#3986,1.);
#2501=VECTOR('',#3989,1.);
#2502=VECTOR('',#3990,1.);
#2503=VECTOR('',#3991,1.);
#2504=VECTOR('',#3992,1.);
#2505=VECTOR('',#3995,1.);
#2506=VECTOR('',#3996,1.);
#2507=VECTOR('',#3997,1.);
#2508=VECTOR('',#3998,1.);
#2509=VECTOR('',#4001,1.);
#2510=VECTOR('',#4002,1.);
#2511=VECTOR('',#4003,1.);
#2512=VECTOR('',#4004,1.);
#2513=VECTOR('',#4007,1.);
#2514=VECTOR('',#4008,1.);
#2515=VECTOR('',#4009,1.);
#2516=VECTOR('',#4010,1.);
#2517=VECTOR('',#4013,1.);
#2518=VECTOR('',#4014,1.);
#2519=VECTOR('',#4015,1.);
#2520=VECTOR('',#4016,1.);
#2521=VECTOR('',#4019,1.);
#2522=VECTOR('',#4020,1.);
#2523=VECTOR('',#4021,1.);
#2524=VECTOR('',#4022,1.);
#2525=VECTOR('',#4025,1.);
#2526=VECTOR('',#4026,1.);
#2527=VECTOR('',#4027,1.);
#2528=VECTOR('',#4028,1.);
#2529=VECTOR('',#4031,1.);
#2530=VECTOR('',#4032,1.);
#2531=VECTOR('',#4033,1.);
#2532=VECTOR('',#4034,1.);
#2533=VECTOR('',#4037,1.);
#2534=VECTOR('',#4038,1.);
#2535=VECTOR('',#4039,1.);
#2536=VECTOR('',#4040,1.);
#2537=VECTOR('',#4043,1.);
#2538=VECTOR('',#4044,1.);
#2539=VECTOR('',#4045,1.);
#2540=VECTOR('',#4046,1.);
#2541=VECTOR('',#4049,1.);
#2542=VECTOR('',#4050,1.);
#2543=VECTOR('',#4051,1.);
#2544=VECTOR('',#4052,1.);
#2545=VECTOR('',#4055,1.);
#2546=VECTOR('',#4056,1.);
#2547=VECTOR('',#4057,1.);
#2548=VECTOR('',#4058,1.);
#2549=VECTOR('',#4061,1.);
#2550=VECTOR('',#4062,1.);
#2551=VECTOR('',#4063,1.);
#2552=VECTOR('',#4064,1.);
#2553=VECTOR('',#4067,1.);
#2554=VECTOR('',#4068,1.);
#2555=VECTOR('',#4069,1.);
#2556=VECTOR('',#4070,1.);
#2557=VECTOR('',#4073,1.);
#2558=VECTOR('',#4074,1.);
#2559=VECTOR('',#4075,1.);
#2560=VECTOR('',#4076,1.);
#2561=VECTOR('',#4079,1.);
#2562=VECTOR('',#4080,1.);
#2563=VECTOR('',#4081,1.);
#2564=VECTOR('',#4082,1.);
#2565=VECTOR('',#4085,1.);
#2566=VECTOR('',#4086,1.);
#2567=VECTOR('',#4087,1.);
#2568=VECTOR('',#4088,1.);
#2569=VECTOR('',#4091,1.);
#2570=VECTOR('',#4092,1.);
#2571=VECTOR('',#4093,1.);
#2572=VECTOR('',#4094,1.);
#2573=VECTOR('',#4097,1.);
#2574=VECTOR('',#4098,1.);
#2575=VECTOR('',#4099,1.);
#2576=VECTOR('',#4100,1.);
#2577=VECTOR('',#4103,1.);
#2578=VECTOR('',#4104,1.);
#2579=VECTOR('',#4105,1.);
#2580=VECTOR('',#4106,1.);
#2581=VECTOR('',#4109,1.);
#2582=VECTOR('',#4112,1.);
#2583=VECTOR('',#4115,1.);
#2584=VECTOR('',#4116,1.);
#2585=VECTOR('',#4117,1.);
#2586=VECTOR('',#4122,1.);
#2587=VECTOR('',#4123,1.);
#2588=VECTOR('',#4124,1.);
#2589=VECTOR('',#4129,1.);
#2590=VECTOR('',#4130,1.);
#2591=VECTOR('',#4131,1.);
#2592=VECTOR('',#4136,1.);
#2593=VECTOR('',#4137,1.);
#2594=VECTOR('',#4138,1.);
#2595=VECTOR('',#4143,1.);
#2596=VECTOR('',#4144,1.);
#2597=VECTOR('',#4145,1.);
#2598=VECTOR('',#4150,1.);
#2599=VECTOR('',#4151,1.);
#2600=VECTOR('',#4152,1.);
#2601=VECTOR('',#4157,1.);
#2602=VECTOR('',#4158,1.);
#2603=VECTOR('',#4159,1.);
#2604=VECTOR('',#4164,1.);
#2605=VECTOR('',#4165,1.);
#2606=VECTOR('',#4166,1.);
#2607=VECTOR('',#4171,1.);
#2608=VECTOR('',#4172,1.);
#2609=VECTOR('',#4173,1.);
#2610=VECTOR('',#4178,1.);
#2611=VECTOR('',#4179,1.);
#2612=VECTOR('',#4180,1.);
#2613=VECTOR('',#4185,1.);
#2614=VECTOR('',#4186,1.);
#2615=VECTOR('',#4187,1.);
#2616=VECTOR('',#4192,1.);
#2617=VECTOR('',#4193,1.);
#2618=VECTOR('',#4194,1.);
#2619=VECTOR('',#4199,1.);
#2620=VECTOR('',#4200,1.);
#2621=VECTOR('',#4203,1.);
#2622=VECTOR('',#4206,1.);
#2623=VECTOR('',#4207,1.);
#2624=VECTOR('',#4208,1.);
#2625=VECTOR('',#4213,1.);
#2626=VECTOR('',#4214,1.);
#2627=VECTOR('',#4217,1.);
#2628=VECTOR('',#4220,1.);
#2629=VECTOR('',#4221,1.);
#2630=VECTOR('',#4222,1.);
#2631=VECTOR('',#4227,1.);
#2632=VECTOR('',#4228,1.);
#2633=VECTOR('',#4229,1.);
#2634=VECTOR('',#4234,1.);
#2635=VECTOR('',#4235,1.);
#2636=VECTOR('',#4236,1.);
#2637=VECTOR('',#4241,1.);
#2638=VECTOR('',#4242,1.);
#2639=VECTOR('',#4243,1.);
#2640=VECTOR('',#4248,1.);
#2641=VECTOR('',#4249,1.);
#2642=VECTOR('',#4250,1.);
#2643=VECTOR('',#4255,1.);
#2644=VECTOR('',#4256,1.);
#2645=VECTOR('',#4257,1.);
#2646=VECTOR('',#4262,1.);
#2647=VECTOR('',#4265,1.);
#2648=VECTOR('',#4266,1.);
#2649=VECTOR('',#4267,1.);
#2650=VECTOR('',#4270,1.);
#2651=VECTOR('',#4273,1.);
#2652=VECTOR('',#4278,1.);
#2653=VECTOR('',#4279,1.);
#2654=VECTOR('',#4280,1.);
#2655=VECTOR('',#4285,1.);
#2656=VECTOR('',#4286,1.);
#2657=VECTOR('',#4287,1.);
#2658=VECTOR('',#4292,1.);
#2659=VECTOR('',#4293,1.);
#2660=VECTOR('',#4294,1.);
#2661=VECTOR('',#4299,1.);
#2662=VECTOR('',#4300,1.);
#2663=VECTOR('',#4301,1.);
#2664=VECTOR('',#4306,1.);
#2665=VECTOR('',#4307,1.);
#2666=VECTOR('',#4308,1.);
#2667=VECTOR('',#4313,1.);
#2668=VECTOR('',#4314,1.);
#2669=VECTOR('',#4315,1.);
#2670=VECTOR('',#4318,1.);
#2671=VECTOR('',#4321,1.);
#2672=VECTOR('',#4322,1.);
#2673=VECTOR('',#4327,1.);
#2674=VECTOR('',#4328,1.);
#2675=VECTOR('',#4329,1.);
#2676=VECTOR('',#4332,1.);
#2677=VECTOR('',#4335,1.);
#2678=VECTOR('',#4336,1.);
#2679=VECTOR('',#4341,1.);
#2680=VECTOR('',#4342,1.);
#2681=VECTOR('',#4343,1.);
#2682=VECTOR('',#4348,1.);
#2683=VECTOR('',#4349,1.);
#2684=VECTOR('',#4350,1.);
#2685=VECTOR('',#4355,1.);
#2686=VECTOR('',#4356,1.);
#2687=VECTOR('',#4357,1.);
#2688=VECTOR('',#4362,1.);
#2689=VECTOR('',#4363,1.);
#2690=VECTOR('',#4364,1.);
#2691=VECTOR('',#4369,1.);
#2692=VECTOR('',#4370,1.);
#2693=VECTOR('',#4371,1.);
#2694=VECTOR('',#4376,1.);
#2695=VECTOR('',#4377,1.);
#2696=VECTOR('',#4378,1.);
#2697=VECTOR('',#4383,1.);
#2698=VECTOR('',#4384,1.);
#2699=VECTOR('',#4385,1.);
#2700=VECTOR('',#4390,1.);
#2701=VECTOR('',#4391,1.);
#2702=VECTOR('',#4392,1.);
#2703=VECTOR('',#4397,1.);
#2704=VECTOR('',#4398,1.);
#2705=VECTOR('',#4399,1.);
#2706=VECTOR('',#4404,1.);
#2707=VECTOR('',#4405,1.);
#2708=VECTOR('',#4406,1.);
#2709=VECTOR('',#4411,1.);
#2710=VECTOR('',#4412,1.);
#2711=VECTOR('',#4413,1.);
#2712=VECTOR('',#4418,1.);
#2713=VECTOR('',#4419,1.);
#2714=VECTOR('',#4420,1.);
#2715=VECTOR('',#4425,1.);
#2716=VECTOR('',#4426,1.);
#2717=VECTOR('',#4431,1.);
#2718=VECTOR('',#4432,1.);
#2719=VECTOR('',#4435,1.);
#2720=VECTOR('',#4436,1.);
#2721=VECTOR('',#4441,1.);
#2722=VECTOR('',#4442,1.);
#2723=VECTOR('',#4445,1.);
#2724=VECTOR('',#4446,1.);
#2725=VECTOR('',#4451,1.);
#2726=VECTOR('',#4452,1.);
#2727=VECTOR('',#4455,1.);
#2728=VECTOR('',#4456,1.);
#2729=VECTOR('',#4461,1.);
#2730=VECTOR('',#4462,1.);
#2731=VECTOR('',#4465,1.);
#2732=VECTOR('',#4466,1.);
#2733=VECTOR('',#4471,1.);
#2734=VECTOR('',#4472,1.);
#2735=VECTOR('',#4475,1.);
#2736=VECTOR('',#4476,1.);
#2737=VECTOR('',#4481,1.);
#2738=VECTOR('',#4482,1.);
#2739=VECTOR('',#4485,1.);
#2740=VECTOR('',#4486,1.);
#2741=VECTOR('',#4491,1.);
#2742=VECTOR('',#4492,1.);
#2743=VECTOR('',#4495,1.);
#2744=VECTOR('',#4496,1.);
#2745=VECTOR('',#4501,1.);
#2746=VECTOR('',#4502,1.);
#2747=VECTOR('',#4505,1.);
#2748=VECTOR('',#4506,1.);
#2749=VECTOR('',#4511,1.);
#2750=VECTOR('',#4512,1.);
#2751=VECTOR('',#4515,1.);
#2752=VECTOR('',#4516,1.);
#2753=VECTOR('',#4521,1.);
#2754=VECTOR('',#4522,1.);
#2755=VECTOR('',#4525,1.);
#2756=VECTOR('',#4526,1.);
#2757=VECTOR('',#4531,1.);
#2758=VECTOR('',#4532,1.);
#2759=VECTOR('',#4535,1.);
#2760=VECTOR('',#4536,1.);
#2761=VECTOR('',#4541,1.);
#2762=VECTOR('',#4542,1.);
#2763=VECTOR('',#4545,1.);
#2764=VECTOR('',#4546,1.);
#2765=VECTOR('',#4551,1.);
#2766=VECTOR('',#4554,1.);
#2767=VECTOR('',#4555,1.);
#2768=VECTOR('',#4558,1.);
#2769=VECTOR('',#4561,1.);
#2770=VECTOR('',#4562,1.);
#2771=VECTOR('',#4565,1.);
#2772=VECTOR('',#4566,1.);
#2773=VECTOR('',#4571,1.);
#2774=VECTOR('',#4574,1.);
#2775=VECTOR('',#4575,1.);
#2776=VECTOR('',#4578,1.);
#2777=VECTOR('',#4581,1.);
#2778=VECTOR('',#4582,1.);
#2779=VECTOR('',#4585,1.);
#2780=VECTOR('',#4586,1.);
#2781=VECTOR('',#4591,1.);
#2782=VECTOR('',#4592,1.);
#2783=VECTOR('',#4595,1.);
#2784=VECTOR('',#4596,1.);
#2785=VECTOR('',#4601,1.);
#2786=VECTOR('',#4602,1.);
#2787=VECTOR('',#4605,1.);
#2788=VECTOR('',#4606,1.);
#2789=VECTOR('',#4611,1.);
#2790=VECTOR('',#4612,1.);
#2791=VECTOR('',#4615,1.);
#2792=VECTOR('',#4616,1.);
#2793=VECTOR('',#4621,1.);
#2794=VECTOR('',#4622,1.);
#2795=VECTOR('',#4625,1.);
#2796=VECTOR('',#4626,1.);
#2797=VECTOR('',#4631,1.);
#2798=VECTOR('',#4632,1.);
#2799=VECTOR('',#4635,1.);
#2800=VECTOR('',#4636,1.);
#2801=VECTOR('',#4731,1.);
#2802=VECTOR('',#4732,1.);
#2803=VECTOR('',#4733,1.);
#2804=VECTOR('',#4734,1.);
#2805=VECTOR('',#4737,1.);
#2806=VECTOR('',#4738,1.);
#2807=VECTOR('',#4739,1.);
#2808=VECTOR('',#4740,1.);
#2809=VECTOR('',#4743,1.);
#2810=VECTOR('',#4746,1.);
#2811=VECTOR('',#4749,1.);
#2812=VECTOR('',#4752,1.);
#2813=VECTOR('',#4753,1.);
#2814=VECTOR('',#4756,1.);
#2815=VECTOR('',#4757,1.);
#2816=VECTOR('',#4758,1.);
#2817=VECTOR('',#4759,1.);
#2818=VECTOR('',#4762,1.);
#2819=VECTOR('',#4765,1.);
#2820=VECTOR('',#4766,1.);
#2821=VECTOR('',#4769,1.);
#2822=VECTOR('',#4770,1.);
#2823=VECTOR('',#4771,1.);
#2824=VECTOR('',#4776,1.);
#2825=VECTOR('',#4779,1.);
#2826=VECTOR('',#4780,1.);
#2827=VECTOR('',#4783,1.);
#2828=VECTOR('',#4798,1.);
#2829=VECTOR('',#4799,1.);
#2830=VECTOR('',#4800,1.);
#2831=VECTOR('',#4801,1.);
#2832=VECTOR('',#4804,1.);
#2833=VECTOR('',#4807,1.);
#2834=VECTOR('',#4808,1.);
#2835=VECTOR('',#4811,1.);
#2836=VECTOR('',#4846,1.);
#2837=VECTOR('',#4847,1.);
#2838=VECTOR('',#4848,1.);
#2839=VECTOR('',#4849,1.);
#2840=VECTOR('',#4852,1.);
#2841=VECTOR('',#4853,1.);
#2842=VECTOR('',#4854,1.);
#2843=VECTOR('',#4857,1.);
#2844=VECTOR('',#4858,1.);
#2845=VECTOR('',#4859,1.);
#2846=VECTOR('',#4862,1.);
#2847=VECTOR('',#4863,1.);
#2848=VECTOR('',#4872,1.);
#2849=VECTOR('',#4873,1.);
#2850=VECTOR('',#4874,1.);
#2851=VECTOR('',#4875,1.);
#2852=VECTOR('',#4876,1.);
#2853=VECTOR('',#4877,1.);
#2854=VECTOR('',#4878,1.);
#2855=VECTOR('',#4879,1.);
#2856=VECTOR('',#4880,1.);
#2857=VECTOR('',#4881,1.);
#2858=VECTOR('',#4882,1.);
#2859=VECTOR('',#4883,1.);
#2860=VECTOR('',#4884,1.);
#2861=VECTOR('',#4885,1.);
#2862=VECTOR('',#4886,1.);
#2863=VECTOR('',#4887,1.);
#2864=VECTOR('',#4888,1.);
#2865=VECTOR('',#4889,1.);
#2866=VECTOR('',#4890,1.);
#2867=VECTOR('',#4891,1.);
#2868=VECTOR('',#4894,1.);
#2869=VECTOR('',#4895,1.);
#2870=VECTOR('',#4896,1.);
#2871=VECTOR('',#4899,1.);
#2872=VECTOR('',#4900,1.);
#2873=VECTOR('',#4901,1.);
#2874=VECTOR('',#4904,1.);
#2875=VECTOR('',#4905,1.);
#2876=VECTOR('',#4912,1.);
#2877=VECTOR('',#4913,1.);
#2878=VECTOR('',#4914,1.);
#2879=VECTOR('',#4917,1.);
#2880=VECTOR('',#4918,1.);
#2881=VECTOR('',#4921,1.);
#2882=VECTOR('',#4922,1.);
#2883=VECTOR('',#4925,1.);
#2884=VECTOR('',#4930,1.);
#2885=VECTOR('',#4931,1.);
#2886=VECTOR('',#4932,1.);
#2887=VECTOR('',#4935,1.);
#2888=VECTOR('',#4936,1.);
#2889=VECTOR('',#4939,1.);
#2890=VECTOR('',#4940,1.);
#2891=VECTOR('',#4943,1.);
#2892=VECTOR('',#4948,1.);
#2893=VECTOR('',#4949,1.);
#2894=VECTOR('',#4950,1.);
#2895=VECTOR('',#4953,1.);
#2896=VECTOR('',#4954,1.);
#2897=VECTOR('',#4957,1.);
#2898=VECTOR('',#4958,1.);
#2899=VECTOR('',#4961,1.);
#2900=VECTOR('',#4966,1.);
#2901=VECTOR('',#4967,1.);
#2902=VECTOR('',#4968,1.);
#2903=VECTOR('',#4971,1.);
#2904=VECTOR('',#4972,1.);
#2905=VECTOR('',#4975,1.);
#2906=VECTOR('',#4976,1.);
#2907=VECTOR('',#4979,1.);
#2908=EDGE_LOOP('',(#176,#177,#178,#179));
#2909=EDGE_LOOP('',(#180,#181,#182,#183));
#2910=EDGE_LOOP('',(#184,#185,#186,#187));
#2911=EDGE_LOOP('',(#188,#189,#190,#191));
#2912=EDGE_LOOP('',(#192,#193,#194,#195));
#2913=EDGE_LOOP('',(#196,#197,#198,#199));
#2914=EDGE_LOOP('',(#200,#201,#202,#203));
#2915=EDGE_LOOP('',(#204,#205,#206,#207));
#2916=EDGE_LOOP('',(#208,#209,#210,#211));
#2917=EDGE_LOOP('',(#212,#213,#214,#215));
#2918=EDGE_LOOP('',(#216,#217,#218,#219));
#2919=EDGE_LOOP('',(#220,#221,#222,#223));
#2920=EDGE_LOOP('',(#224,#225,#226,#227));
#2921=EDGE_LOOP('',(#228,#229,#230,#231));
#2922=EDGE_LOOP('',(#232,#233,#234,#235));
#2923=EDGE_LOOP('',(#236,#237,#238,#239));
#2924=EDGE_LOOP('',(#240,#241,#242,#243));
#2925=EDGE_LOOP('',(#244,#245,#246,#247));
#2926=EDGE_LOOP('',(#248,#249,#250,#251));
#2927=EDGE_LOOP('',(#252,#253,#254,#255));
#2928=EDGE_LOOP('',(#256,#257,#258,#259));
#2929=EDGE_LOOP('',(#260,#261,#262,#263));
#2930=EDGE_LOOP('',(#264,#265,#266,#267,#268,#269,#270,#271,#272,#273,#274,
#275,#276,#277,#278,#279,#280,#281,#282,#283,#284,#285,#286,#287,#288,#289,
#290,#291,#292,#293,#294,#295,#296,#297,#298,#299,#300,#301,#302,#303,#304,
#305,#306,#307,#308,#309,#310,#311,#312,#313,#314,#315,#316,#317,#318,#319,
#320,#321,#322,#323,#324,#325,#326,#327,#328,#329,#330,#331,#332,#333,#334,
#335,#336,#337,#338,#339,#340,#341,#342,#343,#344,#345,#346,#347,#348,#349,
#350,#351,#352,#353,#354,#355,#356,#357,#358,#359,#360,#361,#362,#363,#364,
#365,#366,#367,#368,#369,#370,#371,#372,#373,#374,#375,#376,#377,#378,#379,
#380,#381,#382,#383,#384,#385,#386,#387,#388,#389,#390,#391,#392,#393,#394,
#395));
#2931=EDGE_LOOP('',(#396,#397,#398,#399));
#2932=EDGE_LOOP('',(#400,#401,#402,#403,#404,#405,#406,#407,#408,#409,#410,
#411,#412,#413,#414,#415,#416,#417,#418,#419,#420,#421,#422,#423,#424,#425,
#426,#427,#428,#429,#430,#431,#432,#433,#434,#435,#436,#437,#438,#439,#440,
#441,#442,#443,#444,#445,#446,#447,#448,#449,#450,#451,#452,#453,#454,#455,
#456,#457,#458,#459,#460,#461,#462,#463,#464,#465,#466,#467,#468,#469,#470,
#471,#472,#473,#474,#475,#476,#477,#478,#479,#480,#481,#482,#483,#484,#485,
#486,#487,#488,#489,#490,#491,#492,#493,#494,#495,#496,#497,#498,#499,#500,
#501,#502,#503,#504,#505,#506,#507,#508,#509,#510,#511,#512,#513,#514,#515,
#516,#517,#518,#519,#520,#521,#522,#523,#524,#525,#526,#527,#528,#529,#530,
#531));
#2933=EDGE_LOOP('',(#532,#533,#534,#535));
#2934=EDGE_LOOP('',(#536,#537,#538,#539));
#2935=EDGE_LOOP('',(#540,#541,#542,#543));
#2936=EDGE_LOOP('',(#544,#545,#546,#547));
#2937=EDGE_LOOP('',(#548,#549,#550,#551));
#2938=EDGE_LOOP('',(#552,#553,#554,#555));
#2939=EDGE_LOOP('',(#556,#557,#558,#559));
#2940=EDGE_LOOP('',(#560,#561,#562,#563));
#2941=EDGE_LOOP('',(#564,#565,#566,#567));
#2942=EDGE_LOOP('',(#568,#569,#570,#571));
#2943=EDGE_LOOP('',(#572,#573,#574,#575));
#2944=EDGE_LOOP('',(#576,#577,#578,#579));
#2945=EDGE_LOOP('',(#580,#581,#582,#583));
#2946=EDGE_LOOP('',(#584,#585,#586,#587));
#2947=EDGE_LOOP('',(#588,#589,#590,#591));
#2948=EDGE_LOOP('',(#592,#593,#594,#595));
#2949=EDGE_LOOP('',(#596,#597,#598,#599));
#2950=EDGE_LOOP('',(#600,#601,#602,#603));
#2951=EDGE_LOOP('',(#604,#605,#606,#607));
#2952=EDGE_LOOP('',(#608,#609,#610,#611));
#2953=EDGE_LOOP('',(#612,#613,#614,#615));
#2954=EDGE_LOOP('',(#616,#617,#618,#619));
#2955=EDGE_LOOP('',(#620,#621,#622,#623));
#2956=EDGE_LOOP('',(#624,#625,#626,#627));
#2957=EDGE_LOOP('',(#628,#629,#630,#631));
#2958=EDGE_LOOP('',(#632,#633,#634,#635));
#2959=EDGE_LOOP('',(#636,#637,#638,#639));
#2960=EDGE_LOOP('',(#640,#641,#642,#643));
#2961=EDGE_LOOP('',(#644,#645,#646,#647));
#2962=EDGE_LOOP('',(#648,#649,#650,#651));
#2963=EDGE_LOOP('',(#652,#653,#654,#655));
#2964=EDGE_LOOP('',(#656,#657,#658,#659));
#2965=EDGE_LOOP('',(#660,#661,#662,#663));
#2966=EDGE_LOOP('',(#664,#665,#666,#667));
#2967=EDGE_LOOP('',(#668,#669,#670,#671));
#2968=EDGE_LOOP('',(#672,#673,#674,#675));
#2969=EDGE_LOOP('',(#676,#677,#678,#679));
#2970=EDGE_LOOP('',(#680,#681,#682,#683));
#2971=EDGE_LOOP('',(#684,#685,#686,#687));
#2972=EDGE_LOOP('',(#688,#689,#690,#691));
#2973=EDGE_LOOP('',(#692,#693,#694,#695));
#2974=EDGE_LOOP('',(#696,#697,#698,#699));
#2975=EDGE_LOOP('',(#700,#701,#702,#703));
#2976=EDGE_LOOP('',(#704,#705,#706,#707));
#2977=EDGE_LOOP('',(#708,#709,#710,#711));
#2978=EDGE_LOOP('',(#712,#713,#714,#715));
#2979=EDGE_LOOP('',(#716,#717,#718,#719));
#2980=EDGE_LOOP('',(#720,#721,#722,#723));
#2981=EDGE_LOOP('',(#724,#725,#726,#727));
#2982=EDGE_LOOP('',(#728,#729,#730,#731));
#2983=EDGE_LOOP('',(#732,#733,#734,#735));
#2984=EDGE_LOOP('',(#736,#737,#738,#739));
#2985=EDGE_LOOP('',(#740,#741,#742,#743));
#2986=EDGE_LOOP('',(#744,#745,#746,#747));
#2987=EDGE_LOOP('',(#748,#749,#750,#751));
#2988=EDGE_LOOP('',(#752,#753,#754,#755));
#2989=EDGE_LOOP('',(#756,#757,#758,#759));
#2990=EDGE_LOOP('',(#760,#761,#762,#763));
#2991=EDGE_LOOP('',(#764,#765,#766,#767));
#2992=EDGE_LOOP('',(#768,#769,#770,#771));
#2993=EDGE_LOOP('',(#772,#773,#774,#775));
#2994=EDGE_LOOP('',(#776,#777,#778,#779));
#2995=EDGE_LOOP('',(#780,#781,#782,#783));
#2996=EDGE_LOOP('',(#784,#785,#786,#787));
#2997=EDGE_LOOP('',(#788,#789,#790,#791));
#2998=EDGE_LOOP('',(#792,#793,#794,#795));
#2999=EDGE_LOOP('',(#796,#797,#798,#799));
#3000=EDGE_LOOP('',(#800,#801,#802,#803));
#3001=EDGE_LOOP('',(#804,#805,#806,#807));
#3002=EDGE_LOOP('',(#808,#809,#810,#811));
#3003=EDGE_LOOP('',(#812,#813,#814,#815));
#3004=EDGE_LOOP('',(#816,#817,#818,#819));
#3005=EDGE_LOOP('',(#820,#821,#822,#823));
#3006=EDGE_LOOP('',(#824,#825,#826,#827));
#3007=EDGE_LOOP('',(#828,#829,#830,#831));
#3008=EDGE_LOOP('',(#832,#833,#834,#835));
#3009=EDGE_LOOP('',(#836,#837,#838,#839));
#3010=EDGE_LOOP('',(#840,#841,#842,#843));
#3011=EDGE_LOOP('',(#844,#845,#846,#847));
#3012=EDGE_LOOP('',(#848,#849,#850,#851));
#3013=EDGE_LOOP('',(#852,#853,#854,#855));
#3014=EDGE_LOOP('',(#856,#857,#858,#859));
#3015=EDGE_LOOP('',(#860,#861,#862,#863));
#3016=EDGE_LOOP('',(#864,#865,#866,#867));
#3017=EDGE_LOOP('',(#868,#869,#870,#871));
#3018=EDGE_LOOP('',(#872,#873,#874,#875));
#3019=EDGE_LOOP('',(#876,#877,#878,#879));
#3020=EDGE_LOOP('',(#880,#881,#882,#883));
#3021=EDGE_LOOP('',(#884,#885,#886,#887));
#3022=EDGE_LOOP('',(#888,#889,#890,#891));
#3023=EDGE_LOOP('',(#892,#893,#894,#895));
#3024=EDGE_LOOP('',(#896,#897,#898,#899));
#3025=EDGE_LOOP('',(#900,#901,#902,#903));
#3026=EDGE_LOOP('',(#904,#905,#906,#907));
#3027=EDGE_LOOP('',(#908,#909,#910,#911));
#3028=EDGE_LOOP('',(#912,#913,#914,#915));
#3029=EDGE_LOOP('',(#916,#917,#918,#919));
#3030=EDGE_LOOP('',(#920,#921,#922,#923));
#3031=EDGE_LOOP('',(#924,#925,#926,#927));
#3032=EDGE_LOOP('',(#928,#929,#930,#931));
#3033=EDGE_LOOP('',(#932,#933,#934,#935));
#3034=EDGE_LOOP('',(#936,#937,#938,#939));
#3035=EDGE_LOOP('',(#940,#941,#942,#943));
#3036=EDGE_LOOP('',(#944,#945,#946,#947));
#3037=EDGE_LOOP('',(#948,#949,#950,#951));
#3038=EDGE_LOOP('',(#952,#953,#954,#955));
#3039=EDGE_LOOP('',(#956,#957,#958,#959));
#3040=EDGE_LOOP('',(#960,#961,#962,#963));
#3041=EDGE_LOOP('',(#964,#965,#966,#967));
#3042=EDGE_LOOP('',(#968,#969,#970,#971));
#3043=EDGE_LOOP('',(#972,#973,#974,#975,#976));
#3044=EDGE_LOOP('',(#977,#978,#979,#980));
#3045=EDGE_LOOP('',(#981,#982,#983,#984));
#3046=EDGE_LOOP('',(#985,#986,#987,#988,#989));
#3047=EDGE_LOOP('',(#990,#991,#992,#993,#994));
#3048=EDGE_LOOP('',(#995,#996,#997,#998));
#3049=EDGE_LOOP('',(#999,#1000,#1001,#1002,#1003));
#3050=EDGE_LOOP('',(#1004,#1005,#1006,#1007));
#3051=EDGE_LOOP('',(#1008,#1009,#1010,#1011,#1012,#1013,#1014,#1015));
#3052=EDGE_LOOP('',(#1016,#1017,#1018,#1019));
#3053=EDGE_LOOP('',(#1020,#1021,#1022,#1023));
#3054=EDGE_LOOP('',(#1024,#1025,#1026,#1027,#1028,#1029,#1030,#1031,#1032,
#1033));
#3055=EDGE_LOOP('',(#1034,#1035,#1036,#1037));
#3056=EDGE_LOOP('',(#1038,#1039,#1040,#1041,#1042,#1043,#1044));
#3057=EDGE_LOOP('',(#1045,#1046,#1047,#1048));
#3058=EDGE_LOOP('',(#1049,#1050,#1051,#1052));
#3059=EDGE_LOOP('',(#1053,#1054,#1055));
#3060=EDGE_LOOP('',(#1056,#1057,#1058));
#3061=EDGE_LOOP('',(#1059,#1060,#1061,#1062));
#3062=EDGE_LOOP('',(#1063,#1064,#1065,#1066));
#3063=EDGE_LOOP('',(#1067,#1068,#1069));
#3064=EDGE_LOOP('',(#1070,#1071,#1072,#1073));
#3065=EDGE_LOOP('',(#1074,#1075,#1076,#1077));
#3066=EDGE_LOOP('',(#1078,#1079,#1080,#1081));
#3067=EDGE_LOOP('',(#1082,#1083,#1084,#1085));
#3068=EDGE_LOOP('',(#1086,#1087,#1088,#1089));
#3069=EDGE_LOOP('',(#1090,#1091,#1092,#1093));
#3070=EDGE_LOOP('',(#1094,#1095,#1096,#1097));
#3071=EDGE_LOOP('',(#1098,#1099,#1100,#1101));
#3072=EDGE_LOOP('',(#1102,#1103,#1104,#1105));
#3073=EDGE_LOOP('',(#1106,#1107,#1108,#1109));
#3074=EDGE_LOOP('',(#1110,#1111,#1112,#1113));
#3075=EDGE_LOOP('',(#1114,#1115,#1116,#1117));
#3076=EDGE_LOOP('',(#1118,#1119,#1120,#1121));
#3077=EDGE_LOOP('',(#1122,#1123,#1124,#1125));
#3078=EDGE_LOOP('',(#1126,#1127,#1128,#1129));
#3079=EDGE_LOOP('',(#1130,#1131,#1132,#1133));
#3080=EDGE_LOOP('',(#1134,#1135,#1136,#1137));
#3081=EDGE_LOOP('',(#1138,#1139,#1140,#1141));
#3082=EDGE_LOOP('',(#1142,#1143,#1144,#1145));
#3083=EDGE_LOOP('',(#1146,#1147,#1148,#1149));
#3084=EDGE_LOOP('',(#1150,#1151,#1152,#1153));
#3085=EDGE_LOOP('',(#1154,#1155,#1156,#1157));
#3086=EDGE_LOOP('',(#1158,#1159,#1160,#1161));
#3087=EDGE_LOOP('',(#1162,#1163,#1164,#1165));
#3088=EDGE_LOOP('',(#1166,#1167,#1168,#1169));
#3089=EDGE_LOOP('',(#1170,#1171,#1172,#1173));
#3090=EDGE_LOOP('',(#1174,#1175,#1176,#1177));
#3091=EDGE_LOOP('',(#1178,#1179,#1180,#1181));
#3092=EDGE_LOOP('',(#1182,#1183,#1184,#1185));
#3093=EDGE_LOOP('',(#1186,#1187,#1188,#1189));
#3094=EDGE_LOOP('',(#1190,#1191,#1192,#1193));
#3095=EDGE_LOOP('',(#1194,#1195,#1196,#1197));
#3096=EDGE_LOOP('',(#1198,#1199,#1200,#1201));
#3097=EDGE_LOOP('',(#1202,#1203,#1204,#1205));
#3098=EDGE_LOOP('',(#1206,#1207,#1208,#1209));
#3099=EDGE_LOOP('',(#1210,#1211,#1212,#1213));
#3100=FACE_BOUND('',#2908,.T.);
#3101=FACE_BOUND('',#2909,.T.);
#3102=FACE_BOUND('',#2910,.T.);
#3103=FACE_BOUND('',#2911,.T.);
#3104=FACE_BOUND('',#2912,.T.);
#3105=FACE_BOUND('',#2913,.T.);
#3106=FACE_BOUND('',#2914,.T.);
#3107=FACE_BOUND('',#2915,.T.);
#3108=FACE_BOUND('',#2916,.T.);
#3109=FACE_BOUND('',#2917,.T.);
#3110=FACE_BOUND('',#2918,.T.);
#3111=FACE_BOUND('',#2919,.T.);
#3112=FACE_BOUND('',#2920,.T.);
#3113=FACE_BOUND('',#2921,.T.);
#3114=FACE_BOUND('',#2922,.T.);
#3115=FACE_BOUND('',#2923,.T.);
#3116=FACE_BOUND('',#2924,.T.);
#3117=FACE_BOUND('',#2925,.T.);
#3118=FACE_BOUND('',#2926,.T.);
#3119=FACE_BOUND('',#2927,.T.);
#3120=FACE_BOUND('',#2928,.T.);
#3121=FACE_BOUND('',#2929,.T.);
#3122=FACE_BOUND('',#2930,.T.);
#3123=FACE_BOUND('',#2931,.T.);
#3124=FACE_BOUND('',#2932,.T.);
#3125=FACE_BOUND('',#2933,.T.);
#3126=FACE_BOUND('',#2934,.T.);
#3127=FACE_BOUND('',#2935,.T.);
#3128=FACE_BOUND('',#2936,.T.);
#3129=FACE_BOUND('',#2937,.T.);
#3130=FACE_BOUND('',#2938,.T.);
#3131=FACE_BOUND('',#2939,.T.);
#3132=FACE_BOUND('',#2940,.T.);
#3133=FACE_BOUND('',#2941,.T.);
#3134=FACE_BOUND('',#2942,.T.);
#3135=FACE_BOUND('',#2943,.T.);
#3136=FACE_BOUND('',#2944,.T.);
#3137=FACE_BOUND('',#2945,.T.);
#3138=FACE_BOUND('',#2946,.T.);
#3139=FACE_BOUND('',#2947,.T.);
#3140=FACE_BOUND('',#2948,.T.);
#3141=FACE_BOUND('',#2949,.T.);
#3142=FACE_BOUND('',#2950,.T.);
#3143=FACE_BOUND('',#2951,.T.);
#3144=FACE_BOUND('',#2952,.T.);
#3145=FACE_BOUND('',#2953,.T.);
#3146=FACE_BOUND('',#2954,.T.);
#3147=FACE_BOUND('',#2955,.T.);
#3148=FACE_BOUND('',#2956,.T.);
#3149=FACE_BOUND('',#2957,.T.);
#3150=FACE_BOUND('',#2958,.T.);
#3151=FACE_BOUND('',#2959,.T.);
#3152=FACE_BOUND('',#2960,.T.);
#3153=FACE_BOUND('',#2961,.T.);
#3154=FACE_BOUND('',#2962,.T.);
#3155=FACE_BOUND('',#2963,.T.);
#3156=FACE_BOUND('',#2964,.T.);
#3157=FACE_BOUND('',#2965,.T.);
#3158=FACE_BOUND('',#2966,.T.);
#3159=FACE_BOUND('',#2967,.T.);
#3160=FACE_BOUND('',#2968,.T.);
#3161=FACE_BOUND('',#2969,.T.);
#3162=FACE_BOUND('',#2970,.T.);
#3163=FACE_BOUND('',#2971,.T.);
#3164=FACE_BOUND('',#2972,.T.);
#3165=FACE_BOUND('',#2973,.T.);
#3166=FACE_BOUND('',#2974,.T.);
#3167=FACE_BOUND('',#2975,.T.);
#3168=FACE_BOUND('',#2976,.T.);
#3169=FACE_BOUND('',#2977,.T.);
#3170=FACE_BOUND('',#2978,.T.);
#3171=FACE_BOUND('',#2979,.T.);
#3172=FACE_BOUND('',#2980,.T.);
#3173=FACE_BOUND('',#2981,.T.);
#3174=FACE_BOUND('',#2982,.T.);
#3175=FACE_BOUND('',#2983,.T.);
#3176=FACE_BOUND('',#2984,.T.);
#3177=FACE_BOUND('',#2985,.T.);
#3178=FACE_BOUND('',#2986,.T.);
#3179=FACE_BOUND('',#2987,.T.);
#3180=FACE_BOUND('',#2988,.T.);
#3181=FACE_BOUND('',#2989,.T.);
#3182=FACE_BOUND('',#2990,.T.);
#3183=FACE_BOUND('',#2991,.T.);
#3184=FACE_BOUND('',#2992,.T.);
#3185=FACE_BOUND('',#2993,.T.);
#3186=FACE_BOUND('',#2994,.T.);
#3187=FACE_BOUND('',#2995,.T.);
#3188=FACE_BOUND('',#2996,.T.);
#3189=FACE_BOUND('',#2997,.T.);
#3190=FACE_BOUND('',#2998,.T.);
#3191=FACE_BOUND('',#2999,.T.);
#3192=FACE_BOUND('',#3000,.T.);
#3193=FACE_BOUND('',#3001,.T.);
#3194=FACE_BOUND('',#3002,.T.);
#3195=FACE_BOUND('',#3003,.T.);
#3196=FACE_BOUND('',#3004,.T.);
#3197=FACE_BOUND('',#3005,.T.);
#3198=FACE_BOUND('',#3006,.T.);
#3199=FACE_BOUND('',#3007,.T.);
#3200=FACE_BOUND('',#3008,.T.);
#3201=FACE_BOUND('',#3009,.T.);
#3202=FACE_BOUND('',#3010,.T.);
#3203=FACE_BOUND('',#3011,.T.);
#3204=FACE_BOUND('',#3012,.T.);
#3205=FACE_BOUND('',#3013,.T.);
#3206=FACE_BOUND('',#3014,.T.);
#3207=FACE_BOUND('',#3015,.T.);
#3208=FACE_BOUND('',#3016,.T.);
#3209=FACE_BOUND('',#3017,.T.);
#3210=FACE_BOUND('',#3018,.T.);
#3211=FACE_BOUND('',#3019,.T.);
#3212=FACE_BOUND('',#3020,.T.);
#3213=FACE_BOUND('',#3021,.T.);
#3214=FACE_BOUND('',#3022,.T.);
#3215=FACE_BOUND('',#3023,.T.);
#3216=FACE_BOUND('',#3024,.T.);
#3217=FACE_BOUND('',#3025,.T.);
#3218=FACE_BOUND('',#3026,.T.);
#3219=FACE_BOUND('',#3027,.T.);
#3220=FACE_BOUND('',#3028,.T.);
#3221=FACE_BOUND('',#3029,.T.);
#3222=FACE_BOUND('',#3030,.T.);
#3223=FACE_BOUND('',#3031,.T.);
#3224=FACE_BOUND('',#3032,.T.);
#3225=FACE_BOUND('',#3033,.T.);
#3226=FACE_BOUND('',#3034,.T.);
#3227=FACE_BOUND('',#3035,.T.);
#3228=FACE_BOUND('',#3036,.T.);
#3229=FACE_BOUND('',#3037,.T.);
#3230=FACE_BOUND('',#3038,.T.);
#3231=FACE_BOUND('',#3039,.T.);
#3232=FACE_BOUND('',#3040,.T.);
#3233=FACE_BOUND('',#3041,.T.);
#3234=FACE_BOUND('',#3042,.T.);
#3235=FACE_BOUND('',#3043,.T.);
#3236=FACE_BOUND('',#3044,.T.);
#3237=FACE_BOUND('',#3045,.T.);
#3238=FACE_BOUND('',#3046,.T.);
#3239=FACE_BOUND('',#3047,.T.);
#3240=FACE_BOUND('',#3048,.T.);
#3241=FACE_BOUND('',#3049,.T.);
#3242=FACE_BOUND('',#3050,.T.);
#3243=FACE_BOUND('',#3051,.T.);
#3244=FACE_BOUND('',#3052,.T.);
#3245=FACE_BOUND('',#3053,.T.);
#3246=FACE_BOUND('',#3054,.T.);
#3247=FACE_BOUND('',#3055,.T.);
#3248=FACE_BOUND('',#3056,.T.);
#3249=FACE_BOUND('',#3057,.T.);
#3250=FACE_BOUND('',#3058,.T.);
#3251=FACE_BOUND('',#3059,.T.);
#3252=FACE_BOUND('',#3060,.T.);
#3253=FACE_BOUND('',#3061,.T.);
#3254=FACE_BOUND('',#3062,.T.);
#3255=FACE_BOUND('',#3063,.T.);
#3256=FACE_BOUND('',#3064,.T.);
#3257=FACE_BOUND('',#3065,.T.);
#3258=FACE_BOUND('',#3066,.T.);
#3259=FACE_BOUND('',#3067,.T.);
#3260=FACE_BOUND('',#3068,.T.);
#3261=FACE_BOUND('',#3069,.T.);
#3262=FACE_BOUND('',#3070,.T.);
#3263=FACE_BOUND('',#3071,.T.);
#3264=FACE_BOUND('',#3072,.T.);
#3265=FACE_BOUND('',#3073,.T.);
#3266=FACE_BOUND('',#3074,.T.);
#3267=FACE_BOUND('',#3075,.T.);
#3268=FACE_BOUND('',#3076,.T.);
#3269=FACE_BOUND('',#3077,.T.);
#3270=FACE_BOUND('',#3078,.T.);
#3271=FACE_BOUND('',#3079,.T.);
#3272=FACE_BOUND('',#3080,.T.);
#3273=FACE_BOUND('',#3081,.T.);
#3274=FACE_BOUND('',#3082,.T.);
#3275=FACE_BOUND('',#3083,.T.);
#3276=FACE_BOUND('',#3084,.T.);
#3277=FACE_BOUND('',#3085,.T.);
#3278=FACE_BOUND('',#3086,.T.);
#3279=FACE_BOUND('',#3087,.T.);
#3280=FACE_BOUND('',#3088,.T.);
#3281=FACE_BOUND('',#3089,.T.);
#3282=FACE_BOUND('',#3090,.T.);
#3283=FACE_BOUND('',#3091,.T.);
#3284=FACE_BOUND('',#3092,.T.);
#3285=FACE_BOUND('',#3093,.T.);
#3286=FACE_BOUND('',#3094,.T.);
#3287=FACE_BOUND('',#3095,.T.);
#3288=FACE_BOUND('',#3096,.T.);
#3289=FACE_BOUND('',#3097,.T.);
#3290=FACE_BOUND('',#3098,.T.);
#3291=FACE_BOUND('',#3099,.T.);
#3292=PLANE('',#3677);
#3293=PLANE('',#3678);
#3294=PLANE('',#3679);
#3295=PLANE('',#3680);
#3296=PLANE('',#3681);
#3297=PLANE('',#3682);
#3298=PLANE('',#3683);
#3299=PLANE('',#3684);
#3300=PLANE('',#3685);
#3301=PLANE('',#3686);
#3302=PLANE('',#3687);
#3303=PLANE('',#3688);
#3304=PLANE('',#3689);
#3305=PLANE('',#3690);
#3306=PLANE('',#3691);
#3307=PLANE('',#3692);
#3308=PLANE('',#3693);
#3309=PLANE('',#3694);
#3310=PLANE('',#3695);
#3311=PLANE('',#3696);
#3312=PLANE('',#3697);
#3313=PLANE('',#3698);
#3314=PLANE('',#3699);
#3315=PLANE('',#3744);
#3316=PLANE('',#3745);
#3317=PLANE('',#3790);
#3318=PLANE('',#3791);
#3319=PLANE('',#3792);
#3320=PLANE('',#3793);
#3321=PLANE('',#3794);
#3322=PLANE('',#3795);
#3323=PLANE('',#3796);
#3324=PLANE('',#3797);
#3325=PLANE('',#3798);
#3326=PLANE('',#3799);
#3327=PLANE('',#3800);
#3328=PLANE('',#3801);
#3329=PLANE('',#3802);
#3330=PLANE('',#3803);
#3331=PLANE('',#3804);
#3332=PLANE('',#3805);
#3333=PLANE('',#3806);
#3334=PLANE('',#3807);
#3335=PLANE('',#3808);
#3336=PLANE('',#3809);
#3337=PLANE('',#3810);
#3338=PLANE('',#3811);
#3339=PLANE('',#3812);
#3340=PLANE('',#3813);
#3341=PLANE('',#3814);
#3342=PLANE('',#3815);
#3343=PLANE('',#3816);
#3344=PLANE('',#3817);
#3345=PLANE('',#3818);
#3346=PLANE('',#3819);
#3347=PLANE('',#3820);
#3348=PLANE('',#3821);
#3349=PLANE('',#3822);
#3350=PLANE('',#3823);
#3351=PLANE('',#3824);
#3352=PLANE('',#3825);
#3353=PLANE('',#3826);
#3354=PLANE('',#3827);
#3355=PLANE('',#3828);
#3356=PLANE('',#3829);
#3357=PLANE('',#3830);
#3358=PLANE('',#3831);
#3359=PLANE('',#3832);
#3360=PLANE('',#3833);
#3361=PLANE('',#3834);
#3362=PLANE('',#3835);
#3363=PLANE('',#3836);
#3364=PLANE('',#3837);
#3365=PLANE('',#3838);
#3366=PLANE('',#3839);
#3367=PLANE('',#3840);
#3368=PLANE('',#3841);
#3369=PLANE('',#3842);
#3370=PLANE('',#3843);
#3371=PLANE('',#3844);
#3372=PLANE('',#3845);
#3373=PLANE('',#3846);
#3374=PLANE('',#3847);
#3375=PLANE('',#3848);
#3376=PLANE('',#3849);
#3377=PLANE('',#3850);
#3378=PLANE('',#3851);
#3379=PLANE('',#3852);
#3380=PLANE('',#3853);
#3381=PLANE('',#3854);
#3382=PLANE('',#3900);
#3383=PLANE('',#3901);
#3384=PLANE('',#3902);
#3385=PLANE('',#3904);
#3386=PLANE('',#3906);
#3387=PLANE('',#3907);
#3388=PLANE('',#3909);
#3389=PLANE('',#3910);
#3390=PLANE('',#3912);
#3391=PLANE('',#3913);
#3392=PLANE('',#3914);
#3393=PLANE('',#3916);
#3394=PLANE('',#3920);
#3395=PLANE('',#3921);
#3396=PLANE('',#3940);
#3397=PLANE('',#3941);
#3398=PLANE('',#3942);
#3399=PLANE('',#3943);
#3400=PLANE('',#3944);
#3401=PLANE('',#3945);
#3402=PLANE('',#3947);
#3403=PLANE('',#3948);
#3404=PLANE('',#3949);
#3405=PLANE('',#3950);
#3406=PLANE('',#3951);
#3407=PLANE('',#3952);
#3408=PLANE('',#3953);
#3409=PLANE('',#3954);
#3410=PLANE('',#3955);
#3411=PLANE('',#3956);
#3412=PLANE('',#3957);
#3413=PLANE('',#3958);
#3414=PLANE('',#3959);
#3415=PLANE('',#3960);
#3416=PLANE('',#3961);
#3417=PLANE('',#3962);
#3418=PLANE('',#3963);
#3419=PLANE('',#3964);
#3420=PLANE('',#3965);
#3421=PLANE('',#3966);
#3422=PLANE('',#3967);
#3423=PLANE('',#3968);
#3424=PLANE('',#3969);
#3425=PLANE('',#3970);
#3426=PLANE('',#3971);
#3427=PLANE('',#3972);
#3428=ADVANCED_FACE('',(#3100),#3292,.T.);
#3429=ADVANCED_FACE('',(#3101),#3293,.T.);
#3430=ADVANCED_FACE('',(#3102),#3294,.T.);
#3431=ADVANCED_FACE('',(#3103),#3295,.T.);
#3432=ADVANCED_FACE('',(#3104),#3296,.T.);
#3433=ADVANCED_FACE('',(#3105),#3297,.T.);
#3434=ADVANCED_FACE('',(#3106),#3298,.T.);
#3435=ADVANCED_FACE('',(#3107),#3299,.T.);
#3436=ADVANCED_FACE('',(#3108),#3300,.T.);
#3437=ADVANCED_FACE('',(#3109),#3301,.T.);
#3438=ADVANCED_FACE('',(#3110),#3302,.T.);
#3439=ADVANCED_FACE('',(#3111),#3303,.T.);
#3440=ADVANCED_FACE('',(#3112),#3304,.T.);
#3441=ADVANCED_FACE('',(#3113),#3305,.T.);
#3442=ADVANCED_FACE('',(#3114),#3306,.T.);
#3443=ADVANCED_FACE('',(#3115),#3307,.T.);
#3444=ADVANCED_FACE('',(#3116),#3308,.T.);
#3445=ADVANCED_FACE('',(#3117),#3309,.T.);
#3446=ADVANCED_FACE('',(#3118),#3310,.T.);
#3447=ADVANCED_FACE('',(#3119),#3311,.T.);
#3448=ADVANCED_FACE('',(#3120),#3312,.T.);
#3449=ADVANCED_FACE('',(#3121),#3313,.F.);
#3450=ADVANCED_FACE('',(#3122),#3314,.F.);
#3451=ADVANCED_FACE('',(#3123),#3315,.T.);
#3452=ADVANCED_FACE('',(#3124),#3316,.F.);
#3453=ADVANCED_FACE('',(#3125),#3317,.T.);
#3454=ADVANCED_FACE('',(#3126),#3318,.F.);
#3455=ADVANCED_FACE('',(#3127),#3319,.F.);
#3456=ADVANCED_FACE('',(#3128),#3320,.F.);
#3457=ADVANCED_FACE('',(#3129),#3321,.T.);
#3458=ADVANCED_FACE('',(#3130),#3322,.F.);
#3459=ADVANCED_FACE('',(#3131),#3323,.F.);
#3460=ADVANCED_FACE('',(#3132),#3324,.T.);
#3461=ADVANCED_FACE('',(#3133),#3325,.F.);
#3462=ADVANCED_FACE('',(#3134),#3326,.F.);
#3463=ADVANCED_FACE('',(#3135),#3327,.T.);
#3464=ADVANCED_FACE('',(#3136),#3328,.F.);
#3465=ADVANCED_FACE('',(#3137),#3329,.F.);
#3466=ADVANCED_FACE('',(#3138),#3330,.T.);
#3467=ADVANCED_FACE('',(#3139),#3331,.F.);
#3468=ADVANCED_FACE('',(#3140),#3332,.F.);
#3469=ADVANCED_FACE('',(#3141),#3333,.T.);
#3470=ADVANCED_FACE('',(#3142),#3334,.F.);
#3471=ADVANCED_FACE('',(#3143),#3335,.F.);
#3472=ADVANCED_FACE('',(#3144),#3336,.T.);
#3473=ADVANCED_FACE('',(#3145),#3337,.F.);
#3474=ADVANCED_FACE('',(#3146),#3338,.F.);
#3475=ADVANCED_FACE('',(#3147),#3339,.T.);
#3476=ADVANCED_FACE('',(#3148),#3340,.F.);
#3477=ADVANCED_FACE('',(#3149),#3341,.F.);
#3478=ADVANCED_FACE('',(#3150),#3342,.T.);
#3479=ADVANCED_FACE('',(#3151),#3343,.F.);
#3480=ADVANCED_FACE('',(#3152),#3344,.F.);
#3481=ADVANCED_FACE('',(#3153),#3345,.T.);
#3482=ADVANCED_FACE('',(#3154),#3346,.F.);
#3483=ADVANCED_FACE('',(#3155),#3347,.F.);
#3484=ADVANCED_FACE('',(#3156),#3348,.T.);
#3485=ADVANCED_FACE('',(#3157),#3349,.F.);
#3486=ADVANCED_FACE('',(#3158),#3350,.F.);
#3487=ADVANCED_FACE('',(#3159),#3351,.T.);
#3488=ADVANCED_FACE('',(#3160),#3352,.F.);
#3489=ADVANCED_FACE('',(#3161),#3353,.F.);
#3490=ADVANCED_FACE('',(#3162),#3354,.T.);
#3491=ADVANCED_FACE('',(#3163),#3355,.F.);
#3492=ADVANCED_FACE('',(#3164),#3356,.F.);
#3493=ADVANCED_FACE('',(#3165),#3357,.T.);
#3494=ADVANCED_FACE('',(#3166),#3358,.F.);
#3495=ADVANCED_FACE('',(#3167),#3359,.F.);
#3496=ADVANCED_FACE('',(#3168),#3360,.T.);
#3497=ADVANCED_FACE('',(#3169),#3361,.F.);
#3498=ADVANCED_FACE('',(#3170),#3362,.F.);
#3499=ADVANCED_FACE('',(#3171),#3363,.T.);
#3500=ADVANCED_FACE('',(#3172),#3364,.F.);
#3501=ADVANCED_FACE('',(#3173),#3365,.F.);
#3502=ADVANCED_FACE('',(#3174),#3366,.T.);
#3503=ADVANCED_FACE('',(#3175),#3367,.F.);
#3504=ADVANCED_FACE('',(#3176),#3368,.F.);
#3505=ADVANCED_FACE('',(#3177),#3369,.T.);
#3506=ADVANCED_FACE('',(#3178),#3370,.F.);
#3507=ADVANCED_FACE('',(#3179),#3371,.F.);
#3508=ADVANCED_FACE('',(#3180),#3372,.T.);
#3509=ADVANCED_FACE('',(#3181),#3373,.F.);
#3510=ADVANCED_FACE('',(#3182),#3374,.F.);
#3511=ADVANCED_FACE('',(#3183),#3375,.T.);
#3512=ADVANCED_FACE('',(#3184),#3376,.F.);
#3513=ADVANCED_FACE('',(#3185),#3377,.F.);
#3514=ADVANCED_FACE('',(#3186),#3378,.T.);
#3515=ADVANCED_FACE('',(#3187),#3379,.F.);
#3516=ADVANCED_FACE('',(#3188),#3380,.F.);
#3517=ADVANCED_FACE('',(#3189),#3381,.T.);
#3518=ADVANCED_FACE('',(#3190),#23,.T.);
#3519=ADVANCED_FACE('',(#3191),#24,.T.);
#3520=ADVANCED_FACE('',(#3192),#25,.T.);
#3521=ADVANCED_FACE('',(#3193),#26,.T.);
#3522=ADVANCED_FACE('',(#3194),#27,.T.);
#3523=ADVANCED_FACE('',(#3195),#28,.T.);
#3524=ADVANCED_FACE('',(#3196),#29,.T.);
#3525=ADVANCED_FACE('',(#3197),#30,.T.);
#3526=ADVANCED_FACE('',(#3198),#31,.T.);
#3527=ADVANCED_FACE('',(#3199),#32,.T.);
#3528=ADVANCED_FACE('',(#3200),#33,.T.);
#3529=ADVANCED_FACE('',(#3201),#34,.T.);
#3530=ADVANCED_FACE('',(#3202),#35,.T.);
#3531=ADVANCED_FACE('',(#3203),#36,.T.);
#3532=ADVANCED_FACE('',(#3204),#37,.T.);
#3533=ADVANCED_FACE('',(#3205),#38,.T.);
#3534=ADVANCED_FACE('',(#3206),#39,.T.);
#3535=ADVANCED_FACE('',(#3207),#40,.T.);
#3536=ADVANCED_FACE('',(#3208),#41,.T.);
#3537=ADVANCED_FACE('',(#3209),#42,.T.);
#3538=ADVANCED_FACE('',(#3210),#43,.T.);
#3539=ADVANCED_FACE('',(#3211),#44,.T.);
#3540=ADVANCED_FACE('',(#3212),#45,.T.);
#3541=ADVANCED_FACE('',(#3213),#46,.T.);
#3542=ADVANCED_FACE('',(#3214),#47,.T.);
#3543=ADVANCED_FACE('',(#3215),#48,.T.);
#3544=ADVANCED_FACE('',(#3216),#49,.F.);
#3545=ADVANCED_FACE('',(#3217),#50,.T.);
#3546=ADVANCED_FACE('',(#3218),#51,.T.);
#3547=ADVANCED_FACE('',(#3219),#52,.T.);
#3548=ADVANCED_FACE('',(#3220),#53,.F.);
#3549=ADVANCED_FACE('',(#3221),#54,.T.);
#3550=ADVANCED_FACE('',(#3222),#55,.T.);
#3551=ADVANCED_FACE('',(#3223),#56,.T.);
#3552=ADVANCED_FACE('',(#3224),#57,.T.);
#3553=ADVANCED_FACE('',(#3225),#58,.T.);
#3554=ADVANCED_FACE('',(#3226),#59,.T.);
#3555=ADVANCED_FACE('',(#3227),#60,.T.);
#3556=ADVANCED_FACE('',(#3228),#61,.T.);
#3557=ADVANCED_FACE('',(#3229),#62,.T.);
#3558=ADVANCED_FACE('',(#3230),#63,.T.);
#3559=ADVANCED_FACE('',(#3231),#64,.T.);
#3560=ADVANCED_FACE('',(#3232),#65,.T.);
#3561=ADVANCED_FACE('',(#3233),#66,.T.);
#3562=ADVANCED_FACE('',(#3234),#3382,.T.);
#3563=ADVANCED_FACE('',(#3235),#3383,.T.);
#3564=ADVANCED_FACE('',(#3236),#3384,.F.);
#3565=ADVANCED_FACE('',(#3237),#3385,.F.);
#3566=ADVANCED_FACE('',(#3238),#3386,.T.);
#3567=ADVANCED_FACE('',(#3239),#3387,.T.);
#3568=ADVANCED_FACE('',(#3240),#3388,.F.);
#3569=ADVANCED_FACE('',(#3241),#3389,.F.);
#3570=ADVANCED_FACE('',(#3242),#3390,.T.);
#3571=ADVANCED_FACE('',(#3243),#3391,.F.);
#3572=ADVANCED_FACE('',(#3244),#3392,.T.);
#3573=ADVANCED_FACE('',(#3245),#3393,.T.);
#3574=ADVANCED_FACE('',(#3246),#67,.T.);
#3575=ADVANCED_FACE('',(#3247),#3394,.T.);
#3576=ADVANCED_FACE('',(#3248),#3395,.F.);
#3577=ADVANCED_FACE('',(#3249),#68,.T.);
#3578=ADVANCED_FACE('',(#3250),#69,.T.);
#3579=ADVANCED_FACE('',(#3251),#10,.T.);
#3580=ADVANCED_FACE('',(#3252),#11,.T.);
#3581=ADVANCED_FACE('',(#3253),#70,.T.);
#3582=ADVANCED_FACE('',(#3254),#71,.T.);
#3583=ADVANCED_FACE('',(#3255),#12,.T.);
#3584=ADVANCED_FACE('',(#3256),#3396,.T.);
#3585=ADVANCED_FACE('',(#3257),#3397,.F.);
#3586=ADVANCED_FACE('',(#3258),#3398,.F.);
#3587=ADVANCED_FACE('',(#3259),#3399,.T.);
#3588=ADVANCED_FACE('',(#3260),#3400,.T.);
#3589=ADVANCED_FACE('',(#3261),#3401,.F.);
#3590=ADVANCED_FACE('',(#3262,#3263,#3264,#3265,#3266),#3402,.T.);
#3591=ADVANCED_FACE('',(#3267),#3403,.F.);
#3592=ADVANCED_FACE('',(#3268),#3404,.F.);
#3593=ADVANCED_FACE('',(#3269),#3405,.T.);
#3594=ADVANCED_FACE('',(#3270),#3406,.T.);
#3595=ADVANCED_FACE('',(#3271),#3407,.F.);
#3596=ADVANCED_FACE('',(#3272),#3408,.F.);
#3597=ADVANCED_FACE('',(#3273),#3409,.F.);
#3598=ADVANCED_FACE('',(#3274),#3410,.F.);
#3599=ADVANCED_FACE('',(#3275),#3411,.F.);
#3600=ADVANCED_FACE('',(#3276),#3412,.T.);
#3601=ADVANCED_FACE('',(#3277),#3413,.F.);
#3602=ADVANCED_FACE('',(#3278),#3414,.F.);
#3603=ADVANCED_FACE('',(#3279),#3415,.F.);
#3604=ADVANCED_FACE('',(#3280),#3416,.F.);
#3605=ADVANCED_FACE('',(#3281),#3417,.T.);
#3606=ADVANCED_FACE('',(#3282),#3418,.T.);
#3607=ADVANCED_FACE('',(#3283),#3419,.T.);
#3608=ADVANCED_FACE('',(#3284),#3420,.T.);
#3609=ADVANCED_FACE('',(#3285),#3421,.T.);
#3610=ADVANCED_FACE('',(#3286),#3422,.T.);
#3611=ADVANCED_FACE('',(#3287),#3423,.F.);
#3612=ADVANCED_FACE('',(#3288),#3424,.F.);
#3613=ADVANCED_FACE('',(#3289),#3425,.F.);
#3614=ADVANCED_FACE('',(#3290),#3426,.F.);
#3615=ADVANCED_FACE('',(#3291),#3427,.T.);
#3616=CLOSED_SHELL('',(#3428,#3429,#3430,#3431,#3432,#3433,#3434,#3435,
#3436,#3437,#3438,#3439,#3440,#3441,#3442,#3443,#3444,#3445,#3446,#3447,
#3448,#3449,#3450,#3451,#3452,#3453,#3454,#3455,#3456,#3457,#3458,#3459,
#3460,#3461,#3462,#3463,#3464,#3465,#3466,#3467,#3468,#3469,#3470,#3471,
#3472,#3473,#3474,#3475,#3476,#3477,#3478,#3479,#3480,#3481,#3482,#3483,
#3484,#3485,#3486,#3487,#3488,#3489,#3490,#3491,#3492,#3493,#3494,#3495,
#3496,#3497,#3498,#3499,#3500,#3501,#3502,#3503,#3504,#3505,#3506,#3507,
#3508,#3509,#3510,#3511,#3512,#3513,#3514,#3515,#3516,#3517,#3518,#3519,
#3520,#3521,#3522,#3523,#3524,#3525,#3526,#3527,#3528,#3529,#3530,#3531,
#3532,#3533,#3534,#3535,#3536,#3537,#3538,#3539,#3540,#3541,#3542,#3543,
#3544,#3545,#3546,#3547,#3548,#3549,#3550,#3551,#3552,#3553,#3554,#3555,
#3556,#3557,#3558,#3559,#3560,#3561));
#3617=CLOSED_SHELL('',(#3562,#3563,#3564,#3565,#3566,#3567,#3568,#3569,
#3570,#3571,#3572,#3573,#3574));
#3618=CLOSED_SHELL('',(#3575,#3576,#3577,#3578,#3579,#3580,#3581,#3582,
#3583));
#3619=CLOSED_SHELL('',(#3584,#3585,#3586,#3587,#3588,#3589));
#3620=CLOSED_SHELL('',(#3590,#3591,#3592,#3593,#3594,#3595,#3596,#3597,
#3598,#3599,#3600,#3601,#3602,#3603,#3604,#3605,#3606,#3607,#3608,#3609,
#3610,#3611,#3612,#3613,#3614,#3615));
#3621=STYLED_ITEM('',(#3626),#3661);
#3622=STYLED_ITEM('',(#3627),#3662);
#3623=STYLED_ITEM('',(#3628),#3663);
#3624=STYLED_ITEM('',(#3629),#3664);
#3625=STYLED_ITEM('',(#3630),#3665);
#3626=PRESENTATION_STYLE_ASSIGNMENT((#3631));
#3627=PRESENTATION_STYLE_ASSIGNMENT((#3632));
#3628=PRESENTATION_STYLE_ASSIGNMENT((#3633));
#3629=PRESENTATION_STYLE_ASSIGNMENT((#3634));
#3630=PRESENTATION_STYLE_ASSIGNMENT((#3635));
#3631=SURFACE_STYLE_USAGE(.BOTH.,#3636);
#3632=SURFACE_STYLE_USAGE(.BOTH.,#3637);
#3633=SURFACE_STYLE_USAGE(.BOTH.,#3638);
#3634=SURFACE_STYLE_USAGE(.BOTH.,#3639);
#3635=SURFACE_STYLE_USAGE(.BOTH.,#3640);
#3636=SURFACE_SIDE_STYLE('',(#3641));
#3637=SURFACE_SIDE_STYLE('',(#3642));
#3638=SURFACE_SIDE_STYLE('',(#3643));
#3639=SURFACE_SIDE_STYLE('',(#3644));
#3640=SURFACE_SIDE_STYLE('',(#3645));
#3641=SURFACE_STYLE_FILL_AREA(#3646);
#3642=SURFACE_STYLE_FILL_AREA(#3647);
#3643=SURFACE_STYLE_FILL_AREA(#3648);
#3644=SURFACE_STYLE_FILL_AREA(#3649);
#3645=SURFACE_STYLE_FILL_AREA(#3650);
#3646=FILL_AREA_STYLE('',(#3651));
#3647=FILL_AREA_STYLE('',(#3652));
#3648=FILL_AREA_STYLE('',(#3653));
#3649=FILL_AREA_STYLE('',(#3654));
#3650=FILL_AREA_STYLE('',(#3655));
#3651=FILL_AREA_STYLE_COLOUR('',#3656);
#3652=FILL_AREA_STYLE_COLOUR('',#3657);
#3653=FILL_AREA_STYLE_COLOUR('',#3658);
#3654=FILL_AREA_STYLE_COLOUR('',#3659);
#3655=FILL_AREA_STYLE_COLOUR('',#3660);
#3656=COLOUR_RGB('',0.972549019607843,0.529411764705882,0.00392156862745098);
#3657=COLOUR_RGB('',0.647058823529412,0.647058823529412,0.647058823529412);
#3658=COLOUR_RGB('',0.231372549019608,0.380392156862745,0.705882352941177);
#3659=COLOUR_RGB('',0.917647058823529,0.917647058823529,0.917647058823529);
#3660=COLOUR_RGB('',0.615686274509804,0.811764705882353,0.929411764705882);
#3661=MANIFOLD_SOLID_BREP('Part 5',#3616);
#3662=MANIFOLD_SOLID_BREP('Part 2',#3617);
#3663=MANIFOLD_SOLID_BREP('Part 3',#3618);
#3664=MANIFOLD_SOLID_BREP('Part 4',#3619);
#3665=MANIFOLD_SOLID_BREP('Part 1',#3620);
#3666=SHAPE_DEFINITION_REPRESENTATION(#6069,#3671);
#3667=SHAPE_DEFINITION_REPRESENTATION(#6070,#3672);
#3668=SHAPE_DEFINITION_REPRESENTATION(#6071,#3673);
#3669=SHAPE_DEFINITION_REPRESENTATION(#6072,#3674);
#3670=SHAPE_DEFINITION_REPRESENTATION(#6073,#3675);
#3671=SHAPE_REPRESENTATION('Part 5',(#3676),#6044);
#3672=SHAPE_REPRESENTATION('Part 2',(#3899),#6045);
#3673=SHAPE_REPRESENTATION('Part 3',(#3919),#6046);
#3674=SHAPE_REPRESENTATION('Part 4',(#3939),#6047);
#3675=SHAPE_REPRESENTATION('Part 1',(#3946),#6048);
#3676=AXIS2_PLACEMENT_3D('',#4982,#3973,#3974);
#3677=AXIS2_PLACEMENT_3D('',#4983,#3975,#3976);
#3678=AXIS2_PLACEMENT_3D('',#4992,#3981,#3982);
#3679=AXIS2_PLACEMENT_3D('',#5001,#3987,#3988);
#3680=AXIS2_PLACEMENT_3D('',#5010,#3993,#3994);
#3681=AXIS2_PLACEMENT_3D('',#5019,#3999,#4000);
#3682=AXIS2_PLACEMENT_3D('',#5028,#4005,#4006);
#3683=AXIS2_PLACEMENT_3D('',#5037,#4011,#4012);
#3684=AXIS2_PLACEMENT_3D('',#5046,#4017,#4018);
#3685=AXIS2_PLACEMENT_3D('',#5055,#4023,#4024);
#3686=AXIS2_PLACEMENT_3D('',#5064,#4029,#4030);
#3687=AXIS2_PLACEMENT_3D('',#5073,#4035,#4036);
#3688=AXIS2_PLACEMENT_3D('',#5082,#4041,#4042);
#3689=AXIS2_PLACEMENT_3D('',#5091,#4047,#4048);
#3690=AXIS2_PLACEMENT_3D('',#5100,#4053,#4054);
#3691=AXIS2_PLACEMENT_3D('',#5109,#4059,#4060);
#3692=AXIS2_PLACEMENT_3D('',#5118,#4065,#4066);
#3693=AXIS2_PLACEMENT_3D('',#5127,#4071,#4072);
#3694=AXIS2_PLACEMENT_3D('',#5136,#4077,#4078);
#3695=AXIS2_PLACEMENT_3D('',#5145,#4083,#4084);
#3696=AXIS2_PLACEMENT_3D('',#5154,#4089,#4090);
#3697=AXIS2_PLACEMENT_3D('',#5163,#4095,#4096);
#3698=AXIS2_PLACEMENT_3D('',#5172,#4101,#4102);
#3699=AXIS2_PLACEMENT_3D('',#5181,#4107,#4108);
#3700=AXIS2_PLACEMENT_3D('',#5185,#4110,#4111);
#3701=AXIS2_PLACEMENT_3D('',#5189,#4113,#4114);
#3702=AXIS2_PLACEMENT_3D('',#5197,#4118,#4119);
#3703=AXIS2_PLACEMENT_3D('',#5198,#4120,#4121);
#3704=AXIS2_PLACEMENT_3D('',#5206,#4125,#4126);
#3705=AXIS2_PLACEMENT_3D('',#5207,#4127,#4128);
#3706=AXIS2_PLACEMENT_3D('',#5215,#4132,#4133);
#3707=AXIS2_PLACEMENT_3D('',#5216,#4134,#4135);
#3708=AXIS2_PLACEMENT_3D('',#5224,#4139,#4140);
#3709=AXIS2_PLACEMENT_3D('',#5225,#4141,#4142);
#3710=AXIS2_PLACEMENT_3D('',#5233,#4146,#4147);
#3711=AXIS2_PLACEMENT_3D('',#5234,#4148,#4149);
#3712=AXIS2_PLACEMENT_3D('',#5242,#4153,#4154);
#3713=AXIS2_PLACEMENT_3D('',#5243,#4155,#4156);
#3714=AXIS2_PLACEMENT_3D('',#5251,#4160,#4161);
#3715=AXIS2_PLACEMENT_3D('',#5252,#4162,#4163);
#3716=AXIS2_PLACEMENT_3D('',#5260,#4167,#4168);
#3717=AXIS2_PLACEMENT_3D('',#5261,#4169,#4170);
#3718=AXIS2_PLACEMENT_3D('',#5269,#4174,#4175);
#3719=AXIS2_PLACEMENT_3D('',#5270,#4176,#4177);
#3720=AXIS2_PLACEMENT_3D('',#5278,#4181,#4182);
#3721=AXIS2_PLACEMENT_3D('',#5279,#4183,#4184);
#3722=AXIS2_PLACEMENT_3D('',#5287,#4188,#4189);
#3723=AXIS2_PLACEMENT_3D('',#5288,#4190,#4191);
#3724=AXIS2_PLACEMENT_3D('',#5296,#4195,#4196);
#3725=AXIS2_PLACEMENT_3D('',#5297,#4197,#4198);
#3726=AXIS2_PLACEMENT_3D('',#5303,#4201,#4202);
#3727=AXIS2_PLACEMENT_3D('',#5306,#4204,#4205);
#3728=AXIS2_PLACEMENT_3D('',#5314,#4209,#4210);
#3729=AXIS2_PLACEMENT_3D('',#5315,#4211,#4212);
#3730=AXIS2_PLACEMENT_3D('',#5321,#4215,#4216);
#3731=AXIS2_PLACEMENT_3D('',#5324,#4218,#4219);
#3732=AXIS2_PLACEMENT_3D('',#5332,#4223,#4224);
#3733=AXIS2_PLACEMENT_3D('',#5333,#4225,#4226);
#3734=AXIS2_PLACEMENT_3D('',#5341,#4230,#4231);
#3735=AXIS2_PLACEMENT_3D('',#5342,#4232,#4233);
#3736=AXIS2_PLACEMENT_3D('',#5350,#4237,#4238);
#3737=AXIS2_PLACEMENT_3D('',#5351,#4239,#4240);
#3738=AXIS2_PLACEMENT_3D('',#5359,#4244,#4245);
#3739=AXIS2_PLACEMENT_3D('',#5360,#4246,#4247);
#3740=AXIS2_PLACEMENT_3D('',#5368,#4251,#4252);
#3741=AXIS2_PLACEMENT_3D('',#5369,#4253,#4254);
#3742=AXIS2_PLACEMENT_3D('',#5377,#4258,#4259);
#3743=AXIS2_PLACEMENT_3D('',#5378,#4260,#4261);
#3744=AXIS2_PLACEMENT_3D('',#5380,#4263,#4264);
#3745=AXIS2_PLACEMENT_3D('',#5386,#4268,#4269);
#3746=AXIS2_PLACEMENT_3D('',#5390,#4271,#4272);
#3747=AXIS2_PLACEMENT_3D('',#5392,#4274,#4275);
#3748=AXIS2_PLACEMENT_3D('',#5393,#4276,#4277);
#3749=AXIS2_PLACEMENT_3D('',#5401,#4281,#4282);
#3750=AXIS2_PLACEMENT_3D('',#5402,#4283,#4284);
#3751=AXIS2_PLACEMENT_3D('',#5410,#4288,#4289);
#3752=AXIS2_PLACEMENT_3D('',#5411,#4290,#4291);
#3753=AXIS2_PLACEMENT_3D('',#5419,#4295,#4296);
#3754=AXIS2_PLACEMENT_3D('',#5420,#4297,#4298);
#3755=AXIS2_PLACEMENT_3D('',#5428,#4302,#4303);
#3756=AXIS2_PLACEMENT_3D('',#5429,#4304,#4305);
#3757=AXIS2_PLACEMENT_3D('',#5437,#4309,#4310);
#3758=AXIS2_PLACEMENT_3D('',#5438,#4311,#4312);
#3759=AXIS2_PLACEMENT_3D('',#5446,#4316,#4317);
#3760=AXIS2_PLACEMENT_3D('',#5449,#4319,#4320);
#3761=AXIS2_PLACEMENT_3D('',#5455,#4323,#4324);
#3762=AXIS2_PLACEMENT_3D('',#5456,#4325,#4326);
#3763=AXIS2_PLACEMENT_3D('',#5464,#4330,#4331);
#3764=AXIS2_PLACEMENT_3D('',#5467,#4333,#4334);
#3765=AXIS2_PLACEMENT_3D('',#5473,#4337,#4338);
#3766=AXIS2_PLACEMENT_3D('',#5474,#4339,#4340);
#3767=AXIS2_PLACEMENT_3D('',#5482,#4344,#4345);
#3768=AXIS2_PLACEMENT_3D('',#5483,#4346,#4347);
#3769=AXIS2_PLACEMENT_3D('',#5491,#4351,#4352);
#3770=AXIS2_PLACEMENT_3D('',#5492,#4353,#4354);
#3771=AXIS2_PLACEMENT_3D('',#5500,#4358,#4359);
#3772=AXIS2_PLACEMENT_3D('',#5501,#4360,#4361);
#3773=AXIS2_PLACEMENT_3D('',#5509,#4365,#4366);
#3774=AXIS2_PLACEMENT_3D('',#5510,#4367,#4368);
#3775=AXIS2_PLACEMENT_3D('',#5518,#4372,#4373);
#3776=AXIS2_PLACEMENT_3D('',#5519,#4374,#4375);
#3777=AXIS2_PLACEMENT_3D('',#5527,#4379,#4380);
#3778=AXIS2_PLACEMENT_3D('',#5528,#4381,#4382);
#3779=AXIS2_PLACEMENT_3D('',#5536,#4386,#4387);
#3780=AXIS2_PLACEMENT_3D('',#5537,#4388,#4389);
#3781=AXIS2_PLACEMENT_3D('',#5545,#4393,#4394);
#3782=AXIS2_PLACEMENT_3D('',#5546,#4395,#4396);
#3783=AXIS2_PLACEMENT_3D('',#5554,#4400,#4401);
#3784=AXIS2_PLACEMENT_3D('',#5555,#4402,#4403);
#3785=AXIS2_PLACEMENT_3D('',#5563,#4407,#4408);
#3786=AXIS2_PLACEMENT_3D('',#5564,#4409,#4410);
#3787=AXIS2_PLACEMENT_3D('',#5572,#4414,#4415);
#3788=AXIS2_PLACEMENT_3D('',#5573,#4416,#4417);
#3789=AXIS2_PLACEMENT_3D('',#5581,#4421,#4422);
#3790=AXIS2_PLACEMENT_3D('',#5582,#4423,#4424);
#3791=AXIS2_PLACEMENT_3D('',#5585,#4427,#4428);
#3792=AXIS2_PLACEMENT_3D('',#5586,#4429,#4430);
#3793=AXIS2_PLACEMENT_3D('',#5589,#4433,#4434);
#3794=AXIS2_PLACEMENT_3D('',#5592,#4437,#4438);
#3795=AXIS2_PLACEMENT_3D('',#5593,#4439,#4440);
#3796=AXIS2_PLACEMENT_3D('',#5596,#4443,#4444);
#3797=AXIS2_PLACEMENT_3D('',#5599,#4447,#4448);
#3798=AXIS2_PLACEMENT_3D('',#5600,#4449,#4450);
#3799=AXIS2_PLACEMENT_3D('',#5603,#4453,#4454);
#3800=AXIS2_PLACEMENT_3D('',#5606,#4457,#4458);
#3801=AXIS2_PLACEMENT_3D('',#5607,#4459,#4460);
#3802=AXIS2_PLACEMENT_3D('',#5610,#4463,#4464);
#3803=AXIS2_PLACEMENT_3D('',#5613,#4467,#4468);
#3804=AXIS2_PLACEMENT_3D('',#5614,#4469,#4470);
#3805=AXIS2_PLACEMENT_3D('',#5617,#4473,#4474);
#3806=AXIS2_PLACEMENT_3D('',#5620,#4477,#4478);
#3807=AXIS2_PLACEMENT_3D('',#5621,#4479,#4480);
#3808=AXIS2_PLACEMENT_3D('',#5624,#4483,#4484);
#3809=AXIS2_PLACEMENT_3D('',#5627,#4487,#4488);
#3810=AXIS2_PLACEMENT_3D('',#5628,#4489,#4490);
#3811=AXIS2_PLACEMENT_3D('',#5631,#4493,#4494);
#3812=AXIS2_PLACEMENT_3D('',#5634,#4497,#4498);
#3813=AXIS2_PLACEMENT_3D('',#5635,#4499,#4500);
#3814=AXIS2_PLACEMENT_3D('',#5638,#4503,#4504);
#3815=AXIS2_PLACEMENT_3D('',#5641,#4507,#4508);
#3816=AXIS2_PLACEMENT_3D('',#5642,#4509,#4510);
#3817=AXIS2_PLACEMENT_3D('',#5645,#4513,#4514);
#3818=AXIS2_PLACEMENT_3D('',#5648,#4517,#4518);
#3819=AXIS2_PLACEMENT_3D('',#5649,#4519,#4520);
#3820=AXIS2_PLACEMENT_3D('',#5652,#4523,#4524);
#3821=AXIS2_PLACEMENT_3D('',#5655,#4527,#4528);
#3822=AXIS2_PLACEMENT_3D('',#5656,#4529,#4530);
#3823=AXIS2_PLACEMENT_3D('',#5659,#4533,#4534);
#3824=AXIS2_PLACEMENT_3D('',#5662,#4537,#4538);
#3825=AXIS2_PLACEMENT_3D('',#5663,#4539,#4540);
#3826=AXIS2_PLACEMENT_3D('',#5666,#4543,#4544);
#3827=AXIS2_PLACEMENT_3D('',#5669,#4547,#4548);
#3828=AXIS2_PLACEMENT_3D('',#5670,#4549,#4550);
#3829=AXIS2_PLACEMENT_3D('',#5672,#4552,#4553);
#3830=AXIS2_PLACEMENT_3D('',#5675,#4556,#4557);
#3831=AXIS2_PLACEMENT_3D('',#5677,#4559,#4560);
#3832=AXIS2_PLACEMENT_3D('',#5680,#4563,#4564);
#3833=AXIS2_PLACEMENT_3D('',#5683,#4567,#4568);
#3834=AXIS2_PLACEMENT_3D('',#5684,#4569,#4570);
#3835=AXIS2_PLACEMENT_3D('',#5686,#4572,#4573);
#3836=AXIS2_PLACEMENT_3D('',#5689,#4576,#4577);
#3837=AXIS2_PLACEMENT_3D('',#5691,#4579,#4580);
#3838=AXIS2_PLACEMENT_3D('',#5694,#4583,#4584);
#3839=AXIS2_PLACEMENT_3D('',#5697,#4587,#4588);
#3840=AXIS2_PLACEMENT_3D('',#5698,#4589,#4590);
#3841=AXIS2_PLACEMENT_3D('',#5701,#4593,#4594);
#3842=AXIS2_PLACEMENT_3D('',#5704,#4597,#4598);
#3843=AXIS2_PLACEMENT_3D('',#5705,#4599,#4600);
#3844=AXIS2_PLACEMENT_3D('',#5708,#4603,#4604);
#3845=AXIS2_PLACEMENT_3D('',#5711,#4607,#4608);
#3846=AXIS2_PLACEMENT_3D('',#5712,#4609,#4610);
#3847=AXIS2_PLACEMENT_3D('',#5715,#4613,#4614);
#3848=AXIS2_PLACEMENT_3D('',#5718,#4617,#4618);
#3849=AXIS2_PLACEMENT_3D('',#5719,#4619,#4620);
#3850=AXIS2_PLACEMENT_3D('',#5722,#4623,#4624);
#3851=AXIS2_PLACEMENT_3D('',#5725,#4627,#4628);
#3852=AXIS2_PLACEMENT_3D('',#5726,#4629,#4630);
#3853=AXIS2_PLACEMENT_3D('',#5729,#4633,#4634);
#3854=AXIS2_PLACEMENT_3D('',#5732,#4637,#4638);
#3855=AXIS2_PLACEMENT_3D('',#5733,#4639,#4640);
#3856=AXIS2_PLACEMENT_3D('',#5734,#4641,#4642);
#3857=AXIS2_PLACEMENT_3D('',#5735,#4643,#4644);
#3858=AXIS2_PLACEMENT_3D('',#5736,#4645,#4646);
#3859=AXIS2_PLACEMENT_3D('',#5737,#4647,#4648);
#3860=AXIS2_PLACEMENT_3D('',#5738,#4649,#4650);
#3861=AXIS2_PLACEMENT_3D('',#5739,#4651,#4652);
#3862=AXIS2_PLACEMENT_3D('',#5740,#4653,#4654);
#3863=AXIS2_PLACEMENT_3D('',#5741,#4655,#4656);
#3864=AXIS2_PLACEMENT_3D('',#5742,#4657,#4658);
#3865=AXIS2_PLACEMENT_3D('',#5743,#4659,#4660);
#3866=AXIS2_PLACEMENT_3D('',#5744,#4661,#4662);
#3867=AXIS2_PLACEMENT_3D('',#5745,#4663,#4664);
#3868=AXIS2_PLACEMENT_3D('',#5746,#4665,#4666);
#3869=AXIS2_PLACEMENT_3D('',#5747,#4667,#4668);
#3870=AXIS2_PLACEMENT_3D('',#5748,#4669,#4670);
#3871=AXIS2_PLACEMENT_3D('',#5749,#4671,#4672);
#3872=AXIS2_PLACEMENT_3D('',#5750,#4673,#4674);
#3873=AXIS2_PLACEMENT_3D('',#5751,#4675,#4676);
#3874=AXIS2_PLACEMENT_3D('',#5752,#4677,#4678);
#3875=AXIS2_PLACEMENT_3D('',#5753,#4679,#4680);
#3876=AXIS2_PLACEMENT_3D('',#5754,#4681,#4682);
#3877=AXIS2_PLACEMENT_3D('',#5755,#4683,#4684);
#3878=AXIS2_PLACEMENT_3D('',#5756,#4685,#4686);
#3879=AXIS2_PLACEMENT_3D('',#5757,#4687,#4688);
#3880=AXIS2_PLACEMENT_3D('',#5758,#4689,#4690);
#3881=AXIS2_PLACEMENT_3D('',#5759,#4691,#4692);
#3882=AXIS2_PLACEMENT_3D('',#5760,#4693,#4694);
#3883=AXIS2_PLACEMENT_3D('',#5761,#4695,#4696);
#3884=AXIS2_PLACEMENT_3D('',#5762,#4697,#4698);
#3885=AXIS2_PLACEMENT_3D('',#5763,#4699,#4700);
#3886=AXIS2_PLACEMENT_3D('',#5764,#4701,#4702);
#3887=AXIS2_PLACEMENT_3D('',#5765,#4703,#4704);
#3888=AXIS2_PLACEMENT_3D('',#5766,#4705,#4706);
#3889=AXIS2_PLACEMENT_3D('',#5767,#4707,#4708);
#3890=AXIS2_PLACEMENT_3D('',#5768,#4709,#4710);
#3891=AXIS2_PLACEMENT_3D('',#5769,#4711,#4712);
#3892=AXIS2_PLACEMENT_3D('',#5770,#4713,#4714);
#3893=AXIS2_PLACEMENT_3D('',#5771,#4715,#4716);
#3894=AXIS2_PLACEMENT_3D('',#5772,#4717,#4718);
#3895=AXIS2_PLACEMENT_3D('',#5773,#4719,#4720);
#3896=AXIS2_PLACEMENT_3D('',#5774,#4721,#4722);
#3897=AXIS2_PLACEMENT_3D('',#5775,#4723,#4724);
#3898=AXIS2_PLACEMENT_3D('',#5776,#4725,#4726);
#3899=AXIS2_PLACEMENT_3D('',#5777,#4727,#4728);
#3900=AXIS2_PLACEMENT_3D('',#5778,#4729,#4730);
#3901=AXIS2_PLACEMENT_3D('',#5787,#4735,#4736);
#3902=AXIS2_PLACEMENT_3D('',#5795,#4741,#4742);
#3903=AXIS2_PLACEMENT_3D('',#5798,#4744,#4745);
#3904=AXIS2_PLACEMENT_3D('',#5801,#4747,#4748);
#3905=AXIS2_PLACEMENT_3D('',#5805,#4750,#4751);
#3906=AXIS2_PLACEMENT_3D('',#5810,#4754,#4755);
#3907=AXIS2_PLACEMENT_3D('',#5818,#4760,#4761);
#3908=AXIS2_PLACEMENT_3D('',#5822,#4763,#4764);
#3909=AXIS2_PLACEMENT_3D('',#5826,#4767,#4768);
#3910=AXIS2_PLACEMENT_3D('',#5832,#4772,#4773);
#3911=AXIS2_PLACEMENT_3D('',#5833,#4774,#4775);
#3912=AXIS2_PLACEMENT_3D('',#5835,#4777,#4778);
#3913=AXIS2_PLACEMENT_3D('',#5839,#4781,#4782);
#3914=AXIS2_PLACEMENT_3D('',#5841,#4784,#4785);
#3915=AXIS2_PLACEMENT_3D('',#5842,#4786,#4787);
#3916=AXIS2_PLACEMENT_3D('',#5843,#4788,#4789);
#3917=AXIS2_PLACEMENT_3D('',#5844,#4790,#4791);
#3918=AXIS2_PLACEMENT_3D('',#5845,#4792,#4793);
#3919=AXIS2_PLACEMENT_3D('',#5846,#4794,#4795);
#3920=AXIS2_PLACEMENT_3D('',#5847,#4796,#4797);
#3921=AXIS2_PLACEMENT_3D('',#5856,#4802,#4803);
#3922=AXIS2_PLACEMENT_3D('',#5860,#4805,#4806);
#3923=AXIS2_PLACEMENT_3D('',#5866,#4809,#4810);
#3924=AXIS2_PLACEMENT_3D('',#5870,#4812,#4813);
#3925=AXIS2_PLACEMENT_3D('',#5871,#4814,#4815);
#3926=AXIS2_PLACEMENT_3D('',#5872,#4816,#4817);
#3927=AXIS2_PLACEMENT_3D('',#5873,#4818,#4819);
#3928=AXIS2_PLACEMENT_3D('',#5874,#4820,#4821);
#3929=AXIS2_PLACEMENT_3D('',#5875,#4822,#4823);
#3930=AXIS2_PLACEMENT_3D('',#5876,#4824,#4825);
#3931=AXIS2_PLACEMENT_3D('',#5877,#4826,#4827);
#3932=AXIS2_PLACEMENT_3D('',#5878,#4828,#4829);
#3933=AXIS2_PLACEMENT_3D('',#5879,#4830,#4831);
#3934=AXIS2_PLACEMENT_3D('',#5880,#4832,#4833);
#3935=AXIS2_PLACEMENT_3D('',#5881,#4834,#4835);
#3936=AXIS2_PLACEMENT_3D('',#5882,#4836,#4837);
#3937=AXIS2_PLACEMENT_3D('',#5883,#4838,#4839);
#3938=AXIS2_PLACEMENT_3D('',#5884,#4840,#4841);
#3939=AXIS2_PLACEMENT_3D('',#5885,#4842,#4843);
#3940=AXIS2_PLACEMENT_3D('',#5886,#4844,#4845);
#3941=AXIS2_PLACEMENT_3D('',#5895,#4850,#4851);
#3942=AXIS2_PLACEMENT_3D('',#5901,#4855,#4856);
#3943=AXIS2_PLACEMENT_3D('',#5907,#4860,#4861);
#3944=AXIS2_PLACEMENT_3D('',#5910,#4864,#4865);
#3945=AXIS2_PLACEMENT_3D('',#5911,#4866,#4867);
#3946=AXIS2_PLACEMENT_3D('',#5912,#4868,#4869);
#3947=AXIS2_PLACEMENT_3D('',#5913,#4870,#4871);
#3948=AXIS2_PLACEMENT_3D('',#5954,#4892,#4893);
#3949=AXIS2_PLACEMENT_3D('',#5960,#4897,#4898);
#3950=AXIS2_PLACEMENT_3D('',#5966,#4902,#4903);
#3951=AXIS2_PLACEMENT_3D('',#5969,#4906,#4907);
#3952=AXIS2_PLACEMENT_3D('',#5970,#4908,#4909);
#3953=AXIS2_PLACEMENT_3D('',#5971,#4910,#4911);
#3954=AXIS2_PLACEMENT_3D('',#5977,#4915,#4916);
#3955=AXIS2_PLACEMENT_3D('',#5981,#4919,#4920);
#3956=AXIS2_PLACEMENT_3D('',#5985,#4923,#4924);
#3957=AXIS2_PLACEMENT_3D('',#5987,#4926,#4927);
#3958=AXIS2_PLACEMENT_3D('',#5988,#4928,#4929);
#3959=AXIS2_PLACEMENT_3D('',#5994,#4933,#4934);
#3960=AXIS2_PLACEMENT_3D('',#5998,#4937,#4938);
#3961=AXIS2_PLACEMENT_3D('',#6002,#4941,#4942);
#3962=AXIS2_PLACEMENT_3D('',#6004,#4944,#4945);
#3963=AXIS2_PLACEMENT_3D('',#6005,#4946,#4947);
#3964=AXIS2_PLACEMENT_3D('',#6011,#4951,#4952);
#3965=AXIS2_PLACEMENT_3D('',#6015,#4955,#4956);
#3966=AXIS2_PLACEMENT_3D('',#6019,#4959,#4960);
#3967=AXIS2_PLACEMENT_3D('',#6021,#4962,#4963);
#3968=AXIS2_PLACEMENT_3D('',#6022,#4964,#4965);
#3969=AXIS2_PLACEMENT_3D('',#6028,#4969,#4970);
#3970=AXIS2_PLACEMENT_3D('',#6032,#4973,#4974);
#3971=AXIS2_PLACEMENT_3D('',#6036,#4977,#4978);
#3972=AXIS2_PLACEMENT_3D('',#6038,#4980,#4981);
#3973=DIRECTION('',(0.,0.,1.));
#3974=DIRECTION('',(1.,0.,0.));
#3975=DIRECTION('',(1.06131935629757E-16,-1.,0.));
#3976=DIRECTION('',(1.,1.06131935629757E-16,0.));
#3977=DIRECTION('',(1.,1.06131935629757E-16,0.));
#3978=DIRECTION('',(0.,0.,-1.));
#3979=DIRECTION('',(-1.,-1.06131935629757E-16,0.));
#3980=DIRECTION('',(0.,0.,-1.));
#3981=DIRECTION('',(1.06131935629757E-16,-1.,0.));
#3982=DIRECTION('',(1.,1.06131935629757E-16,0.));
#3983=DIRECTION('',(1.,1.06131935629757E-16,0.));
#3984=DIRECTION('',(0.,0.,-1.));
#3985=DIRECTION('',(-1.,-1.06131935629757E-16,0.));
#3986=DIRECTION('',(0.,0.,1.));
#3987=DIRECTION('',(1.06131935629757E-16,-1.,0.));
#3988=DIRECTION('',(1.,1.06131935629757E-16,0.));
#3989=DIRECTION('',(1.,1.06131935629757E-16,0.));
#3990=DIRECTION('',(0.,0.,-1.));
#3991=DIRECTION('',(-1.,-1.06131935629757E-16,0.));
#3992=DIRECTION('',(0.,0.,1.));
#3993=DIRECTION('',(1.06131935629757E-16,-1.,0.));
#3994=DIRECTION('',(1.,1.06131935629757E-16,0.));
#3995=DIRECTION('',(1.,1.06131935629757E-16,0.));
#3996=DIRECTION('',(0.,0.,-1.));
#3997=DIRECTION('',(-1.,-1.06131935629757E-16,0.));
#3998=DIRECTION('',(0.,0.,1.));
#3999=DIRECTION('',(1.06131935629757E-16,-1.,0.));
#4000=DIRECTION('',(1.,1.06131935629757E-16,0.));
#4001=DIRECTION('',(1.,1.06131935629757E-16,0.));
#4002=DIRECTION('',(0.,0.,-1.));
#4003=DIRECTION('',(-1.,-1.06131935629757E-16,0.));
#4004=DIRECTION('',(0.,0.,1.));
#4005=DIRECTION('',(1.06131935629757E-16,-1.,0.));
#4006=DIRECTION('',(1.,1.06131935629757E-16,0.));
#4007=DIRECTION('',(1.,1.06131935629757E-16,0.));
#4008=DIRECTION('',(0.,0.,-1.));
#4009=DIRECTION('',(-1.,-1.06131935629757E-16,0.));
#4010=DIRECTION('',(0.,0.,1.));
#4011=DIRECTION('',(1.06131935629757E-16,-1.,0.));
#4012=DIRECTION('',(1.,1.06131935629757E-16,0.));
#4013=DIRECTION('',(-1.,-1.06131935629757E-16,0.));
#4014=DIRECTION('',(-0.0599542963084393,-6.36306551653466E-18,0.998201123198206));
#4015=DIRECTION('',(1.,1.06131935629757E-16,0.));
#4016=DIRECTION('',(0.0562650143927407,5.97151488573771E-18,-0.998415869342723));
#4017=DIRECTION('',(1.06131935629757E-16,-1.,0.));
#4018=DIRECTION('',(1.,1.06131935629757E-16,0.));
#4019=DIRECTION('',(1.,1.06131935629757E-16,0.));
#4020=DIRECTION('',(0.00973439490203834,1.03313017313777E-18,-0.999952619655497));
#4021=DIRECTION('',(-1.,-1.06131935629757E-16,0.));
#4022=DIRECTION('',(-0.0302797522246957,-3.2136487139964E-18,0.999541463174595));
#4023=DIRECTION('',(1.06131935629757E-16,-1.,0.));
#4024=DIRECTION('',(1.,1.06131935629757E-16,0.));
#4025=DIRECTION('',(-1.,-1.06131935629757E-16,0.));
#4026=DIRECTION('',(0.,0.,1.));
#4027=DIRECTION('',(1.,1.06131935629757E-16,0.));
#4028=DIRECTION('',(0.0302797522246957,3.2136487139964E-18,-0.999541463174595));
#4029=DIRECTION('',(1.06131935629757E-16,-1.,0.));
#4030=DIRECTION('',(1.,1.06131935629757E-16,0.));
#4031=DIRECTION('',(1.,1.06131935629757E-16,0.));
#4032=DIRECTION('',(0.00973439490203834,1.03313017313777E-18,-0.999952619655497));
#4033=DIRECTION('',(-1.,-1.06131935629757E-16,0.));
#4034=DIRECTION('',(-0.0302797522246957,-3.2136487139964E-18,0.999541463174595));
#4035=DIRECTION('',(1.06131935629757E-16,-1.,0.));
#4036=DIRECTION('',(1.,1.06131935629757E-16,0.));
#4037=DIRECTION('',(1.,1.06131935629757E-16,0.));
#4038=DIRECTION('',(0.,0.,-1.));
#4039=DIRECTION('',(-1.,-1.06131935629757E-16,0.));
#4040=DIRECTION('',(-0.0302797522246957,-3.2136487139964E-18,0.999541463174595));
#4041=DIRECTION('',(1.06131935629757E-16,-1.,0.));
#4042=DIRECTION('',(1.,1.06131935629757E-16,0.));
#4043=DIRECTION('',(1.,1.06131935629757E-16,0.));
#4044=DIRECTION('',(0.0302797522246957,3.2136487139964E-18,-0.999541463174595));
#4045=DIRECTION('',(-1.,-1.06131935629757E-16,0.));
#4046=DIRECTION('',(-0.0302797522246957,-3.2136487139964E-18,0.999541463174595));
#4047=DIRECTION('',(1.06131935629757E-16,-1.,0.));
#4048=DIRECTION('',(1.,1.06131935629757E-16,0.));
#4049=DIRECTION('',(1.,1.06131935629757E-16,0.));
#4050=DIRECTION('',(0.0302797522246957,3.2136487139964E-18,-0.999541463174595));
#4051=DIRECTION('',(-1.,-1.06131935629757E-16,0.));
#4052=DIRECTION('',(-0.0302797522246957,-3.2136487139964E-18,0.999541463174595));
#4053=DIRECTION('',(1.06131935629757E-16,-1.,0.));
#4054=DIRECTION('',(1.,1.06131935629757E-16,0.));
#4055=DIRECTION('',(1.,1.06131935629757E-16,0.));
#4056=DIRECTION('',(0.0302797522246957,3.2136487139964E-18,-0.999541463174595));
#4057=DIRECTION('',(-1.,-1.06131935629757E-16,0.));
#4058=DIRECTION('',(-0.0302797522246957,-3.2136487139964E-18,0.999541463174595));
#4059=DIRECTION('',(1.06131935629757E-16,-1.,0.));
#4060=DIRECTION('',(1.,1.06131935629757E-16,0.));
#4061=DIRECTION('',(1.,1.06131935629757E-16,0.));
#4062=DIRECTION('',(0.0302797522246957,3.2136487139964E-18,-0.999541463174595));
#4063=DIRECTION('',(-1.,-1.06131935629757E-16,0.));
#4064=DIRECTION('',(-0.0302797522246957,-3.2136487139964E-18,0.999541463174595));
#4065=DIRECTION('',(1.06131935629757E-16,-1.,0.));
#4066=DIRECTION('',(1.,1.06131935629757E-16,0.));
#4067=DIRECTION('',(1.,1.06131935629757E-16,0.));
#4068=DIRECTION('',(0.,0.,-1.));
#4069=DIRECTION('',(-1.,-1.06131935629757E-16,0.));
#4070=DIRECTION('',(-0.0302797522246957,-3.2136487139964E-18,0.999541463174595));
#4071=DIRECTION('',(1.06131935629757E-16,-1.,0.));
#4072=DIRECTION('',(1.,1.06131935629757E-16,0.));
#4073=DIRECTION('',(1.,1.06131935629757E-16,0.));
#4074=DIRECTION('',(0.0302797522246957,3.2136487139964E-18,-0.999541463174595));
#4075=DIRECTION('',(-1.,-1.06131935629757E-16,0.));
#4076=DIRECTION('',(-0.0302797522246957,-3.2136487139964E-18,0.999541463174595));
#4077=DIRECTION('',(1.06131935629757E-16,-1.,0.));
#4078=DIRECTION('',(1.,1.06131935629757E-16,0.));
#4079=DIRECTION('',(1.,1.06131935629757E-16,0.));
#4080=DIRECTION('',(0.0302797522246957,3.2136487139964E-18,-0.999541463174595));
#4081=DIRECTION('',(-1.,-1.06131935629757E-16,0.));
#4082=DIRECTION('',(-0.0302797522246957,-3.2136487139964E-18,0.999541463174595));
#4083=DIRECTION('',(1.06131935629757E-16,-1.,0.));
#4084=DIRECTION('',(1.,1.06131935629757E-16,0.));
#4085=DIRECTION('',(1.,1.06131935629757E-16,0.));
#4086=DIRECTION('',(0.,0.,-1.));
#4087=DIRECTION('',(-1.,-1.06131935629757E-16,0.));
#4088=DIRECTION('',(-0.0302797522246957,-3.2136487139964E-18,0.999541463174595));
#4089=DIRECTION('',(1.06131935629757E-16,-1.,0.));
#4090=DIRECTION('',(1.,1.06131935629757E-16,0.));
#4091=DIRECTION('',(1.,1.06131935629757E-16,0.));
#4092=DIRECTION('',(0.,0.,-1.));
#4093=DIRECTION('',(-1.,-1.06131935629757E-16,0.));
#4094=DIRECTION('',(-0.0302797522246957,-3.2136487139964E-18,0.999541463174595));
#4095=DIRECTION('',(1.06131935629757E-16,-1.,0.));
#4096=DIRECTION('',(1.,1.06131935629757E-16,0.));
#4097=DIRECTION('',(1.,1.06131935629757E-16,0.));
#4098=DIRECTION('',(-9.30348500225591E-16,-9.87396871391834E-32,-1.));
#4099=DIRECTION('',(-1.,-1.06131935629757E-16,0.));
#4100=DIRECTION('',(0.,0.,1.));
#4101=DIRECTION('',(1.,1.06131935629757E-16,0.));
#4102=DIRECTION('',(-1.06131935629757E-16,1.,0.));
#4103=DIRECTION('',(-1.06131935629757E-16,1.,0.));
#4104=DIRECTION('',(0.,0.,-1.));
#4105=DIRECTION('',(-1.06131935629757E-16,1.,0.));
#4106=DIRECTION('',(0.,0.,-1.));
#4107=DIRECTION('',(0.,0.,1.));
#4108=DIRECTION('',(1.,0.,0.));
#4109=DIRECTION('',(-1.06131935629757E-16,1.,0.));
#4110=DIRECTION('',(0.,0.,1.));
#4111=DIRECTION('',(1.,0.,0.));
#4112=DIRECTION('',(1.,1.06131935629757E-16,0.));
#4113=DIRECTION('',(0.,0.,1.));
#4114=DIRECTION('',(1.,1.06131935629757E-16,0.));
#4115=DIRECTION('',(1.06131935629757E-16,-1.,0.));
#4116=DIRECTION('',(1.,1.06131935629757E-16,0.));
#4117=DIRECTION('',(1.06131935629757E-16,-1.,0.));
#4118=DIRECTION('',(0.,0.,1.));
#4119=DIRECTION('',(1.,0.,0.));
#4120=DIRECTION('',(0.,0.,1.));
#4121=DIRECTION('',(1.,0.,0.));
#4122=DIRECTION('',(1.06131935629757E-16,-1.,0.));
#4123=DIRECTION('',(1.,1.06131935629757E-16,0.));
#4124=DIRECTION('',(1.06131935629757E-16,-1.,0.));
#4125=DIRECTION('',(0.,0.,1.));
#4126=DIRECTION('',(1.,0.,0.));
#4127=DIRECTION('',(0.,0.,1.));
#4128=DIRECTION('',(1.,1.06131935629757E-16,0.));
#4129=DIRECTION('',(1.06131935629757E-16,-1.,0.));
#4130=DIRECTION('',(1.,1.06131935629757E-16,0.));
#4131=DIRECTION('',(1.06131935629757E-16,-1.,0.));
#4132=DIRECTION('',(0.,0.,1.));
#4133=DIRECTION('',(1.,0.,0.));
#4134=DIRECTION('',(0.,0.,1.));
#4135=DIRECTION('',(1.,1.06131935629757E-16,0.));
#4136=DIRECTION('',(1.06131935629757E-16,-1.,0.));
#4137=DIRECTION('',(1.,1.06131935629757E-16,0.));
#4138=DIRECTION('',(1.06131935629757E-16,-1.,0.));
#4139=DIRECTION('',(0.,0.,1.));
#4140=DIRECTION('',(-1.,-1.06131935629757E-16,0.));
#4141=DIRECTION('',(0.,0.,1.));
#4142=DIRECTION('',(1.,1.06131935629757E-16,0.));
#4143=DIRECTION('',(1.06131935629757E-16,-1.,0.));
#4144=DIRECTION('',(1.,1.06131935629757E-16,0.));
#4145=DIRECTION('',(1.06131935629757E-16,-1.,0.));
#4146=DIRECTION('',(0.,0.,1.));
#4147=DIRECTION('',(-1.,-1.06131935629757E-16,0.));
#4148=DIRECTION('',(0.,0.,1.));
#4149=DIRECTION('',(1.,1.06131935629757E-16,0.));
#4150=DIRECTION('',(1.06131935629757E-16,-1.,0.));
#4151=DIRECTION('',(1.,1.06131935629757E-16,0.));
#4152=DIRECTION('',(1.06131935629757E-16,-1.,0.));
#4153=DIRECTION('',(0.,0.,1.));
#4154=DIRECTION('',(1.,0.,0.));
#4155=DIRECTION('',(0.,0.,1.));
#4156=DIRECTION('',(1.,1.06131935629757E-16,0.));
#4157=DIRECTION('',(1.06131935629757E-16,-1.,0.));
#4158=DIRECTION('',(1.,1.06131935629757E-16,0.));
#4159=DIRECTION('',(1.06131935629757E-16,-1.,0.));
#4160=DIRECTION('',(0.,0.,1.));
#4161=DIRECTION('',(-1.,-1.06131935629757E-16,0.));
#4162=DIRECTION('',(0.,0.,1.));
#4163=DIRECTION('',(1.,1.06131935629757E-16,0.));
#4164=DIRECTION('',(1.06131935629757E-16,-1.,0.));
#4165=DIRECTION('',(1.,1.06131935629757E-16,0.));
#4166=DIRECTION('',(1.06131935629757E-16,-1.,0.));
#4167=DIRECTION('',(0.,0.,1.));
#4168=DIRECTION('',(-1.,-1.06131935629757E-16,0.));
#4169=DIRECTION('',(0.,0.,1.));
#4170=DIRECTION('',(1.,1.06131935629757E-16,0.));
#4171=DIRECTION('',(1.06131935629757E-16,-1.,0.));
#4172=DIRECTION('',(1.,1.06131935629757E-16,0.));
#4173=DIRECTION('',(1.06131935629757E-16,-1.,0.));
#4174=DIRECTION('',(0.,0.,1.));
#4175=DIRECTION('',(-1.,-1.06131935629757E-16,0.));
#4176=DIRECTION('',(0.,0.,1.));
#4177=DIRECTION('',(1.,1.06131935629757E-16,0.));
#4178=DIRECTION('',(1.06131935629757E-16,-1.,0.));
#4179=DIRECTION('',(1.,1.06131935629757E-16,0.));
#4180=DIRECTION('',(1.06131935629757E-16,-1.,0.));
#4181=DIRECTION('',(0.,0.,1.));
#4182=DIRECTION('',(-1.,-1.06131935629757E-16,0.));
#4183=DIRECTION('',(0.,0.,1.));
#4184=DIRECTION('',(1.,1.06131935629757E-16,0.));
#4185=DIRECTION('',(1.06131935629757E-16,-1.,0.));
#4186=DIRECTION('',(1.,1.06131935629757E-16,0.));
#4187=DIRECTION('',(1.06131935629757E-16,-1.,0.));
#4188=DIRECTION('',(0.,0.,1.));
#4189=DIRECTION('',(1.,0.,0.));
#4190=DIRECTION('',(0.,0.,1.));
#4191=DIRECTION('',(1.,1.06131935629757E-16,0.));
#4192=DIRECTION('',(1.06131935629757E-16,-1.,0.));
#4193=DIRECTION('',(1.,1.06131935629757E-16,0.));
#4194=DIRECTION('',(1.06131935629757E-16,-1.,0.));
#4195=DIRECTION('',(0.,0.,1.));
#4196=DIRECTION('',(-1.,-1.06131935629757E-16,0.));
#4197=DIRECTION('',(0.,0.,1.));
#4198=DIRECTION('',(1.,1.06131935629757E-16,0.));
#4199=DIRECTION('',(1.06131935629757E-16,-1.,0.));
#4200=DIRECTION('',(1.,1.06131935629757E-16,0.));
#4201=DIRECTION('',(0.,0.,1.));
#4202=DIRECTION('',(1.,1.06131935629757E-16,0.));
#4203=DIRECTION('',(1.06131935629757E-16,-1.,0.));
#4204=DIRECTION('',(0.,0.,1.));
#4205=DIRECTION('',(1.,0.,0.));
#4206=DIRECTION('',(1.06131935629757E-16,-1.,0.));
#4207=DIRECTION('',(1.,1.06131935629757E-16,0.));
#4208=DIRECTION('',(1.06131935629757E-16,-1.,0.));
#4209=DIRECTION('',(0.,0.,1.));
#4210=DIRECTION('',(-1.,-1.06131935629757E-16,0.));
#4211=DIRECTION('',(0.,0.,1.));
#4212=DIRECTION('',(1.,1.06131935629757E-16,0.));
#4213=DIRECTION('',(1.06131935629757E-16,-1.,0.));
#4214=DIRECTION('',(1.,1.06131935629757E-16,0.));
#4215=DIRECTION('',(0.,0.,1.));
#4216=DIRECTION('',(1.,1.06131935629757E-16,0.));
#4217=DIRECTION('',(1.06131935629757E-16,-1.,0.));
#4218=DIRECTION('',(0.,0.,1.));
#4219=DIRECTION('',(1.,1.06131935629757E-16,0.));
#4220=DIRECTION('',(1.06131935629757E-16,-1.,0.));
#4221=DIRECTION('',(1.,1.06131935629757E-16,0.));
#4222=DIRECTION('',(1.06131935629757E-16,-1.,0.));
#4223=DIRECTION('',(0.,0.,1.));
#4224=DIRECTION('',(1.,0.,0.));
#4225=DIRECTION('',(0.,0.,1.));
#4226=DIRECTION('',(1.,0.,0.));
#4227=DIRECTION('',(1.06131935629757E-16,-1.,0.));
#4228=DIRECTION('',(1.,1.06131935629757E-16,0.));
#4229=DIRECTION('',(1.06131935629757E-16,-1.,0.));
#4230=DIRECTION('',(0.,0.,1.));
#4231=DIRECTION('',(1.,0.,0.));
#4232=DIRECTION('',(0.,0.,1.));
#4233=DIRECTION('',(1.,0.,0.));
#4234=DIRECTION('',(1.06131935629757E-16,-1.,0.));
#4235=DIRECTION('',(1.,1.06131935629757E-16,0.));
#4236=DIRECTION('',(1.06131935629757E-16,-1.,0.));
#4237=DIRECTION('',(0.,0.,1.));
#4238=DIRECTION('',(1.,0.,0.));
#4239=DIRECTION('',(0.,0.,1.));
#4240=DIRECTION('',(1.,0.,0.));
#4241=DIRECTION('',(1.06131935629757E-16,-1.,0.));
#4242=DIRECTION('',(1.,1.06131935629757E-16,0.));
#4243=DIRECTION('',(1.06131935629757E-16,-1.,0.));
#4244=DIRECTION('',(0.,0.,1.));
#4245=DIRECTION('',(1.,0.,0.));
#4246=DIRECTION('',(0.,0.,1.));
#4247=DIRECTION('',(1.,0.,0.));
#4248=DIRECTION('',(1.06131935629757E-16,-1.,0.));
#4249=DIRECTION('',(1.,1.06131935629757E-16,0.));
#4250=DIRECTION('',(1.06131935629757E-16,-1.,0.));
#4251=DIRECTION('',(0.,0.,1.));
#4252=DIRECTION('',(1.,0.,0.));
#4253=DIRECTION('',(0.,0.,1.));
#4254=DIRECTION('',(1.,0.,0.));
#4255=DIRECTION('',(1.06131935629757E-16,-1.,0.));
#4256=DIRECTION('',(1.,1.06131935629757E-16,0.));
#4257=DIRECTION('',(1.06131935629757E-16,-1.,0.));
#4258=DIRECTION('',(0.,0.,1.));
#4259=DIRECTION('',(1.,0.,0.));
#4260=DIRECTION('',(0.,0.,1.));
#4261=DIRECTION('',(1.,0.,0.));
#4262=DIRECTION('',(1.,1.06131935629757E-16,0.));
#4263=DIRECTION('',(1.,1.06131935629757E-16,0.));
#4264=DIRECTION('',(-1.06131935629757E-16,1.,0.));
#4265=DIRECTION('',(-1.06131935629757E-16,1.,0.));
#4266=DIRECTION('',(0.,0.,-1.));
#4267=DIRECTION('',(0.,0.,-1.));
#4268=DIRECTION('',(0.,0.,-1.));
#4269=DIRECTION('',(-1.,0.,0.));
#4270=DIRECTION('',(-1.,-1.06131935629757E-16,0.));
#4271=DIRECTION('',(0.,0.,-1.));
#4272=DIRECTION('',(-1.,0.,0.));
#4273=DIRECTION('',(-1.,-1.06131935629757E-16,0.));
#4274=DIRECTION('',(0.,0.,-1.));
#4275=DIRECTION('',(-1.,0.,0.));
#4276=DIRECTION('',(0.,0.,-1.));
#4277=DIRECTION('',(-1.,0.,0.));
#4278=DIRECTION('',(1.06131935629757E-16,-1.,0.));
#4279=DIRECTION('',(-1.,-1.06131935629757E-16,0.));
#4280=DIRECTION('',(1.06131935629757E-16,-1.,0.));
#4281=DIRECTION('',(0.,0.,-1.));
#4282=DIRECTION('',(-1.,0.,0.));
#4283=DIRECTION('',(0.,0.,-1.));
#4284=DIRECTION('',(-1.,0.,0.));
#4285=DIRECTION('',(1.06131935629757E-16,-1.,0.));
#4286=DIRECTION('',(-1.,-1.06131935629757E-16,0.));
#4287=DIRECTION('',(1.06131935629757E-16,-1.,0.));
#4288=DIRECTION('',(0.,0.,-1.));
#4289=DIRECTION('',(-1.,0.,0.));
#4290=DIRECTION('',(0.,0.,-1.));
#4291=DIRECTION('',(-1.,0.,0.));
#4292=DIRECTION('',(1.06131935629757E-16,-1.,0.));
#4293=DIRECTION('',(-1.,-1.06131935629757E-16,0.));
#4294=DIRECTION('',(1.06131935629757E-16,-1.,0.));
#4295=DIRECTION('',(0.,0.,-1.));
#4296=DIRECTION('',(-1.,0.,0.));
#4297=DIRECTION('',(0.,0.,-1.));
#4298=DIRECTION('',(-1.,0.,0.));
#4299=DIRECTION('',(1.06131935629757E-16,-1.,0.));
#4300=DIRECTION('',(-1.,-1.06131935629757E-16,0.));
#4301=DIRECTION('',(1.06131935629757E-16,-1.,0.));
#4302=DIRECTION('',(0.,0.,-1.));
#4303=DIRECTION('',(-1.,0.,0.));
#4304=DIRECTION('',(0.,0.,-1.));
#4305=DIRECTION('',(-1.,0.,0.));
#4306=DIRECTION('',(1.06131935629757E-16,-1.,0.));
#4307=DIRECTION('',(-1.,-1.06131935629757E-16,0.));
#4308=DIRECTION('',(1.06131935629757E-16,-1.,0.));
#4309=DIRECTION('',(0.,0.,-1.));
#4310=DIRECTION('',(-1.,0.,0.));
#4311=DIRECTION('',(0.,0.,-1.));
#4312=DIRECTION('',(-1.,0.,0.));
#4313=DIRECTION('',(1.06131935629757E-16,-1.,0.));
#4314=DIRECTION('',(-1.,-1.06131935629757E-16,0.));
#4315=DIRECTION('',(1.06131935629757E-16,-1.,0.));
#4316=DIRECTION('',(0.,0.,-1.));
#4317=DIRECTION('',(1.,1.06131935629757E-16,0.));
#4318=DIRECTION('',(1.06131935629757E-16,-1.,0.));
#4319=DIRECTION('',(0.,0.,-1.));
#4320=DIRECTION('',(1.,1.06131935629757E-16,0.));
#4321=DIRECTION('',(-1.,-1.06131935629757E-16,0.));
#4322=DIRECTION('',(1.06131935629757E-16,-1.,0.));
#4323=DIRECTION('',(0.,0.,-1.));
#4324=DIRECTION('',(1.,1.06131935629757E-16,0.));
#4325=DIRECTION('',(0.,0.,-1.));
#4326=DIRECTION('',(-1.,-1.06131935629757E-16,0.));
#4327=DIRECTION('',(1.06131935629757E-16,-1.,0.));
#4328=DIRECTION('',(-1.,-1.06131935629757E-16,0.));
#4329=DIRECTION('',(1.06131935629757E-16,-1.,0.));
#4330=DIRECTION('',(0.,0.,-1.));
#4331=DIRECTION('',(-1.,0.,0.));
#4332=DIRECTION('',(1.06131935629757E-16,-1.,0.));
#4333=DIRECTION('',(0.,0.,-1.));
#4334=DIRECTION('',(1.,1.06131935629757E-16,0.));
#4335=DIRECTION('',(-1.,-1.06131935629757E-16,0.));
#4336=DIRECTION('',(1.06131935629757E-16,-1.,0.));
#4337=DIRECTION('',(0.,0.,-1.));
#4338=DIRECTION('',(1.,1.06131935629757E-16,0.));
#4339=DIRECTION('',(0.,0.,-1.));
#4340=DIRECTION('',(-1.,-1.06131935629757E-16,0.));
#4341=DIRECTION('',(1.06131935629757E-16,-1.,0.));
#4342=DIRECTION('',(-1.,-1.06131935629757E-16,0.));
#4343=DIRECTION('',(1.06131935629757E-16,-1.,0.));
#4344=DIRECTION('',(0.,0.,-1.));
#4345=DIRECTION('',(1.,1.06131935629757E-16,0.));
#4346=DIRECTION('',(0.,0.,-1.));
#4347=DIRECTION('',(-1.,0.,0.));
#4348=DIRECTION('',(1.06131935629757E-16,-1.,0.));
#4349=DIRECTION('',(-1.,-1.06131935629757E-16,0.));
#4350=DIRECTION('',(1.06131935629757E-16,-1.,0.));
#4351=DIRECTION('',(0.,0.,-1.));
#4352=DIRECTION('',(1.,1.06131935629757E-16,0.));
#4353=DIRECTION('',(0.,0.,-1.));
#4354=DIRECTION('',(-1.,-1.06131935629757E-16,0.));
#4355=DIRECTION('',(1.06131935629757E-16,-1.,0.));
#4356=DIRECTION('',(-1.,-1.06131935629757E-16,0.));
#4357=DIRECTION('',(1.06131935629757E-16,-1.,0.));
#4358=DIRECTION('',(0.,0.,-1.));
#4359=DIRECTION('',(1.,1.06131935629757E-16,0.));
#4360=DIRECTION('',(0.,0.,-1.));
#4361=DIRECTION('',(-1.,-1.06131935629757E-16,0.));
#4362=DIRECTION('',(1.06131935629757E-16,-1.,0.));
#4363=DIRECTION('',(-1.,-1.06131935629757E-16,0.));
#4364=DIRECTION('',(1.06131935629757E-16,-1.,0.));
#4365=DIRECTION('',(0.,0.,-1.));
#4366=DIRECTION('',(1.,1.06131935629757E-16,0.));
#4367=DIRECTION('',(0.,0.,-1.));
#4368=DIRECTION('',(-1.,-1.06131935629757E-16,0.));
#4369=DIRECTION('',(1.06131935629757E-16,-1.,0.));
#4370=DIRECTION('',(-1.,-1.06131935629757E-16,0.));
#4371=DIRECTION('',(1.06131935629757E-16,-1.,0.));
#4372=DIRECTION('',(0.,0.,-1.));
#4373=DIRECTION('',(1.,1.06131935629757E-16,0.));
#4374=DIRECTION('',(0.,0.,-1.));
#4375=DIRECTION('',(-1.,-1.06131935629757E-16,0.));
#4376=DIRECTION('',(1.06131935629757E-16,-1.,0.));
#4377=DIRECTION('',(-1.,-1.06131935629757E-16,0.));
#4378=DIRECTION('',(1.06131935629757E-16,-1.,0.));
#4379=DIRECTION('',(0.,0.,-1.));
#4380=DIRECTION('',(1.,1.06131935629757E-16,0.));
#4381=DIRECTION('',(0.,0.,-1.));
#4382=DIRECTION('',(-1.,0.,0.));
#4383=DIRECTION('',(1.06131935629757E-16,-1.,0.));
#4384=DIRECTION('',(-1.,-1.06131935629757E-16,0.));
#4385=DIRECTION('',(1.06131935629757E-16,-1.,0.));
#4386=DIRECTION('',(0.,0.,-1.));
#4387=DIRECTION('',(1.,1.06131935629757E-16,0.));
#4388=DIRECTION('',(0.,0.,-1.));
#4389=DIRECTION('',(-1.,-1.06131935629757E-16,0.));
#4390=DIRECTION('',(1.06131935629757E-16,-1.,0.));
#4391=DIRECTION('',(-1.,-1.06131935629757E-16,0.));
#4392=DIRECTION('',(1.06131935629757E-16,-1.,0.));
#4393=DIRECTION('',(0.,0.,-1.));
#4394=DIRECTION('',(1.,1.06131935629757E-16,0.));
#4395=DIRECTION('',(0.,0.,-1.));
#4396=DIRECTION('',(-1.,-1.06131935629757E-16,0.));
#4397=DIRECTION('',(1.06131935629757E-16,-1.,0.));
#4398=DIRECTION('',(-1.,-1.06131935629757E-16,0.));
#4399=DIRECTION('',(1.06131935629757E-16,-1.,0.));
#4400=DIRECTION('',(0.,0.,-1.));
#4401=DIRECTION('',(1.,1.06131935629757E-16,0.));
#4402=DIRECTION('',(0.,0.,-1.));
#4403=DIRECTION('',(-1.,0.,0.));
#4404=DIRECTION('',(1.06131935629757E-16,-1.,0.));
#4405=DIRECTION('',(-1.,-1.06131935629757E-16,0.));
#4406=DIRECTION('',(1.06131935629757E-16,-1.,0.));
#4407=DIRECTION('',(0.,0.,-1.));
#4408=DIRECTION('',(1.,1.06131935629757E-16,0.));
#4409=DIRECTION('',(0.,0.,-1.));
#4410=DIRECTION('',(-1.,0.,0.));
#4411=DIRECTION('',(1.06131935629757E-16,-1.,0.));
#4412=DIRECTION('',(-1.,-1.06131935629757E-16,0.));
#4413=DIRECTION('',(1.06131935629757E-16,-1.,0.));
#4414=DIRECTION('',(0.,0.,-1.));
#4415=DIRECTION('',(-1.,0.,0.));
#4416=DIRECTION('',(0.,0.,-1.));
#4417=DIRECTION('',(-1.,0.,0.));
#4418=DIRECTION('',(1.06131935629757E-16,-1.,0.));
#4419=DIRECTION('',(-1.,-1.06131935629757E-16,0.));
#4420=DIRECTION('',(1.06131935629757E-16,-1.,0.));
#4421=DIRECTION('',(0.,0.,-1.));
#4422=DIRECTION('',(1.,1.06131935629757E-16,0.));
#4423=DIRECTION('',(1.06131935629757E-16,-1.,0.));
#4424=DIRECTION('',(1.,1.06131935629757E-16,0.));
#4425=DIRECTION('',(0.,0.,-1.));
#4426=DIRECTION('',(-0.0302797522246967,-3.2136487139965E-18,0.999541463174595));
#4427=DIRECTION('',(1.06131935629757E-16,-1.,0.));
#4428=DIRECTION('',(1.,1.06131935629757E-16,0.));
#4429=DIRECTION('',(-1.,-1.06131935629757E-16,9.30348500225591E-16));
#4430=DIRECTION('',(9.30348500225591E-16,0.,1.));
#4431=DIRECTION('',(-9.30348500225591E-16,-9.87396871391834E-32,-1.));
#4432=DIRECTION('',(-9.30348500225591E-16,-9.87396871391834E-32,-1.));
#4433=DIRECTION('',(0.999541463174595,1.06083270228919E-16,0.0302797522246967));
#4434=DIRECTION('',(0.0302797522246967,0.,-0.999541463174595));
#4435=DIRECTION('',(-0.0302797522246967,-3.2136487139965E-18,0.999541463174595));
#4436=DIRECTION('',(-0.0302797522246967,-3.2136487139965E-18,0.999541463174595));
#4437=DIRECTION('',(1.06131935629757E-16,-1.,0.));
#4438=DIRECTION('',(1.,1.06131935629757E-16,0.));
#4439=DIRECTION('',(-1.,-1.06131935629757E-16,0.));
#4440=DIRECTION('',(1.06131935629757E-16,-1.,0.));
#4441=DIRECTION('',(0.,0.,-1.));
#4442=DIRECTION('',(0.,0.,-1.));
#4443=DIRECTION('',(1.,1.06131935629757E-16,0.));
#4444=DIRECTION('',(-1.06131935629757E-16,1.,0.));
#4445=DIRECTION('',(0.,0.,1.));
#4446=DIRECTION('',(0.,0.,1.));
#4447=DIRECTION('',(1.06131935629757E-16,-1.,0.));
#4448=DIRECTION('',(1.,1.06131935629757E-16,0.));
#4449=DIRECTION('',(-1.,-1.06131935629757E-16,0.));
#4450=DIRECTION('',(1.06131935629757E-16,-1.,0.));
#4451=DIRECTION('',(0.,0.,-1.));
#4452=DIRECTION('',(0.,0.,-1.));
#4453=DIRECTION('',(0.999541463174595,1.06083270228919E-16,0.0302797522246957));
#4454=DIRECTION('',(0.0302797522246957,0.,-0.999541463174595));
#4455=DIRECTION('',(-0.0302797522246957,-3.2136487139964E-18,0.999541463174595));
#4456=DIRECTION('',(-0.0302797522246957,-3.2136487139964E-18,0.999541463174595));
#4457=DIRECTION('',(1.06131935629757E-16,-1.,0.));
#4458=DIRECTION('',(1.,1.06131935629757E-16,0.));
#4459=DIRECTION('',(-0.999541463174595,-1.06083270228919E-16,-0.0302797522246957));
#4460=DIRECTION('',(-0.0302797522246957,0.,0.999541463174595));
#4461=DIRECTION('',(0.0302797522246957,3.2136487139964E-18,-0.999541463174595));
#4462=DIRECTION('',(0.0302797522246957,3.2136487139964E-18,-0.999541463174595));
#4463=DIRECTION('',(0.999541463174595,1.06083270228919E-16,0.0302797522246957));
#4464=DIRECTION('',(0.0302797522246957,0.,-0.999541463174595));
#4465=DIRECTION('',(-0.0302797522246957,-3.2136487139964E-18,0.999541463174595));
#4466=DIRECTION('',(-0.0302797522246957,-3.2136487139964E-18,0.999541463174595));
#4467=DIRECTION('',(1.06131935629757E-16,-1.,0.));
#4468=DIRECTION('',(1.,1.06131935629757E-16,0.));
#4469=DIRECTION('',(-0.999541463174595,-1.06083270228919E-16,-0.0302797522246957));
#4470=DIRECTION('',(-0.0302797522246957,0.,0.999541463174595));
#4471=DIRECTION('',(0.0302797522246957,3.2136487139964E-18,-0.999541463174595));
#4472=DIRECTION('',(0.0302797522246957,3.2136487139964E-18,-0.999541463174595));
#4473=DIRECTION('',(0.999541463174595,1.06083270228919E-16,0.0302797522246957));
#4474=DIRECTION('',(0.0302797522246957,0.,-0.999541463174595));
#4475=DIRECTION('',(-0.0302797522246957,-3.2136487139964E-18,0.999541463174595));
#4476=DIRECTION('',(-0.0302797522246957,-3.2136487139964E-18,0.999541463174595));
#4477=DIRECTION('',(1.06131935629757E-16,-1.,0.));
#4478=DIRECTION('',(1.,1.06131935629757E-16,0.));
#4479=DIRECTION('',(-1.,-1.06131935629757E-16,0.));
#4480=DIRECTION('',(1.06131935629757E-16,-1.,0.));
#4481=DIRECTION('',(0.,0.,-1.));
#4482=DIRECTION('',(0.,0.,-1.));
#4483=DIRECTION('',(0.999541463174595,1.06083270228919E-16,0.0302797522246957));
#4484=DIRECTION('',(0.0302797522246957,0.,-0.999541463174595));
#4485=DIRECTION('',(-0.0302797522246957,-3.2136487139964E-18,0.999541463174595));
#4486=DIRECTION('',(-0.0302797522246957,-3.2136487139964E-18,0.999541463174595));
#4487=DIRECTION('',(1.06131935629757E-16,-1.,0.));
#4488=DIRECTION('',(1.,1.06131935629757E-16,0.));
#4489=DIRECTION('',(-0.999541463174595,-1.06083270228919E-16,-0.0302797522246957));
#4490=DIRECTION('',(-0.0302797522246957,0.,0.999541463174595));
#4491=DIRECTION('',(0.0302797522246957,3.2136487139964E-18,-0.999541463174595));
#4492=DIRECTION('',(0.0302797522246957,3.2136487139964E-18,-0.999541463174595));
#4493=DIRECTION('',(0.999541463174595,1.06083270228919E-16,0.0302797522246957));
#4494=DIRECTION('',(0.0302797522246957,0.,-0.999541463174595));
#4495=DIRECTION('',(-0.0302797522246957,-3.2136487139964E-18,0.999541463174595));
#4496=DIRECTION('',(-0.0302797522246957,-3.2136487139964E-18,0.999541463174595));
#4497=DIRECTION('',(1.06131935629757E-16,-1.,0.));
#4498=DIRECTION('',(1.,1.06131935629757E-16,0.));
#4499=DIRECTION('',(-0.999541463174595,-1.06083270228919E-16,-0.0302797522246957));
#4500=DIRECTION('',(-0.0302797522246957,0.,0.999541463174595));
#4501=DIRECTION('',(0.0302797522246957,3.2136487139964E-18,-0.999541463174595));
#4502=DIRECTION('',(0.0302797522246957,3.2136487139964E-18,-0.999541463174595));
#4503=DIRECTION('',(0.999541463174595,1.06083270228919E-16,0.0302797522246957));
#4504=DIRECTION('',(0.0302797522246957,0.,-0.999541463174595));
#4505=DIRECTION('',(-0.0302797522246957,-3.2136487139964E-18,0.999541463174595));
#4506=DIRECTION('',(-0.0302797522246957,-3.2136487139964E-18,0.999541463174595));
#4507=DIRECTION('',(1.06131935629757E-16,-1.,0.));
#4508=DIRECTION('',(1.,1.06131935629757E-16,0.));
#4509=DIRECTION('',(-0.999541463174595,-1.06083270228919E-16,-0.0302797522246957));
#4510=DIRECTION('',(-0.0302797522246957,0.,0.999541463174595));
#4511=DIRECTION('',(0.0302797522246957,3.2136487139964E-18,-0.999541463174595));
#4512=DIRECTION('',(0.0302797522246957,3.2136487139964E-18,-0.999541463174595));
#4513=DIRECTION('',(0.999541463174595,1.06083270228919E-16,0.0302797522246957));
#4514=DIRECTION('',(0.0302797522246957,0.,-0.999541463174595));
#4515=DIRECTION('',(-0.0302797522246957,-3.2136487139964E-18,0.999541463174595));
#4516=DIRECTION('',(-0.0302797522246957,-3.2136487139964E-18,0.999541463174595));
#4517=DIRECTION('',(1.06131935629757E-16,-1.,0.));
#4518=DIRECTION('',(1.,1.06131935629757E-16,0.));
#4519=DIRECTION('',(-0.999541463174595,-1.06083270228919E-16,-0.0302797522246957));
#4520=DIRECTION('',(-0.0302797522246957,0.,0.999541463174595));
#4521=DIRECTION('',(0.0302797522246957,3.2136487139964E-18,-0.999541463174595));
#4522=DIRECTION('',(0.0302797522246957,3.2136487139964E-18,-0.999541463174595));
#4523=DIRECTION('',(0.999541463174595,1.06083270228919E-16,0.0302797522246957));
#4524=DIRECTION('',(0.0302797522246957,0.,-0.999541463174595));
#4525=DIRECTION('',(-0.0302797522246957,-3.2136487139964E-18,0.999541463174595));
#4526=DIRECTION('',(-0.0302797522246957,-3.2136487139964E-18,0.999541463174595));
#4527=DIRECTION('',(1.06131935629757E-16,-1.,0.));
#4528=DIRECTION('',(1.,1.06131935629757E-16,0.));
#4529=DIRECTION('',(-1.,-1.06131935629757E-16,0.));
#4530=DIRECTION('',(1.06131935629757E-16,-1.,0.));
#4531=DIRECTION('',(0.,0.,-1.));
#4532=DIRECTION('',(0.,0.,-1.));
#4533=DIRECTION('',(0.999541463174595,1.06083270228919E-16,0.0302797522246957));
#4534=DIRECTION('',(0.0302797522246957,0.,-0.999541463174595));
#4535=DIRECTION('',(-0.0302797522246957,-3.2136487139964E-18,0.999541463174595));
#4536=DIRECTION('',(-0.0302797522246957,-3.2136487139964E-18,0.999541463174595));
#4537=DIRECTION('',(1.06131935629757E-16,-1.,0.));
#4538=DIRECTION('',(1.,1.06131935629757E-16,0.));
#4539=DIRECTION('',(-0.999952619655497,-1.06126907062084E-16,-0.00973439490203834));
#4540=DIRECTION('',(-0.00973439490203834,0.,0.999952619655497));
#4541=DIRECTION('',(0.00973439490203834,1.03313017313777E-18,-0.999952619655497));
#4542=DIRECTION('',(0.00973439490203834,1.03313017313777E-18,-0.999952619655497));
#4543=DIRECTION('',(0.999541463174595,1.06083270228919E-16,0.0302797522246957));
#4544=DIRECTION('',(0.0302797522246957,0.,-0.999541463174595));
#4545=DIRECTION('',(-0.0302797522246957,-3.2136487139964E-18,0.999541463174595));
#4546=DIRECTION('',(-0.0302797522246957,-3.2136487139964E-18,0.999541463174595));
#4547=DIRECTION('',(1.06131935629757E-16,-1.,0.));
#4548=DIRECTION('',(1.,1.06131935629757E-16,0.));
#4549=DIRECTION('',(-0.999541463174595,-1.06083270228919E-16,-0.0302797522246957));
#4550=DIRECTION('',(-0.0302797522246957,0.,0.999541463174595));
#4551=DIRECTION('',(0.0302797522246957,3.2136487139964E-18,-0.999541463174595));
#4552=DIRECTION('',(0.999541463174595,1.06083270228919E-16,0.0302797522246957));
#4553=DIRECTION('',(0.0302797522246957,0.,-0.999541463174595));
#4554=DIRECTION('',(-0.0302797522246957,-3.2136487139964E-18,0.999541463174595));
#4555=DIRECTION('',(-0.0302797522246957,-3.2136487139964E-18,0.999541463174595));
#4556=DIRECTION('',(1.06131935629757E-16,-1.,0.));
#4557=DIRECTION('',(1.,1.06131935629757E-16,0.));
#4558=DIRECTION('',(0.0302797522246957,3.2136487139964E-18,-0.999541463174595));
#4559=DIRECTION('',(-0.999952619655497,-1.06126907062084E-16,-0.00973439490203834));
#4560=DIRECTION('',(-0.00973439490203834,0.,0.999952619655497));
#4561=DIRECTION('',(0.00973439490203834,1.03313017313777E-18,-0.999952619655497));
#4562=DIRECTION('',(0.00973439490203834,1.03313017313777E-18,-0.999952619655497));
#4563=DIRECTION('',(1.,1.06131935629757E-16,0.));
#4564=DIRECTION('',(-1.06131935629757E-16,1.,0.));
#4565=DIRECTION('',(0.,0.,1.));
#4566=DIRECTION('',(0.,0.,1.));
#4567=DIRECTION('',(1.06131935629757E-16,-1.,0.));
#4568=DIRECTION('',(1.,1.06131935629757E-16,0.));
#4569=DIRECTION('',(-0.998415869342723,-1.0596380877681E-16,-0.0562650143927407));
#4570=DIRECTION('',(-0.0562650143927407,0.,0.998415869342723));
#4571=DIRECTION('',(0.0562650143927407,5.97151488573771E-18,-0.998415869342723));
#4572=DIRECTION('',(0.999541463174595,1.06083270228919E-16,0.0302797522246957));
#4573=DIRECTION('',(0.0302797522246957,0.,-0.999541463174595));
#4574=DIRECTION('',(-0.0302797522246957,-3.2136487139964E-18,0.999541463174595));
#4575=DIRECTION('',(-0.0302797522246957,-3.2136487139964E-18,0.999541463174595));
#4576=DIRECTION('',(1.06131935629757E-16,-1.,0.));
#4577=DIRECTION('',(1.,1.06131935629757E-16,0.));
#4578=DIRECTION('',(0.0562650143927407,5.97151488573771E-18,-0.998415869342723));
#4579=DIRECTION('',(-1.,-1.06131935629757E-16,0.));
#4580=DIRECTION('',(1.06131935629757E-16,-1.,0.));
#4581=DIRECTION('',(0.,0.,-1.));
#4582=DIRECTION('',(0.,0.,-1.));
#4583=DIRECTION('',(0.998201123198206,1.05941017352823E-16,0.0599542963084393));
#4584=DIRECTION('',(0.0599542963084393,0.,-0.998201123198206));
#4585=DIRECTION('',(-0.0599542963084393,-6.36306551653467E-18,0.998201123198206));
#4586=DIRECTION('',(-0.0599542963084393,-6.36306551653467E-18,0.998201123198206));
#4587=DIRECTION('',(1.06131935629757E-16,-1.,0.));
#4588=DIRECTION('',(1.,1.06131935629757E-16,0.));
#4589=DIRECTION('',(-1.,-1.06131935629757E-16,0.));
#4590=DIRECTION('',(1.06131935629757E-16,-1.,0.));
#4591=DIRECTION('',(0.,0.,-1.));
#4592=DIRECTION('',(0.,0.,-1.));
#4593=DIRECTION('',(1.,1.06131935629757E-16,0.));
#4594=DIRECTION('',(-1.06131935629757E-16,1.,0.));
#4595=DIRECTION('',(0.,0.,1.));
#4596=DIRECTION('',(0.,0.,1.));
#4597=DIRECTION('',(1.06131935629757E-16,-1.,0.));
#4598=DIRECTION('',(1.,1.06131935629757E-16,0.));
#4599=DIRECTION('',(-1.,-1.06131935629757E-16,0.));
#4600=DIRECTION('',(1.06131935629757E-16,-1.,0.));
#4601=DIRECTION('',(0.,0.,-1.));
#4602=DIRECTION('',(0.,0.,-1.));
#4603=DIRECTION('',(1.,1.06131935629757E-16,0.));
#4604=DIRECTION('',(-1.06131935629757E-16,1.,0.));
#4605=DIRECTION('',(0.,0.,1.));
#4606=DIRECTION('',(0.,0.,1.));
#4607=DIRECTION('',(1.06131935629757E-16,-1.,0.));
#4608=DIRECTION('',(1.,1.06131935629757E-16,0.));
#4609=DIRECTION('',(-1.,-1.06131935629757E-16,0.));
#4610=DIRECTION('',(1.06131935629757E-16,-1.,0.));
#4611=DIRECTION('',(0.,0.,-1.));
#4612=DIRECTION('',(0.,0.,-1.));
#4613=DIRECTION('',(1.,1.06131935629757E-16,0.));
#4614=DIRECTION('',(-1.06131935629757E-16,1.,0.));
#4615=DIRECTION('',(0.,0.,1.));
#4616=DIRECTION('',(0.,0.,1.));
#4617=DIRECTION('',(1.06131935629757E-16,-1.,0.));
#4618=DIRECTION('',(1.,1.06131935629757E-16,0.));
#4619=DIRECTION('',(-1.,-1.06131935629757E-16,0.));
#4620=DIRECTION('',(1.06131935629757E-16,-1.,0.));
#4621=DIRECTION('',(0.,0.,-1.));
#4622=DIRECTION('',(0.,0.,-1.));
#4623=DIRECTION('',(1.,1.06131935629757E-16,0.));
#4624=DIRECTION('',(-1.06131935629757E-16,1.,0.));
#4625=DIRECTION('',(0.,0.,1.));
#4626=DIRECTION('',(0.,0.,1.));
#4627=DIRECTION('',(1.06131935629757E-16,-1.,0.));
#4628=DIRECTION('',(1.,1.06131935629757E-16,0.));
#4629=DIRECTION('',(-1.,-1.06131935629757E-16,0.));
#4630=DIRECTION('',(1.06131935629757E-16,-1.,0.));
#4631=DIRECTION('',(0.,0.,-1.));
#4632=DIRECTION('',(0.,0.,-1.));
#4633=DIRECTION('',(1.,1.06131935629757E-16,0.));
#4634=DIRECTION('',(-1.06131935629757E-16,1.,0.));
#4635=DIRECTION('',(0.,0.,1.));
#4636=DIRECTION('',(0.,0.,1.));
#4637=DIRECTION('',(1.06131935629757E-16,-1.,0.));
#4638=DIRECTION('',(1.,1.06131935629757E-16,0.));
#4639=DIRECTION('',(0.,0.,-1.));
#4640=DIRECTION('',(-1.,0.,0.));
#4641=DIRECTION('',(0.0302797522246967,3.2136487139965E-18,-0.999541463174595));
#4642=DIRECTION('',(-0.999541463174595,0.,-0.0302797522246967));
#4643=DIRECTION('',(9.30348500225591E-16,9.87396871391834E-32,1.));
#4644=DIRECTION('',(1.,0.,-9.30348500225591E-16));
#4645=DIRECTION('',(0.,0.,-1.));
#4646=DIRECTION('',(-1.,0.,0.));
#4647=DIRECTION('',(0.,0.,1.));
#4648=DIRECTION('',(1.,0.,0.));
#4649=DIRECTION('',(0.0302797522246957,3.2136487139964E-18,-0.999541463174595));
#4650=DIRECTION('',(-0.999541463174595,0.,-0.0302797522246957));
#4651=DIRECTION('',(0.,0.,1.));
#4652=DIRECTION('',(1.,0.,0.));
#4653=DIRECTION('',(0.0302797522246957,3.2136487139964E-18,-0.999541463174595));
#4654=DIRECTION('',(-0.999541463174595,0.,-0.0302797522246957));
#4655=DIRECTION('',(-0.0302797522246957,-3.2136487139964E-18,0.999541463174595));
#4656=DIRECTION('',(0.999541463174595,0.,0.0302797522246957));
#4657=DIRECTION('',(0.0302797522246957,3.2136487139964E-18,-0.999541463174595));
#4658=DIRECTION('',(-0.999541463174595,0.,-0.0302797522246957));
#4659=DIRECTION('',(-0.0302797522246957,-3.2136487139964E-18,0.999541463174595));
#4660=DIRECTION('',(0.999541463174595,0.,0.0302797522246957));
#4661=DIRECTION('',(0.0302797522246957,3.2136487139964E-18,-0.999541463174595));
#4662=DIRECTION('',(-0.999541463174595,0.,-0.0302797522246957));
#4663=DIRECTION('',(0.,0.,1.));
#4664=DIRECTION('',(1.,0.,0.));
#4665=DIRECTION('',(0.0302797522246957,3.2136487139964E-18,-0.999541463174595));
#4666=DIRECTION('',(-0.999541463174595,0.,-0.0302797522246957));
#4667=DIRECTION('',(-0.0302797522246957,-3.2136487139964E-18,0.999541463174595));
#4668=DIRECTION('',(0.999541463174595,0.,0.0302797522246957));
#4669=DIRECTION('',(0.0302797522246957,3.2136487139964E-18,-0.999541463174595));
#4670=DIRECTION('',(-0.999541463174595,0.,-0.0302797522246957));
#4671=DIRECTION('',(-0.0302797522246957,-3.2136487139964E-18,0.999541463174595));
#4672=DIRECTION('',(0.999541463174595,0.,0.0302797522246957));
#4673=DIRECTION('',(0.0302797522246957,3.2136487139964E-18,-0.999541463174595));
#4674=DIRECTION('',(-0.999541463174595,0.,-0.0302797522246957));
#4675=DIRECTION('',(-0.0302797522246957,-3.2136487139964E-18,0.999541463174595));
#4676=DIRECTION('',(0.999541463174595,0.,0.0302797522246957));
#4677=DIRECTION('',(0.0302797522246957,3.2136487139964E-18,-0.999541463174595));
#4678=DIRECTION('',(-0.999541463174595,0.,-0.0302797522246957));
#4679=DIRECTION('',(-0.0302797522246957,-3.2136487139964E-18,0.999541463174595));
#4680=DIRECTION('',(0.999541463174595,0.,0.0302797522246957));
#4681=DIRECTION('',(0.0302797522246957,3.2136487139964E-18,-0.999541463174595));
#4682=DIRECTION('',(-0.999541463174595,0.,-0.0302797522246957));
#4683=DIRECTION('',(0.,0.,1.));
#4684=DIRECTION('',(1.,0.,0.));
#4685=DIRECTION('',(0.0302797522246957,3.2136487139964E-18,-0.999541463174595));
#4686=DIRECTION('',(-0.999541463174595,0.,-0.0302797522246957));
#4687=DIRECTION('',(-0.00973439490203834,-1.03313017313777E-18,0.999952619655497));
#4688=DIRECTION('',(0.999952619655497,0.,0.00973439490203834));
#4689=DIRECTION('',(0.0302797522246957,3.2136487139964E-18,-0.999541463174595));
#4690=DIRECTION('',(-0.999541463174595,0.,-0.0302797522246957));
#4691=DIRECTION('',(0.0302797522246957,3.2136487139964E-18,-0.999541463174595));
#4692=DIRECTION('',(-0.999541463174595,0.,-0.0302797522246957));
#4693=DIRECTION('',(0.,0.,-1.));
#4694=DIRECTION('',(-1.,0.,0.));
#4695=DIRECTION('',(-0.00973439490203834,-1.03313017313777E-18,0.999952619655497));
#4696=DIRECTION('',(0.999952619655497,0.,0.00973439490203834));
#4697=DIRECTION('',(0.0302797522246957,3.2136487139964E-18,-0.999541463174595));
#4698=DIRECTION('',(-0.999541463174595,0.,-0.0302797522246957));
#4699=DIRECTION('',(0.0562650143927407,5.97151488573771E-18,-0.998415869342723));
#4700=DIRECTION('',(-0.998415869342723,0.,-0.0562650143927407));
#4701=DIRECTION('',(0.0599542963084393,6.36306551653466E-18,-0.998201123198206));
#4702=DIRECTION('',(-0.998201123198206,0.,-0.0599542963084393));
#4703=DIRECTION('',(0.,0.,1.));
#4704=DIRECTION('',(1.,0.,0.));
#4705=DIRECTION('',(0.,0.,-1.));
#4706=DIRECTION('',(-1.,0.,0.));
#4707=DIRECTION('',(0.,0.,1.));
#4708=DIRECTION('',(1.,0.,0.));
#4709=DIRECTION('',(0.,0.,-1.));
#4710=DIRECTION('',(-1.,0.,0.));
#4711=DIRECTION('',(0.,0.,1.));
#4712=DIRECTION('',(1.,0.,0.));
#4713=DIRECTION('',(0.,0.,-1.));
#4714=DIRECTION('',(-1.,0.,0.));
#4715=DIRECTION('',(0.,0.,1.));
#4716=DIRECTION('',(1.,0.,0.));
#4717=DIRECTION('',(0.,0.,-1.));
#4718=DIRECTION('',(-1.,0.,0.));
#4719=DIRECTION('',(0.,0.,1.));
#4720=DIRECTION('',(1.,0.,0.));
#4721=DIRECTION('',(0.,0.,-1.));
#4722=DIRECTION('',(-1.,0.,0.));
#4723=DIRECTION('',(0.,0.,1.));
#4724=DIRECTION('',(1.,0.,0.));
#4725=DIRECTION('',(0.,0.,1.));
#4726=DIRECTION('',(1.,0.,0.));
#4727=DIRECTION('',(0.,0.,1.));
#4728=DIRECTION('',(1.,0.,0.));
#4729=DIRECTION('',(0.,0.,1.));
#4730=DIRECTION('',(1.,0.,0.));
#4731=DIRECTION('',(0.,-1.,0.));
#4732=DIRECTION('',(1.,0.,0.));
#4733=DIRECTION('',(0.,1.,0.));
#4734=DIRECTION('',(0.999999265559882,0.00121197347217547,0.));
#4735=DIRECTION('',(-0.00121197347217547,0.999999265559882,0.));
#4736=DIRECTION('',(-0.999999265559882,-0.00121197347217547,0.));
#4737=DIRECTION('',(0.,0.,-1.));
#4738=DIRECTION('',(0.707106521522611,0.000856994975499167,0.707106521522611));
#4739=DIRECTION('',(0.,0.,-1.));
#4740=DIRECTION('',(0.999999265559882,0.00121197347217547,0.));
#4741=DIRECTION('',(1.,0.,0.));
#4742=DIRECTION('',(0.,0.,-1.));
#4743=DIRECTION('',(0.,-1.,0.));
#4744=DIRECTION('',(1.,0.,0.));
#4745=DIRECTION('',(0.,0.,-1.));
#4746=DIRECTION('',(0.,1.,0.));
#4747=DIRECTION('',(-0.999595938139609,-0.028424645200874,0.));
#4748=DIRECTION('',(0.028424645200874,-0.999595938139609,0.));
#4749=DIRECTION('',(0.028424645200874,-0.999595938139609,0.));
#4750=DIRECTION('',(-0.999595938139609,-0.028424645200874,0.));
#4751=DIRECTION('',(-0.028424645200874,0.999595938139609,0.));
#4752=DIRECTION('',(-0.028424645200874,0.999595938139609,0.));
#4753=DIRECTION('',(0.,0.,-1.));
#4754=DIRECTION('',(-0.00121197347217547,0.999999265559882,0.));
#4755=DIRECTION('',(-0.999999265559882,-0.00121197347217547,0.));
#4756=DIRECTION('',(0.999999265559882,0.00121197347217547,0.));
#4757=DIRECTION('',(0.70723721099859,0.000857153367793476,-0.706975807695737));
#4758=DIRECTION('',(0.999999265559882,0.00121197347217547,0.));
#4759=DIRECTION('',(0.,0.,-1.));
#4760=DIRECTION('',(-1.,-2.23765811607727E-16,0.));
#4761=DIRECTION('',(2.23765811607727E-16,-1.,0.));
#4762=DIRECTION('',(0.,0.,-1.));
#4763=DIRECTION('',(-1.,-2.23765811607727E-16,0.));
#4764=DIRECTION('',(2.23765811607727E-16,-1.,0.));
#4765=DIRECTION('',(-2.23765811607727E-16,1.,0.));
#4766=DIRECTION('',(-2.23765811607727E-16,1.,0.));
#4767=DIRECTION('',(1.06131935629757E-16,-1.,0.));
#4768=DIRECTION('',(1.,1.06131935629757E-16,0.));
#4769=DIRECTION('',(0.,0.,-1.));
#4770=DIRECTION('',(-1.,0.,0.));
#4771=DIRECTION('',(-1.,-1.06131935629757E-16,0.));
#4772=DIRECTION('',(-1.,0.,0.));
#4773=DIRECTION('',(0.,0.,1.));
#4774=DIRECTION('',(-1.,0.,0.));
#4775=DIRECTION('',(0.,0.,1.));
#4776=DIRECTION('',(0.,1.,0.));
#4777=DIRECTION('',(0.,0.,1.));
#4778=DIRECTION('',(1.,0.,0.));
#4779=DIRECTION('',(1.,0.,0.));
#4780=DIRECTION('',(-0.028424645200874,0.999595938139609,0.));
#4781=DIRECTION('',(0.,0.,1.));
#4782=DIRECTION('',(1.,0.,0.));
#4783=DIRECTION('',(-1.,0.,0.));
#4784=DIRECTION('',(-0.707106781186548,0.,0.707106781186548));
#4785=DIRECTION('',(0.,1.,0.));
#4786=DIRECTION('',(-0.707106781186548,0.,0.707106781186548));
#4787=DIRECTION('',(-0.707106781186548,0.,-0.707106781186548));
#4788=DIRECTION('',(0.706821066305045,0.0200992593743597,0.707106781186548));
#4789=DIRECTION('',(0.028424645200874,-0.999595938139609,0.));
#4790=DIRECTION('',(0.706821066305045,0.0200992593743597,0.707106781186548));
#4791=DIRECTION('',(-0.707392380668182,0.0200830265227163,0.706535697483354));
#4792=DIRECTION('',(-1.,0.,0.));
#4793=DIRECTION('',(0.,0.,1.));
#4794=DIRECTION('',(0.,0.,1.));
#4795=DIRECTION('',(1.,0.,0.));
#4796=DIRECTION('',(0.,0.,1.));
#4797=DIRECTION('',(1.,0.,0.));
#4798=DIRECTION('',(-2.23765811607727E-16,1.,0.));
#4799=DIRECTION('',(-1.,-2.12263871259514E-16,0.));
#4800=DIRECTION('',(0.,1.,0.));
#4801=DIRECTION('',(-1.,-1.06131935629757E-16,0.));
#4802=DIRECTION('',(0.,0.,1.));
#4803=DIRECTION('',(1.,0.,0.));
#4804=DIRECTION('',(0.,1.,0.));
#4805=DIRECTION('',(0.,0.,1.));
#4806=DIRECTION('',(1.,0.,0.));
#4807=DIRECTION('',(1.,2.12263871259514E-16,0.));
#4808=DIRECTION('',(2.23765811607727E-16,-1.,0.));
#4809=DIRECTION('',(0.,0.,1.));
#4810=DIRECTION('',(1.,0.,0.));
#4811=DIRECTION('',(-1.,-1.06131935629757E-16,0.));
#4812=DIRECTION('',(0.,0.,1.));
#4813=DIRECTION('',(1.,0.,0.));
#4814=DIRECTION('',(0.,1.,0.));
#4815=DIRECTION('',(0.,0.,1.));
#4816=DIRECTION('',(0.,1.,0.));
#4817=DIRECTION('',(0.,0.,1.));
#4818=DIRECTION('',(0.,1.,0.));
#4819=DIRECTION('',(0.,0.,1.));
#4820=DIRECTION('',(-1.,-1.06131935629757E-16,0.));
#4821=DIRECTION('',(1.06131935629757E-16,-1.,0.));
#4822=DIRECTION('',(-1.,-1.06131935629757E-16,0.));
#4823=DIRECTION('',(1.06131935629757E-16,-1.,0.));
#4824=DIRECTION('',(-1.,0.,0.));
#4825=DIRECTION('',(0.,0.,1.));
#4826=DIRECTION('',(1.06131935629757E-16,-1.,0.));
#4827=DIRECTION('',(1.,1.06131935629757E-16,0.));
#4828=DIRECTION('',(-1.,-2.23765811607727E-16,0.));
#4829=DIRECTION('',(2.23765811607727E-16,-1.,0.));
#4830=DIRECTION('',(0.,1.,-2.61289935115481E-15));
#4831=DIRECTION('',(0.,2.61289935115481E-15,1.));
#4832=DIRECTION('',(2.23765811607727E-16,-1.,0.));
#4833=DIRECTION('',(1.,2.23765811607727E-16,0.));
#4834=DIRECTION('',(0.707106781186548,-0.707106781186547,0.));
#4835=DIRECTION('',(-0.707106781186547,-0.707106781186548,0.));
#4836=DIRECTION('',(1.,2.12263871259514E-16,0.));
#4837=DIRECTION('',(-2.12263871259514E-16,1.,0.));
#4838=DIRECTION('',(-1.,0.,0.));
#4839=DIRECTION('',(0.,0.,1.));
#4840=DIRECTION('',(2.12263871259514E-16,-1.,0.));
#4841=DIRECTION('',(1.,2.12263871259514E-16,0.));
#4842=DIRECTION('',(0.,0.,1.));
#4843=DIRECTION('',(1.,0.,0.));
#4844=DIRECTION('',(1.06131935629757E-16,-1.,0.));
#4845=DIRECTION('',(1.,1.06131935629757E-16,0.));
#4846=DIRECTION('',(-1.,-1.06131935629757E-16,0.));
#4847=DIRECTION('',(0.,0.,-1.));
#4848=DIRECTION('',(-1.,-1.06131935629757E-16,0.));
#4849=DIRECTION('',(0.,0.,-1.));
#4850=DIRECTION('',(-1.,-2.23765811607727E-16,0.));
#4851=DIRECTION('',(2.23765811607727E-16,-1.,0.));
#4852=DIRECTION('',(-2.23765811607727E-16,1.,0.));
#4853=DIRECTION('',(0.,0.,-1.));
#4854=DIRECTION('',(-2.23765811607727E-16,1.,0.));
#4855=DIRECTION('',(2.12263871259514E-16,-1.,0.));
#4856=DIRECTION('',(1.,2.12263871259514E-16,0.));
#4857=DIRECTION('',(-1.,-2.12263871259514E-16,0.));
#4858=DIRECTION('',(0.,0.,-1.));
#4859=DIRECTION('',(-1.,-2.12263871259514E-16,0.));
#4860=DIRECTION('',(-1.,0.,0.));
#4861=DIRECTION('',(0.,0.,1.));
#4862=DIRECTION('',(0.,1.,0.));
#4863=DIRECTION('',(0.,1.,0.));
#4864=DIRECTION('',(0.,0.,1.));
#4865=DIRECTION('',(1.,0.,0.));
#4866=DIRECTION('',(0.,0.,1.));
#4867=DIRECTION('',(1.,0.,0.));
#4868=DIRECTION('',(0.,0.,1.));
#4869=DIRECTION('',(1.,0.,0.));
#4870=DIRECTION('',(1.06131935629757E-16,-1.,0.));
#4871=DIRECTION('',(1.,1.06131935629757E-16,0.));
#4872=DIRECTION('',(-0.999975947197957,-1.06129382859319E-16,0.0069357786548114));
#4873=DIRECTION('',(-3.65256026961002E-16,-3.87653291418059E-32,1.));
#4874=DIRECTION('',(1.,1.06131935629757E-16,0.));
#4875=DIRECTION('',(0.,0.,-1.));
#4876=DIRECTION('',(-0.999982074587351,-1.06130033171016E-16,0.00598752903778417));
#4877=DIRECTION('',(-3.36915636653811E-16,-3.57575086620009E-32,1.));
#4878=DIRECTION('',(1.,1.06131935629757E-16,1.71552898752659E-16));
#4879=DIRECTION('',(0.,0.,-1.));
#4880=DIRECTION('',(0.,0.,-1.));
#4881=DIRECTION('',(-1.,-1.06131935629757E-16,0.));
#4882=DIRECTION('',(2.5101486840304E-16,2.66406938554634E-32,1.));
#4883=DIRECTION('',(1.,1.06131935629757E-16,0.));
#4884=DIRECTION('',(-1.,-1.06131935629757E-16,0.));
#4885=DIRECTION('',(0.,0.,-1.));
#4886=DIRECTION('',(-1.,-1.06131935629757E-16,0.));
#4887=DIRECTION('',(0.,0.,-1.));
#4888=DIRECTION('',(0.,0.,1.));
#4889=DIRECTION('',(1.,1.06131935629757E-16,2.29490356989674E-16));
#4890=DIRECTION('',(2.20102313266783E-16,2.33598845435909E-32,-1.));
#4891=DIRECTION('',(-1.,-1.06131935629757E-16,-3.44235535484511E-16));
#4892=DIRECTION('',(-1.,-2.23765811607727E-16,0.));
#4893=DIRECTION('',(2.23765811607727E-16,-1.,0.));
#4894=DIRECTION('',(-2.23765811607727E-16,1.,0.));
#4895=DIRECTION('',(0.,0.,-1.));
#4896=DIRECTION('',(-2.23765811607727E-16,1.,0.));
#4897=DIRECTION('',(2.12263871259514E-16,-1.,0.));
#4898=DIRECTION('',(1.,2.12263871259514E-16,0.));
#4899=DIRECTION('',(-1.,-2.12263871259514E-16,0.));
#4900=DIRECTION('',(0.,0.,-1.));
#4901=DIRECTION('',(-1.,-2.12263871259514E-16,0.));
#4902=DIRECTION('',(-1.,0.,0.));
#4903=DIRECTION('',(0.,0.,1.));
#4904=DIRECTION('',(0.,1.,0.));
#4905=DIRECTION('',(0.,1.,0.));
#4906=DIRECTION('',(0.,0.,1.));
#4907=DIRECTION('',(1.,0.,0.));
#4908=DIRECTION('',(0.,0.,1.));
#4909=DIRECTION('',(1.,0.,0.));
#4910=DIRECTION('',(-1.,-1.06131935629757E-16,0.));
#4911=DIRECTION('',(1.06131935629757E-16,-1.,0.));
#4912=DIRECTION('',(1.06131935629757E-16,-1.,0.));
#4913=DIRECTION('',(0.,0.,-1.));
#4914=DIRECTION('',(1.06131935629757E-16,-1.,0.));
#4915=DIRECTION('',(0.,0.,-1.));
#4916=DIRECTION('',(-1.,0.,0.));
#4917=DIRECTION('',(1.06131935629757E-16,-1.,0.));
#4918=DIRECTION('',(1.,1.06131935629757E-16,0.));
#4919=DIRECTION('',(1.,1.06131935629757E-16,-2.5101486840304E-16));
#4920=DIRECTION('',(-2.5101486840304E-16,0.,-1.));
#4921=DIRECTION('',(1.06131935629757E-16,-1.,0.));
#4922=DIRECTION('',(2.5101486840304E-16,2.66406938554634E-32,1.));
#4923=DIRECTION('',(0.,0.,1.));
#4924=DIRECTION('',(1.,0.,0.));
#4925=DIRECTION('',(-1.,-1.06131935629757E-16,0.));
#4926=DIRECTION('',(1.06131935629757E-16,-1.,0.));
#4927=DIRECTION('',(1.,1.06131935629757E-16,0.));
#4928=DIRECTION('',(0.00598752903778417,6.35468046419411E-19,0.999982074587351));
#4929=DIRECTION('',(0.999982074587351,0.,-0.00598752903778417));
#4930=DIRECTION('',(1.06131935629757E-16,-1.,0.));
#4931=DIRECTION('',(-0.999982074587351,-1.06130033171016E-16,0.00598752903778417));
#4932=DIRECTION('',(1.06131935629757E-16,-1.,0.));
#4933=DIRECTION('',(-1.,-1.06131935629757E-16,0.));
#4934=DIRECTION('',(1.06131935629757E-16,-1.,0.));
#4935=DIRECTION('',(1.06131935629757E-16,-1.,0.));
#4936=DIRECTION('',(0.,0.,-1.));
#4937=DIRECTION('',(1.71552898752659E-16,1.82072412075154E-32,-1.));
#4938=DIRECTION('',(-1.,0.,-1.71552898752659E-16));
#4939=DIRECTION('',(1.06131935629757E-16,-1.,0.));
#4940=DIRECTION('',(1.,1.06131935629757E-16,1.71552898752659E-16));
#4941=DIRECTION('',(1.,1.06131935629757E-16,3.36915636653812E-16));
#4942=DIRECTION('',(3.36915636653812E-16,0.,-1.));
#4943=DIRECTION('',(-3.36915636653811E-16,-3.57575086620009E-32,1.));
#4944=DIRECTION('',(1.06131935629757E-16,-1.,0.));
#4945=DIRECTION('',(1.,1.06131935629757E-16,0.));
#4946=DIRECTION('',(2.29490356989674E-16,2.43562557956781E-32,-1.));
#4947=DIRECTION('',(-1.,0.,-2.29490356989674E-16));
#4948=DIRECTION('',(1.06131935629757E-16,-1.,0.));
#4949=DIRECTION('',(1.,1.06131935629757E-16,2.29490356989674E-16));
#4950=DIRECTION('',(1.06131935629757E-16,-1.,0.));
#4951=DIRECTION('',(1.,1.06131935629757E-16,0.));
#4952=DIRECTION('',(-1.06131935629757E-16,1.,0.));
#4953=DIRECTION('',(1.06131935629757E-16,-1.,0.));
#4954=DIRECTION('',(0.,0.,1.));
#4955=DIRECTION('',(-3.44235535484511E-16,-3.65343836935171E-32,1.));
#4956=DIRECTION('',(1.,0.,3.44235535484511E-16));
#4957=DIRECTION('',(1.06131935629757E-16,-1.,0.));
#4958=DIRECTION('',(-1.,-1.06131935629757E-16,-3.44235535484511E-16));
#4959=DIRECTION('',(-1.,-1.06131935629757E-16,-2.20102313266783E-16));
#4960=DIRECTION('',(-2.20102313266783E-16,0.,1.));
#4961=DIRECTION('',(2.20102313266783E-16,2.33598845435909E-32,-1.));
#4962=DIRECTION('',(1.06131935629757E-16,-1.,0.));
#4963=DIRECTION('',(1.,1.06131935629757E-16,0.));
#4964=DIRECTION('',(0.0069357786548114,7.36107613734686E-19,0.999975947197957));
#4965=DIRECTION('',(0.999975947197957,0.,-0.0069357786548114));
#4966=DIRECTION('',(1.06131935629757E-16,-1.,0.));
#4967=DIRECTION('',(-0.999975947197957,-1.06129382859319E-16,0.0069357786548114));
#4968=DIRECTION('',(1.06131935629757E-16,-1.,0.));
#4969=DIRECTION('',(-1.,-1.06131935629757E-16,0.));
#4970=DIRECTION('',(1.06131935629757E-16,-1.,0.));
#4971=DIRECTION('',(1.06131935629757E-16,-1.,0.));
#4972=DIRECTION('',(0.,0.,-1.));
#4973=DIRECTION('',(0.,0.,-1.));
#4974=DIRECTION('',(-1.,0.,0.));
#4975=DIRECTION('',(1.06131935629757E-16,-1.,0.));
#4976=DIRECTION('',(1.,1.06131935629757E-16,0.));
#4977=DIRECTION('',(1.,1.06131935629757E-16,3.65256026961002E-16));
#4978=DIRECTION('',(3.65256026961002E-16,0.,-1.));
#4979=DIRECTION('',(-3.65256026961002E-16,-3.87653291418059E-32,1.));
#4980=DIRECTION('',(1.06131935629757E-16,-1.,0.));
#4981=DIRECTION('',(1.,1.06131935629757E-16,0.));
#4982=CARTESIAN_POINT('',(0.,0.,0.));
#4983=CARTESIAN_POINT('',(-0.0448413475402033,0.0522972549937763,0.03));
#4984=CARTESIAN_POINT('',(-0.0448413475402033,0.0522972549937763,0.0581354046622785));
#4985=CARTESIAN_POINT('',(-0.0774830065114576,0.0522972549937763,0.0581354046622785));
#4986=CARTESIAN_POINT('',(-0.0769784978453132,0.0522972549937763,0.0581354046622785));
#4987=CARTESIAN_POINT('',(-0.0769784978453132,0.0522972549937763,0.06));
#4988=CARTESIAN_POINT('',(-0.0769784978453132,0.0522972549937763,0.06));
#4989=CARTESIAN_POINT('',(-0.0448413475402033,0.0522972549937763,0.06));
#4990=CARTESIAN_POINT('',(-0.0774830065114576,0.0522972549937763,0.06));
#4991=CARTESIAN_POINT('',(-0.0774830065114576,0.0522972549937763,0.0581354046622785));
#4992=CARTESIAN_POINT('',(-0.0448413475402033,0.0522972549937763,0.03));
#4993=CARTESIAN_POINT('',(-0.0448413475402033,0.0522972549937763,0.0581354046622785));
#4994=CARTESIAN_POINT('',(-0.0681463003770002,0.0522972549937763,0.0581354046622785));
#4995=CARTESIAN_POINT('',(-0.0663749437295211,0.0522972549937763,0.0581354046622785));
#4996=CARTESIAN_POINT('',(-0.0663749437295211,0.0522972549937763,0.06));
#4997=CARTESIAN_POINT('',(-0.0663749437295211,0.0522972549937763,0.06));
#4998=CARTESIAN_POINT('',(-0.0448413475402033,0.0522972549937763,0.06));
#4999=CARTESIAN_POINT('',(-0.0681463003770002,0.0522972549937763,0.06));
#5000=CARTESIAN_POINT('',(-0.0681463003770002,0.0522972549937763,0.0581354046622785));
#5001=CARTESIAN_POINT('',(-0.0448413475402033,0.0522972549937763,0.03));
#5002=CARTESIAN_POINT('',(-0.0448413475402033,0.0522972549937763,0.0581354046622785));
#5003=CARTESIAN_POINT('',(-0.0757775133780787,0.0522972549937763,0.0581354046622785));
#5004=CARTESIAN_POINT('',(-0.0744534512332261,0.0522972549937763,0.0581354046622785));
#5005=CARTESIAN_POINT('',(-0.0744534512332261,0.0522972549937763,0.06));
#5006=CARTESIAN_POINT('',(-0.0744534512332261,0.0522972549937763,0.06));
#5007=CARTESIAN_POINT('',(-0.0448413475402033,0.0522972549937763,0.06));
#5008=CARTESIAN_POINT('',(-0.0757775133780787,0.0522972549937763,0.06));
#5009=CARTESIAN_POINT('',(-0.0757775133780787,0.0522972549937763,0.0581354046622785));
#5010=CARTESIAN_POINT('',(-0.0448413475402033,0.0522972549937763,0.03));
#5011=CARTESIAN_POINT('',(-0.0448413475402033,0.0522972549937763,0.0581354046622785));
#5012=CARTESIAN_POINT('',(-0.0705290655803123,0.0522972549937763,0.0581354046622785));
#5013=CARTESIAN_POINT('',(-0.0696890626796904,0.0522972549937763,0.0581354046622785));
#5014=CARTESIAN_POINT('',(-0.0696890626796904,0.0522972549937763,0.06));
#5015=CARTESIAN_POINT('',(-0.0696890626796904,0.0522972549937763,0.06));
#5016=CARTESIAN_POINT('',(-0.0448413475402033,0.0522972549937763,0.06));
#5017=CARTESIAN_POINT('',(-0.0705290655803123,0.0522972549937763,0.06));
#5018=CARTESIAN_POINT('',(-0.0705290655803123,0.0522972549937763,0.0581354046622785));
#5019=CARTESIAN_POINT('',(-0.0448413475402033,0.0522972549937763,0.03));
#5020=CARTESIAN_POINT('',(-0.0448413475402033,0.0522972549937763,0.0581354046622785));
#5021=CARTESIAN_POINT('',(-0.0730855708997719,0.0522972549937763,0.0581354046622785));
#5022=CARTESIAN_POINT('',(-0.071878455759411,0.0522972549937763,0.0581354046622785));
#5023=CARTESIAN_POINT('',(-0.071878455759411,0.0522972549937763,0.06));
#5024=CARTESIAN_POINT('',(-0.071878455759411,0.0522972549937763,0.06));
#5025=CARTESIAN_POINT('',(-0.0448413475402033,0.0522972549937763,0.06));
#5026=CARTESIAN_POINT('',(-0.0730855708997719,0.0522972549937763,0.06));
#5027=CARTESIAN_POINT('',(-0.0730855708997719,0.0522972549937763,0.0581354046622785));
#5028=CARTESIAN_POINT('',(-0.0448413475402033,0.0522972549937763,0.03));
#5029=CARTESIAN_POINT('',(-0.0448413475402033,0.0522972549937763,0.0581354046622785));
#5030=CARTESIAN_POINT('',(-0.06473215088299,0.0522972549937763,0.0581354046622785));
#5031=CARTESIAN_POINT('',(-0.0636221526324322,0.0522972549937763,0.0581354046622785));
#5032=CARTESIAN_POINT('',(-0.0636221526324322,0.0522972549937763,0.06));
#5033=CARTESIAN_POINT('',(-0.0636221526324322,0.0522972549937763,0.06));
#5034=CARTESIAN_POINT('',(-0.0448413475402033,0.0522972549937763,0.06));
#5035=CARTESIAN_POINT('',(-0.06473215088299,0.0522972549937763,0.06));
#5036=CARTESIAN_POINT('',(-0.06473215088299,0.0522972549937763,0.0581354046622785));
#5037=CARTESIAN_POINT('',(-0.0448413475402033,0.0522972549937763,0.03));
#5038=CARTESIAN_POINT('',(-0.0448413475402033,0.0522972549937763,0.06));
#5039=CARTESIAN_POINT('',(-0.060599219780058,0.0522972549937763,0.06));
#5040=CARTESIAN_POINT('',(-0.0621515526515595,0.0522972549937763,0.06));
#5041=CARTESIAN_POINT('',(-0.0620397345618839,0.0522972549937763,0.0581382995117839));
#5042=CARTESIAN_POINT('',(-0.0620395606904456,0.0522972549937763,0.0581354046622785));
#5043=CARTESIAN_POINT('',(-0.0448413475402033,0.0522972549937763,0.0581354046622785));
#5044=CARTESIAN_POINT('',(-0.0604941418393572,0.0522972549937763,0.0581354046622785));
#5045=CARTESIAN_POINT('',(-0.0605466808097076,0.0522972549937763,0.0590677023311393));
#5046=CARTESIAN_POINT('',(-0.0448413475402033,0.0522972549937763,0.03));
#5047=CARTESIAN_POINT('',(-0.0448413475402033,0.0522972549937763,0.0581354046622785));
#5048=CARTESIAN_POINT('',(-0.0590740571546509,0.0522972549937763,0.0581354046622785));
#5049=CARTESIAN_POINT('',(-0.0579178777183294,0.0522972549937763,0.0581354046622785));
#5050=CARTESIAN_POINT('',(-0.0579360247101476,0.0522972549937763,0.0599995299818361));
#5051=CARTESIAN_POINT('',(-0.0579360292857068,0.0522972549937763,0.06));
#5052=CARTESIAN_POINT('',(-0.0448413475402033,0.0522972549937763,0.06));
#5053=CARTESIAN_POINT('',(-0.0591305425401057,0.0522972549937763,0.06));
#5054=CARTESIAN_POINT('',(-0.0590741014450405,0.0522972549937763,0.0581368666980482));
#5055=CARTESIAN_POINT('',(-0.0448413475402033,0.0522972549937763,0.03));
#5056=CARTESIAN_POINT('',(-0.0448413475402033,0.0522972549937763,0.06));
#5057=CARTESIAN_POINT('',(-0.0554964348122759,0.0522972549937763,0.06));
#5058=CARTESIAN_POINT('',(-0.056809324941297,0.0522972549937763,0.06));
#5059=CARTESIAN_POINT('',(-0.056809324941297,0.0522972549937763,0.0581354046622785));
#5060=CARTESIAN_POINT('',(-0.056809324941297,0.0522972549937763,0.0581354046622785));
#5061=CARTESIAN_POINT('',(-0.0448413475402033,0.0522972549937763,0.0581354046622785));
#5062=CARTESIAN_POINT('',(-0.055439949426821,0.0522972549937763,0.0581354046622785));
#5063=CARTESIAN_POINT('',(-0.0554681921195484,0.0522972549937763,0.0590677023311393));
#5064=CARTESIAN_POINT('',(-0.0448413475402033,0.0522972549937763,0.03));
#5065=CARTESIAN_POINT('',(-0.0448413475402033,0.0522972549937763,0.0581354046622785));
#5066=CARTESIAN_POINT('',(-0.05377678603028,0.0522972549937763,0.0581354046622785));
#5067=CARTESIAN_POINT('',(-0.0524151634055485,0.0522972549937763,0.0581354046622785));
#5068=CARTESIAN_POINT('',(-0.0524333103973667,0.0522972549937763,0.0599995299818361));
#5069=CARTESIAN_POINT('',(-0.0524333149729259,0.0522972549937763,0.06));
#5070=CARTESIAN_POINT('',(-0.0448413475402033,0.0522972549937763,0.06));
#5071=CARTESIAN_POINT('',(-0.0538332714157348,0.0522972549937763,0.06));
#5072=CARTESIAN_POINT('',(-0.0537768303206696,0.0522972549937763,0.0581368666980482));
#5073=CARTESIAN_POINT('',(-0.0448413475402033,0.0522972549937763,0.03));
#5074=CARTESIAN_POINT('',(-0.0448413475402033,0.0522972549937763,0.0581354046622785));
#5075=CARTESIAN_POINT('',(-0.050745161693018,0.0522972549937763,0.0581354046622785));
#5076=CARTESIAN_POINT('',(-0.0492526210735493,0.0522972549937763,0.0581354046622785));
#5077=CARTESIAN_POINT('',(-0.0492526210735493,0.0522972549937763,0.06));
#5078=CARTESIAN_POINT('',(-0.0492526210735493,0.0522972549937763,0.06));
#5079=CARTESIAN_POINT('',(-0.0448413475402033,0.0522972549937763,0.06));
#5080=CARTESIAN_POINT('',(-0.0508016470784728,0.0522972549937763,0.06));
#5081=CARTESIAN_POINT('',(-0.0507452059834076,0.0522972549937763,0.0581368666980482));
#5082=CARTESIAN_POINT('',(-0.0448413475402033,0.0522972549937763,0.03));
#5083=CARTESIAN_POINT('',(-0.0448413475402033,0.0522972549937763,0.0581354046622785));
#5084=CARTESIAN_POINT('',(-0.0475766879014528,0.0522972549937763,0.0581354046622785));
#5085=CARTESIAN_POINT('',(-0.0460351358986969,0.0522972549937763,0.0581354046622785));
#5086=CARTESIAN_POINT('',(-0.0460915769937621,0.0522972549937763,0.0599985379642303));
#5087=CARTESIAN_POINT('',(-0.0460916212841517,0.0522972549937763,0.06));
#5088=CARTESIAN_POINT('',(-0.0448413475402033,0.0522972549937763,0.06));
#5089=CARTESIAN_POINT('',(-0.0476331732869077,0.0522972549937763,0.06));
#5090=CARTESIAN_POINT('',(-0.0475767321918425,0.0522972549937763,0.0581368666980482));
#5091=CARTESIAN_POINT('',(-0.0448413475402033,0.0522972549937763,0.03));
#5092=CARTESIAN_POINT('',(-0.0448413475402033,0.0522972549937763,0.0581354046622785));
#5093=CARTESIAN_POINT('',(-0.0443590060496628,0.0522972549937763,0.0581354046622785));
#5094=CARTESIAN_POINT('',(-0.0434149845998385,0.0522972549937763,0.0581354046622785));
#5095=CARTESIAN_POINT('',(-0.0434714256949037,0.0522972549937763,0.0599985379642303));
#5096=CARTESIAN_POINT('',(-0.0434714699852933,0.0522972549937763,0.06));
#5097=CARTESIAN_POINT('',(-0.0448413475402033,0.0522972549937763,0.06));
#5098=CARTESIAN_POINT('',(-0.0444154914351177,0.0522972549937763,0.06));
#5099=CARTESIAN_POINT('',(-0.0443590503400524,0.0522972549937763,0.0581368666980482));
#5100=CARTESIAN_POINT('',(-0.0448413475402033,0.0522972549937763,0.03));
#5101=CARTESIAN_POINT('',(-0.0448413475402033,0.0522972549937763,0.0581354046622785));
#5102=CARTESIAN_POINT('',(-0.0410739075719306,0.0522972549937763,0.0581354046622785));
#5103=CARTESIAN_POINT('',(-0.0395116753931974,0.0522972549937763,0.0581354046622785));
#5104=CARTESIAN_POINT('',(-0.0395681164882626,0.0522972549937763,0.0599985379642303));
#5105=CARTESIAN_POINT('',(-0.0395681607786523,0.0522972549937763,0.06));
#5106=CARTESIAN_POINT('',(-0.0448413475402033,0.0522972549937763,0.06));
#5107=CARTESIAN_POINT('',(-0.0411303929573855,0.0522972549937763,0.06));
#5108=CARTESIAN_POINT('',(-0.0410739518623203,0.0522972549937763,0.0581368666980482));
#5109=CARTESIAN_POINT('',(-0.0448413475402033,0.0522972549937763,0.03));
#5110=CARTESIAN_POINT('',(-0.0448413475402033,0.0522972549937763,0.0581354046622785));
#5111=CARTESIAN_POINT('',(-0.0377124779024266,0.0522972549937763,0.0581354046622785));
#5112=CARTESIAN_POINT('',(-0.0362034363346734,0.0522972549937763,0.0581354046622785));
#5113=CARTESIAN_POINT('',(-0.0362598774297386,0.0522972549937763,0.0599985379642303));
#5114=CARTESIAN_POINT('',(-0.0362599217201282,0.0522972549937763,0.06));
#5115=CARTESIAN_POINT('',(-0.0448413475402033,0.0522972549937763,0.06));
#5116=CARTESIAN_POINT('',(-0.0377689632878815,0.0522972549937763,0.06));
#5117=CARTESIAN_POINT('',(-0.0377125221928162,0.0522972549937763,0.0581368666980482));
#5118=CARTESIAN_POINT('',(-0.0448413475402033,0.0522972549937763,0.03));
#5119=CARTESIAN_POINT('',(-0.0448413475402033,0.0522972549937763,0.0581354046622785));
#5120=CARTESIAN_POINT('',(-0.034283160889475,0.0522972549937763,0.0581354046622785));
#5121=CARTESIAN_POINT('',(-0.0328268005232996,0.0522972549937763,0.0581354046622785));
#5122=CARTESIAN_POINT('',(-0.0328268005232996,0.0522972549937763,0.06));
#5123=CARTESIAN_POINT('',(-0.0328268005232996,0.0522972549937763,0.06));
#5124=CARTESIAN_POINT('',(-0.0448413475402033,0.0522972549937763,0.06));
#5125=CARTESIAN_POINT('',(-0.0343396462749299,0.0522972549937763,0.06));
#5126=CARTESIAN_POINT('',(-0.0342832051798647,0.0522972549937763,0.0581368666980482));
#5127=CARTESIAN_POINT('',(-0.0448413475402033,0.0522972549937763,0.03));
#5128=CARTESIAN_POINT('',(-0.0448413475402033,0.0522972549937763,0.0581354046622785));
#5129=CARTESIAN_POINT('',(-0.0309134496706374,0.0522972549937763,0.0581354046622785));
#5130=CARTESIAN_POINT('',(-0.0295754740196053,0.0522972549937763,0.0581354046622785));
#5131=CARTESIAN_POINT('',(-0.0296319151146704,0.0522972549937763,0.0599985379642303));
#5132=CARTESIAN_POINT('',(-0.0296319594050601,0.0522972549937763,0.06));
#5133=CARTESIAN_POINT('',(-0.0448413475402033,0.0522972549937763,0.06));
#5134=CARTESIAN_POINT('',(-0.0309699350560922,0.0522972549937763,0.06));
#5135=CARTESIAN_POINT('',(-0.030913493961027,0.0522972549937763,0.0581368666980482));
#5136=CARTESIAN_POINT('',(-0.0448413475402033,0.0522972549937763,0.03));
#5137=CARTESIAN_POINT('',(-0.0448413475402033,0.0522972549937763,0.0581354046622785));
#5138=CARTESIAN_POINT('',(-0.0280625495985189,0.0522972549937763,0.0581354046622785));
#5139=CARTESIAN_POINT('',(-0.0261069647315354,0.0522972549937763,0.0581354046622785));
#5140=CARTESIAN_POINT('',(-0.0261634058266006,0.0522972549937763,0.0599985379642303));
#5141=CARTESIAN_POINT('',(-0.0261634501169903,0.0522972549937763,0.06));
#5142=CARTESIAN_POINT('',(-0.0448413475402033,0.0522972549937763,0.06));
#5143=CARTESIAN_POINT('',(-0.0281190349839738,0.0522972549937763,0.06));
#5144=CARTESIAN_POINT('',(-0.0280625938889085,0.0522972549937763,0.0581368666980482));
#5145=CARTESIAN_POINT('',(-0.0448413475402033,0.0522972549937763,0.03));
#5146=CARTESIAN_POINT('',(-0.0448413475402033,0.0522972549937763,0.0581354046622785));
#5147=CARTESIAN_POINT('',(-0.0240778263237404,0.0522972549937763,0.0581354046622785));
#5148=CARTESIAN_POINT('',(-0.0222351685137092,0.0522972549937763,0.0581354046622785));
#5149=CARTESIAN_POINT('',(-0.0222351685137092,0.0522972549937763,0.06));
#5150=CARTESIAN_POINT('',(-0.0222351685137092,0.0522972549937763,0.06));
#5151=CARTESIAN_POINT('',(-0.0448413475402033,0.0522972549937763,0.06));
#5152=CARTESIAN_POINT('',(-0.0241343117091953,0.0522972549937763,0.06));
#5153=CARTESIAN_POINT('',(-0.0240778706141301,0.0522972549937763,0.0581368666980482));
#5154=CARTESIAN_POINT('',(-0.0448413475402033,0.0522972549937763,0.03));
#5155=CARTESIAN_POINT('',(-0.0448413475402033,0.0522972549937763,0.0581354046622785));
#5156=CARTESIAN_POINT('',(-0.020310609061287,0.0522972549937763,0.0581354046622785));
#5157=CARTESIAN_POINT('',(-0.0180274168668776,0.0522972549937763,0.0581354046622785));
#5158=CARTESIAN_POINT('',(-0.0180274168668776,0.0522972549937763,0.06));
#5159=CARTESIAN_POINT('',(-0.0180274168668776,0.0522972549937763,0.06));
#5160=CARTESIAN_POINT('',(-0.0448413475402033,0.0522972549937763,0.06));
#5161=CARTESIAN_POINT('',(-0.0203670944467419,0.0522972549937763,0.06));
#5162=CARTESIAN_POINT('',(-0.0203106533516766,0.0522972549937763,0.0581368666980482));
#5163=CARTESIAN_POINT('',(-0.0448413475402033,0.0522972549937763,0.03));
#5164=CARTESIAN_POINT('',(-0.0448413475402033,0.0522972549937763,0.0581354046622785));
#5165=CARTESIAN_POINT('',(-0.0161028845501966,0.0522972549937763,0.0581354046622785));
#5166=CARTESIAN_POINT('',(-0.0144316160404897,0.0522972549937763,0.0581354046622785));
#5167=CARTESIAN_POINT('',(-0.0144316160404897,0.0522972549937763,0.06));
#5168=CARTESIAN_POINT('',(-0.0144316160404897,0.0522972549937763,0.06));
#5169=CARTESIAN_POINT('',(-0.0448413475402033,0.0522972549937763,0.06));
#5170=CARTESIAN_POINT('',(-0.0161028845501966,0.0522972549937763,0.06));
#5171=CARTESIAN_POINT('',(-0.0161028845501966,0.0522972549937763,0.0581354046622785));
#5172=CARTESIAN_POINT('',(-0.0775312907827051,0.0522972549937763,0.06));
#5173=CARTESIAN_POINT('',(-0.0775312907827051,0.0522972549937763,0.0581354046622785));
#5174=CARTESIAN_POINT('',(-0.0775312907827051,0.0523455392650238,0.0581354046622785));
#5175=CARTESIAN_POINT('',(-0.0775312907827051,0.0536772549937763,0.0581354046622785));
#5176=CARTESIAN_POINT('',(-0.0775312907827051,0.0523455392650238,0.06));
#5177=CARTESIAN_POINT('',(-0.0775312907827051,0.0523455392650238,0.06));
#5178=CARTESIAN_POINT('',(-0.0775312907827051,0.0522972549937763,0.06));
#5179=CARTESIAN_POINT('',(-0.0775312907827051,0.0536772549937763,0.06));
#5180=CARTESIAN_POINT('',(-0.0775312907827051,0.0536772549937763,0.06));
#5181=CARTESIAN_POINT('',(-0.0448413475402033,0.0522972549937763,0.0581354046622785));
#5182=CARTESIAN_POINT('',(-0.0121514042977014,0.0522972549937763,0.0581354046622785));
#5183=CARTESIAN_POINT('',(-0.0121514042977014,0.0523455392650238,0.0581354046622785));
#5184=CARTESIAN_POINT('',(-0.0121514042977014,0.0536772549937763,0.0581354046622785));
#5185=CARTESIAN_POINT('',(-0.0121996885689489,0.0523455392650238,0.0581354046622785));
#5186=CARTESIAN_POINT('',(-0.0121996885689489,0.0522972549937763,0.0581354046622785));
#5187=CARTESIAN_POINT('',(-0.0448413475402033,0.0522972549937763,0.0581354046622785));
#5188=CARTESIAN_POINT('',(-0.0127131926713137,0.0522972549937763,0.0581354046622785));
#5189=CARTESIAN_POINT('',(-0.0127131926713137,0.0523455392650238,0.0581354046622785));
#5190=CARTESIAN_POINT('',(-0.0127614990928343,0.0523455392650238,0.0581354046622785));
#5191=CARTESIAN_POINT('',(-0.0127614990928343,0.0533872549937763,0.0581354046622785));
#5192=CARTESIAN_POINT('',(-0.0127614990928343,0.0533872549937763,0.0581354046622785));
#5193=CARTESIAN_POINT('',(-0.0448413475402033,0.0533872549937763,0.0581354046622785));
#5194=CARTESIAN_POINT('',(-0.0143833317692423,0.0533872549937763,0.0581354046622785));
#5195=CARTESIAN_POINT('',(-0.0143833317692423,0.0533872549937763,0.0581354046622785));
#5196=CARTESIAN_POINT('',(-0.0143833317692423,0.0523455392650238,0.0581354046622785));
#5197=CARTESIAN_POINT('',(-0.0144316160404897,0.0523455392650238,0.0581354046622785));
#5198=CARTESIAN_POINT('',(-0.0161028845501966,0.0523455392650238,0.0581354046622785));
#5199=CARTESIAN_POINT('',(-0.0161511688214441,0.0523455392650238,0.0581354046622785));
#5200=CARTESIAN_POINT('',(-0.0161511688214441,0.0533872549937763,0.0581354046622785));
#5201=CARTESIAN_POINT('',(-0.0161511688214441,0.0533872549937763,0.0581354046622785));
#5202=CARTESIAN_POINT('',(-0.0448413475402033,0.0533872549937763,0.0581354046622785));
#5203=CARTESIAN_POINT('',(-0.0179791325956301,0.0533872549937763,0.0581354046622785));
#5204=CARTESIAN_POINT('',(-0.0179791325956301,0.0533872549937763,0.0581354046622785));
#5205=CARTESIAN_POINT('',(-0.0179791325956301,0.0523455392650238,0.0581354046622785));
#5206=CARTESIAN_POINT('',(-0.0180274168668776,0.0523455392650238,0.0581354046622785));
#5207=CARTESIAN_POINT('',(-0.020310609061287,0.0523455392650238,0.0581354046622785));
#5208=CARTESIAN_POINT('',(-0.0203589154828076,0.0523455392650238,0.0581354046622785));
#5209=CARTESIAN_POINT('',(-0.0203589154828076,0.0533872549937763,0.0581354046622785));
#5210=CARTESIAN_POINT('',(-0.0203589154828076,0.0533872549937763,0.0581354046622785));
#5211=CARTESIAN_POINT('',(-0.0448413475402033,0.0533872549937763,0.0581354046622785));
#5212=CARTESIAN_POINT('',(-0.0221868842424618,0.0533872549937763,0.0581354046622785));
#5213=CARTESIAN_POINT('',(-0.0221868842424618,0.0533872549937763,0.0581354046622785));
#5214=CARTESIAN_POINT('',(-0.0221868842424618,0.0523455392650238,0.0581354046622785));
#5215=CARTESIAN_POINT('',(-0.0222351685137092,0.0523455392650238,0.0581354046622785));
#5216=CARTESIAN_POINT('',(-0.0240778263237404,0.0523455392650238,0.0581354046622785));
#5217=CARTESIAN_POINT('',(-0.024126132745261,0.0523455392650238,0.0581354046622785));
#5218=CARTESIAN_POINT('',(-0.024126132745261,0.0533872549937763,0.0581354046622785));
#5219=CARTESIAN_POINT('',(-0.024126132745261,0.0533872549937763,0.0581354046622785));
#5220=CARTESIAN_POINT('',(-0.0448413475402033,0.0533872549937763,0.0581354046622785));
#5221=CARTESIAN_POINT('',(-0.0260586583100148,0.0533872549937763,0.0581354046622785));
#5222=CARTESIAN_POINT('',(-0.0260586583100148,0.0533872549937763,0.0581354046622785));
#5223=CARTESIAN_POINT('',(-0.0260586583100148,0.0523455392650238,0.0581354046622785));
#5224=CARTESIAN_POINT('',(-0.0261069647315354,0.0523455392650238,0.0581354046622785));
#5225=CARTESIAN_POINT('',(-0.0280625495985189,0.0523455392650238,0.0581354046622785));
#5226=CARTESIAN_POINT('',(-0.0281108560200395,0.0523455392650238,0.0581354046622785));
#5227=CARTESIAN_POINT('',(-0.0281108560200395,0.0533872549937763,0.0581354046622785));
#5228=CARTESIAN_POINT('',(-0.0281108560200395,0.0533872549937763,0.0581354046622785));
#5229=CARTESIAN_POINT('',(-0.0448413475402033,0.0533872549937763,0.0581354046622785));
#5230=CARTESIAN_POINT('',(-0.0295271675980846,0.0533872549937763,0.0581354046622785));
#5231=CARTESIAN_POINT('',(-0.0295271675980846,0.0533872549937763,0.0581354046622785));
#5232=CARTESIAN_POINT('',(-0.0295271675980846,0.0523455392650238,0.0581354046622785));
#5233=CARTESIAN_POINT('',(-0.0295754740196053,0.0523455392650238,0.0581354046622785));
#5234=CARTESIAN_POINT('',(-0.0309134496706374,0.0523455392650238,0.0581354046622785));
#5235=CARTESIAN_POINT('',(-0.030961756092158,0.0523455392650238,0.0581354046622785));
#5236=CARTESIAN_POINT('',(-0.030961756092158,0.0533872549937763,0.0581354046622785));
#5237=CARTESIAN_POINT('',(-0.030961756092158,0.0533872549937763,0.0581354046622785));
#5238=CARTESIAN_POINT('',(-0.0448413475402033,0.0533872549937763,0.0581354046622785));
#5239=CARTESIAN_POINT('',(-0.0327785162520521,0.0533872549937763,0.0581354046622785));
#5240=CARTESIAN_POINT('',(-0.0327785162520521,0.0533872549937763,0.0581354046622785));
#5241=CARTESIAN_POINT('',(-0.0327785162520521,0.0523455392650238,0.0581354046622785));
#5242=CARTESIAN_POINT('',(-0.0328268005232996,0.0523455392650238,0.0581354046622785));
#5243=CARTESIAN_POINT('',(-0.034283160889475,0.0523455392650238,0.0581354046622785));
#5244=CARTESIAN_POINT('',(-0.0343314673109957,0.0523455392650238,0.0581354046622785));
#5245=CARTESIAN_POINT('',(-0.0343314673109957,0.0533872549937763,0.0581354046622785));
#5246=CARTESIAN_POINT('',(-0.0343314673109957,0.0533872549937763,0.0581354046622785));
#5247=CARTESIAN_POINT('',(-0.0448413475402033,0.0533872549937763,0.0581354046622785));
#5248=CARTESIAN_POINT('',(-0.0361551299131527,0.0533872549937763,0.0581354046622785));
#5249=CARTESIAN_POINT('',(-0.0361551299131527,0.0533872549937763,0.0581354046622785));
#5250=CARTESIAN_POINT('',(-0.0361551299131527,0.0523455392650238,0.0581354046622785));
#5251=CARTESIAN_POINT('',(-0.0362034363346734,0.0523455392650238,0.0581354046622785));
#5252=CARTESIAN_POINT('',(-0.0377124779024266,0.0523455392650238,0.0581354046622785));
#5253=CARTESIAN_POINT('',(-0.0377607843239472,0.0523455392650238,0.0581354046622785));
#5254=CARTESIAN_POINT('',(-0.0377607843239472,0.0533872549937763,0.0581354046622785));
#5255=CARTESIAN_POINT('',(-0.0377607843239472,0.0533872549937763,0.0581354046622785));
#5256=CARTESIAN_POINT('',(-0.0448413475402033,0.0533872549937763,0.0581354046622785));
#5257=CARTESIAN_POINT('',(-0.0394633689716767,0.0533872549937763,0.0581354046622785));
#5258=CARTESIAN_POINT('',(-0.0394633689716767,0.0533872549937763,0.0581354046622785));
#5259=CARTESIAN_POINT('',(-0.0394633689716767,0.0523455392650238,0.0581354046622785));
#5260=CARTESIAN_POINT('',(-0.0395116753931974,0.0523455392650238,0.0581354046622785));
#5261=CARTESIAN_POINT('',(-0.0410739075719306,0.0523455392650238,0.0581354046622785));
#5262=CARTESIAN_POINT('',(-0.0411222139934512,0.0523455392650238,0.0581354046622785));
#5263=CARTESIAN_POINT('',(-0.0411222139934512,0.0533872549937763,0.0581354046622785));
#5264=CARTESIAN_POINT('',(-0.0411222139934512,0.0533872549937763,0.0581354046622785));
#5265=CARTESIAN_POINT('',(-0.0448413475402033,0.0533872549937763,0.0581354046622785));
#5266=CARTESIAN_POINT('',(-0.0433666781783179,0.0533872549937763,0.0581354046622785));
#5267=CARTESIAN_POINT('',(-0.0433666781783179,0.0533872549937763,0.0581354046622785));
#5268=CARTESIAN_POINT('',(-0.0433666781783179,0.0523455392650238,0.0581354046622785));
#5269=CARTESIAN_POINT('',(-0.0434149845998385,0.0523455392650238,0.0581354046622785));
#5270=CARTESIAN_POINT('',(-0.0443590060496628,0.0523455392650238,0.0581354046622785));
#5271=CARTESIAN_POINT('',(-0.0444073124711835,0.0523455392650238,0.0581354046622785));
#5272=CARTESIAN_POINT('',(-0.0444073124711835,0.0533872549937763,0.0581354046622785));
#5273=CARTESIAN_POINT('',(-0.0444073124711835,0.0533872549937763,0.0581354046622785));
#5274=CARTESIAN_POINT('',(-0.0448413475402033,0.0533872549937763,0.0581354046622785));
#5275=CARTESIAN_POINT('',(-0.0459868294771762,0.0533872549937763,0.0581354046622785));
#5276=CARTESIAN_POINT('',(-0.0459868294771762,0.0533872549937763,0.0581354046622785));
#5277=CARTESIAN_POINT('',(-0.0459868294771762,0.0523455392650238,0.0581354046622785));
#5278=CARTESIAN_POINT('',(-0.0460351358986969,0.0523455392650238,0.0581354046622785));
#5279=CARTESIAN_POINT('',(-0.0475766879014528,0.0523455392650238,0.0581354046622785));
#5280=CARTESIAN_POINT('',(-0.0476249943229735,0.0523455392650238,0.0581354046622785));
#5281=CARTESIAN_POINT('',(-0.0476249943229735,0.0533872549937763,0.0581354046622785));
#5282=CARTESIAN_POINT('',(-0.0476249943229735,0.0533872549937763,0.0581354046622785));
#5283=CARTESIAN_POINT('',(-0.0448413475402033,0.0533872549937763,0.0581354046622785));
#5284=CARTESIAN_POINT('',(-0.0492043368023019,0.0533872549937763,0.0581354046622785));
#5285=CARTESIAN_POINT('',(-0.0492043368023019,0.0533872549937763,0.0581354046622785));
#5286=CARTESIAN_POINT('',(-0.0492043368023019,0.0523455392650238,0.0581354046622785));
#5287=CARTESIAN_POINT('',(-0.0492526210735493,0.0523455392650238,0.0581354046622785));
#5288=CARTESIAN_POINT('',(-0.050745161693018,0.0523455392650238,0.0581354046622785));
#5289=CARTESIAN_POINT('',(-0.0507934681145386,0.0523455392650238,0.0581354046622785));
#5290=CARTESIAN_POINT('',(-0.0507934681145386,0.0533872549937763,0.0581354046622785));
#5291=CARTESIAN_POINT('',(-0.0507934681145386,0.0533872549937763,0.0581354046622785));
#5292=CARTESIAN_POINT('',(-0.0448413475402033,0.0533872549937763,0.0581354046622785));
#5293=CARTESIAN_POINT('',(-0.0523668768464672,0.0533872549937763,0.0581354046622785));
#5294=CARTESIAN_POINT('',(-0.0523668768464672,0.0533872549937763,0.0581354046622785));
#5295=CARTESIAN_POINT('',(-0.0523668768464672,0.0523455392650238,0.0581354046622785));
#5296=CARTESIAN_POINT('',(-0.0524151634055485,0.0523455392650238,0.0581354046622785));
#5297=CARTESIAN_POINT('',(-0.05377678603028,0.0523455392650238,0.0581354046622785));
#5298=CARTESIAN_POINT('',(-0.0538250924518006,0.0523455392650238,0.0581354046622785));
#5299=CARTESIAN_POINT('',(-0.0538250924518006,0.0533872549937763,0.0581354046622785));
#5300=CARTESIAN_POINT('',(-0.0538250924518006,0.0533872549937763,0.0581354046622785));
#5301=CARTESIAN_POINT('',(-0.0448413475402033,0.0533872549937763,0.0581354046622785));
#5302=CARTESIAN_POINT('',(-0.0553916430053004,0.0533872549937763,0.0581354046622785));
#5303=CARTESIAN_POINT('',(-0.0553916430053004,0.0533389707225288,0.0581354046622785));
#5304=CARTESIAN_POINT('',(-0.055439949426821,0.0533389707225288,0.0581354046622785));
#5305=CARTESIAN_POINT('',(-0.055439949426821,0.0533872549937763,0.0581354046622785));
#5306=CARTESIAN_POINT('',(-0.056809324941297,0.0523455392650238,0.0581354046622785));
#5307=CARTESIAN_POINT('',(-0.0568576092125445,0.0523455392650238,0.0581354046622785));
#5308=CARTESIAN_POINT('',(-0.0568576092125445,0.0533872549937763,0.0581354046622785));
#5309=CARTESIAN_POINT('',(-0.0568576092125445,0.0533872549937763,0.0581354046622785));
#5310=CARTESIAN_POINT('',(-0.0448413475402033,0.0533872549937763,0.0581354046622785));
#5311=CARTESIAN_POINT('',(-0.0578695911592481,0.0533872549937763,0.0581354046622785));
#5312=CARTESIAN_POINT('',(-0.0578695911592481,0.0533872549937763,0.0581354046622785));
#5313=CARTESIAN_POINT('',(-0.0578695911592481,0.0523455392650238,0.0581354046622785));
#5314=CARTESIAN_POINT('',(-0.0579178777183294,0.0523455392650238,0.0581354046622785));
#5315=CARTESIAN_POINT('',(-0.0590740571546509,0.0523455392650238,0.0581354046622785));
#5316=CARTESIAN_POINT('',(-0.0591223635761715,0.0523455392650238,0.0581354046622785));
#5317=CARTESIAN_POINT('',(-0.0591223635761715,0.0533872549937763,0.0581354046622785));
#5318=CARTESIAN_POINT('',(-0.0591223635761715,0.0533872549937763,0.0581354046622785));
#5319=CARTESIAN_POINT('',(-0.0448413475402033,0.0533872549937763,0.0581354046622785));
#5320=CARTESIAN_POINT('',(-0.0604457809581552,0.0533872549937763,0.0581354046622785));
#5321=CARTESIAN_POINT('',(-0.0604457809581552,0.0533389707225288,0.0581354046622785));
#5322=CARTESIAN_POINT('',(-0.0604941418393572,0.0533389707225288,0.0581354046622785));
#5323=CARTESIAN_POINT('',(-0.0604941418393572,0.0533872549937763,0.0581354046622785));
#5324=CARTESIAN_POINT('',(-0.0620395606904456,0.0523455392650238,0.0581354046622785));
#5325=CARTESIAN_POINT('',(-0.0620879319756759,0.0523455392650238,0.0581354046622785));
#5326=CARTESIAN_POINT('',(-0.0620879319756759,0.0533872549937763,0.0581354046622785));
#5327=CARTESIAN_POINT('',(-0.0620879319756759,0.0533872549937763,0.0581354046622785));
#5328=CARTESIAN_POINT('',(-0.0448413475402033,0.0533872549937763,0.0581354046622785));
#5329=CARTESIAN_POINT('',(-0.0635738683611848,0.0533872549937763,0.0581354046622785));
#5330=CARTESIAN_POINT('',(-0.0635738683611848,0.0533872549937763,0.0581354046622785));
#5331=CARTESIAN_POINT('',(-0.0635738683611848,0.0523455392650238,0.0581354046622785));
#5332=CARTESIAN_POINT('',(-0.0636221526324322,0.0523455392650238,0.0581354046622785));
#5333=CARTESIAN_POINT('',(-0.06473215088299,0.0523455392650238,0.0581354046622785));
#5334=CARTESIAN_POINT('',(-0.0647804351542375,0.0523455392650238,0.0581354046622785));
#5335=CARTESIAN_POINT('',(-0.0647804351542375,0.0533872549937763,0.0581354046622785));
#5336=CARTESIAN_POINT('',(-0.0647804351542375,0.0533872549937763,0.0581354046622785));
#5337=CARTESIAN_POINT('',(-0.0448413475402033,0.0533872549937763,0.0581354046622785));
#5338=CARTESIAN_POINT('',(-0.0663266594582737,0.0533872549937763,0.0581354046622785));
#5339=CARTESIAN_POINT('',(-0.0663266594582737,0.0533872549937763,0.0581354046622785));
#5340=CARTESIAN_POINT('',(-0.0663266594582737,0.0523455392650238,0.0581354046622785));
#5341=CARTESIAN_POINT('',(-0.0663749437295211,0.0523455392650238,0.0581354046622785));
#5342=CARTESIAN_POINT('',(-0.0681463003770002,0.0523455392650238,0.0581354046622785));
#5343=CARTESIAN_POINT('',(-0.0681945846482477,0.0523455392650238,0.0581354046622785));
#5344=CARTESIAN_POINT('',(-0.0681945846482477,0.0533872549937763,0.0581354046622785));
#5345=CARTESIAN_POINT('',(-0.0681945846482477,0.0533872549937763,0.0581354046622785));
#5346=CARTESIAN_POINT('',(-0.0448413475402033,0.0533872549937763,0.0581354046622785));
#5347=CARTESIAN_POINT('',(-0.069640778408443,0.0533872549937763,0.0581354046622785));
#5348=CARTESIAN_POINT('',(-0.069640778408443,0.0533872549937763,0.0581354046622785));
#5349=CARTESIAN_POINT('',(-0.069640778408443,0.0523455392650238,0.0581354046622785));
#5350=CARTESIAN_POINT('',(-0.0696890626796904,0.0523455392650238,0.0581354046622785));
#5351=CARTESIAN_POINT('',(-0.0705290655803123,0.0523455392650238,0.0581354046622785));
#5352=CARTESIAN_POINT('',(-0.0705773498515598,0.0523455392650238,0.0581354046622785));
#5353=CARTESIAN_POINT('',(-0.0705773498515598,0.0533872549937763,0.0581354046622785));
#5354=CARTESIAN_POINT('',(-0.0705773498515598,0.0533872549937763,0.0581354046622785));
#5355=CARTESIAN_POINT('',(-0.0448413475402033,0.0533872549937763,0.0581354046622785));
#5356=CARTESIAN_POINT('',(-0.0718301714881635,0.0533872549937763,0.0581354046622785));
#5357=CARTESIAN_POINT('',(-0.0718301714881635,0.0533872549937763,0.0581354046622785));
#5358=CARTESIAN_POINT('',(-0.0718301714881635,0.0523455392650238,0.0581354046622785));
#5359=CARTESIAN_POINT('',(-0.071878455759411,0.0523455392650238,0.0581354046622785));
#5360=CARTESIAN_POINT('',(-0.0730855708997719,0.0523455392650238,0.0581354046622785));
#5361=CARTESIAN_POINT('',(-0.0731338551710194,0.0523455392650238,0.0581354046622785));
#5362=CARTESIAN_POINT('',(-0.0731338551710194,0.0533872549937763,0.0581354046622785));
#5363=CARTESIAN_POINT('',(-0.0731338551710194,0.0533872549937763,0.0581354046622785));
#5364=CARTESIAN_POINT('',(-0.0448413475402033,0.0533872549937763,0.0581354046622785));
#5365=CARTESIAN_POINT('',(-0.0744051669619786,0.0533872549937763,0.0581354046622785));
#5366=CARTESIAN_POINT('',(-0.0744051669619786,0.0533872549937763,0.0581354046622785));
#5367=CARTESIAN_POINT('',(-0.0744051669619786,0.0523455392650238,0.0581354046622785));
#5368=CARTESIAN_POINT('',(-0.0744534512332261,0.0523455392650238,0.0581354046622785));
#5369=CARTESIAN_POINT('',(-0.0757775133780787,0.0523455392650238,0.0581354046622785));
#5370=CARTESIAN_POINT('',(-0.0758257976493262,0.0523455392650238,0.0581354046622785));
#5371=CARTESIAN_POINT('',(-0.0758257976493262,0.0533872549937763,0.0581354046622785));
#5372=CARTESIAN_POINT('',(-0.0758257976493262,0.0533872549937763,0.0581354046622785));
#5373=CARTESIAN_POINT('',(-0.0448413475402033,0.0533872549937763,0.0581354046622785));
#5374=CARTESIAN_POINT('',(-0.0769302135740658,0.0533872549937763,0.0581354046622785));
#5375=CARTESIAN_POINT('',(-0.0769302135740658,0.0533872549937763,0.0581354046622785));
#5376=CARTESIAN_POINT('',(-0.0769302135740658,0.0523455392650238,0.0581354046622785));
#5377=CARTESIAN_POINT('',(-0.0769784978453132,0.0523455392650238,0.0581354046622785));
#5378=CARTESIAN_POINT('',(-0.0774830065114576,0.0523455392650238,0.0581354046622785));
#5379=CARTESIAN_POINT('',(-0.0448413475402033,0.0536772549937763,0.0581354046622785));
#5380=CARTESIAN_POINT('',(-0.0121514042977014,0.0522972549937763,0.06));
#5381=CARTESIAN_POINT('',(-0.0121514042977014,0.0522972549937763,0.06));
#5382=CARTESIAN_POINT('',(-0.0121514042977014,0.0523455392650238,0.06));
#5383=CARTESIAN_POINT('',(-0.0121514042977014,0.0536772549937763,0.06));
#5384=CARTESIAN_POINT('',(-0.0121514042977014,0.0523455392650238,0.06));
#5385=CARTESIAN_POINT('',(-0.0121514042977014,0.0536772549937763,0.06));
#5386=CARTESIAN_POINT('',(-0.0448413475402033,0.0522972549937763,0.06));
#5387=CARTESIAN_POINT('',(-0.0448413475402033,0.0522972549937763,0.06));
#5388=CARTESIAN_POINT('',(-0.0121996885689489,0.0522972549937763,0.06));
#5389=CARTESIAN_POINT('',(-0.0127696780567685,0.0522972549937763,0.06));
#5390=CARTESIAN_POINT('',(-0.0121996885689489,0.0523455392650238,0.06));
#5391=CARTESIAN_POINT('',(-0.0448413475402033,0.0536772549937763,0.06));
#5392=CARTESIAN_POINT('',(-0.0774830065114576,0.0523455392650238,0.06));
#5393=CARTESIAN_POINT('',(-0.0769784978453132,0.0523455392650238,0.06));
#5394=CARTESIAN_POINT('',(-0.0769302135740658,0.0523455392650238,0.06));
#5395=CARTESIAN_POINT('',(-0.0769302135740658,0.0533872549937763,0.06));
#5396=CARTESIAN_POINT('',(-0.0769302135740658,0.0533872549937763,0.06));
#5397=CARTESIAN_POINT('',(-0.0448413475402033,0.0533872549937763,0.06));
#5398=CARTESIAN_POINT('',(-0.0758257976493262,0.0533872549937763,0.06));
#5399=CARTESIAN_POINT('',(-0.0758257976493262,0.0533872549937763,0.06));
#5400=CARTESIAN_POINT('',(-0.0758257976493262,0.0523455392650238,0.06));
#5401=CARTESIAN_POINT('',(-0.0757775133780787,0.0523455392650238,0.06));
#5402=CARTESIAN_POINT('',(-0.0744534512332261,0.0523455392650238,0.06));
#5403=CARTESIAN_POINT('',(-0.0744051669619786,0.0523455392650238,0.06));
#5404=CARTESIAN_POINT('',(-0.0744051669619786,0.0533872549937763,0.06));
#5405=CARTESIAN_POINT('',(-0.0744051669619786,0.0533872549937763,0.06));
#5406=CARTESIAN_POINT('',(-0.0448413475402033,0.0533872549937763,0.06));
#5407=CARTESIAN_POINT('',(-0.0731338551710194,0.0533872549937763,0.06));
#5408=CARTESIAN_POINT('',(-0.0731338551710194,0.0533872549937763,0.06));
#5409=CARTESIAN_POINT('',(-0.0731338551710194,0.0523455392650238,0.06));
#5410=CARTESIAN_POINT('',(-0.0730855708997719,0.0523455392650238,0.06));
#5411=CARTESIAN_POINT('',(-0.071878455759411,0.0523455392650238,0.06));
#5412=CARTESIAN_POINT('',(-0.0718301714881635,0.0523455392650238,0.06));
#5413=CARTESIAN_POINT('',(-0.0718301714881635,0.0533872549937763,0.06));
#5414=CARTESIAN_POINT('',(-0.0718301714881635,0.0533872549937763,0.06));
#5415=CARTESIAN_POINT('',(-0.0448413475402033,0.0533872549937763,0.06));
#5416=CARTESIAN_POINT('',(-0.0705773498515598,0.0533872549937763,0.06));
#5417=CARTESIAN_POINT('',(-0.0705773498515598,0.0533872549937763,0.06));
#5418=CARTESIAN_POINT('',(-0.0705773498515598,0.0523455392650238,0.06));
#5419=CARTESIAN_POINT('',(-0.0705290655803123,0.0523455392650238,0.06));
#5420=CARTESIAN_POINT('',(-0.0696890626796904,0.0523455392650238,0.06));
#5421=CARTESIAN_POINT('',(-0.069640778408443,0.0523455392650238,0.06));
#5422=CARTESIAN_POINT('',(-0.069640778408443,0.0533872549937763,0.06));
#5423=CARTESIAN_POINT('',(-0.069640778408443,0.0533872549937763,0.06));
#5424=CARTESIAN_POINT('',(-0.0448413475402033,0.0533872549937763,0.06));
#5425=CARTESIAN_POINT('',(-0.0681945846482477,0.0533872549937763,0.06));
#5426=CARTESIAN_POINT('',(-0.0681945846482477,0.0533872549937763,0.06));
#5427=CARTESIAN_POINT('',(-0.0681945846482477,0.0523455392650238,0.06));
#5428=CARTESIAN_POINT('',(-0.0681463003770002,0.0523455392650238,0.06));
#5429=CARTESIAN_POINT('',(-0.0663749437295211,0.0523455392650238,0.06));
#5430=CARTESIAN_POINT('',(-0.0663266594582737,0.0523455392650238,0.06));
#5431=CARTESIAN_POINT('',(-0.0663266594582737,0.0533872549937763,0.06));
#5432=CARTESIAN_POINT('',(-0.0663266594582737,0.0533872549937763,0.06));
#5433=CARTESIAN_POINT('',(-0.0448413475402033,0.0533872549937763,0.06));
#5434=CARTESIAN_POINT('',(-0.0647804351542375,0.0533872549937763,0.06));
#5435=CARTESIAN_POINT('',(-0.0647804351542375,0.0533872549937763,0.06));
#5436=CARTESIAN_POINT('',(-0.0647804351542375,0.0523455392650238,0.06));
#5437=CARTESIAN_POINT('',(-0.06473215088299,0.0523455392650238,0.06));
#5438=CARTESIAN_POINT('',(-0.0636221526324322,0.0523455392650238,0.06));
#5439=CARTESIAN_POINT('',(-0.0635738683611848,0.0523455392650238,0.06));
#5440=CARTESIAN_POINT('',(-0.0635738683611848,0.0533872549937763,0.06));
#5441=CARTESIAN_POINT('',(-0.0635738683611848,0.0533872549937763,0.06));
#5442=CARTESIAN_POINT('',(-0.0448413475402033,0.0533872549937763,0.06));
#5443=CARTESIAN_POINT('',(-0.0621999239367899,0.0533872549937763,0.06));
#5444=CARTESIAN_POINT('',(-0.0621999239367899,0.0533872549937763,0.06));
#5445=CARTESIAN_POINT('',(-0.0621999239367899,0.0523455392650238,0.06));
#5446=CARTESIAN_POINT('',(-0.0621515526515595,0.0523455392650238,0.06));
#5447=CARTESIAN_POINT('',(-0.060599219780058,0.0533872549937763,0.06));
#5448=CARTESIAN_POINT('',(-0.060599219780058,0.0533389707225288,0.06));
#5449=CARTESIAN_POINT('',(-0.060550858898856,0.0533389707225288,0.06));
#5450=CARTESIAN_POINT('',(-0.060550858898856,0.0533872549937763,0.06));
#5451=CARTESIAN_POINT('',(-0.0448413475402033,0.0533872549937763,0.06));
#5452=CARTESIAN_POINT('',(-0.0591788489616263,0.0533872549937763,0.06));
#5453=CARTESIAN_POINT('',(-0.0591788489616263,0.0533872549937763,0.06));
#5454=CARTESIAN_POINT('',(-0.0591788489616263,0.0523455392650238,0.06));
#5455=CARTESIAN_POINT('',(-0.0591305425401057,0.0523455392650238,0.06));
#5456=CARTESIAN_POINT('',(-0.0579360292857068,0.0523455392650238,0.06));
#5457=CARTESIAN_POINT('',(-0.0578877427266255,0.0523455392650238,0.06));
#5458=CARTESIAN_POINT('',(-0.0578877427266255,0.0533872549937763,0.06));
#5459=CARTESIAN_POINT('',(-0.0578877427266255,0.0533872549937763,0.06));
#5460=CARTESIAN_POINT('',(-0.0448413475402033,0.0533872549937763,0.06));
#5461=CARTESIAN_POINT('',(-0.0568576092125445,0.0533872549937763,0.06));
#5462=CARTESIAN_POINT('',(-0.0568576092125445,0.0533872549937763,0.06));
#5463=CARTESIAN_POINT('',(-0.0568576092125445,0.0523455392650238,0.06));
#5464=CARTESIAN_POINT('',(-0.056809324941297,0.0523455392650238,0.06));
#5465=CARTESIAN_POINT('',(-0.0554964348122759,0.0533872549937763,0.06));
#5466=CARTESIAN_POINT('',(-0.0554964348122759,0.0533389707225288,0.06));
#5467=CARTESIAN_POINT('',(-0.0554481283907552,0.0533389707225288,0.06));
#5468=CARTESIAN_POINT('',(-0.0554481283907552,0.0533872549937763,0.06));
#5469=CARTESIAN_POINT('',(-0.0448413475402033,0.0533872549937763,0.06));
#5470=CARTESIAN_POINT('',(-0.0538815778372555,0.0533872549937763,0.06));
#5471=CARTESIAN_POINT('',(-0.0538815778372555,0.0533872549937763,0.06));
#5472=CARTESIAN_POINT('',(-0.0538815778372555,0.0523455392650238,0.06));
#5473=CARTESIAN_POINT('',(-0.0538332714157348,0.0523455392650238,0.06));
#5474=CARTESIAN_POINT('',(-0.0524333149729259,0.0523455392650238,0.06));
#5475=CARTESIAN_POINT('',(-0.0523850284138446,0.0523455392650238,0.06));
#5476=CARTESIAN_POINT('',(-0.0523850284138446,0.0533872549937763,0.06));
#5477=CARTESIAN_POINT('',(-0.0523850284138446,0.0533872549937763,0.06));
#5478=CARTESIAN_POINT('',(-0.0448413475402033,0.0533872549937763,0.06));
#5479=CARTESIAN_POINT('',(-0.0508499534999934,0.0533872549937763,0.06));
#5480=CARTESIAN_POINT('',(-0.0508499534999934,0.0533872549937763,0.06));
#5481=CARTESIAN_POINT('',(-0.0508499534999934,0.0523455392650238,0.06));
#5482=CARTESIAN_POINT('',(-0.0508016470784728,0.0523455392650238,0.06));
#5483=CARTESIAN_POINT('',(-0.0492526210735493,0.0523455392650238,0.06));
#5484=CARTESIAN_POINT('',(-0.0492043368023019,0.0523455392650238,0.06));
#5485=CARTESIAN_POINT('',(-0.0492043368023019,0.0533872549937763,0.06));
#5486=CARTESIAN_POINT('',(-0.0492043368023019,0.0533872549937763,0.06));
#5487=CARTESIAN_POINT('',(-0.0448413475402033,0.0533872549937763,0.06));
#5488=CARTESIAN_POINT('',(-0.0476814797084283,0.0533872549937763,0.06));
#5489=CARTESIAN_POINT('',(-0.0476814797084283,0.0533872549937763,0.06));
#5490=CARTESIAN_POINT('',(-0.0476814797084283,0.0523455392650238,0.06));
#5491=CARTESIAN_POINT('',(-0.0476331732869077,0.0523455392650238,0.06));
#5492=CARTESIAN_POINT('',(-0.0460916212841517,0.0523455392650238,0.06));
#5493=CARTESIAN_POINT('',(-0.0460433148626311,0.0523455392650238,0.06));
#5494=CARTESIAN_POINT('',(-0.0460433148626311,0.0533872549937763,0.06));
#5495=CARTESIAN_POINT('',(-0.0460433148626311,0.0533872549937763,0.06));
#5496=CARTESIAN_POINT('',(-0.0448413475402033,0.0533872549937763,0.06));
#5497=CARTESIAN_POINT('',(-0.0444637978566383,0.0533872549937763,0.06));
#5498=CARTESIAN_POINT('',(-0.0444637978566383,0.0533872549937763,0.06));
#5499=CARTESIAN_POINT('',(-0.0444637978566383,0.0523455392650238,0.06));
#5500=CARTESIAN_POINT('',(-0.0444154914351177,0.0523455392650238,0.06));
#5501=CARTESIAN_POINT('',(-0.0434714699852933,0.0523455392650238,0.06));
#5502=CARTESIAN_POINT('',(-0.0434231635637727,0.0523455392650238,0.06));
#5503=CARTESIAN_POINT('',(-0.0434231635637727,0.0533872549937763,0.06));
#5504=CARTESIAN_POINT('',(-0.0434231635637727,0.0533872549937763,0.06));
#5505=CARTESIAN_POINT('',(-0.0448413475402033,0.0533872549937763,0.06));
#5506=CARTESIAN_POINT('',(-0.0411786993789061,0.0533872549937763,0.06));
#5507=CARTESIAN_POINT('',(-0.0411786993789061,0.0533872549937763,0.06));
#5508=CARTESIAN_POINT('',(-0.0411786993789061,0.0523455392650238,0.06));
#5509=CARTESIAN_POINT('',(-0.0411303929573855,0.0523455392650238,0.06));
#5510=CARTESIAN_POINT('',(-0.0395681607786523,0.0523455392650238,0.06));
#5511=CARTESIAN_POINT('',(-0.0395198543571316,0.0523455392650238,0.06));
#5512=CARTESIAN_POINT('',(-0.0395198543571316,0.0533872549937763,0.06));
#5513=CARTESIAN_POINT('',(-0.0395198543571316,0.0533872549937763,0.06));
#5514=CARTESIAN_POINT('',(-0.0448413475402033,0.0533872549937763,0.06));
#5515=CARTESIAN_POINT('',(-0.0378172697094021,0.0533872549937763,0.06));
#5516=CARTESIAN_POINT('',(-0.0378172697094021,0.0533872549937763,0.06));
#5517=CARTESIAN_POINT('',(-0.0378172697094021,0.0523455392650238,0.06));
#5518=CARTESIAN_POINT('',(-0.0377689632878815,0.0523455392650238,0.06));
#5519=CARTESIAN_POINT('',(-0.0362599217201282,0.0523455392650238,0.06));
#5520=CARTESIAN_POINT('',(-0.0362116152986076,0.0523455392650238,0.06));
#5521=CARTESIAN_POINT('',(-0.0362116152986076,0.0533872549937763,0.06));
#5522=CARTESIAN_POINT('',(-0.0362116152986076,0.0533872549937763,0.06));
#5523=CARTESIAN_POINT('',(-0.0448413475402033,0.0533872549937763,0.06));
#5524=CARTESIAN_POINT('',(-0.0343879526964505,0.0533872549937763,0.06));
#5525=CARTESIAN_POINT('',(-0.0343879526964505,0.0533872549937763,0.06));
#5526=CARTESIAN_POINT('',(-0.0343879526964505,0.0523455392650238,0.06));
#5527=CARTESIAN_POINT('',(-0.0343396462749299,0.0523455392650238,0.06));
#5528=CARTESIAN_POINT('',(-0.0328268005232996,0.0523455392650238,0.06));
#5529=CARTESIAN_POINT('',(-0.0327785162520521,0.0523455392650238,0.06));
#5530=CARTESIAN_POINT('',(-0.0327785162520521,0.0533872549937763,0.06));
#5531=CARTESIAN_POINT('',(-0.0327785162520521,0.0533872549937763,0.06));
#5532=CARTESIAN_POINT('',(-0.0448413475402033,0.0533872549937763,0.06));
#5533=CARTESIAN_POINT('',(-0.0310182414776129,0.0533872549937763,0.06));
#5534=CARTESIAN_POINT('',(-0.0310182414776129,0.0533872549937763,0.06));
#5535=CARTESIAN_POINT('',(-0.0310182414776129,0.0523455392650238,0.06));
#5536=CARTESIAN_POINT('',(-0.0309699350560922,0.0523455392650238,0.06));
#5537=CARTESIAN_POINT('',(-0.0296319594050601,0.0523455392650238,0.06));
#5538=CARTESIAN_POINT('',(-0.0295836529835394,0.0523455392650238,0.06));
#5539=CARTESIAN_POINT('',(-0.0295836529835394,0.0533872549937763,0.06));
#5540=CARTESIAN_POINT('',(-0.0295836529835394,0.0533872549937763,0.06));
#5541=CARTESIAN_POINT('',(-0.0448413475402033,0.0533872549937763,0.06));
#5542=CARTESIAN_POINT('',(-0.0281673414054944,0.0533872549937763,0.06));
#5543=CARTESIAN_POINT('',(-0.0281673414054944,0.0533872549937763,0.06));
#5544=CARTESIAN_POINT('',(-0.0281673414054944,0.0523455392650238,0.06));
#5545=CARTESIAN_POINT('',(-0.0281190349839738,0.0523455392650238,0.06));
#5546=CARTESIAN_POINT('',(-0.0261634501169903,0.0523455392650238,0.06));
#5547=CARTESIAN_POINT('',(-0.0261151436954697,0.0523455392650238,0.06));
#5548=CARTESIAN_POINT('',(-0.0261151436954697,0.0533872549937763,0.06));
#5549=CARTESIAN_POINT('',(-0.0261151436954697,0.0533872549937763,0.06));
#5550=CARTESIAN_POINT('',(-0.0448413475402033,0.0533872549937763,0.06));
#5551=CARTESIAN_POINT('',(-0.0241826181307159,0.0533872549937763,0.06));
#5552=CARTESIAN_POINT('',(-0.0241826181307159,0.0533872549937763,0.06));
#5553=CARTESIAN_POINT('',(-0.0241826181307159,0.0523455392650238,0.06));
#5554=CARTESIAN_POINT('',(-0.0241343117091953,0.0523455392650238,0.06));
#5555=CARTESIAN_POINT('',(-0.0222351685137092,0.0523455392650238,0.06));
#5556=CARTESIAN_POINT('',(-0.0221868842424618,0.0523455392650238,0.06));
#5557=CARTESIAN_POINT('',(-0.0221868842424618,0.0533872549937763,0.06));
#5558=CARTESIAN_POINT('',(-0.0221868842424618,0.0533872549937763,0.06));
#5559=CARTESIAN_POINT('',(-0.0448413475402033,0.0533872549937763,0.06));
#5560=CARTESIAN_POINT('',(-0.0204154008682625,0.0533872549937763,0.06));
#5561=CARTESIAN_POINT('',(-0.0204154008682625,0.0533872549937763,0.06));
#5562=CARTESIAN_POINT('',(-0.0204154008682625,0.0523455392650238,0.06));
#5563=CARTESIAN_POINT('',(-0.0203670944467419,0.0523455392650238,0.06));
#5564=CARTESIAN_POINT('',(-0.0180274168668776,0.0523455392650238,0.06));
#5565=CARTESIAN_POINT('',(-0.0179791325956301,0.0523455392650238,0.06));
#5566=CARTESIAN_POINT('',(-0.0179791325956301,0.0533872549937763,0.06));
#5567=CARTESIAN_POINT('',(-0.0179791325956301,0.0533872549937763,0.06));
#5568=CARTESIAN_POINT('',(-0.0448413475402033,0.0533872549937763,0.06));
#5569=CARTESIAN_POINT('',(-0.0161511688214441,0.0533872549937763,0.06));
#5570=CARTESIAN_POINT('',(-0.0161511688214441,0.0533872549937763,0.06));
#5571=CARTESIAN_POINT('',(-0.0161511688214441,0.0523455392650238,0.06));
#5572=CARTESIAN_POINT('',(-0.0161028845501966,0.0523455392650238,0.06));
#5573=CARTESIAN_POINT('',(-0.0144316160404897,0.0523455392650238,0.06));
#5574=CARTESIAN_POINT('',(-0.0143833317692423,0.0523455392650238,0.06));
#5575=CARTESIAN_POINT('',(-0.0143833317692423,0.0533872549937763,0.06));
#5576=CARTESIAN_POINT('',(-0.0143833317692423,0.0533872549937763,0.06));
#5577=CARTESIAN_POINT('',(-0.0448413475402033,0.0533872549937763,0.06));
#5578=CARTESIAN_POINT('',(-0.0128179844782891,0.0533872549937763,0.06));
#5579=CARTESIAN_POINT('',(-0.0128179844782891,0.0533872549937763,0.06));
#5580=CARTESIAN_POINT('',(-0.0128179844782891,0.0523455392650238,0.06));
#5581=CARTESIAN_POINT('',(-0.0127696780567685,0.0523455392650238,0.06));
#5582=CARTESIAN_POINT('',(-0.0448413475402033,0.0522972549937763,0.03));
#5583=CARTESIAN_POINT('',(-0.0121996885689489,0.0522972549937763,0.03));
#5584=CARTESIAN_POINT('',(-0.0127132369617033,0.0522972549937763,0.0581368666980482));
#5585=CARTESIAN_POINT('',(-0.0448413475402033,0.0536772549937763,0.03));
#5586=CARTESIAN_POINT('',(-0.0143833317692423,0.0533872549937763,0.0590677023311393));
#5587=CARTESIAN_POINT('',(-0.0143833317692423,0.0523455392650238,0.0581354046622785));
#5588=CARTESIAN_POINT('',(-0.0143833317692423,0.0533872549937763,0.0590677023311393));
#5589=CARTESIAN_POINT('',(-0.0127897417855617,0.0533872549937763,0.0590677023311393));
#5590=CARTESIAN_POINT('',(-0.0128179844782891,0.0523455392650238,0.06));
#5591=CARTESIAN_POINT('',(-0.0127897417855617,0.0533872549937763,0.0590677023311393));
#5592=CARTESIAN_POINT('',(-0.0448413475402033,0.0533872549937763,0.0590677023311393));
#5593=CARTESIAN_POINT('',(-0.0179791325956301,0.0533872549937763,0.0590677023311393));
#5594=CARTESIAN_POINT('',(-0.0179791325956301,0.0523455392650238,0.0581354046622785));
#5595=CARTESIAN_POINT('',(-0.0179791325956301,0.0533872549937763,0.0590677023311393));
#5596=CARTESIAN_POINT('',(-0.0161511688214441,0.0533872549937763,0.0590677023311393));
#5597=CARTESIAN_POINT('',(-0.0161511688214441,0.0523455392650238,0.06));
#5598=CARTESIAN_POINT('',(-0.0161511688214441,0.0533872549937763,0.0590677023311393));
#5599=CARTESIAN_POINT('',(-0.0448413475402033,0.0533872549937763,0.0590677023311393));
#5600=CARTESIAN_POINT('',(-0.0221868842424618,0.0533872549937763,0.0590677023311393));
#5601=CARTESIAN_POINT('',(-0.0221868842424618,0.0523455392650238,0.0581354046622785));
#5602=CARTESIAN_POINT('',(-0.0221868842424618,0.0533872549937763,0.0590677023311393));
#5603=CARTESIAN_POINT('',(-0.0203871581755351,0.0533872549937763,0.0590677023311393));
#5604=CARTESIAN_POINT('',(-0.0204154008682625,0.0523455392650238,0.06));
#5605=CARTESIAN_POINT('',(-0.0203871581755351,0.0533872549937763,0.0590677023311393));
#5606=CARTESIAN_POINT('',(-0.0448413475402033,0.0533872549937763,0.0590677023311393));
#5607=CARTESIAN_POINT('',(-0.0260869010027422,0.0533872549937763,0.0590677023311393));
#5608=CARTESIAN_POINT('',(-0.0260586583100148,0.0523455392650238,0.0581354046622785));
#5609=CARTESIAN_POINT('',(-0.0260869010027422,0.0533872549937763,0.0590677023311393));
#5610=CARTESIAN_POINT('',(-0.0241543754379885,0.0533872549937763,0.0590677023311393));
#5611=CARTESIAN_POINT('',(-0.0241826181307159,0.0523455392650238,0.06));
#5612=CARTESIAN_POINT('',(-0.0241543754379885,0.0533872549937763,0.0590677023311393));
#5613=CARTESIAN_POINT('',(-0.0448413475402033,0.0533872549937763,0.0590677023311393));
#5614=CARTESIAN_POINT('',(-0.029555410290812,0.0533872549937763,0.0590677023311393));
#5615=CARTESIAN_POINT('',(-0.0295271675980846,0.0523455392650238,0.0581354046622785));
#5616=CARTESIAN_POINT('',(-0.029555410290812,0.0533872549937763,0.0590677023311393));
#5617=CARTESIAN_POINT('',(-0.028139098712767,0.0533872549937763,0.0590677023311393));
#5618=CARTESIAN_POINT('',(-0.0281673414054944,0.0523455392650238,0.06));
#5619=CARTESIAN_POINT('',(-0.028139098712767,0.0533872549937763,0.0590677023311393));
#5620=CARTESIAN_POINT('',(-0.0448413475402033,0.0533872549937763,0.0590677023311393));
#5621=CARTESIAN_POINT('',(-0.0327785162520521,0.0533872549937763,0.0590677023311393));
#5622=CARTESIAN_POINT('',(-0.0327785162520521,0.0523455392650238,0.0581354046622785));
#5623=CARTESIAN_POINT('',(-0.0327785162520521,0.0533872549937763,0.0590677023311393));
#5624=CARTESIAN_POINT('',(-0.0309899987848854,0.0533872549937763,0.0590677023311393));
#5625=CARTESIAN_POINT('',(-0.0310182414776129,0.0523455392650238,0.06));
#5626=CARTESIAN_POINT('',(-0.0309899987848854,0.0533872549937763,0.0590677023311393));
#5627=CARTESIAN_POINT('',(-0.0448413475402033,0.0533872549937763,0.0590677023311393));
#5628=CARTESIAN_POINT('',(-0.0361833726058801,0.0533872549937763,0.0590677023311393));
#5629=CARTESIAN_POINT('',(-0.0361551299131527,0.0523455392650238,0.0581354046622785));
#5630=CARTESIAN_POINT('',(-0.0361833726058801,0.0533872549937763,0.0590677023311393));
#5631=CARTESIAN_POINT('',(-0.0343597100037231,0.0533872549937763,0.0590677023311393));
#5632=CARTESIAN_POINT('',(-0.0343879526964505,0.0523455392650238,0.06));
#5633=CARTESIAN_POINT('',(-0.0343597100037231,0.0533872549937763,0.0590677023311393));
#5634=CARTESIAN_POINT('',(-0.0448413475402033,0.0533872549937763,0.0590677023311393));
#5635=CARTESIAN_POINT('',(-0.0394916116644042,0.0533872549937763,0.0590677023311393));
#5636=CARTESIAN_POINT('',(-0.0394633689716767,0.0523455392650238,0.0581354046622785));
#5637=CARTESIAN_POINT('',(-0.0394916116644042,0.0533872549937763,0.0590677023311393));
#5638=CARTESIAN_POINT('',(-0.0377890270166747,0.0533872549937763,0.0590677023311393));
#5639=CARTESIAN_POINT('',(-0.0378172697094021,0.0523455392650238,0.06));
#5640=CARTESIAN_POINT('',(-0.0377890270166747,0.0533872549937763,0.0590677023311393));
#5641=CARTESIAN_POINT('',(-0.0448413475402033,0.0533872549937763,0.0590677023311393));
#5642=CARTESIAN_POINT('',(-0.0433949208710453,0.0533872549937763,0.0590677023311393));
#5643=CARTESIAN_POINT('',(-0.0433666781783179,0.0523455392650238,0.0581354046622785));
#5644=CARTESIAN_POINT('',(-0.0433949208710453,0.0533872549937763,0.0590677023311393));
#5645=CARTESIAN_POINT('',(-0.0411504566861787,0.0533872549937763,0.0590677023311393));
#5646=CARTESIAN_POINT('',(-0.0411786993789061,0.0523455392650238,0.06));
#5647=CARTESIAN_POINT('',(-0.0411504566861787,0.0533872549937763,0.0590677023311393));
#5648=CARTESIAN_POINT('',(-0.0448413475402033,0.0533872549937763,0.0590677023311393));
#5649=CARTESIAN_POINT('',(-0.0460150721699036,0.0533872549937763,0.0590677023311393));
#5650=CARTESIAN_POINT('',(-0.0459868294771762,0.0523455392650238,0.0581354046622785));
#5651=CARTESIAN_POINT('',(-0.0460150721699036,0.0533872549937763,0.0590677023311393));
#5652=CARTESIAN_POINT('',(-0.0444355551639109,0.0533872549937763,0.0590677023311393));
#5653=CARTESIAN_POINT('',(-0.0444637978566383,0.0523455392650238,0.06));
#5654=CARTESIAN_POINT('',(-0.0444355551639109,0.0533872549937763,0.0590677023311393));
#5655=CARTESIAN_POINT('',(-0.0448413475402033,0.0533872549937763,0.0590677023311393));
#5656=CARTESIAN_POINT('',(-0.0492043368023019,0.0533872549937763,0.0590677023311393));
#5657=CARTESIAN_POINT('',(-0.0492043368023019,0.0523455392650238,0.0581354046622785));
#5658=CARTESIAN_POINT('',(-0.0492043368023019,0.0533872549937763,0.0590677023311393));
#5659=CARTESIAN_POINT('',(-0.0476532370157009,0.0533872549937763,0.0590677023311393));
#5660=CARTESIAN_POINT('',(-0.0476814797084283,0.0523455392650238,0.06));
#5661=CARTESIAN_POINT('',(-0.0476532370157009,0.0533872549937763,0.0590677023311393));
#5662=CARTESIAN_POINT('',(-0.0448413475402033,0.0533872549937763,0.0590677023311393));
#5663=CARTESIAN_POINT('',(-0.0523759526301559,0.0533872549937763,0.0590677023311393));
#5664=CARTESIAN_POINT('',(-0.0523668768464672,0.0523455392650238,0.0581354046622785));
#5665=CARTESIAN_POINT('',(-0.0523759526301559,0.0533872549937763,0.0590677023311393));
#5666=CARTESIAN_POINT('',(-0.050821710807266,0.0533872549937763,0.0590677023311393));
#5667=CARTESIAN_POINT('',(-0.0508499534999934,0.0523455392650238,0.06));
#5668=CARTESIAN_POINT('',(-0.050821710807266,0.0533872549937763,0.0590677023311393));
#5669=CARTESIAN_POINT('',(-0.0448413475402033,0.0533872549937763,0.0590677023311393));
#5670=CARTESIAN_POINT('',(-0.0554681921195484,0.0533872549937763,0.0590677023311393));
#5671=CARTESIAN_POINT('',(-0.0554681921195484,0.0533389707225288,0.0590677023311393));
#5672=CARTESIAN_POINT('',(-0.053853335144528,0.0533872549937763,0.0590677023311393));
#5673=CARTESIAN_POINT('',(-0.0538815778372555,0.0523455392650238,0.06));
#5674=CARTESIAN_POINT('',(-0.053853335144528,0.0533872549937763,0.0590677023311393));
#5675=CARTESIAN_POINT('',(-0.0448413475402033,0.0533872549937763,0.0590677023311393));
#5676=CARTESIAN_POINT('',(-0.0554101866236205,0.0533872549937763,0.0587475336932799));
#5677=CARTESIAN_POINT('',(-0.0578786669429369,0.0533872549937763,0.0590677023311393));
#5678=CARTESIAN_POINT('',(-0.0578695911592482,0.0523455392650238,0.0581354046622785));
#5679=CARTESIAN_POINT('',(-0.0578786669429369,0.0533872549937763,0.0590677023311393));
#5680=CARTESIAN_POINT('',(-0.0568576092125445,0.0533872549937763,0.0590677023311393));
#5681=CARTESIAN_POINT('',(-0.0568576092125445,0.0523455392650238,0.06));
#5682=CARTESIAN_POINT('',(-0.0568576092125445,0.0533872549937763,0.0590677023311393));
#5683=CARTESIAN_POINT('',(-0.0448413475402033,0.0533872549937763,0.0590677023311393));
#5684=CARTESIAN_POINT('',(-0.0605466808097076,0.0533872549937763,0.0590677023311393));
#5685=CARTESIAN_POINT('',(-0.0605466808097076,0.0533389707225288,0.0590677023311393));
#5686=CARTESIAN_POINT('',(-0.0591506062688989,0.0533872549937763,0.0590677023311393));
#5687=CARTESIAN_POINT('',(-0.0591788489616264,0.0523455392650238,0.06));
#5688=CARTESIAN_POINT('',(-0.0591506062688989,0.0533872549937763,0.0590677023311393));
#5689=CARTESIAN_POINT('',(-0.0448413475402033,0.0533872549937763,0.0590677023311393));
#5690=CARTESIAN_POINT('',(-0.0604487538392863,0.0533872549937763,0.0581881580780723));
#5691=CARTESIAN_POINT('',(-0.0635738683611848,0.0533872549937763,0.0590677023311393));
#5692=CARTESIAN_POINT('',(-0.0635738683611848,0.0523455392650238,0.0581354046622785));
#5693=CARTESIAN_POINT('',(-0.0635738683611848,0.0533872549937763,0.0590677023311393));
#5694=CARTESIAN_POINT('',(-0.0621439279562329,0.0533872549937763,0.0590677023311393));
#5695=CARTESIAN_POINT('',(-0.0621999239367899,0.0523455392650238,0.06));
#5696=CARTESIAN_POINT('',(-0.0621439279562329,0.0533872549937763,0.0590677023311393));
#5697=CARTESIAN_POINT('',(-0.0448413475402033,0.0533872549937763,0.0590677023311393));
#5698=CARTESIAN_POINT('',(-0.0718301714881635,0.0533872549937763,0.0590677023311393));
#5699=CARTESIAN_POINT('',(-0.0718301714881635,0.0523455392650238,0.0581354046622785));
#5700=CARTESIAN_POINT('',(-0.0718301714881635,0.0533872549937763,0.0590677023311393));
#5701=CARTESIAN_POINT('',(-0.0705773498515598,0.0533872549937763,0.0590677023311393));
#5702=CARTESIAN_POINT('',(-0.0705773498515598,0.0523455392650238,0.06));
#5703=CARTESIAN_POINT('',(-0.0705773498515598,0.0533872549937763,0.0590677023311393));
#5704=CARTESIAN_POINT('',(-0.0448413475402033,0.0533872549937763,0.0590677023311393));
#5705=CARTESIAN_POINT('',(-0.069640778408443,0.0533872549937763,0.0590677023311393));
#5706=CARTESIAN_POINT('',(-0.069640778408443,0.0523455392650238,0.0581354046622785));
#5707=CARTESIAN_POINT('',(-0.069640778408443,0.0533872549937763,0.0590677023311393));
#5708=CARTESIAN_POINT('',(-0.0681945846482477,0.0533872549937763,0.0590677023311393));
#5709=CARTESIAN_POINT('',(-0.0681945846482477,0.0523455392650238,0.06));
#5710=CARTESIAN_POINT('',(-0.0681945846482477,0.0533872549937763,0.0590677023311393));
#5711=CARTESIAN_POINT('',(-0.0448413475402033,0.0533872549937763,0.0590677023311393));
#5712=CARTESIAN_POINT('',(-0.0744051669619786,0.0533872549937763,0.0590677023311393));
#5713=CARTESIAN_POINT('',(-0.0744051669619786,0.0523455392650238,0.0581354046622785));
#5714=CARTESIAN_POINT('',(-0.0744051669619786,0.0533872549937763,0.0590677023311393));
#5715=CARTESIAN_POINT('',(-0.0731338551710194,0.0533872549937763,0.0590677023311393));
#5716=CARTESIAN_POINT('',(-0.0731338551710194,0.0523455392650238,0.06));
#5717=CARTESIAN_POINT('',(-0.0731338551710194,0.0533872549937763,0.0590677023311393));
#5718=CARTESIAN_POINT('',(-0.0448413475402033,0.0533872549937763,0.0590677023311393));
#5719=CARTESIAN_POINT('',(-0.0663266594582737,0.0533872549937763,0.0590677023311393));
#5720=CARTESIAN_POINT('',(-0.0663266594582737,0.0523455392650238,0.0581354046622785));
#5721=CARTESIAN_POINT('',(-0.0663266594582737,0.0533872549937763,0.0590677023311393));
#5722=CARTESIAN_POINT('',(-0.0647804351542375,0.0533872549937763,0.0590677023311393));
#5723=CARTESIAN_POINT('',(-0.0647804351542375,0.0523455392650238,0.06));
#5724=CARTESIAN_POINT('',(-0.0647804351542375,0.0533872549937763,0.0590677023311393));
#5725=CARTESIAN_POINT('',(-0.0448413475402033,0.0533872549937763,0.0590677023311393));
#5726=CARTESIAN_POINT('',(-0.0769302135740658,0.0533872549937763,0.0590677023311393));
#5727=CARTESIAN_POINT('',(-0.0769302135740658,0.0523455392650238,0.0581354046622785));
#5728=CARTESIAN_POINT('',(-0.0769302135740658,0.0533872549937763,0.0590677023311393));
#5729=CARTESIAN_POINT('',(-0.0758257976493262,0.0533872549937763,0.0590677023311393));
#5730=CARTESIAN_POINT('',(-0.0758257976493262,0.0523455392650238,0.06));
#5731=CARTESIAN_POINT('',(-0.0758257976493262,0.0533872549937763,0.0590677023311393));
#5732=CARTESIAN_POINT('',(-0.0448413475402033,0.0533872549937763,0.0590677023311393));
#5733=CARTESIAN_POINT('',(-0.0121996885689489,0.0523455392650238,0.06));
#5734=CARTESIAN_POINT('',(-0.0127414796544307,0.0523455392650238,0.059069164366909));
#5735=CARTESIAN_POINT('',(-0.0144316160404897,0.0523455392650238,0.0590677023311393));
#5736=CARTESIAN_POINT('',(-0.0161028845501966,0.0523455392650238,0.0590677023311393));
#5737=CARTESIAN_POINT('',(-0.0180274168668776,0.0523455392650238,0.0590677023311393));
#5738=CARTESIAN_POINT('',(-0.020338896044404,0.0523455392650238,0.059069164366909));
#5739=CARTESIAN_POINT('',(-0.0222351685137092,0.0523455392650238,0.0590677023311393));
#5740=CARTESIAN_POINT('',(-0.0241061133068574,0.0523455392650238,0.059069164366909));
#5741=CARTESIAN_POINT('',(-0.0261351631338732,0.0523455392650238,0.0590662402953695));
#5742=CARTESIAN_POINT('',(-0.028090836581636,0.0523455392650238,0.059069164366909));
#5743=CARTESIAN_POINT('',(-0.0296036724219431,0.0523455392650238,0.0590662402953695));
#5744=CARTESIAN_POINT('',(-0.0309417366537544,0.0523455392650238,0.059069164366909));
#5745=CARTESIAN_POINT('',(-0.0328268005232996,0.0523455392650238,0.0590677023311393));
#5746=CARTESIAN_POINT('',(-0.0343114478725921,0.0523455392650238,0.059069164366909));
#5747=CARTESIAN_POINT('',(-0.0362316347370112,0.0523455392650238,0.0590662402953695));
#5748=CARTESIAN_POINT('',(-0.0377407648855437,0.0523455392650238,0.059069164366909));
#5749=CARTESIAN_POINT('',(-0.0395398737955352,0.0523455392650238,0.0590662402953695));
#5750=CARTESIAN_POINT('',(-0.0411021945550477,0.0523455392650238,0.059069164366909));
#5751=CARTESIAN_POINT('',(-0.0434431830021763,0.0523455392650238,0.0590662402953695));
#5752=CARTESIAN_POINT('',(-0.0443872930327798,0.0523455392650238,0.059069164366909));
#5753=CARTESIAN_POINT('',(-0.0460633343010347,0.0523455392650238,0.0590662402953695));
#5754=CARTESIAN_POINT('',(-0.0476049748845699,0.0523455392650238,0.059069164366909));
#5755=CARTESIAN_POINT('',(-0.0492526210735493,0.0523455392650238,0.0590677023311393));
#5756=CARTESIAN_POINT('',(-0.050773448676135,0.0523455392650238,0.059069164366909));
#5757=CARTESIAN_POINT('',(-0.052424234613678,0.0523455392650238,0.0590672323129754));
#5758=CARTESIAN_POINT('',(-0.053805073013397,0.0523455392650238,0.059069164366909));
#5759=CARTESIAN_POINT('',(-0.0554101866236205,0.0533389707225288,0.0587475336932799));
#5760=CARTESIAN_POINT('',(-0.056809324941297,0.0523455392650238,0.0590677023311393));
#5761=CARTESIAN_POINT('',(-0.0579269489264589,0.0523455392650238,0.0590672323129754));
#5762=CARTESIAN_POINT('',(-0.0591023441377679,0.0523455392650238,0.059069164366909));
#5763=CARTESIAN_POINT('',(-0.0604487538392863,0.0533389707225288,0.0581881580780723));
#5764=CARTESIAN_POINT('',(-0.0620957305424409,0.0523455392650238,0.0590705971806447));
#5765=CARTESIAN_POINT('',(-0.0636221526324322,0.0523455392650238,0.0590677023311393));
#5766=CARTESIAN_POINT('',(-0.06473215088299,0.0523455392650238,0.0590677023311393));
#5767=CARTESIAN_POINT('',(-0.0663749437295211,0.0523455392650238,0.0590677023311393));
#5768=CARTESIAN_POINT('',(-0.0681463003770002,0.0523455392650238,0.0590677023311393));
#5769=CARTESIAN_POINT('',(-0.0696890626796904,0.0523455392650238,0.0590677023311393));
#5770=CARTESIAN_POINT('',(-0.0705290655803123,0.0523455392650238,0.0590677023311393));
#5771=CARTESIAN_POINT('',(-0.071878455759411,0.0523455392650238,0.0590677023311393));
#5772=CARTESIAN_POINT('',(-0.0730855708997719,0.0523455392650238,0.0590677023311393));
#5773=CARTESIAN_POINT('',(-0.0744534512332261,0.0523455392650238,0.0590677023311393));
#5774=CARTESIAN_POINT('',(-0.0757775133780787,0.0523455392650238,0.0590677023311393));
#5775=CARTESIAN_POINT('',(-0.0769784978453132,0.0523455392650238,0.0590677023311393));
#5776=CARTESIAN_POINT('',(-0.0774830065114576,0.0523455392650238,0.03));
#5777=CARTESIAN_POINT('',(0.,0.,0.));
#5778=CARTESIAN_POINT('',(-0.0442682429196237,0.0722888073816685,0.0617));
#5779=CARTESIAN_POINT('',(-0.0780340219622707,0.0521383285300015,0.0617));
#5780=CARTESIAN_POINT('',(-0.0780340219622707,0.092357616668765,0.0617));
#5781=CARTESIAN_POINT('',(-0.0780340219622707,0.0543111207361373,0.0617));
#5782=CARTESIAN_POINT('',(-0.0105028681021692,0.0543111207361373,0.0617));
#5783=CARTESIAN_POINT('',(-0.0775312907827051,0.0543111207361373,0.0617));
#5784=CARTESIAN_POINT('',(-0.0775312907827051,0.0730582706135559,0.0617));
#5785=CARTESIAN_POINT('',(-0.0775312907827051,0.0923582259660658,0.0617));
#5786=CARTESIAN_POINT('',(-0.0448412446597593,0.0923978454638691,0.0617));
#5787=CARTESIAN_POINT('',(-0.0448412446597593,0.0923978454638691,0.0617));
#5788=CARTESIAN_POINT('',(-0.0790340219622707,0.0923564046944027,0.0617));
#5789=CARTESIAN_POINT('',(-0.0790340219622707,0.0923564046944027,0.0607));
#5790=CARTESIAN_POINT('',(-0.0790340219622707,0.0923564046944027,0.06));
#5791=CARTESIAN_POINT('',(-0.0614376211219569,0.0923777310810899,0.0782964008403138));
#5792=CARTESIAN_POINT('',(-0.0775312907827051,0.0923582259660658,0.0617));
#5793=CARTESIAN_POINT('',(-0.0775312907827051,0.0923582259660658,0.06));
#5794=CARTESIAN_POINT('',(-0.0448412446597593,0.0923978454638691,0.06));
#5795=CARTESIAN_POINT('',(-0.0790340219622707,0.0722473666122021,0.0617));
#5796=CARTESIAN_POINT('',(-0.0790340219622707,0.0722473666122021,0.06));
#5797=CARTESIAN_POINT('',(-0.0790340219622707,0.0521903912623803,0.06));
#5798=CARTESIAN_POINT('',(-0.0790340219622707,0.0543111207361373,0.0595272077938642));
#5799=CARTESIAN_POINT('',(-0.0790340219622707,0.0524820268587566,0.0607));
#5800=CARTESIAN_POINT('',(-0.0790340219622707,0.0923564046944027,0.0607));
#5801=CARTESIAN_POINT('',(-0.0100754656171123,0.0722888073816685,0.0617));
#5802=CARTESIAN_POINT('',(-0.00950246387697685,0.0521383285300015,0.0607));
#5803=CARTESIAN_POINT('',(-0.0106484673572478,0.0924392862333355,0.0607));
#5804=CARTESIAN_POINT('',(-0.0095122373291071,0.0524820268587566,0.0607));
#5805=CARTESIAN_POINT('',(-0.00956424968982197,0.0543111207361373,0.0595272077938642));
#5806=CARTESIAN_POINT('',(-0.0095039443398715,0.0521903912623803,0.06));
#5807=CARTESIAN_POINT('',(-0.0100754656171123,0.0722888073816685,0.06));
#5808=CARTESIAN_POINT('',(-0.0106484673572478,0.0924392862333355,0.06));
#5809=CARTESIAN_POINT('',(-0.0106484673572478,0.0924392862333355,0.0617));
#5810=CARTESIAN_POINT('',(-0.0448412446597593,0.0923978454638691,0.0617));
#5811=CARTESIAN_POINT('',(-0.0448412446597593,0.0923978454638691,0.0617));
#5812=CARTESIAN_POINT('',(-0.0121514042977014,0.0924374647122956,0.0617));
#5813=CARTESIAN_POINT('',(-0.0116488371058304,0.0924380738108474,0.0617));
#5814=CARTESIAN_POINT('',(-0.0282511883600725,0.0924179521867734,0.0782962148273325));
#5815=CARTESIAN_POINT('',(-0.0448412446597593,0.0923978454638691,0.06));
#5816=CARTESIAN_POINT('',(-0.0121514042977014,0.0924374647122956,0.06));
#5817=CARTESIAN_POINT('',(-0.0121514042977014,0.0924374647122956,0.0617));
#5818=CARTESIAN_POINT('',(-0.0121514042977014,0.0730582706135559,0.0617));
#5819=CARTESIAN_POINT('',(-0.0121514042977014,0.0536772549937763,0.0617));
#5820=CARTESIAN_POINT('',(-0.0121514042977014,0.0536772549937763,0.0616054859734411));
#5821=CARTESIAN_POINT('',(-0.0121514042977014,0.0536772549937763,0.06));
#5822=CARTESIAN_POINT('',(-0.0121514042977014,0.0543111207361373,0.0595272077938642));
#5823=CARTESIAN_POINT('',(-0.0121514042977014,0.0543111207361373,0.0617));
#5824=CARTESIAN_POINT('',(-0.0121514042977014,0.0730582706135559,0.0617));
#5825=CARTESIAN_POINT('',(-0.0121514042977014,0.0730582706135559,0.06));
#5826=CARTESIAN_POINT('',(-0.0448413475402033,0.0536772549937763,0.0617));
#5827=CARTESIAN_POINT('',(-0.0775312907827051,0.0536772549937763,0.0617));
#5828=CARTESIAN_POINT('',(-0.0775312907827051,0.0536772549937763,0.0616054859734411));
#5829=CARTESIAN_POINT('',(-0.0775312907827051,0.0536772549937763,0.06));
#5830=CARTESIAN_POINT('',(-0.0775312907827051,0.0536772549937763,0.0616054859734411));
#5831=CARTESIAN_POINT('',(-0.0448413475402033,0.0536772549937763,0.06));
#5832=CARTESIAN_POINT('',(-0.0775312907827051,0.0730582706135559,0.0617));
#5833=CARTESIAN_POINT('',(-0.0775312907827051,0.0543111207361373,0.0595272077938642));
#5834=CARTESIAN_POINT('',(-0.0775312907827051,0.0730582706135559,0.06));
#5835=CARTESIAN_POINT('',(-0.0442682429196237,0.0722888073816685,0.0617));
#5836=CARTESIAN_POINT('',(-0.0105028681021692,0.0543111207361373,0.0617));
#5837=CARTESIAN_POINT('',(-0.0105646539150143,0.0543111207361373,0.0617));
#5838=CARTESIAN_POINT('',(-0.0116480632953874,0.0924108615881347,0.0617));
#5839=CARTESIAN_POINT('',(-0.0442682429196237,0.0722888073816685,0.06));
#5840=CARTESIAN_POINT('',(-0.0095039443398715,0.0521903912623803,0.06));
#5841=CARTESIAN_POINT('',(-0.0780340219622707,0.0722888073816685,0.0617));
#5842=CARTESIAN_POINT('',(-0.0802068141684065,0.0543111207361373,0.0595272077938642));
#5843=CARTESIAN_POINT('',(-0.011102687967152,0.0732319075849053,0.0617));
#5844=CARTESIAN_POINT('',(-0.00839098341153104,0.0543111207361373,0.0595272077938642));
#5845=CARTESIAN_POINT('',(-0.0442682429196237,0.0543111207361373,0.0595272077938642));
#5846=CARTESIAN_POINT('',(0.,0.,0.));
#5847=CARTESIAN_POINT('',(-0.0448413475402033,0.0730582706135559,0.0623));
#5848=CARTESIAN_POINT('',(-0.0148070342977014,0.0924392862333356,0.0623));
#5849=CARTESIAN_POINT('',(-0.0148070342977014,0.0563328849937763,0.0623));
#5850=CARTESIAN_POINT('',(-0.0148070342977014,0.0897836562333356,0.0623));
#5851=CARTESIAN_POINT('',(-0.0748756558640947,0.0897836562333356,0.0623));
#5852=CARTESIAN_POINT('',(-0.0748756558640947,0.0897836562333356,0.0623));
#5853=CARTESIAN_POINT('',(-0.0748756558640947,0.0730582706135559,0.0623));
#5854=CARTESIAN_POINT('',(-0.0748756558640947,0.0563328849937763,0.0623));
#5855=CARTESIAN_POINT('',(-0.0448413475402033,0.0563328849937763,0.0623));
#5856=CARTESIAN_POINT('',(-0.0448413475402033,0.0730582706135559,0.06));
#5857=CARTESIAN_POINT('',(-0.0775073702531589,0.0730582706135559,0.06));
#5858=CARTESIAN_POINT('',(-0.0775073702531589,0.0563328849937763,0.06));
#5859=CARTESIAN_POINT('',(-0.0775073702531589,0.0897836562333355,0.06));
#5860=CARTESIAN_POINT('',(-0.0748756558640947,0.0897836562333355,0.06));
#5861=CARTESIAN_POINT('',(-0.0748756558640947,0.0924153656590824,0.06));
#5862=CARTESIAN_POINT('',(-0.0435135300808981,0.092415366323752,0.06));
#5863=CARTESIAN_POINT('',(-0.0121753242072849,0.0924153663237521,0.06));
#5864=CARTESIAN_POINT('',(-0.0121753242072849,0.0743860856135559,0.06));
#5865=CARTESIAN_POINT('',(-0.0121753242072849,0.0563328849937763,0.06));
#5866=CARTESIAN_POINT('',(-0.0148070342977014,0.0563328849937763,0.06));
#5867=CARTESIAN_POINT('',(-0.0148070342977014,0.0537011749033598,0.06));
#5868=CARTESIAN_POINT('',(-0.0435135300808981,0.0537011749033598,0.06));
#5869=CARTESIAN_POINT('',(-0.0748756558640947,0.0537011755680294,0.06));
#5870=CARTESIAN_POINT('',(-0.0748756558640947,0.0563328849937763,0.06));
#5871=CARTESIAN_POINT('',(-0.0748756558640947,0.0730582706135559,0.0596443650813896));
#5872=CARTESIAN_POINT('',(-0.0748756558640947,0.0897836562333355,0.0596443650813896));
#5873=CARTESIAN_POINT('',(-0.0748756558640947,0.0563328849937763,0.0596443650813896));
#5874=CARTESIAN_POINT('',(-0.0448413475402033,0.0563328849937763,0.05964437));
#5875=CARTESIAN_POINT('',(-0.0148070342977014,0.0563328849937763,0.05964437));
#5876=CARTESIAN_POINT('',(-0.0748756558640947,0.0563328849937763,0.05964437));
#5877=CARTESIAN_POINT('',(-0.0748756558640947,0.0563328849937763,0.0596443650813896));
#5878=CARTESIAN_POINT('',(-0.0148070342977014,0.0563328849937763,0.05964437));
#5879=CARTESIAN_POINT('',(-0.0148070342977014,0.0563328849937763,0.05964437));
#5880=CARTESIAN_POINT('',(-0.0148070342977014,0.0730582706135559,0.05964437));
#5881=CARTESIAN_POINT('',(-0.0148070342977014,0.0897836562333356,0.05964437));
#5882=CARTESIAN_POINT('',(-0.0448413475402033,0.0897836562333356,0.05964437));
#5883=CARTESIAN_POINT('',(-0.0748756558640947,0.0897836562333356,0.05964437));
#5884=CARTESIAN_POINT('',(-0.0748756558640947,0.0897836562333355,0.0596443650813896));
#5885=CARTESIAN_POINT('',(0.,0.,0.));
#5886=CARTESIAN_POINT('',(-0.0448413475402033,0.0536772549937763,0.0617));
#5887=CARTESIAN_POINT('',(-0.0448413475402033,0.0536772549937763,0.06));
#5888=CARTESIAN_POINT('',(-0.0121514042977014,0.0536772549937763,0.06));
#5889=CARTESIAN_POINT('',(-0.0775312907827051,0.0536772549937763,0.06));
#5890=CARTESIAN_POINT('',(-0.0121514042977014,0.0536772549937763,0.0617));
#5891=CARTESIAN_POINT('',(-0.0121514042977014,0.0536772549937763,0.0617));
#5892=CARTESIAN_POINT('',(-0.0448413475402033,0.0536772549937763,0.0617));
#5893=CARTESIAN_POINT('',(-0.0775312907827051,0.0536772549937763,0.0617));
#5894=CARTESIAN_POINT('',(-0.0775312907827051,0.0536772549937763,0.0617));
#5895=CARTESIAN_POINT('',(-0.0121514042977014,0.0730582706135559,0.0617));
#5896=CARTESIAN_POINT('',(-0.0121514042977014,0.0730582706135559,0.06));
#5897=CARTESIAN_POINT('',(-0.0121514042977014,0.0924392862333356,0.06));
#5898=CARTESIAN_POINT('',(-0.0121514042977014,0.0924392862333356,0.0617));
#5899=CARTESIAN_POINT('',(-0.0121514042977014,0.0924392862333356,0.0617));
#5900=CARTESIAN_POINT('',(-0.0121514042977014,0.0730582706135559,0.0617));
#5901=CARTESIAN_POINT('',(-0.0448413475402033,0.0924392862333356,0.0617));
#5902=CARTESIAN_POINT('',(-0.0448413475402033,0.0924392862333356,0.06));
#5903=CARTESIAN_POINT('',(-0.0775312907827051,0.0924392862333355,0.06));
#5904=CARTESIAN_POINT('',(-0.0775312907827051,0.0924392862333355,0.0617));
#5905=CARTESIAN_POINT('',(-0.0775312907827051,0.0924392862333355,0.0617));
#5906=CARTESIAN_POINT('',(-0.0448413475402033,0.0924392862333356,0.0617));
#5907=CARTESIAN_POINT('',(-0.0775312907827051,0.0730582706135559,0.0617));
#5908=CARTESIAN_POINT('',(-0.0775312907827051,0.0730582706135559,0.06));
#5909=CARTESIAN_POINT('',(-0.0775312907827051,0.0730582706135559,0.0617));
#5910=CARTESIAN_POINT('',(-0.0448413475402033,0.0730582706135559,0.0617));
#5911=CARTESIAN_POINT('',(-0.0448413475402033,0.0730582706135559,0.06));
#5912=CARTESIAN_POINT('',(0.,0.,0.));
#5913=CARTESIAN_POINT('',(-0.0448413475402033,0.0536772549937763,0.06));
#5914=CARTESIAN_POINT('',(-0.0451047891436701,0.0536772549937763,0.0557369711480395));
#5915=CARTESIAN_POINT('',(-0.0148815224461987,0.0536772549937763,0.0555273442178855));
#5916=CARTESIAN_POINT('',(-0.0753280558411416,0.0536772549937763,0.0559465980781936));
#5917=CARTESIAN_POINT('',(-0.0148815224461987,0.0536772549937763,0.0507780085521334));
#5918=CARTESIAN_POINT('',(-0.0148815224461987,0.0536772549937763,0.0460286728863812));
#5919=CARTESIAN_POINT('',(-0.0451047891436702,0.0536772549937763,0.0460286728863812));
#5920=CARTESIAN_POINT('',(-0.0753280558411416,0.0536772549937763,0.0460286728863812));
#5921=CARTESIAN_POINT('',(-0.0753280558411416,0.0536772549937763,0.0509876354822874));
#5922=CARTESIAN_POINT('',(-0.0450034765296758,0.0536772549937763,0.0234475232064154));
#5923=CARTESIAN_POINT('',(-0.0146678164168514,0.0536772549937763,0.0232658843046572));
#5924=CARTESIAN_POINT('',(-0.0753391366425001,0.0536772549937763,0.0236291621081735));
#5925=CARTESIAN_POINT('',(-0.0146678164168515,0.0536772549937763,0.0181170479573574));
#5926=CARTESIAN_POINT('',(-0.0146678164168515,0.0536772549937763,0.0129682116100575));
#5927=CARTESIAN_POINT('',(-0.0450034765296758,0.0536772549937763,0.0129682116100575));
#5928=CARTESIAN_POINT('',(-0.0753391366425001,0.0536772549937763,0.0129682116100575));
#5929=CARTESIAN_POINT('',(-0.0753391366425001,0.0536772549937763,0.0182986868591155));
#5930=CARTESIAN_POINT('',(-0.0753391366425001,0.0536772549937763,0.00890403019700655));
#5931=CARTESIAN_POINT('',(-0.0753391366425001,0.0536772549937763,0.00946821161005751));
#5932=CARTESIAN_POINT('',(-0.0753391366425001,0.0536772549937763,0.00255737207687312));
#5933=CARTESIAN_POINT('',(-0.0450635006216408,0.0536772549937763,0.00946821161005751));
#5934=CARTESIAN_POINT('',(-0.0147878646007815,0.0536772549937763,0.00946821161005751));
#5935=CARTESIAN_POINT('',(-0.0147878646007815,0.0536772549937763,0.00601279184346531));
#5936=CARTESIAN_POINT('',(-0.0147878646007815,0.0536772549937763,0.00255737207687312));
#5937=CARTESIAN_POINT('',(-0.0450635006216408,0.0536772549937763,0.00255737207687312));
#5938=CARTESIAN_POINT('',(-0.0448413475402033,0.0536772549937763,0.));
#5939=CARTESIAN_POINT('',(-0.0121514042977014,0.0536772549937763,0.));
#5940=CARTESIAN_POINT('',(-0.0775312907827051,0.0536772549937763,0.));
#5941=CARTESIAN_POINT('',(-0.0121514042977014,0.0536772549937763,0.06));
#5942=CARTESIAN_POINT('',(-0.0121514042977014,0.0536772549937763,0.06));
#5943=CARTESIAN_POINT('',(-0.0448413475402033,0.0536772549937763,0.06));
#5944=CARTESIAN_POINT('',(-0.0775312907827051,0.0536772549937763,0.06));
#5945=CARTESIAN_POINT('',(-0.0775312907827051,0.0536772549937763,0.06));
#5946=CARTESIAN_POINT('',(-0.0753280558411416,0.0536772549937763,0.0346473256681296));
#5947=CARTESIAN_POINT('',(-0.0753280558411416,0.0536772549937763,0.0267658843046572));
#5948=CARTESIAN_POINT('',(-0.0753280558411416,0.0536772549937763,0.0425287670316022));
#5949=CARTESIAN_POINT('',(-0.0450919535711911,0.0536772549937763,0.0425287670316022));
#5950=CARTESIAN_POINT('',(-0.0148558513012406,0.0536772549937763,0.0425287670316022));
#5951=CARTESIAN_POINT('',(-0.0148558513012406,0.0536772549937763,0.0346473256681297));
#5952=CARTESIAN_POINT('',(-0.0148558513012406,0.0536772549937763,0.0267658843046572));
#5953=CARTESIAN_POINT('',(-0.0450919535711911,0.0536772549937763,0.0267658843046572));
#5954=CARTESIAN_POINT('',(-0.0121514042977014,0.0730582706135559,0.06));
#5955=CARTESIAN_POINT('',(-0.0121514042977014,0.0730582706135559,0.));
#5956=CARTESIAN_POINT('',(-0.0121514042977014,0.0924392862333356,0.));
#5957=CARTESIAN_POINT('',(-0.0121514042977014,0.0924392862333356,0.06));
#5958=CARTESIAN_POINT('',(-0.0121514042977014,0.0924392862333356,0.06));
#5959=CARTESIAN_POINT('',(-0.0121514042977014,0.0730582706135559,0.06));
#5960=CARTESIAN_POINT('',(-0.0448413475402033,0.0924392862333356,0.06));
#5961=CARTESIAN_POINT('',(-0.0448413475402033,0.0924392862333356,0.));
#5962=CARTESIAN_POINT('',(-0.0775312907827051,0.0924392862333355,0.));
#5963=CARTESIAN_POINT('',(-0.0775312907827051,0.0924392862333355,0.06));
#5964=CARTESIAN_POINT('',(-0.0775312907827051,0.0924392862333355,0.06));
#5965=CARTESIAN_POINT('',(-0.0448413475402033,0.0924392862333356,0.06));
#5966=CARTESIAN_POINT('',(-0.0775312907827051,0.0730582706135559,0.06));
#5967=CARTESIAN_POINT('',(-0.0775312907827051,0.0730582706135559,0.));
#5968=CARTESIAN_POINT('',(-0.0775312907827051,0.0730582706135559,0.06));
#5969=CARTESIAN_POINT('',(-0.0448413475402033,0.0730582706135559,0.06));
#5970=CARTESIAN_POINT('',(-0.0448413475402033,0.0730582706135559,0.));
#5971=CARTESIAN_POINT('',(-0.0753391366425001,0.0796772549937763,0.00890403019700655));
#5972=CARTESIAN_POINT('',(-0.0753391366425001,0.0796772549937763,0.00255737207687312));
#5973=CARTESIAN_POINT('',(-0.0753391366425001,0.0796772549937763,0.00255737207687312));
#5974=CARTESIAN_POINT('',(-0.0753391366425001,0.0796772549937763,0.00890403019700655));
#5975=CARTESIAN_POINT('',(-0.0753391366425001,0.0796772549937763,0.00946821161005751));
#5976=CARTESIAN_POINT('',(-0.0753391366425001,0.0796772549937763,0.00946821161005751));
#5977=CARTESIAN_POINT('',(-0.0450635006216408,0.0796772549937763,0.00255737207687312));
#5978=CARTESIAN_POINT('',(-0.0147878646007815,0.0796772549937763,0.00255737207687312));
#5979=CARTESIAN_POINT('',(-0.0147878646007815,0.0796772549937763,0.00255737207687312));
#5980=CARTESIAN_POINT('',(-0.0450635006216408,0.0796772549937763,0.00255737207687312));
#5981=CARTESIAN_POINT('',(-0.0147878646007815,0.0796772549937763,0.00601279184346531));
#5982=CARTESIAN_POINT('',(-0.0147878646007815,0.0796772549937763,0.00946821161005751));
#5983=CARTESIAN_POINT('',(-0.0147878646007815,0.0796772549937763,0.00946821161005751));
#5984=CARTESIAN_POINT('',(-0.0147878646007815,0.0796772549937763,0.00601279184346531));
#5985=CARTESIAN_POINT('',(-0.0450635006216408,0.0796772549937763,0.00946821161005751));
#5986=CARTESIAN_POINT('',(-0.0450635006216408,0.0796772549937763,0.00946821161005751));
#5987=CARTESIAN_POINT('',(-0.0448413475402033,0.0796772549937763,0.03));
#5988=CARTESIAN_POINT('',(-0.0450034765296758,0.0796772549937763,0.0234475232064154));
#5989=CARTESIAN_POINT('',(-0.0753391366425001,0.0796772549937763,0.0236291621081735));
#5990=CARTESIAN_POINT('',(-0.0753391366425001,0.0796772549937763,0.0236291621081735));
#5991=CARTESIAN_POINT('',(-0.0450034765296758,0.0796772549937763,0.0234475232064154));
#5992=CARTESIAN_POINT('',(-0.0146678164168515,0.0796772549937763,0.0232658843046572));
#5993=CARTESIAN_POINT('',(-0.0146678164168515,0.0796772549937763,0.0232658843046572));
#5994=CARTESIAN_POINT('',(-0.0753391366425001,0.0796772549937763,0.0182986868591155));
#5995=CARTESIAN_POINT('',(-0.0753391366425001,0.0796772549937763,0.0129682116100575));
#5996=CARTESIAN_POINT('',(-0.0753391366425001,0.0796772549937763,0.0129682116100575));
#5997=CARTESIAN_POINT('',(-0.0753391366425001,0.0796772549937763,0.0182986868591155));
#5998=CARTESIAN_POINT('',(-0.0450034765296758,0.0796772549937763,0.0129682116100575));
#5999=CARTESIAN_POINT('',(-0.0146678164168515,0.0796772549937763,0.0129682116100575));
#6000=CARTESIAN_POINT('',(-0.0146678164168515,0.0796772549937763,0.0129682116100575));
#6001=CARTESIAN_POINT('',(-0.0450034765296758,0.0796772549937763,0.0129682116100575));
#6002=CARTESIAN_POINT('',(-0.0146678164168515,0.0796772549937763,0.0181170479573574));
#6003=CARTESIAN_POINT('',(-0.0146678164168515,0.0796772549937763,0.0181170479573574));
#6004=CARTESIAN_POINT('',(-0.0448413475402033,0.0796772549937763,0.03));
#6005=CARTESIAN_POINT('',(-0.0450919535711911,0.0796772549937763,0.0425287670316022));
#6006=CARTESIAN_POINT('',(-0.0753280558411416,0.0796772549937763,0.0425287670316022));
#6007=CARTESIAN_POINT('',(-0.0753280558411416,0.0796772549937763,0.0425287670316022));
#6008=CARTESIAN_POINT('',(-0.0450919535711911,0.0796772549937763,0.0425287670316022));
#6009=CARTESIAN_POINT('',(-0.0148558513012407,0.0796772549937763,0.0425287670316022));
#6010=CARTESIAN_POINT('',(-0.0148558513012407,0.0796772549937763,0.0425287670316022));
#6011=CARTESIAN_POINT('',(-0.0753280558411416,0.0796772549937763,0.0346473256681296));
#6012=CARTESIAN_POINT('',(-0.0753280558411416,0.0796772549937763,0.0267658843046572));
#6013=CARTESIAN_POINT('',(-0.0753280558411416,0.0796772549937763,0.0267658843046572));
#6014=CARTESIAN_POINT('',(-0.0753280558411416,0.0796772549937763,0.0346473256681296));
#6015=CARTESIAN_POINT('',(-0.0450919535711911,0.0796772549937763,0.0267658843046572));
#6016=CARTESIAN_POINT('',(-0.0148558513012406,0.0796772549937763,0.0267658843046572));
#6017=CARTESIAN_POINT('',(-0.0148558513012406,0.0796772549937763,0.0267658843046572));
#6018=CARTESIAN_POINT('',(-0.0450919535711911,0.0796772549937763,0.0267658843046572));
#6019=CARTESIAN_POINT('',(-0.0148558513012406,0.0796772549937763,0.0346473256681297));
#6020=CARTESIAN_POINT('',(-0.0148558513012406,0.0796772549937763,0.0346473256681297));
#6021=CARTESIAN_POINT('',(-0.0448413475402033,0.0796772549937763,0.03));
#6022=CARTESIAN_POINT('',(-0.0451047891436701,0.0796772549937763,0.0557369711480395));
#6023=CARTESIAN_POINT('',(-0.0753280558411416,0.0796772549937763,0.0559465980781936));
#6024=CARTESIAN_POINT('',(-0.0753280558411416,0.0796772549937763,0.0559465980781936));
#6025=CARTESIAN_POINT('',(-0.0451047891436701,0.0796772549937763,0.0557369711480395));
#6026=CARTESIAN_POINT('',(-0.0148815224461987,0.0796772549937763,0.0555273442178855));
#6027=CARTESIAN_POINT('',(-0.0148815224461987,0.0796772549937763,0.0555273442178855));
#6028=CARTESIAN_POINT('',(-0.0753280558411416,0.0796772549937763,0.0509876354822874));
#6029=CARTESIAN_POINT('',(-0.0753280558411416,0.0796772549937763,0.0460286728863812));
#6030=CARTESIAN_POINT('',(-0.0753280558411416,0.0796772549937763,0.0460286728863812));
#6031=CARTESIAN_POINT('',(-0.0753280558411416,0.0796772549937763,0.0509876354822874));
#6032=CARTESIAN_POINT('',(-0.0451047891436702,0.0796772549937763,0.0460286728863812));
#6033=CARTESIAN_POINT('',(-0.0148815224461987,0.0796772549937763,0.0460286728863812));
#6034=CARTESIAN_POINT('',(-0.0148815224461987,0.0796772549937763,0.0460286728863812));
#6035=CARTESIAN_POINT('',(-0.0451047891436702,0.0796772549937763,0.0460286728863812));
#6036=CARTESIAN_POINT('',(-0.0148815224461987,0.0796772549937763,0.0507780085521334));
#6037=CARTESIAN_POINT('',(-0.0148815224461987,0.0796772549937763,0.0507780085521334));
#6038=CARTESIAN_POINT('',(-0.0448413475402033,0.0796772549937763,0.03));
#6039=MECHANICAL_DESIGN_GEOMETRIC_PRESENTATION_REPRESENTATION('',(#3621),
#6044);
#6040=MECHANICAL_DESIGN_GEOMETRIC_PRESENTATION_REPRESENTATION('',(#3622),
#6045);
#6041=MECHANICAL_DESIGN_GEOMETRIC_PRESENTATION_REPRESENTATION('',(#3623),
#6046);
#6042=MECHANICAL_DESIGN_GEOMETRIC_PRESENTATION_REPRESENTATION('',(#3624),
#6047);
#6043=MECHANICAL_DESIGN_GEOMETRIC_PRESENTATION_REPRESENTATION('',(#3625),
#6048);
#6044=(
GEOMETRIC_REPRESENTATION_CONTEXT(3)
GLOBAL_UNCERTAINTY_ASSIGNED_CONTEXT((#6049))
GLOBAL_UNIT_ASSIGNED_CONTEXT((#6064,#6059,#6054))
REPRESENTATION_CONTEXT('Part 5','TOP_LEVEL_ASSEMBLY_PART')
);
#6045=(
GEOMETRIC_REPRESENTATION_CONTEXT(3)
GLOBAL_UNCERTAINTY_ASSIGNED_CONTEXT((#6050))
GLOBAL_UNIT_ASSIGNED_CONTEXT((#6065,#6060,#6055))
REPRESENTATION_CONTEXT('Part 2','TOP_LEVEL_ASSEMBLY_PART')
);
#6046=(
GEOMETRIC_REPRESENTATION_CONTEXT(3)
GLOBAL_UNCERTAINTY_ASSIGNED_CONTEXT((#6051))
GLOBAL_UNIT_ASSIGNED_CONTEXT((#6066,#6061,#6056))
REPRESENTATION_CONTEXT('Part 3','TOP_LEVEL_ASSEMBLY_PART')
);
#6047=(
GEOMETRIC_REPRESENTATION_CONTEXT(3)
GLOBAL_UNCERTAINTY_ASSIGNED_CONTEXT((#6052))
GLOBAL_UNIT_ASSIGNED_CONTEXT((#6067,#6062,#6057))
REPRESENTATION_CONTEXT('Part 4','TOP_LEVEL_ASSEMBLY_PART')
);
#6048=(
GEOMETRIC_REPRESENTATION_CONTEXT(3)
GLOBAL_UNCERTAINTY_ASSIGNED_CONTEXT((#6053))
GLOBAL_UNIT_ASSIGNED_CONTEXT((#6068,#6063,#6058))
REPRESENTATION_CONTEXT('Part 1','TOP_LEVEL_ASSEMBLY_PART')
);
#6049=UNCERTAINTY_MEASURE_WITH_UNIT(LENGTH_MEASURE(1.E-8),#6064,
'DISTANCE_ACCURACY_VALUE','Maximum Tolerance applied to model');
#6050=UNCERTAINTY_MEASURE_WITH_UNIT(LENGTH_MEASURE(1.E-8),#6065,
'DISTANCE_ACCURACY_VALUE','Maximum Tolerance applied to model');
#6051=UNCERTAINTY_MEASURE_WITH_UNIT(LENGTH_MEASURE(1.E-8),#6066,
'DISTANCE_ACCURACY_VALUE','Maximum Tolerance applied to model');
#6052=UNCERTAINTY_MEASURE_WITH_UNIT(LENGTH_MEASURE(1.E-8),#6067,
'DISTANCE_ACCURACY_VALUE','Maximum Tolerance applied to model');
#6053=UNCERTAINTY_MEASURE_WITH_UNIT(LENGTH_MEASURE(1.E-8),#6068,
'DISTANCE_ACCURACY_VALUE','Maximum Tolerance applied to model');
#6054=(
NAMED_UNIT(*)
SI_UNIT($,.STERADIAN.)
SOLID_ANGLE_UNIT()
);
#6055=(
NAMED_UNIT(*)
SI_UNIT($,.STERADIAN.)
SOLID_ANGLE_UNIT()
);
#6056=(
NAMED_UNIT(*)
SI_UNIT($,.STERADIAN.)
SOLID_ANGLE_UNIT()
);
#6057=(
NAMED_UNIT(*)
SI_UNIT($,.STERADIAN.)
SOLID_ANGLE_UNIT()
);
#6058=(
NAMED_UNIT(*)
SI_UNIT($,.STERADIAN.)
SOLID_ANGLE_UNIT()
);
#6059=(
NAMED_UNIT(*)
PLANE_ANGLE_UNIT()
SI_UNIT($,.RADIAN.)
);
#6060=(
NAMED_UNIT(*)
PLANE_ANGLE_UNIT()
SI_UNIT($,.RADIAN.)
);
#6061=(
NAMED_UNIT(*)
PLANE_ANGLE_UNIT()
SI_UNIT($,.RADIAN.)
);
#6062=(
NAMED_UNIT(*)
PLANE_ANGLE_UNIT()
SI_UNIT($,.RADIAN.)
);
#6063=(
NAMED_UNIT(*)
PLANE_ANGLE_UNIT()
SI_UNIT($,.RADIAN.)
);
#6064=(
LENGTH_UNIT()
NAMED_UNIT(*)
SI_UNIT($,.METRE.)
);
#6065=(
LENGTH_UNIT()
NAMED_UNIT(*)
SI_UNIT($,.METRE.)
);
#6066=(
LENGTH_UNIT()
NAMED_UNIT(*)
SI_UNIT($,.METRE.)
);
#6067=(
LENGTH_UNIT()
NAMED_UNIT(*)
SI_UNIT($,.METRE.)
);
#6068=(
LENGTH_UNIT()
NAMED_UNIT(*)
SI_UNIT($,.METRE.)
);
#6069=PRODUCT_DEFINITION_SHAPE('','',#6074);
#6070=PRODUCT_DEFINITION_SHAPE('','',#6075);
#6071=PRODUCT_DEFINITION_SHAPE('','',#6076);
#6072=PRODUCT_DEFINITION_SHAPE('','',#6077);
#6073=PRODUCT_DEFINITION_SHAPE('','',#6078);
#6074=PRODUCT_DEFINITION('','',#6084,#6079);
#6075=PRODUCT_DEFINITION('','',#6085,#6080);
#6076=PRODUCT_DEFINITION('','',#6086,#6081);
#6077=PRODUCT_DEFINITION('','',#6087,#6082);
#6078=PRODUCT_DEFINITION('','',#6088,#6083);
#6079=PRODUCT_DEFINITION_CONTEXT('',#6114,'design');
#6080=PRODUCT_DEFINITION_CONTEXT('',#6115,'design');
#6081=PRODUCT_DEFINITION_CONTEXT('',#6116,'design');
#6082=PRODUCT_DEFINITION_CONTEXT('',#6117,'design');
#6083=PRODUCT_DEFINITION_CONTEXT('',#6118,'design');
#6084=PRODUCT_DEFINITION_FORMATION_WITH_SPECIFIED_SOURCE('','',#6094,
 .NOT_KNOWN.);
#6085=PRODUCT_DEFINITION_FORMATION_WITH_SPECIFIED_SOURCE('','',#6095,
 .NOT_KNOWN.);
#6086=PRODUCT_DEFINITION_FORMATION_WITH_SPECIFIED_SOURCE('','',#6096,
 .NOT_KNOWN.);
#6087=PRODUCT_DEFINITION_FORMATION_WITH_SPECIFIED_SOURCE('','',#6097,
 .NOT_KNOWN.);
#6088=PRODUCT_DEFINITION_FORMATION_WITH_SPECIFIED_SOURCE('','',#6098,
 .NOT_KNOWN.);
#6089=PRODUCT_RELATED_PRODUCT_CATEGORY('','',(#6094));
#6090=PRODUCT_RELATED_PRODUCT_CATEGORY('','',(#6095));
#6091=PRODUCT_RELATED_PRODUCT_CATEGORY('','',(#6096));
#6092=PRODUCT_RELATED_PRODUCT_CATEGORY('','',(#6097));
#6093=PRODUCT_RELATED_PRODUCT_CATEGORY('','',(#6098));
#6094=PRODUCT('Part 5','Part 5','Part 5',(#6104));
#6095=PRODUCT('Part 2','Part 2','Part 2',(#6105));
#6096=PRODUCT('Part 3','Part 3','Part 3',(#6106));
#6097=PRODUCT('Part 4','Part 4','Part 4',(#6107));
#6098=PRODUCT('Part 1','Part 1','Part 1',(#6108));
#6099=PRODUCT_CATEGORY('','');
#6100=PRODUCT_CATEGORY('','');
#6101=PRODUCT_CATEGORY('','');
#6102=PRODUCT_CATEGORY('','');
#6103=PRODUCT_CATEGORY('','');
#6104=PRODUCT_CONTEXT('',#6114,'mechanical');
#6105=PRODUCT_CONTEXT('',#6115,'mechanical');
#6106=PRODUCT_CONTEXT('',#6116,'mechanical');
#6107=PRODUCT_CONTEXT('',#6117,'mechanical');
#6108=PRODUCT_CONTEXT('',#6118,'mechanical');
#6109=APPLICATION_PROTOCOL_DEFINITION('international standard',
'ap242_managed_model_based_3d_engineering',2020,#6114);
#6110=APPLICATION_PROTOCOL_DEFINITION('international standard',
'ap242_managed_model_based_3d_engineering',2020,#6115);
#6111=APPLICATION_PROTOCOL_DEFINITION('international standard',
'ap242_managed_model_based_3d_engineering',2020,#6116);
#6112=APPLICATION_PROTOCOL_DEFINITION('international standard',
'ap242_managed_model_based_3d_engineering',2020,#6117);
#6113=APPLICATION_PROTOCOL_DEFINITION('international standard',
'ap242_managed_model_based_3d_engineering',2020,#6118);
#6114=APPLICATION_CONTEXT('managed model based 3d engineering');
#6115=APPLICATION_CONTEXT('managed model based 3d engineering');
#6116=APPLICATION_CONTEXT('managed model based 3d engineering');
#6117=APPLICATION_CONTEXT('managed model based 3d engineering');
#6118=APPLICATION_CONTEXT('managed model based 3d engineering');
ENDSEC;
END-ISO-10303-21;
