ISO-10303-21;
HEADER;
/* Generated by software containing ST-Developer
 * from STEP Tools, Inc. (www.steptools.com) 
 */
/* OPTION: using custom renumber hook */

FILE_DESCRIPTION(
/* description */ ('STEP AP242 Edition 2',
'CAx-IF Rec.Pracs.---Representation and Presentation of Product Manufa
cturing Information (PMI)---4.0---2014-10-13',
'CAx-IF Rec.Pracs.---3D Tessellated Geometry---0.4---2014-09-14','2;1',
'CAx-IF Rec.Pracs.---User Defined Attributes---1.5---2016-08-15'),
/* implementation_level */ '2;1');

FILE_NAME(
/* name */ 'monitor',
/* time_stamp */ '2026-09-07T01:31:51Z',
/* author */ (''),
/* organization */ (''),
/* preprocessor_version */ 'ST-DEVELOPER v20',
/* originating_system */ 'ONSHAPE BY PTC INC, 1.220',
/* authorisation */ '  ');

FILE_SCHEMA (('AP242_MANAGED_MODEL_BASED_3D_ENGINEERING_MIM_LF { 1 0 10303 442 3 1 4 }'));
ENDSEC;

DATA;
#10=SHAPE_REPRESENTATION_RELATIONSHIP('','',#464,#11);
#11=ADVANCED_BREP_SHAPE_REPRESENTATION('',(#462),#1881);
#12=CONICAL_SURFACE('',#506,0.115898559012985,0.785398163397435);
#13=CONICAL_SURFACE('',#507,0.0302757287327831,0.785398163397441);
#14=CONICAL_SURFACE('',#508,0.11018290254053,0.785398163397442);
#15=CONICAL_SURFACE('',#509,0.111218650353864,0.785398163397442);
#16=(
BOUNDED_SURFACE()
B_SPLINE_SURFACE(3,2,((#1218,#1219,#1220),(#1221,#1222,#1223),(#1224,#1225,
#1226),(#1227,#1228,#1229),(#1230,#1231,#1232),(#1233,#1234,#1235),(#1236,
#1237,#1238),(#1239,#1240,#1241),(#1242,#1243,#1244),(#1245,#1246,#1247),
(#1248,#1249,#1250),(#1251,#1252,#1253),(#1254,#1255,#1256),(#1257,#1258,
#1259),(#1260,#1261,#1262),(#1263,#1264,#1265),(#1266,#1267,#1268),(#1269,
#1270,#1271),(#1272,#1273,#1274),(#1275,#1276,#1277),(#1278,#1279,#1280),
(#1281,#1282,#1283),(#1284,#1285,#1286)),.UNSPECIFIED.,.F.,.F.,.F.)
B_SPLINE_SURFACE_WITH_KNOTS((4,1,1,1,1,1,1,1,1,1,1,1,1,1,1,1,1,1,1,1,4),
(3,3),(0.00918051477321795,0.00949357532767479,0.00980663588213163,0.0104327569910453,
0.011058878099959,0.0116849992088727,0.0129372414267,0.0141894836445274,
0.0154417258623547,0.0166939680801821,0.0191984525158368,0.0217029369514915,
0.0229551791693189,0.0242074213871462,0.0254596636049736,0.0267119058228009,
0.0273380269317146,0.0279641480406283,0.0285902691495419,0.0289033297039988,
0.0292163902584556),(0.,1.),.UNSPECIFIED.)
GEOMETRIC_REPRESENTATION_ITEM()
RATIONAL_B_SPLINE_SURFACE(((1.,0.707106781186548,1.),(1.,0.707106781186548,
1.),(1.,0.707106781186548,1.),(1.,0.707106781186547,1.),(1.,0.707106781186548,
1.),(1.,0.707106781186547,1.),(1.,0.707106781186547,1.),(1.,0.707106781186548,
1.),(1.,0.707106781186548,1.),(1.,0.707106781186547,1.),(1.,0.707106781186548,
1.),(1.,0.707106781186548,1.),(1.,0.707106781186548,1.),(1.,0.707106781186547,
1.),(1.,0.707106781186548,1.),(1.,0.707106781186547,1.),(1.,0.707106781186548,
1.),(1.,0.707106781186547,1.),(1.,0.707106781186548,1.),(1.,0.707106781186547,
1.),(1.,0.707106781186547,1.),(1.,0.707106781186547,1.),(1.,0.707106781186547,
1.)))
REPRESENTATION_ITEM('')
SURFACE()
);
#17=(
BOUNDED_SURFACE()
B_SPLINE_SURFACE(3,2,((#1292,#1293,#1294),(#1295,#1296,#1297),(#1298,#1299,
#1300),(#1301,#1302,#1303),(#1304,#1305,#1306),(#1307,#1308,#1309),(#1310,
#1311,#1312),(#1313,#1314,#1315),(#1316,#1317,#1318),(#1319,#1320,#1321),
(#1322,#1323,#1324),(#1325,#1326,#1327),(#1328,#1329,#1330),(#1331,#1332,
#1333),(#1334,#1335,#1336),(#1337,#1338,#1339),(#1340,#1341,#1342),(#1343,
#1344,#1345),(#1346,#1347,#1348),(#1349,#1350,#1351),(#1352,#1353,#1354),
(#1355,#1356,#1357),(#1358,#1359,#1360)),.UNSPECIFIED.,.F.,.F.,.F.)
B_SPLINE_SURFACE_WITH_KNOTS((4,1,1,1,1,1,1,1,1,1,1,1,1,1,1,1,1,1,1,1,4),
(3,3),(0.0176699126384591,0.0179884584663502,0.0183070042942413,0.0189440959500234,
0.0195811876058055,0.0202182792615876,0.0214924625731518,0.022766645884716,
0.0240408291962802,0.0253150125078445,0.0278633791309729,0.0304117457541013,
0.0316859290656656,0.0329601123772298,0.034234295688794,0.0355084790003582,
0.0361455706561403,0.0367826623119224,0.0374197539677046,0.0377382997955956,
0.0380568456234867),(0.,1.),.UNSPECIFIED.)
GEOMETRIC_REPRESENTATION_ITEM()
RATIONAL_B_SPLINE_SURFACE(((1.,0.707106781186548,1.),(1.,0.707106781186548,
1.),(1.,0.707106781186547,1.),(1.,0.707106781186548,1.),(1.,0.707106781186547,
1.),(1.,0.707106781186548,1.),(1.,0.707106781186547,1.),(1.,0.707106781186548,
1.),(1.,0.707106781186548,1.),(1.,0.707106781186547,1.),(1.,0.707106781186548,
1.),(1.,0.707106781186548,1.),(1.,0.707106781186547,1.),(1.,0.707106781186548,
1.),(1.,0.707106781186547,1.),(1.,0.707106781186548,1.),(1.,0.707106781186547,
1.),(1.,0.707106781186548,1.),(1.,0.707106781186547,1.),(1.,0.707106781186548,
1.),(1.,0.707106781186548,1.),(1.,0.707106781186547,1.),(1.,0.707106781186547,
1.)))
REPRESENTATION_ITEM('')
SURFACE()
);
#18=ELLIPSE('',#487,0.0125152746362603,0.0050019246119119);
#19=B_SPLINE_SURFACE_WITH_KNOTS('',3,1,((#684,#685),(#686,#687),(#688,#689),
(#690,#691),(#692,#693),(#694,#695),(#696,#697),(#698,#699),(#700,#701),
(#702,#703),(#704,#705),(#706,#707),(#708,#709),(#710,#711),(#712,#713),
(#714,#715),(#716,#717),(#718,#719),(#720,#721)),
 .SURF_OF_LINEAR_EXTRUSION.,.T.,.F.,.F.,(1,1,1,1,1,1,1,1,1,1,1,1,1,1,1,
1,1,1,1,1,1,1,1),(2,2),(-1.17809724509617,-0.785398163397448,-0.392699081698725,
0.,0.392699081698724,0.785398163397448,1.17809724509617,1.5707963267949,
1.96349540849362,2.35619449019234,2.74889357189107,3.14159265358979,3.53429173528852,
3.92699081698724,4.31968989868597,4.71238898038469,5.10508806208341,5.49778714378214,
5.89048622548086,6.28318530717959,6.67588438887831,7.06858347057703,7.46128255227576),
(0.,1.),.UNSPECIFIED.);
#20=B_SPLINE_SURFACE_WITH_KNOTS('',3,3,((#788,#789,#790,#791,#792,#793,
#794,#795,#796,#797,#798,#799,#800,#801),(#802,#803,#804,#805,#806,#807,
#808,#809,#810,#811,#812,#813,#814,#815),(#816,#817,#818,#819,#820,#821,
#822,#823,#824,#825,#826,#827,#828,#829),(#830,#831,#832,#833,#834,#835,
#836,#837,#838,#839,#840,#841,#842,#843),(#844,#845,#846,#847,#848,#849,
#850,#851,#852,#853,#854,#855,#856,#857),(#858,#859,#860,#861,#862,#863,
#864,#865,#866,#867,#868,#869,#870,#871),(#872,#873,#874,#875,#876,#877,
#878,#879,#880,#881,#882,#883,#884,#885),(#886,#887,#888,#889,#890,#891,
#892,#893,#894,#895,#896,#897,#898,#899),(#900,#901,#902,#903,#904,#905,
#906,#907,#908,#909,#910,#911,#912,#913),(#914,#915,#916,#917,#918,#919,
#920,#921,#922,#923,#924,#925,#926,#927),(#928,#929,#930,#931,#932,#933,
#934,#935,#936,#937,#938,#939,#940,#941),(#942,#943,#944,#945,#946,#947,
#948,#949,#950,#951,#952,#953,#954,#955),(#956,#957,#958,#959,#960,#961,
#962,#963,#964,#965,#966,#967,#968,#969),(#970,#971,#972,#973,#974,#975,
#976,#977,#978,#979,#980,#981,#982,#983),(#984,#985,#986,#987,#988,#989,
#990,#991,#992,#993,#994,#995,#996,#997),(#998,#999,#1000,#1001,#1002,#1003,
#1004,#1005,#1006,#1007,#1008,#1009,#1010,#1011),(#1012,#1013,#1014,#1015,
#1016,#1017,#1018,#1019,#1020,#1021,#1022,#1023,#1024,#1025),(#1026,#1027,
#1028,#1029,#1030,#1031,#1032,#1033,#1034,#1035,#1036,#1037,#1038,#1039),
(#1040,#1041,#1042,#1043,#1044,#1045,#1046,#1047,#1048,#1049,#1050,#1051,
#1052,#1053),(#1054,#1055,#1056,#1057,#1058,#1059,#1060,#1061,#1062,#1063,
#1064,#1065,#1066,#1067),(#1068,#1069,#1070,#1071,#1072,#1073,#1074,#1075,
#1076,#1077,#1078,#1079,#1080,#1081),(#1082,#1083,#1084,#1085,#1086,#1087,
#1088,#1089,#1090,#1091,#1092,#1093,#1094,#1095),(#1096,#1097,#1098,#1099,
#1100,#1101,#1102,#1103,#1104,#1105,#1106,#1107,#1108,#1109),(#1110,#1111,
#1112,#1113,#1114,#1115,#1116,#1117,#1118,#1119,#1120,#1121,#1122,#1123),
(#1124,#1125,#1126,#1127,#1128,#1129,#1130,#1131,#1132,#1133,#1134,#1135,
#1136,#1137),(#1138,#1139,#1140,#1141,#1142,#1143,#1144,#1145,#1146,#1147,
#1148,#1149,#1150,#1151),(#1152,#1153,#1154,#1155,#1156,#1157,#1158,#1159,
#1160,#1161,#1162,#1163,#1164,#1165),(#1166,#1167,#1168,#1169,#1170,#1171,
#1172,#1173,#1174,#1175,#1176,#1177,#1178,#1179),(#1180,#1181,#1182,#1183,
#1184,#1185,#1186,#1187,#1188,#1189,#1190,#1191,#1192,#1193),(#1194,#1195,
#1196,#1197,#1198,#1199,#1200,#1201,#1202,#1203,#1204,#1205,#1206,#1207)),
 .UNSPECIFIED.,.F.,.F.,.F.,(4,2,2,2,2,2,2,2,2,2,2,2,2,2,4),(4,2,2,2,2,2,
4),(0.,0.0625,0.125,0.1875,0.25,0.375,0.4375,0.5,0.625,0.6875,0.75,0.8125,
0.875,0.9375,1.),(0.,0.0625,0.25,0.5,0.75,0.9375,1.),.UNSPECIFIED.);
#21=B_SPLINE_SURFACE_WITH_KNOTS('',3,3,((#1366,#1367,#1368,#1369,#1370,
#1371,#1372,#1373,#1374,#1375,#1376,#1377,#1378,#1379),(#1380,#1381,#1382,
#1383,#1384,#1385,#1386,#1387,#1388,#1389,#1390,#1391,#1392,#1393),(#1394,
#1395,#1396,#1397,#1398,#1399,#1400,#1401,#1402,#1403,#1404,#1405,#1406,
#1407),(#1408,#1409,#1410,#1411,#1412,#1413,#1414,#1415,#1416,#1417,#1418,
#1419,#1420,#1421),(#1422,#1423,#1424,#1425,#1426,#1427,#1428,#1429,#1430,
#1431,#1432,#1433,#1434,#1435),(#1436,#1437,#1438,#1439,#1440,#1441,#1442,
#1443,#1444,#1445,#1446,#1447,#1448,#1449),(#1450,#1451,#1452,#1453,#1454,
#1455,#1456,#1457,#1458,#1459,#1460,#1461,#1462,#1463),(#1464,#1465,#1466,
#1467,#1468,#1469,#1470,#1471,#1472,#1473,#1474,#1475,#1476,#1477),(#1478,
#1479,#1480,#1481,#1482,#1483,#1484,#1485,#1486,#1487,#1488,#1489,#1490,
#1491),(#1492,#1493,#1494,#1495,#1496,#1497,#1498,#1499,#1500,#1501,#1502,
#1503,#1504,#1505),(#1506,#1507,#1508,#1509,#1510,#1511,#1512,#1513,#1514,
#1515,#1516,#1517,#1518,#1519),(#1520,#1521,#1522,#1523,#1524,#1525,#1526,
#1527,#1528,#1529,#1530,#1531,#1532,#1533),(#1534,#1535,#1536,#1537,#1538,
#1539,#1540,#1541,#1542,#1543,#1544,#1545,#1546,#1547),(#1548,#1549,#1550,
#1551,#1552,#1553,#1554,#1555,#1556,#1557,#1558,#1559,#1560,#1561),(#1562,
#1563,#1564,#1565,#1566,#1567,#1568,#1569,#1570,#1571,#1572,#1573,#1574,
#1575),(#1576,#1577,#1578,#1579,#1580,#1581,#1582,#1583,#1584,#1585,#1586,
#1587,#1588,#1589),(#1590,#1591,#1592,#1593,#1594,#1595,#1596,#1597,#1598,
#1599,#1600,#1601,#1602,#1603),(#1604,#1605,#1606,#1607,#1608,#1609,#1610,
#1611,#1612,#1613,#1614,#1615,#1616,#1617),(#1618,#1619,#1620,#1621,#1622,
#1623,#1624,#1625,#1626,#1627,#1628,#1629,#1630,#1631),(#1632,#1633,#1634,
#1635,#1636,#1637,#1638,#1639,#1640,#1641,#1642,#1643,#1644,#1645),(#1646,
#1647,#1648,#1649,#1650,#1651,#1652,#1653,#1654,#1655,#1656,#1657,#1658,
#1659),(#1660,#1661,#1662,#1663,#1664,#1665,#1666,#1667,#1668,#1669,#1670,
#1671,#1672,#1673),(#1674,#1675,#1676,#1677,#1678,#1679,#1680,#1681,#1682,
#1683,#1684,#1685,#1686,#1687),(#1688,#1689,#1690,#1691,#1692,#1693,#1694,
#1695,#1696,#1697,#1698,#1699,#1700,#1701),(#1702,#1703,#1704,#1705,#1706,
#1707,#1708,#1709,#1710,#1711,#1712,#1713,#1714,#1715),(#1716,#1717,#1718,
#1719,#1720,#1721,#1722,#1723,#1724,#1725,#1726,#1727,#1728,#1729),(#1730,
#1731,#1732,#1733,#1734,#1735,#1736,#1737,#1738,#1739,#1740,#1741,#1742,
#1743),(#1744,#1745,#1746,#1747,#1748,#1749,#1750,#1751,#1752,#1753,#1754,
#1755,#1756,#1757),(#1758,#1759,#1760,#1761,#1762,#1763,#1764,#1765,#1766,
#1767,#1768,#1769,#1770,#1771),(#1772,#1773,#1774,#1775,#1776,#1777,#1778,
#1779,#1780,#1781,#1782,#1783,#1784,#1785)),.UNSPECIFIED.,.F.,.F.,.F.,(4,
2,2,2,2,2,2,2,2,2,2,2,2,2,4),(4,2,2,2,2,2,4),(0.,0.0625,0.125,0.1875,0.25,
0.375,0.4375,0.5,0.625,0.6875,0.75,0.8125,0.875,0.9375,1.),(0.,0.0625,0.25,
0.5,0.75,0.9375,1.),.UNSPECIFIED.);
#22=B_SPLINE_CURVE_WITH_KNOTS('',3,(#654,#655,#656,#657,#658),
 .UNSPECIFIED.,.F.,.F.,(4,1,4),(0.,0.000783181350918134,0.00156636270183627),
 .UNSPECIFIED.);
#23=B_SPLINE_CURVE_WITH_KNOTS('',3,(#722,#723,#724,#725,#726),
 .UNSPECIFIED.,.F.,.F.,(4,1,4),(0.,0.5,1.),.UNSPECIFIED.);
#24=B_SPLINE_CURVE_WITH_KNOTS('',3,(#729,#730,#731,#732,#733,#734,#735,
#736,#737,#738),.UNSPECIFIED.,.F.,.F.,(4,1,1,1,1,1,1,4),(0.,0.00299463513588519,
0.00598927027177039,0.00898390540765558,0.0119785405435408,0.0179678108153112,
0.0209624459511964,0.0239570810870816),.UNSPECIFIED.);
#25=B_SPLINE_CURVE_WITH_KNOTS('',3,(#740,#741,#742,#743,#744),
 .UNSPECIFIED.,.F.,.F.,(4,1,4),(0.,0.5,1.),.UNSPECIFIED.);
#26=B_SPLINE_CURVE_WITH_KNOTS('',3,(#746,#747,#748,#749,#750,#751,#752,
#753,#754,#755),.UNSPECIFIED.,.F.,.F.,(4,1,1,1,1,1,1,4),(0.,0.00299562991482361,
0.00599125982964723,0.00898688974447084,0.0119825196592945,0.0179737794889417,
0.0209694094037653,0.0239650393185889),.UNSPECIFIED.);
#27=B_SPLINE_CURVE_WITH_KNOTS('',3,(#759,#760,#761,#762,#763,#764,#765,
#766,#767,#768,#769,#770,#771),.UNSPECIFIED.,.F.,.F.,(4,1,1,1,1,1,1,1,1,
1,4),(0.,0.00121885061291851,0.00243770122583702,0.00487540245167405,0.00731310367751107,
0.0097508049033481,0.0121885061291851,0.0146262073550221,0.0170639085808592,
0.0182827591937777,0.0195016098066962),.UNSPECIFIED.);
#28=B_SPLINE_CURVE_WITH_KNOTS('',3,(#774,#775,#776,#777,#778,#779,#780,
#781,#782,#783,#784,#785,#786),.UNSPECIFIED.,.F.,.F.,(4,1,1,1,1,1,1,1,1,
1,4),(0.,0.00122988381975981,0.00245976763951961,0.00491953527903922,0.00737930291855884,
0.00983907055807845,0.0122988381975981,0.0147586058371177,0.0172183734766373,
0.0184482572963971,0.0196781411161569),.UNSPECIFIED.);
#29=B_SPLINE_CURVE_WITH_KNOTS('',3,(#1208,#1209,#1210,#1211,#1212),
 .UNSPECIFIED.,.F.,.F.,(4,1,4),(0.,0.5,1.),.UNSPECIFIED.);
#30=B_SPLINE_CURVE_WITH_KNOTS('',3,(#1213,#1214,#1215,#1216,#1217),
 .UNSPECIFIED.,.F.,.F.,(4,1,4),(0.,0.5,1.),.UNSPECIFIED.);
#31=B_SPLINE_CURVE_WITH_KNOTS('',3,(#1287,#1288,#1289,#1290,#1291),
 .UNSPECIFIED.,.F.,.F.,(4,1,4),(0.,0.5,1.),.UNSPECIFIED.);
#32=B_SPLINE_CURVE_WITH_KNOTS('',3,(#1361,#1362,#1363,#1364,#1365),
 .UNSPECIFIED.,.F.,.F.,(4,1,4),(0.,0.5,1.),.UNSPECIFIED.);
#33=B_SPLINE_CURVE_WITH_KNOTS('',3,(#1798,#1799,#1800,#1801),
 .UNSPECIFIED.,.F.,.F.,(4,4),(0.,0.000448828592641109),.UNSPECIFIED.);
#34=B_SPLINE_CURVE_WITH_KNOTS('',3,(#1803,#1804,#1805,#1806),
 .UNSPECIFIED.,.F.,.F.,(4,4),(0.,0.000222840066544096),.UNSPECIFIED.);
#35=B_SPLINE_CURVE_WITH_KNOTS('',3,(#1811,#1812,#1813,#1814),
 .UNSPECIFIED.,.F.,.F.,(4,4),(0.,0.000208288800266781),.UNSPECIFIED.);
#36=B_SPLINE_CURVE_WITH_KNOTS('',3,(#1816,#1817,#1818,#1819),
 .UNSPECIFIED.,.F.,.F.,(4,4),(0.000159870712859466,0.000602476937822169),
 .UNSPECIFIED.);
#37=B_SPLINE_CURVE_WITH_KNOTS('',3,(#1821,#1822,#1823,#1824),
 .UNSPECIFIED.,.F.,.F.,(4,4),(0.,4.87374825188438E-5),.UNSPECIFIED.);
#38=B_SPLINE_CURVE_WITH_KNOTS('',3,(#1827,#1828,#1829,#1830),
 .UNSPECIFIED.,.F.,.F.,(4,4),(0.,0.000588724498141308),.UNSPECIFIED.);
#39=B_SPLINE_CURVE_WITH_KNOTS('',3,(#1832,#1833,#1834,#1835),
 .UNSPECIFIED.,.F.,.F.,(4,4),(8.67361737988404E-19,0.000169150960316229),
 .UNSPECIFIED.);
#40=B_SPLINE_CURVE_WITH_KNOTS('',3,(#1837,#1838,#1839,#1840),
 .UNSPECIFIED.,.F.,.F.,(4,4),(0.,0.000105983999029438),.UNSPECIFIED.);
#41=B_SPLINE_CURVE_WITH_KNOTS('',3,(#1842,#1843,#1844,#1845),
 .UNSPECIFIED.,.F.,.F.,(4,4),(0.,0.000374600442110067),.UNSPECIFIED.);
#42=B_SPLINE_CURVE_WITH_KNOTS('',3,(#1847,#1848,#1849,#1850),
 .UNSPECIFIED.,.F.,.F.,(4,4),(0.,0.000105062031312215),.UNSPECIFIED.);
#43=B_SPLINE_CURVE_WITH_KNOTS('',3,(#1861,#1862,#1863,#1864),
 .UNSPECIFIED.,.F.,.F.,(4,4),(0.00459435941479183,0.00583836160305732),
 .UNSPECIFIED.);
#44=B_SPLINE_CURVE_WITH_KNOTS('',3,(#1865,#1866,#1867,#1868),
 .UNSPECIFIED.,.F.,.F.,(4,4),(0.00476381817298237,0.00601251644721097),
 .UNSPECIFIED.);
#45=B_SPLINE_CURVE_WITH_KNOTS('',3,(#1870,#1871,#1872,#1873),
 .UNSPECIFIED.,.F.,.F.,(4,4),(0.00478135585116424,0.00603781908375734),
 .UNSPECIFIED.);
#46=B_SPLINE_CURVE_WITH_KNOTS('',3,(#1875,#1876,#1877,#1878),
 .UNSPECIFIED.,.F.,.F.,(4,4),(0.00473772254948458,0.00605761654570148),
 .UNSPECIFIED.);
#47=LINE('',#647,#66);
#48=LINE('',#652,#67);
#49=LINE('',#660,#68);
#50=LINE('',#663,#69);
#51=LINE('',#665,#70);
#52=LINE('',#667,#71);
#53=LINE('',#669,#72);
#54=LINE('',#672,#73);
#55=LINE('',#674,#74);
#56=LINE('',#676,#75);
#57=LINE('',#678,#76);
#58=LINE('',#679,#77);
#59=LINE('',#681,#78);
#60=LINE('',#682,#79);
#61=LINE('',#683,#80);
#62=LINE('',#1808,#81);
#63=LINE('',#1809,#82);
#64=LINE('',#1825,#83);
#65=LINE('',#1836,#84);
#66=VECTOR('',#544,1.);
#67=VECTOR('',#547,1.);
#68=VECTOR('',#550,1.);
#69=VECTOR('',#551,1.);
#70=VECTOR('',#552,1.);
#71=VECTOR('',#553,1.);
#72=VECTOR('',#556,1.);
#73=VECTOR('',#557,1.);
#74=VECTOR('',#558,1.);
#75=VECTOR('',#559,1.);
#76=VECTOR('',#562,1.);
#77=VECTOR('',#563,1.);
#78=VECTOR('',#566,1.);
#79=VECTOR('',#567,1.);
#80=VECTOR('',#568,1.);
#81=VECTOR('',#591,1.);
#82=VECTOR('',#592,1.);
#83=VECTOR('',#595,1.);
#84=VECTOR('',#598,1.);
#85=CYLINDRICAL_SURFACE('',#480,0.000885469693805758);
#86=CYLINDRICAL_SURFACE('',#497,0.0338447351415067);
#87=CYLINDRICAL_SURFACE('',#498,0.144356824374606);
#88=CYLINDRICAL_SURFACE('',#499,0.0424669709426438);
#89=CYLINDRICAL_SURFACE('',#500,0.163298061989482);
#90=ORIENTED_EDGE('',*,*,#222,.T.);
#91=ORIENTED_EDGE('',*,*,#223,.T.);
#92=ORIENTED_EDGE('',*,*,#224,.T.);
#93=ORIENTED_EDGE('',*,*,#225,.T.);
#94=ORIENTED_EDGE('',*,*,#226,.T.);
#95=ORIENTED_EDGE('',*,*,#227,.T.);
#96=ORIENTED_EDGE('',*,*,#228,.T.);
#97=ORIENTED_EDGE('',*,*,#229,.T.);
#98=ORIENTED_EDGE('',*,*,#230,.T.);
#99=ORIENTED_EDGE('',*,*,#231,.T.);
#100=ORIENTED_EDGE('',*,*,#232,.T.);
#101=ORIENTED_EDGE('',*,*,#233,.F.);
#102=ORIENTED_EDGE('',*,*,#234,.F.);
#103=ORIENTED_EDGE('',*,*,#235,.F.);
#104=ORIENTED_EDGE('',*,*,#236,.T.);
#105=ORIENTED_EDGE('',*,*,#237,.T.);
#106=ORIENTED_EDGE('',*,*,#238,.T.);
#107=ORIENTED_EDGE('',*,*,#239,.F.);
#108=ORIENTED_EDGE('',*,*,#240,.F.);
#109=ORIENTED_EDGE('',*,*,#241,.F.);
#110=ORIENTED_EDGE('',*,*,#242,.F.);
#111=ORIENTED_EDGE('',*,*,#243,.T.);
#112=ORIENTED_EDGE('',*,*,#244,.T.);
#113=ORIENTED_EDGE('',*,*,#243,.F.);
#114=ORIENTED_EDGE('',*,*,#245,.F.);
#115=ORIENTED_EDGE('',*,*,#240,.T.);
#116=ORIENTED_EDGE('',*,*,#246,.T.);
#117=ORIENTED_EDGE('',*,*,#247,.F.);
#118=ORIENTED_EDGE('',*,*,#241,.T.);
#119=ORIENTED_EDGE('',*,*,#248,.F.);
#120=ORIENTED_EDGE('',*,*,#238,.F.);
#121=ORIENTED_EDGE('',*,*,#249,.T.);
#122=ORIENTED_EDGE('',*,*,#234,.T.);
#123=ORIENTED_EDGE('',*,*,#250,.T.);
#124=ORIENTED_EDGE('',*,*,#251,.T.);
#125=ORIENTED_EDGE('',*,*,#252,.T.);
#126=ORIENTED_EDGE('',*,*,#253,.T.);
#127=ORIENTED_EDGE('',*,*,#254,.T.);
#128=ORIENTED_EDGE('',*,*,#232,.F.);
#129=ORIENTED_EDGE('',*,*,#255,.T.);
#130=ORIENTED_EDGE('',*,*,#256,.T.);
#131=ORIENTED_EDGE('',*,*,#254,.F.);
#132=ORIENTED_EDGE('',*,*,#257,.F.);
#133=ORIENTED_EDGE('',*,*,#252,.F.);
#134=ORIENTED_EDGE('',*,*,#258,.F.);
#135=ORIENTED_EDGE('',*,*,#258,.T.);
#136=ORIENTED_EDGE('',*,*,#251,.F.);
#137=ORIENTED_EDGE('',*,*,#259,.F.);
#138=ORIENTED_EDGE('',*,*,#255,.F.);
#139=ORIENTED_EDGE('',*,*,#257,.T.);
#140=ORIENTED_EDGE('',*,*,#256,.F.);
#141=ORIENTED_EDGE('',*,*,#260,.F.);
#142=ORIENTED_EDGE('',*,*,#253,.F.);
#143=ORIENTED_EDGE('',*,*,#259,.T.);
#144=ORIENTED_EDGE('',*,*,#250,.F.);
#145=ORIENTED_EDGE('',*,*,#260,.T.);
#146=ORIENTED_EDGE('',*,*,#248,.T.);
#147=ORIENTED_EDGE('',*,*,#244,.F.);
#148=ORIENTED_EDGE('',*,*,#246,.F.);
#149=ORIENTED_EDGE('',*,*,#239,.T.);
#150=ORIENTED_EDGE('',*,*,#247,.T.);
#151=ORIENTED_EDGE('',*,*,#233,.T.);
#152=ORIENTED_EDGE('',*,*,#261,.F.);
#153=ORIENTED_EDGE('',*,*,#262,.F.);
#154=ORIENTED_EDGE('',*,*,#263,.F.);
#155=ORIENTED_EDGE('',*,*,#264,.F.);
#156=ORIENTED_EDGE('',*,*,#265,.F.);
#157=ORIENTED_EDGE('',*,*,#235,.T.);
#158=ORIENTED_EDGE('',*,*,#249,.F.);
#159=ORIENTED_EDGE('',*,*,#237,.F.);
#160=ORIENTED_EDGE('',*,*,#245,.T.);
#161=ORIENTED_EDGE('',*,*,#242,.T.);
#162=ORIENTED_EDGE('',*,*,#266,.T.);
#163=ORIENTED_EDGE('',*,*,#267,.T.);
#164=ORIENTED_EDGE('',*,*,#268,.T.);
#165=ORIENTED_EDGE('',*,*,#264,.T.);
#166=ORIENTED_EDGE('',*,*,#269,.F.);
#167=ORIENTED_EDGE('',*,*,#270,.T.);
#168=ORIENTED_EDGE('',*,*,#271,.T.);
#169=ORIENTED_EDGE('',*,*,#225,.F.);
#170=ORIENTED_EDGE('',*,*,#268,.F.);
#171=ORIENTED_EDGE('',*,*,#272,.T.);
#172=ORIENTED_EDGE('',*,*,#222,.F.);
#173=ORIENTED_EDGE('',*,*,#273,.T.);
#174=ORIENTED_EDGE('',*,*,#261,.T.);
#175=ORIENTED_EDGE('',*,*,#236,.F.);
#176=ORIENTED_EDGE('',*,*,#265,.T.);
#177=ORIENTED_EDGE('',*,*,#274,.T.);
#178=ORIENTED_EDGE('',*,*,#275,.T.);
#179=ORIENTED_EDGE('',*,*,#227,.F.);
#180=ORIENTED_EDGE('',*,*,#276,.T.);
#181=ORIENTED_EDGE('',*,*,#262,.T.);
#182=ORIENTED_EDGE('',*,*,#273,.F.);
#183=ORIENTED_EDGE('',*,*,#224,.F.);
#184=ORIENTED_EDGE('',*,*,#277,.T.);
#185=ORIENTED_EDGE('',*,*,#278,.T.);
#186=ORIENTED_EDGE('',*,*,#230,.F.);
#187=ORIENTED_EDGE('',*,*,#229,.F.);
#188=ORIENTED_EDGE('',*,*,#279,.T.);
#189=ORIENTED_EDGE('',*,*,#269,.T.);
#190=ORIENTED_EDGE('',*,*,#263,.T.);
#191=ORIENTED_EDGE('',*,*,#276,.F.);
#192=ORIENTED_EDGE('',*,*,#280,.T.);
#193=ORIENTED_EDGE('',*,*,#281,.T.);
#194=ORIENTED_EDGE('',*,*,#282,.T.);
#195=ORIENTED_EDGE('',*,*,#283,.T.);
#196=ORIENTED_EDGE('',*,*,#284,.F.);
#197=ORIENTED_EDGE('',*,*,#280,.F.);
#198=ORIENTED_EDGE('',*,*,#285,.F.);
#199=ORIENTED_EDGE('',*,*,#270,.F.);
#200=ORIENTED_EDGE('',*,*,#279,.F.);
#201=ORIENTED_EDGE('',*,*,#228,.F.);
#202=ORIENTED_EDGE('',*,*,#275,.F.);
#203=ORIENTED_EDGE('',*,*,#285,.T.);
#204=ORIENTED_EDGE('',*,*,#283,.F.);
#205=ORIENTED_EDGE('',*,*,#286,.F.);
#206=ORIENTED_EDGE('',*,*,#266,.F.);
#207=ORIENTED_EDGE('',*,*,#226,.F.);
#208=ORIENTED_EDGE('',*,*,#271,.F.);
#209=ORIENTED_EDGE('',*,*,#231,.F.);
#210=ORIENTED_EDGE('',*,*,#278,.F.);
#211=ORIENTED_EDGE('',*,*,#287,.F.);
#212=ORIENTED_EDGE('',*,*,#281,.F.);
#213=ORIENTED_EDGE('',*,*,#284,.T.);
#214=ORIENTED_EDGE('',*,*,#274,.F.);
#215=ORIENTED_EDGE('',*,*,#286,.T.);
#216=ORIENTED_EDGE('',*,*,#282,.F.);
#217=ORIENTED_EDGE('',*,*,#287,.T.);
#218=ORIENTED_EDGE('',*,*,#277,.F.);
#219=ORIENTED_EDGE('',*,*,#223,.F.);
#220=ORIENTED_EDGE('',*,*,#272,.F.);
#221=ORIENTED_EDGE('',*,*,#267,.F.);
#222=EDGE_CURVE('',#288,#289,#332,.T.);
#223=EDGE_CURVE('',#289,#290,#333,.T.);
#224=EDGE_CURVE('',#290,#288,#334,.T.);
#225=EDGE_CURVE('',#291,#292,#335,.T.);
#226=EDGE_CURVE('',#292,#291,#336,.T.);
#227=EDGE_CURVE('',#293,#294,#337,.T.);
#228=EDGE_CURVE('',#294,#295,#338,.T.);
#229=EDGE_CURVE('',#295,#293,#339,.T.);
#230=EDGE_CURVE('',#296,#297,#340,.T.);
#231=EDGE_CURVE('',#297,#296,#341,.T.);
#232=EDGE_CURVE('',#298,#298,#342,.T.);
#233=EDGE_CURVE('',#299,#300,#47,.T.);
#234=EDGE_CURVE('',#301,#299,#343,.T.);
#235=EDGE_CURVE('',#302,#301,#48,.F.);
#236=EDGE_CURVE('',#302,#300,#22,.T.);
#237=EDGE_CURVE('',#303,#304,#49,.T.);
#238=EDGE_CURVE('',#304,#305,#50,.T.);
#239=EDGE_CURVE('',#306,#305,#51,.T.);
#240=EDGE_CURVE('',#303,#306,#52,.T.);
#241=EDGE_CURVE('',#307,#308,#53,.T.);
#242=EDGE_CURVE('',#309,#307,#54,.T.);
#243=EDGE_CURVE('',#309,#310,#55,.T.);
#244=EDGE_CURVE('',#310,#308,#56,.T.);
#245=EDGE_CURVE('',#303,#309,#57,.T.);
#246=EDGE_CURVE('',#306,#310,#58,.T.);
#247=EDGE_CURVE('',#307,#299,#59,.T.);
#248=EDGE_CURVE('',#305,#308,#60,.T.);
#249=EDGE_CURVE('',#304,#301,#61,.T.);
#250=EDGE_CURVE('',#311,#312,#23,.T.);
#251=EDGE_CURVE('',#312,#313,#24,.T.);
#252=EDGE_CURVE('',#313,#314,#25,.T.);
#253=EDGE_CURVE('',#314,#311,#26,.T.);
#254=EDGE_CURVE('',#315,#315,#18,.T.);
#255=EDGE_CURVE('',#316,#317,#27,.T.);
#256=EDGE_CURVE('',#317,#316,#28,.T.);
#257=EDGE_CURVE('',#314,#316,#29,.F.);
#258=EDGE_CURVE('',#316,#313,#30,.T.);
#259=EDGE_CURVE('',#317,#312,#31,.T.);
#260=EDGE_CURVE('',#311,#317,#32,.F.);
#261=EDGE_CURVE('',#318,#300,#344,.T.);
#262=EDGE_CURVE('',#319,#318,#345,.T.);
#263=EDGE_CURVE('',#320,#319,#346,.T.);
#264=EDGE_CURVE('',#321,#320,#347,.T.);
#265=EDGE_CURVE('',#302,#321,#348,.T.);
#266=EDGE_CURVE('',#291,#322,#33,.T.);
#267=EDGE_CURVE('',#322,#323,#34,.T.);
#268=EDGE_CURVE('',#323,#321,#62,.T.);
#269=EDGE_CURVE('',#324,#320,#63,.T.);
#270=EDGE_CURVE('',#324,#325,#35,.T.);
#271=EDGE_CURVE('',#325,#292,#36,.T.);
#272=EDGE_CURVE('',#323,#289,#37,.T.);
#273=EDGE_CURVE('',#288,#318,#64,.T.);
#274=EDGE_CURVE('',#296,#326,#38,.T.);
#275=EDGE_CURVE('',#326,#294,#39,.T.);
#276=EDGE_CURVE('',#293,#319,#65,.T.);
#277=EDGE_CURVE('',#290,#327,#40,.T.);
#278=EDGE_CURVE('',#327,#297,#41,.T.);
#279=EDGE_CURVE('',#295,#324,#42,.T.);
#280=EDGE_CURVE('',#328,#329,#349,.F.);
#281=EDGE_CURVE('',#329,#330,#350,.F.);
#282=EDGE_CURVE('',#330,#331,#351,.F.);
#283=EDGE_CURVE('',#331,#328,#352,.F.);
#284=EDGE_CURVE('',#329,#326,#43,.F.);
#285=EDGE_CURVE('',#325,#328,#44,.T.);
#286=EDGE_CURVE('',#322,#331,#45,.T.);
#287=EDGE_CURVE('',#330,#327,#46,.T.);
#288=VERTEX_POINT('',#622);
#289=VERTEX_POINT('',#623);
#290=VERTEX_POINT('',#625);
#291=VERTEX_POINT('',#629);
#292=VERTEX_POINT('',#630);
#293=VERTEX_POINT('',#634);
#294=VERTEX_POINT('',#635);
#295=VERTEX_POINT('',#637);
#296=VERTEX_POINT('',#641);
#297=VERTEX_POINT('',#642);
#298=VERTEX_POINT('',#646);
#299=VERTEX_POINT('',#648);
#300=VERTEX_POINT('',#649);
#301=VERTEX_POINT('',#651);
#302=VERTEX_POINT('',#653);
#303=VERTEX_POINT('',#661);
#304=VERTEX_POINT('',#662);
#305=VERTEX_POINT('',#664);
#306=VERTEX_POINT('',#666);
#307=VERTEX_POINT('',#670);
#308=VERTEX_POINT('',#671);
#309=VERTEX_POINT('',#673);
#310=VERTEX_POINT('',#675);
#311=VERTEX_POINT('',#727);
#312=VERTEX_POINT('',#728);
#313=VERTEX_POINT('',#739);
#314=VERTEX_POINT('',#745);
#315=VERTEX_POINT('',#757);
#316=VERTEX_POINT('',#772);
#317=VERTEX_POINT('',#773);
#318=VERTEX_POINT('',#1789);
#319=VERTEX_POINT('',#1791);
#320=VERTEX_POINT('',#1793);
#321=VERTEX_POINT('',#1795);
#322=VERTEX_POINT('',#1802);
#323=VERTEX_POINT('',#1807);
#324=VERTEX_POINT('',#1810);
#325=VERTEX_POINT('',#1815);
#326=VERTEX_POINT('',#1831);
#327=VERTEX_POINT('',#1841);
#328=VERTEX_POINT('',#1853);
#329=VERTEX_POINT('',#1854);
#330=VERTEX_POINT('',#1856);
#331=VERTEX_POINT('',#1858);
#332=CIRCLE('',#467,0.144356824374606);
#333=CIRCLE('',#468,0.111218650353864);
#334=CIRCLE('',#469,0.0424669709426438);
#335=CIRCLE('',#471,0.0338447351415067);
#336=CIRCLE('',#472,0.0302757287327831);
#337=CIRCLE('',#474,0.0424669709426438);
#338=CIRCLE('',#475,0.115898559012985);
#339=CIRCLE('',#476,0.163298061989482);
#340=CIRCLE('',#478,0.0424669709426438);
#341=CIRCLE('',#479,0.11018290254053);
#342=CIRCLE('',#481,0.000885469693805758);
#343=CIRCLE('',#482,0.000885469693805758);
#344=CIRCLE('',#492,0.144356824374606);
#345=CIRCLE('',#493,0.0424669709426438);
#346=CIRCLE('',#494,0.163298061989482);
#347=CIRCLE('',#495,0.0338447351415067);
#348=CIRCLE('',#496,0.144356824374606);
#349=CIRCLE('',#502,0.116698559012985);
#350=CIRCLE('',#503,0.11098290254053);
#351=CIRCLE('',#504,0.112018650353864);
#352=CIRCLE('',#505,0.031075728732783);
#353=EDGE_LOOP('',(#90,#91,#92));
#354=EDGE_LOOP('',(#93,#94));
#355=EDGE_LOOP('',(#95,#96,#97));
#356=EDGE_LOOP('',(#98,#99));
#357=EDGE_LOOP('',(#100));
#358=EDGE_LOOP('',(#101,#102,#103,#104));
#359=EDGE_LOOP('',(#105,#106,#107,#108));
#360=EDGE_LOOP('',(#109,#110,#111,#112));
#361=EDGE_LOOP('',(#113,#114,#115,#116));
#362=EDGE_LOOP('',(#117,#118,#119,#120,#121,#122));
#363=EDGE_LOOP('',(#123,#124,#125,#126));
#364=EDGE_LOOP('',(#127));
#365=EDGE_LOOP('',(#128));
#366=EDGE_LOOP('',(#129,#130));
#367=EDGE_LOOP('',(#131));
#368=EDGE_LOOP('',(#132,#133,#134));
#369=EDGE_LOOP('',(#135,#136,#137,#138));
#370=EDGE_LOOP('',(#139,#140,#141,#142));
#371=EDGE_LOOP('',(#143,#144,#145));
#372=EDGE_LOOP('',(#146,#147,#148,#149));
#373=EDGE_LOOP('',(#150,#151,#152,#153,#154,#155,#156,#157,#158,#159,#160,
#161));
#374=EDGE_LOOP('',(#162,#163,#164,#165,#166,#167,#168,#169));
#375=EDGE_LOOP('',(#170,#171,#172,#173,#174,#175,#176));
#376=EDGE_LOOP('',(#177,#178,#179,#180,#181,#182,#183,#184,#185,#186));
#377=EDGE_LOOP('',(#187,#188,#189,#190,#191));
#378=EDGE_LOOP('',(#192,#193,#194,#195));
#379=EDGE_LOOP('',(#196,#197,#198,#199,#200,#201,#202));
#380=EDGE_LOOP('',(#203,#204,#205,#206,#207,#208));
#381=EDGE_LOOP('',(#209,#210,#211,#212,#213,#214));
#382=EDGE_LOOP('',(#215,#216,#217,#218,#219,#220,#221));
#383=FACE_BOUND('',#353,.T.);
#384=FACE_BOUND('',#354,.T.);
#385=FACE_BOUND('',#355,.T.);
#386=FACE_BOUND('',#356,.T.);
#387=FACE_BOUND('',#357,.T.);
#388=FACE_BOUND('',#358,.T.);
#389=FACE_BOUND('',#359,.T.);
#390=FACE_BOUND('',#360,.T.);
#391=FACE_BOUND('',#361,.T.);
#392=FACE_BOUND('',#362,.T.);
#393=FACE_BOUND('',#363,.T.);
#394=FACE_BOUND('',#364,.T.);
#395=FACE_BOUND('',#365,.T.);
#396=FACE_BOUND('',#366,.T.);
#397=FACE_BOUND('',#367,.T.);
#398=FACE_BOUND('',#368,.T.);
#399=FACE_BOUND('',#369,.T.);
#400=FACE_BOUND('',#370,.T.);
#401=FACE_BOUND('',#371,.T.);
#402=FACE_BOUND('',#372,.T.);
#403=FACE_BOUND('',#373,.T.);
#404=FACE_BOUND('',#374,.T.);
#405=FACE_BOUND('',#375,.T.);
#406=FACE_BOUND('',#376,.T.);
#407=FACE_BOUND('',#377,.T.);
#408=FACE_BOUND('',#378,.T.);
#409=FACE_BOUND('',#379,.T.);
#410=FACE_BOUND('',#380,.T.);
#411=FACE_BOUND('',#381,.T.);
#412=FACE_BOUND('',#382,.T.);
#413=PLANE('',#466);
#414=PLANE('',#470);
#415=PLANE('',#473);
#416=PLANE('',#477);
#417=PLANE('',#483);
#418=PLANE('',#484);
#419=PLANE('',#485);
#420=PLANE('',#486);
#421=PLANE('',#488);
#422=PLANE('',#489);
#423=PLANE('',#490);
#424=PLANE('',#491);
#425=PLANE('',#501);
#426=ADVANCED_FACE('',(#383),#413,.T.);
#427=ADVANCED_FACE('',(#384),#414,.T.);
#428=ADVANCED_FACE('',(#385),#415,.T.);
#429=ADVANCED_FACE('',(#386),#416,.T.);
#430=ADVANCED_FACE('',(#387,#388),#85,.T.);
#431=ADVANCED_FACE('',(#389),#417,.F.);
#432=ADVANCED_FACE('',(#390),#418,.T.);
#433=ADVANCED_FACE('',(#391),#419,.T.);
#434=ADVANCED_FACE('',(#392),#420,.F.);
#435=ADVANCED_FACE('',(#393,#394),#19,.F.);
#436=ADVANCED_FACE('',(#395,#396),#421,.T.);
#437=ADVANCED_FACE('',(#397),#422,.F.);
#438=ADVANCED_FACE('',(#398),#20,.T.);
#439=ADVANCED_FACE('',(#399),#16,.T.);
#440=ADVANCED_FACE('',(#400),#17,.T.);
#441=ADVANCED_FACE('',(#401),#21,.T.);
#442=ADVANCED_FACE('',(#402),#423,.F.);
#443=ADVANCED_FACE('',(#403),#424,.F.);
#444=ADVANCED_FACE('',(#404),#86,.T.);
#445=ADVANCED_FACE('',(#405),#87,.T.);
#446=ADVANCED_FACE('',(#406),#88,.T.);
#447=ADVANCED_FACE('',(#407),#89,.T.);
#448=ADVANCED_FACE('',(#408),#425,.T.);
#449=ADVANCED_FACE('',(#409),#12,.T.);
#450=ADVANCED_FACE('',(#410),#13,.T.);
#451=ADVANCED_FACE('',(#411),#14,.T.);
#452=ADVANCED_FACE('',(#412),#15,.T.);
#453=CLOSED_SHELL('',(#426,#427,#428,#429,#430,#431,#432,#433,#434,#435,
#436,#437,#438,#439,#440,#441,#442,#443,#444,#445,#446,#447,#448,#449,#450,
#451,#452));
#454=STYLED_ITEM('',(#455),#462);
#455=PRESENTATION_STYLE_ASSIGNMENT((#456));
#456=SURFACE_STYLE_USAGE(.BOTH.,#457);
#457=SURFACE_SIDE_STYLE('',(#458));
#458=SURFACE_STYLE_FILL_AREA(#459);
#459=FILL_AREA_STYLE('',(#460));
#460=FILL_AREA_STYLE_COLOUR('',#461);
#461=COLOUR_RGB('',0.615686274509804,0.811764705882353,0.929411764705882);
#462=MANIFOLD_SOLID_BREP('Part 1',#453);
#463=SHAPE_DEFINITION_REPRESENTATION(#1886,#464);
#464=SHAPE_REPRESENTATION('Part 1',(#465),#1881);
#465=AXIS2_PLACEMENT_3D('',#619,#510,#511);
#466=AXIS2_PLACEMENT_3D('',#620,#512,#513);
#467=AXIS2_PLACEMENT_3D('',#621,#514,#515);
#468=AXIS2_PLACEMENT_3D('',#624,#516,#517);
#469=AXIS2_PLACEMENT_3D('',#626,#518,#519);
#470=AXIS2_PLACEMENT_3D('',#627,#520,#521);
#471=AXIS2_PLACEMENT_3D('',#628,#522,#523);
#472=AXIS2_PLACEMENT_3D('',#631,#524,#525);
#473=AXIS2_PLACEMENT_3D('',#632,#526,#527);
#474=AXIS2_PLACEMENT_3D('',#633,#528,#529);
#475=AXIS2_PLACEMENT_3D('',#636,#530,#531);
#476=AXIS2_PLACEMENT_3D('',#638,#532,#533);
#477=AXIS2_PLACEMENT_3D('',#639,#534,#535);
#478=AXIS2_PLACEMENT_3D('',#640,#536,#537);
#479=AXIS2_PLACEMENT_3D('',#643,#538,#539);
#480=AXIS2_PLACEMENT_3D('',#644,#540,#541);
#481=AXIS2_PLACEMENT_3D('',#645,#542,#543);
#482=AXIS2_PLACEMENT_3D('',#650,#545,#546);
#483=AXIS2_PLACEMENT_3D('',#659,#548,#549);
#484=AXIS2_PLACEMENT_3D('',#668,#554,#555);
#485=AXIS2_PLACEMENT_3D('',#677,#560,#561);
#486=AXIS2_PLACEMENT_3D('',#680,#564,#565);
#487=AXIS2_PLACEMENT_3D('',#756,#569,#570);
#488=AXIS2_PLACEMENT_3D('',#758,#571,#572);
#489=AXIS2_PLACEMENT_3D('',#787,#573,#574);
#490=AXIS2_PLACEMENT_3D('',#1786,#575,#576);
#491=AXIS2_PLACEMENT_3D('',#1787,#577,#578);
#492=AXIS2_PLACEMENT_3D('',#1788,#579,#580);
#493=AXIS2_PLACEMENT_3D('',#1790,#581,#582);
#494=AXIS2_PLACEMENT_3D('',#1792,#583,#584);
#495=AXIS2_PLACEMENT_3D('',#1794,#585,#586);
#496=AXIS2_PLACEMENT_3D('',#1796,#587,#588);
#497=AXIS2_PLACEMENT_3D('',#1797,#589,#590);
#498=AXIS2_PLACEMENT_3D('',#1820,#593,#594);
#499=AXIS2_PLACEMENT_3D('',#1826,#596,#597);
#500=AXIS2_PLACEMENT_3D('',#1846,#599,#600);
#501=AXIS2_PLACEMENT_3D('',#1851,#601,#602);
#502=AXIS2_PLACEMENT_3D('',#1852,#603,#604);
#503=AXIS2_PLACEMENT_3D('',#1855,#605,#606);
#504=AXIS2_PLACEMENT_3D('',#1857,#607,#608);
#505=AXIS2_PLACEMENT_3D('',#1859,#609,#610);
#506=AXIS2_PLACEMENT_3D('',#1860,#611,#612);
#507=AXIS2_PLACEMENT_3D('',#1869,#613,#614);
#508=AXIS2_PLACEMENT_3D('',#1874,#615,#616);
#509=AXIS2_PLACEMENT_3D('',#1879,#617,#618);
#510=DIRECTION('',(0.,0.,1.));
#511=DIRECTION('',(1.,0.,0.));
#512=DIRECTION('',(0.,-1.,0.));
#513=DIRECTION('',(1.,0.,0.));
#514=DIRECTION('',(0.,-1.,0.));
#515=DIRECTION('',(0.,0.,-1.));
#516=DIRECTION('',(0.,-1.,0.));
#517=DIRECTION('',(0.,0.,-1.));
#518=DIRECTION('',(0.,-1.,0.));
#519=DIRECTION('',(0.,0.,-1.));
#520=DIRECTION('',(0.,-1.,0.));
#521=DIRECTION('',(1.,0.,0.));
#522=DIRECTION('',(0.,-1.,0.));
#523=DIRECTION('',(0.,0.,-1.));
#524=DIRECTION('',(0.,-1.,0.));
#525=DIRECTION('',(0.,0.,-1.));
#526=DIRECTION('',(0.,-1.,0.));
#527=DIRECTION('',(1.,0.,0.));
#528=DIRECTION('',(0.,-1.,0.));
#529=DIRECTION('',(0.,0.,-1.));
#530=DIRECTION('',(0.,-1.,0.));
#531=DIRECTION('',(0.,0.,-1.));
#532=DIRECTION('',(0.,-1.,0.));
#533=DIRECTION('',(0.,0.,-1.));
#534=DIRECTION('',(0.,-1.,0.));
#535=DIRECTION('',(1.,0.,0.));
#536=DIRECTION('',(0.,-1.,0.));
#537=DIRECTION('',(0.,0.,-1.));
#538=DIRECTION('',(0.,-1.,0.));
#539=DIRECTION('',(0.,0.,-1.));
#540=DIRECTION('',(0.,0.,-1.));
#541=DIRECTION('',(-1.,0.,0.));
#542=DIRECTION('',(0.,0.,1.));
#543=DIRECTION('',(1.,0.,0.));
#544=DIRECTION('',(0.,0.,-1.));
#545=DIRECTION('',(0.,0.,1.));
#546=DIRECTION('',(1.,0.,0.));
#547=DIRECTION('',(0.,0.,-1.));
#548=DIRECTION('',(-1.,0.,0.));
#549=DIRECTION('',(0.,0.,1.));
#550=DIRECTION('',(0.,0.,-1.));
#551=DIRECTION('',(0.,1.,0.));
#552=DIRECTION('',(0.,0.,-1.));
#553=DIRECTION('',(0.,1.,0.));
#554=DIRECTION('',(-1.,0.,0.));
#555=DIRECTION('',(0.,0.,1.));
#556=DIRECTION('',(0.,1.,0.));
#557=DIRECTION('',(0.,0.,-1.));
#558=DIRECTION('',(0.,1.,0.));
#559=DIRECTION('',(0.,0.,-1.));
#560=DIRECTION('',(0.,0.,1.));
#561=DIRECTION('',(1.,0.,0.));
#562=DIRECTION('',(-1.,0.,0.));
#563=DIRECTION('',(-1.,0.,0.));
#564=DIRECTION('',(0.,0.,1.));
#565=DIRECTION('',(1.,0.,0.));
#566=DIRECTION('',(1.,0.,0.));
#567=DIRECTION('',(-1.,0.,0.));
#568=DIRECTION('',(-1.,0.,0.));
#569=DIRECTION('',(0.,0.,1.));
#570=DIRECTION('',(-1.,0.,0.));
#571=DIRECTION('',(0.,0.,1.));
#572=DIRECTION('',(1.,0.,0.));
#573=DIRECTION('',(0.,0.,1.));
#574=DIRECTION('',(1.,0.,0.));
#575=DIRECTION('',(0.,-1.,0.));
#576=DIRECTION('',(0.,0.,-1.));
#577=DIRECTION('',(0.,-1.,0.));
#578=DIRECTION('',(1.,0.,0.));
#579=DIRECTION('',(0.,-1.,0.));
#580=DIRECTION('',(0.,0.,-1.));
#581=DIRECTION('',(0.,-1.,0.));
#582=DIRECTION('',(0.,0.,-1.));
#583=DIRECTION('',(0.,-1.,0.));
#584=DIRECTION('',(0.,0.,-1.));
#585=DIRECTION('',(0.,-1.,0.));
#586=DIRECTION('',(0.,0.,-1.));
#587=DIRECTION('',(0.,-1.,0.));
#588=DIRECTION('',(0.,0.,-1.));
#589=DIRECTION('',(0.,1.,0.));
#590=DIRECTION('',(0.,0.,1.));
#591=DIRECTION('',(0.,1.,0.));
#592=DIRECTION('',(0.,1.,0.));
#593=DIRECTION('',(0.,1.,0.));
#594=DIRECTION('',(0.,0.,1.));
#595=DIRECTION('',(0.,1.,0.));
#596=DIRECTION('',(0.,1.,0.));
#597=DIRECTION('',(0.,0.,1.));
#598=DIRECTION('',(0.,1.,0.));
#599=DIRECTION('',(0.,1.,0.));
#600=DIRECTION('',(0.,0.,1.));
#601=DIRECTION('',(0.,-1.,0.));
#602=DIRECTION('',(1.,0.,0.));
#603=DIRECTION('',(0.,-1.,0.));
#604=DIRECTION('',(0.,0.,-1.));
#605=DIRECTION('',(0.,-1.,0.));
#606=DIRECTION('',(0.,0.,-1.));
#607=DIRECTION('',(0.,-1.,0.));
#608=DIRECTION('',(0.,0.,-1.));
#609=DIRECTION('',(0.,-1.,0.));
#610=DIRECTION('',(0.,0.,-1.));
#611=DIRECTION('',(0.,1.,0.));
#612=DIRECTION('',(0.,0.,1.));
#613=DIRECTION('',(0.,1.,0.));
#614=DIRECTION('',(0.,0.,1.));
#615=DIRECTION('',(0.,1.,0.));
#616=DIRECTION('',(0.,0.,1.));
#617=DIRECTION('',(0.,1.,0.));
#618=DIRECTION('',(0.,0.,1.));
#619=CARTESIAN_POINT('',(0.,0.,0.));
#620=CARTESIAN_POINT('',(-0.00343459117281297,-0.00320936606030526,0.0190757041070885));
#621=CARTESIAN_POINT('',(-0.00350764600175861,-0.00320936606030526,0.156127286813254));
#622=CARTESIAN_POINT('',(-0.0147736801023088,-0.00320936606030526,0.0122107512130455));
#623=CARTESIAN_POINT('',(0.00771071029978528,-0.00320936606030526,0.0122070268586095));
#624=CARTESIAN_POINT('',(-0.00556037214322398,-0.00320936606030526,-0.0982170038472376));
#625=CARTESIAN_POINT('',(-0.0148380006702776,-0.00320936606030526,0.0126140107445678));
#626=CARTESIAN_POINT('',(0.0271305428646835,-0.00320936606030526,0.0191013040628504));
#627=CARTESIAN_POINT('',(-0.00343459117281297,-0.00320936606030526,0.0190757041070885));
#628=CARTESIAN_POINT('',(-0.0253774894091723,-0.00320936606030526,0.0191013040628504));
#629=CARTESIAN_POINT('',(0.00787058631967598,-0.00320936606030526,0.0127742544243924));
#630=CARTESIAN_POINT('',(0.00786760450161737,-0.00320936606030526,0.0254440028308447));
#631=CARTESIAN_POINT('',(0.0374746534759727,-0.00320936606030526,0.0191160962788175));
#632=CARTESIAN_POINT('',(-0.00343459117281297,-0.00320936606030526,0.0190757041070885));
#633=CARTESIAN_POINT('',(0.0271305428646835,-0.00320936606030526,0.0191013040628504));
#634=CARTESIAN_POINT('',(-0.0147736801023088,-0.00320936606030526,0.0259918569126552));
#635=CARTESIAN_POINT('',(-0.0147833676927826,-0.00320936606030526,0.0259326818758608));
#636=CARTESIAN_POINT('',(-0.00390496135813394,-0.00320936606030526,0.141319579992175));
#637=CARTESIAN_POINT('',(0.00765502725815821,-0.00320936606030526,0.0259989719271912));
#638=CARTESIAN_POINT('',(-0.00350764600175864,-0.00320936606030526,-0.136917116213953));
#639=CARTESIAN_POINT('',(-0.00343459117281297,-0.00320936606030526,0.0190757041070885));
#640=CARTESIAN_POINT('',(0.0271305428646835,-0.00320936606030526,0.0191013040628504));
#641=CARTESIAN_POINT('',(-0.0148897258445273,-0.00320936606030526,0.0252446450634036));
#642=CARTESIAN_POINT('',(-0.0149032577056066,-0.00320936606030526,0.0130512436779916));
#643=CARTESIAN_POINT('',(-0.124910524066994,-0.00320936606030526,0.0192700345533048));
#644=CARTESIAN_POINT('',(-0.00383372811353282,0.000948586320023419,0.0198));
#645=CARTESIAN_POINT('',(-0.00383372811353282,0.000948586320023419,0.0054));
#646=CARTESIAN_POINT('',(-0.00294825841972706,0.000948586320023419,0.0054));
#647=CARTESIAN_POINT('',(-0.00452129317949678,0.000390633939694746,0.0198));
#648=CARTESIAN_POINT('',(-0.00452129317949678,0.000390633939694746,0.0176));
#649=CARTESIAN_POINT('',(-0.00452129317949678,0.000390633939694746,0.0117740213049188));
#650=CARTESIAN_POINT('',(-0.00383372811353282,0.000948586320023419,0.0176));
#651=CARTESIAN_POINT('',(-0.00314616304756885,0.000390633939694746,0.0176));
#652=CARTESIAN_POINT('',(-0.00314616304756885,0.000390633939694746,0.0198));
#653=CARTESIAN_POINT('',(-0.00314616304756885,0.000390633939694746,0.0117709150328761));
#654=CARTESIAN_POINT('',(-0.00314616304756885,0.000390633939694746,0.0117709150328761));
#655=CARTESIAN_POINT('',(-0.0033130307370469,0.000185002781968263,0.0117704971793058));
#656=CARTESIAN_POINT('',(-0.00383266784938635,-5.87701083861102E-5,0.0117699856856426));
#657=CARTESIAN_POINT('',(-0.00435442694389938,0.000185004573586297,0.0117728495718916));
#658=CARTESIAN_POINT('',(-0.00452129317949678,0.000390633939694746,0.0117740213049188));
#659=CARTESIAN_POINT('',(-0.00212943990856804,0.000948586320023419,0.022));
#660=CARTESIAN_POINT('',(-0.00212943990856804,0.000390633939694746,0.022));
#661=CARTESIAN_POINT('',(-0.00212943990856804,0.000390633939694746,0.022));
#662=CARTESIAN_POINT('',(-0.00212943990856804,0.000390633939694746,0.0176));
#663=CARTESIAN_POINT('',(-0.00212943990856804,0.000948586320023419,0.0176));
#664=CARTESIAN_POINT('',(-0.00212943990856804,0.00250653870035209,0.0176));
#665=CARTESIAN_POINT('',(-0.00212943990856804,0.00250653870035209,0.022));
#666=CARTESIAN_POINT('',(-0.00212943990856804,0.00250653870035209,0.022));
#667=CARTESIAN_POINT('',(-0.00212943990856804,0.000948586320023419,0.022));
#668=CARTESIAN_POINT('',(-0.00553801631849759,0.000948586320023419,0.022));
#669=CARTESIAN_POINT('',(-0.00553801631849759,0.000948586320023419,0.0176));
#670=CARTESIAN_POINT('',(-0.00553801631849759,0.000390633939694746,0.0176));
#671=CARTESIAN_POINT('',(-0.00553801631849759,0.00250653870035209,0.0176));
#672=CARTESIAN_POINT('',(-0.00553801631849759,0.000390633939694746,0.022));
#673=CARTESIAN_POINT('',(-0.00553801631849759,0.000390633939694746,0.022));
#674=CARTESIAN_POINT('',(-0.00553801631849759,0.000948586320023419,0.022));
#675=CARTESIAN_POINT('',(-0.00553801631849759,0.00250653870035209,0.022));
#676=CARTESIAN_POINT('',(-0.00553801631849759,0.00250653870035209,0.022));
#677=CARTESIAN_POINT('',(-0.00383372811353282,0.000948586320023419,0.022));
#678=CARTESIAN_POINT('',(-0.00383372811353282,0.000390633939694746,0.022));
#679=CARTESIAN_POINT('',(-0.00383372811353282,0.00250653870035209,0.022));
#680=CARTESIAN_POINT('',(-0.00383372811353282,0.000948586320023419,0.0176));
#681=CARTESIAN_POINT('',(-0.00383372811353282,0.000390633939694746,0.0176));
#682=CARTESIAN_POINT('',(-0.00383372811353282,0.00250653870035209,0.0176));
#683=CARTESIAN_POINT('',(-0.00383372811353282,0.000390633939694746,0.0176));
#684=CARTESIAN_POINT('',(-0.0147348592005206,0.00196398687870067,0.00250294372527347));
#685=CARTESIAN_POINT('',(-0.0147348592005206,0.00196398687870067,1.30104260698261E-18));
#686=CARTESIAN_POINT('',(-0.0157123295909407,5.42101086242752E-20,0.00250294372527347));
#687=CARTESIAN_POINT('',(-0.0157123295909407,5.42101086242752E-20,-4.33680868994202E-19));
#688=CARTESIAN_POINT('',(-0.0147348592005206,-0.00196398687870066,0.00250294372527347));
#689=CARTESIAN_POINT('',(-0.0147348592005206,-0.00196398687870066,-4.33680868994202E-19));
#690=CARTESIAN_POINT('',(-0.0119512590354104,-0.00362897455870454,0.00250294372527347));
#691=CARTESIAN_POINT('',(-0.0119512590354104,-0.00362897455870454,4.33680868994202E-19));
#692=CARTESIAN_POINT('',(-0.00778530698734993,-0.00474148375888195,0.00250294372527347));
#693=CARTESIAN_POINT('',(-0.00778530698734993,-0.00474148375888195,0.));
#694=CARTESIAN_POINT('',(-0.00287123149120701,-0.00513214503842688,0.00250294372527347));
#695=CARTESIAN_POINT('',(-0.00287123149120701,-0.00513214503842688,0.));
#696=CARTESIAN_POINT('',(0.00204284400493592,-0.00474148375888194,0.00250294372527347));
#697=CARTESIAN_POINT('',(0.00204284400493592,-0.00474148375888194,0.));
#698=CARTESIAN_POINT('',(0.0062087960529964,-0.00362897455870453,0.00250294372527347));
#699=CARTESIAN_POINT('',(0.0062087960529964,-0.00362897455870453,4.33680868994202E-19));
#700=CARTESIAN_POINT('',(0.00899239621810652,-0.00196398687870068,0.00250294372527347));
#701=CARTESIAN_POINT('',(0.00899239621810652,-0.00196398687870068,0.));
#702=CARTESIAN_POINT('',(0.0099698666085267,6.1412932700591E-18,0.00250294372527347));
#703=CARTESIAN_POINT('',(0.0099698666085267,6.1412932700591E-18,0.));
#704=CARTESIAN_POINT('',(0.00899239621810655,0.00196398687870065,0.00250294372527347));
#705=CARTESIAN_POINT('',(0.00899239621810655,0.00196398687870065,4.33680868994202E-19));
#706=CARTESIAN_POINT('',(0.00620879605299636,0.00362897455870455,0.00250294372527347));
#707=CARTESIAN_POINT('',(0.00620879605299636,0.00362897455870455,0.));
#708=CARTESIAN_POINT('',(0.00204284400493595,0.00474148375888194,0.00250294372527347));
#709=CARTESIAN_POINT('',(0.00204284400493595,0.00474148375888194,4.33680868994202E-19));
#710=CARTESIAN_POINT('',(-0.00287123149120706,0.00513214503842688,0.00250294372527347));
#711=CARTESIAN_POINT('',(-0.00287123149120706,0.00513214503842688,8.67361737988404E-19));
#712=CARTESIAN_POINT('',(-0.0077853069873499,0.00474148375888195,0.00250294372527347));
#713=CARTESIAN_POINT('',(-0.0077853069873499,0.00474148375888195,8.67361737988404E-19));
#714=CARTESIAN_POINT('',(-0.0119512590354104,0.00362897455870455,0.00250294372527347));
#715=CARTESIAN_POINT('',(-0.0119512590354104,0.00362897455870455,0.));
#716=CARTESIAN_POINT('',(-0.0147348592005206,0.00196398687870067,0.00250294372527347));
#717=CARTESIAN_POINT('',(-0.0147348592005206,0.00196398687870067,1.30104260698261E-18));
#718=CARTESIAN_POINT('',(-0.0157123295909407,5.42101086242752E-20,0.00250294372527347));
#719=CARTESIAN_POINT('',(-0.0157123295909407,5.42101086242752E-20,-4.33680868994202E-19));
#720=CARTESIAN_POINT('',(-0.0147348592005206,-0.00196398687870066,0.00250294372527347));
#721=CARTESIAN_POINT('',(-0.0147348592005206,-0.00196398687870066,-4.33680868994202E-19));
#722=CARTESIAN_POINT('',(-0.0142612329249393,-0.00207287267992294,0.00250294372527347));
#723=CARTESIAN_POINT('',(-0.0150008193761496,-0.00142373979220915,0.00250294372527347));
#724=CARTESIAN_POINT('',(-0.0157739515534034,2.54596825114632E-6,0.00250294372527347));
#725=CARTESIAN_POINT('',(-0.0149972959256436,0.00142852592415793,0.00250294372527347));
#726=CARTESIAN_POINT('',(-0.0142561060664233,0.0020773666246852,0.00250294372527347));
#727=CARTESIAN_POINT('',(-0.0142612329249393,-0.00207287267992293,0.00250294372527347));
#728=CARTESIAN_POINT('',(-0.0142561060664233,0.0020773666246852,0.00250294372527347));
#729=CARTESIAN_POINT('',(-0.0142561060664233,0.0020773666246852,0.00250294372515228));
#730=CARTESIAN_POINT('',(-0.0134928778170347,0.00274549982407421,0.00250294372515228));
#731=CARTESIAN_POINT('',(-0.0116835080426588,0.00365321805811349,0.00250294372515229));
#732=CARTESIAN_POINT('',(-0.00881087090174326,0.00446872782053727,0.00250294372515228));
#733=CARTESIAN_POINT('',(-0.00583246721493041,0.00491097306496182,0.00250294372515229));
#734=CARTESIAN_POINT('',(-0.00187264577533366,0.00509089130824617,0.00250294372515228));
#735=CARTESIAN_POINT('',(0.0020801301195805,0.00474295152974964,0.00250294372515228));
#736=CARTESIAN_POINT('',(0.00594606222993558,0.00365399831161042,0.00250294372515229));
#737=CARTESIAN_POINT('',(0.00775817334903962,0.00274041098558476,0.00250294372515229));
#738=CARTESIAN_POINT('',(0.00851866701143667,0.00207296301986469,0.00250294372515229));
#739=CARTESIAN_POINT('',(0.00851866701143666,0.00207296301986469,0.00250294372527347));
#740=CARTESIAN_POINT('',(0.00851866701143667,0.00207296301986468,0.00250294372527347));
#741=CARTESIAN_POINT('',(0.00925734271103829,0.00142466360935816,0.00250294372527347));
#742=CARTESIAN_POINT('',(0.0100304885205004,3.6894815669394E-7,0.00250294372527347));
#743=CARTESIAN_POINT('',(0.00925785270002594,-0.00142396991748282,0.00250294372527347));
#744=CARTESIAN_POINT('',(0.00851940913722123,-0.00207231156890207,0.00250294372527347));
#745=CARTESIAN_POINT('',(0.00851940913722124,-0.00207231156890207,0.00250294372515228));
#746=CARTESIAN_POINT('',(0.00851940913722124,-0.00207231156890207,0.00250294372515228));
#747=CARTESIAN_POINT('',(0.0077568816740587,-0.00274179850009234,0.00250294372515229));
#748=CARTESIAN_POINT('',(0.00594725376381017,-0.00365094677237274,0.00250294372515228));
#749=CARTESIAN_POINT('',(0.00307406402746002,-0.00446760824161315,0.00250294372515229));
#750=CARTESIAN_POINT('',(9.44527030520904E-5,-0.00491057385789706,0.00250294372515228));
#751=CARTESIAN_POINT('',(-0.00386589954745806,-0.00509107275588982,0.00250294372515229));
#752=CARTESIAN_POINT('',(-0.00782113551944056,-0.00474328731441599,0.00250294372515229));
#753=CARTESIAN_POINT('',(-0.0116878967748657,-0.00365425570196057,0.00250294372515228));
#754=CARTESIAN_POINT('',(-0.0135005127442416,-0.00274055458084251,0.00250294372515229));
#755=CARTESIAN_POINT('',(-0.0142612329249394,-0.00207287267992283,0.00250294372515229));
#756=CARTESIAN_POINT('',(-0.00287123149120701,2.16840434497101E-19,0.));
#757=CARTESIAN_POINT('',(-0.0153865061274673,2.16840434497101E-19,0.));
#758=CARTESIAN_POINT('',(-0.00287123149120701,0.,0.0054));
#759=CARTESIAN_POINT('',(0.00648088705091816,-6.93889390390723E-17,0.0054));
#760=CARTESIAN_POINT('',(0.00615829476445992,0.000250722287617475,0.0054));
#761=CARTESIAN_POINT('',(0.00544054825161258,0.00064216954530824,0.0054));
#762=CARTESIAN_POINT('',(0.00392997189533387,0.00123285632815241,0.00539999999999999));
#763=CARTESIAN_POINT('',(0.00195447955800143,0.00171756123425494,0.00540000000000001));
#764=CARTESIAN_POINT('',(-0.000462404451780917,0.00203827430971476,0.0054));
#765=CARTESIAN_POINT('',(-0.00288047704702666,0.00213841294828958,0.0054));
#766=CARTESIAN_POINT('',(-0.00528783427572178,0.00203727804493541,0.0054));
#767=CARTESIAN_POINT('',(-0.00769984116641117,0.00171697526412346,0.00539999999999999));
#768=CARTESIAN_POINT('',(-0.00966958138641095,0.00123311754453862,0.0054));
#769=CARTESIAN_POINT('',(-0.0111735477410723,0.00064657577436227,0.0054));
#770=CARTESIAN_POINT('',(-0.0118987020263826,0.000252320016285931,0.0054));
#771=CARTESIAN_POINT('',(-0.0122233500333322,-5.64941239523298E-17,0.0054));
#772=CARTESIAN_POINT('',(0.00648088705091816,-6.93889390390723E-17,0.0054));
#773=CARTESIAN_POINT('',(-0.0122233500333322,-5.42101086242752E-17,0.0054));
#774=CARTESIAN_POINT('',(-0.0122233500333322,6.20163642661709E-17,0.0054));
#775=CARTESIAN_POINT('',(-0.0118996567826006,-0.0002515779692093,0.0054));
#776=CARTESIAN_POINT('',(-0.0111855793156306,-0.000640864627165408,0.0054));
#777=CARTESIAN_POINT('',(-0.0096674601451872,-0.00123500686349597,0.00539999999999999));
#778=CARTESIAN_POINT('',(-0.00768714093624022,-0.00171890135210521,0.0054));
#779=CARTESIAN_POINT('',(-0.0052904386310727,-0.00203681191536163,0.0054));
#780=CARTESIAN_POINT('',(-0.0028744777356322,-0.00213907373811321,0.00539999999999999));
#781=CARTESIAN_POINT('',(-0.000436316156498512,-0.0020361031328236,0.00540000000000001));
#782=CARTESIAN_POINT('',(0.00195656681733796,-0.00171577264962671,0.0054));
#783=CARTESIAN_POINT('',(0.00391871732423854,-0.00123709227042367,0.0054));
#784=CARTESIAN_POINT('',(0.00544288711064328,-0.000640842848837832,0.0054));
#785=CARTESIAN_POINT('',(0.00615472893961892,-0.000253493686063461,0.0054));
#786=CARTESIAN_POINT('',(0.00648088705091815,6.74933222874285E-17,0.0054));
#787=CARTESIAN_POINT('',(-0.00287123149120701,0.,0.));
#788=CARTESIAN_POINT('',(0.00648088705091821,0.,0.0054));
#789=CARTESIAN_POINT('',(0.00648088705091821,0.,0.0054));
#790=CARTESIAN_POINT('',(0.00648088705091821,0.,0.0054));
#791=CARTESIAN_POINT('',(0.00648088705091821,0.,0.0054));
#792=CARTESIAN_POINT('',(0.00648088705091821,0.,0.0054));
#793=CARTESIAN_POINT('',(0.00648088705091821,0.,0.0054));
#794=CARTESIAN_POINT('',(0.00648088705091821,0.,0.0054));
#795=CARTESIAN_POINT('',(0.00648088705091821,0.,0.0054));
#796=CARTESIAN_POINT('',(0.00648088705091821,0.,0.0054));
#797=CARTESIAN_POINT('',(0.00648088705091821,0.,0.0054));
#798=CARTESIAN_POINT('',(0.00648088705091821,0.,0.0054));
#799=CARTESIAN_POINT('',(0.00648088705091821,0.,0.0054));
#800=CARTESIAN_POINT('',(0.00648088705091821,0.,0.0054));
#801=CARTESIAN_POINT('',(0.00648088705091821,0.,0.0054));
#802=CARTESIAN_POINT('',(0.00654807370681901,-6.83003069893531E-5,0.0054));
#803=CARTESIAN_POINT('',(0.0065500924633718,-6.63144666931909E-5,0.0054));
#804=CARTESIAN_POINT('',(0.00655198499874843,-6.41672483638235E-5,0.0054));
#805=CARTESIAN_POINT('',(0.00655905026892737,-5.50135620928783E-5,0.0054));
#806=CARTESIAN_POINT('',(0.00656321326107453,-4.68774682443495E-5,0.0054));
#807=CARTESIAN_POINT('',(0.00657027654563702,-2.61989933333973E-5,0.0054));
#808=CARTESIAN_POINT('',(0.00657229338345871,-1.30918602939567E-5,0.0054));
#809=CARTESIAN_POINT('',(0.00657228883759741,1.31217553693696E-5,0.0054));
#810=CARTESIAN_POINT('',(0.00657026745391443,2.62282379932553E-5,0.0054));
#811=CARTESIAN_POINT('',(0.00656319696321058,4.6904436449765E-5,0.0054));
#812=CARTESIAN_POINT('',(0.00655903112350437,5.50391888162117E-5,0.0054));
#813=CARTESIAN_POINT('',(0.00655196261841698,6.41905986327145E-5,0.0054));
#814=CARTESIAN_POINT('',(0.00655006932113298,6.63372071974992E-5,0.0054));
#815=CARTESIAN_POINT('',(0.0065480498561811,6.83223970781064E-5,0.0054));
#816=CARTESIAN_POINT('',(0.00661471133746851,-0.000136042488370191,0.00539535501537857));
#817=CARTESIAN_POINT('',(0.00661874143961032,-0.000132078498981309,0.00539538731688609));
#818=CARTESIAN_POINT('',(0.00662234997664687,-0.000127713400774197,0.00539541683665897));
#819=CARTESIAN_POINT('',(0.00663525168199244,-0.000108944237039339,0.00539551169323258));
#820=CARTESIAN_POINT('',(0.00664183846641628,-9.21798199985083E-5,0.00539553791160512));
#821=CARTESIAN_POINT('',(0.0066532053964666,-5.08775644110721E-5,0.00539556335821711));
#822=CARTESIAN_POINT('',(0.0066563858305541,-2.54046976467656E-5,0.00539555427179642));
#823=CARTESIAN_POINT('',(0.00665637705674141,2.54616889022163E-5,0.00539555404783482));
#824=CARTESIAN_POINT('',(0.0066531878297813,5.0933539809255E-5,0.00539556290423621));
#825=CARTESIAN_POINT('',(0.00664180649398696,9.2232264756841E-5,0.00539553726548733));
#826=CARTESIAN_POINT('',(0.00663521380175539,0.000108994668221181,0.00539551103267159));
#827=CARTESIAN_POINT('',(0.00662230540155917,0.000127759790429518,0.00539541640227972));
#828=CARTESIAN_POINT('',(0.00661869529955038,0.000132123749778145,0.00539538696191999));
#829=CARTESIAN_POINT('',(0.00661466378459423,0.000136086440735299,0.00539535475316222));
#830=CARTESIAN_POINT('',(0.00674690210912091,-0.00027042438554854,0.00537693757783752));
#831=CARTESIAN_POINT('',(0.00675496705498523,-0.000262514625033085,0.00537708101770558));
#832=CARTESIAN_POINT('',(0.00676184829679402,-0.000253627148181798,0.00537719113879847));
#833=CARTESIAN_POINT('',(0.00678668701816049,-0.000215825109646369,0.00537755312265265));
#834=CARTESIAN_POINT('',(0.00679921924747721,-0.000182488257293825,0.00537763213094164));
#835=CARTESIAN_POINT('',(0.00682034799485161,-0.000100461815247061,0.00537769234675948));
#836=CARTESIAN_POINT('',(0.00682597351378043,-5.01213367351187E-5,0.00537764928498092));
#837=CARTESIAN_POINT('',(0.00682595635267229,5.02312421814449E-5,0.00537764836548484));
#838=CARTESIAN_POINT('',(0.00682031361167321,0.000100570052286044,0.00537769048969976));
#839=CARTESIAN_POINT('',(0.00679915637897064,0.000182590512698129,0.00537762951315743));
#840=CARTESIAN_POINT('',(0.00678661243277007,0.000215923815228731,0.00537755045932511));
#841=CARTESIAN_POINT('',(0.00676175993951526,0.000253718727531396,0.00537718931370695));
#842=CARTESIAN_POINT('',(0.00675487541407395,0.000262604223116616,0.00537707947448626));
#843=CARTESIAN_POINT('',(0.00674680746301656,0.000270511630886194,0.00537693644010258));
#844=CARTESIAN_POINT('',(0.00681245525012381,-0.000337064101346051,0.00536316512491789));
#845=CARTESIAN_POINT('',(0.0068225566459351,-0.000327173825253341,0.00536338755543213));
#846=CARTESIAN_POINT('',(0.00683140011440876,-0.000316224746970645,0.00536357073402989));
#847=CARTESIAN_POINT('',(0.00686280345152383,-0.000269264511171817,0.00536413340315788));
#848=CARTESIAN_POINT('',(0.0068782532655247,-0.000227553518362192,0.0053642172282429));
#849=CARTESIAN_POINT('',(0.0069043052884945,-0.000125203543199081,0.0053642677195568));
#850=CARTESIAN_POINT('',(0.00691109548539994,-6.24746843219287E-5,0.00536419225602931));
#851=CARTESIAN_POINT('',(0.0069110741873881,6.26102437977324E-5,0.00536419083385603));
#852=CARTESIAN_POINT('',(0.0069042626393861,0.000125337213570336,0.00536426484637444));
#853=CARTESIAN_POINT('',(0.00687817516661292,0.000227680156044752,0.00536421316023143));
#854=CARTESIAN_POINT('',(0.00686271071100779,0.000269387010743853,0.00536412923514109));
#855=CARTESIAN_POINT('',(0.00683129005880967,0.000316338662726105,0.00536356789315667));
#856=CARTESIAN_POINT('',(0.00682244246230063,0.000327285308498262,0.00536338517850472));
#857=CARTESIAN_POINT('',(0.00681233721302576,0.000337172777379895,0.00536316337388072));
#858=CARTESIAN_POINT('',(0.00694249060333902,-0.000469254852991449,0.00532665525172507));
#859=CARTESIAN_POINT('',(0.006956769290227,-0.000455338461202798,0.00532706967206157));
#860=CARTESIAN_POINT('',(0.00696931030779274,-0.000439986977811203,0.00532737320290334));
#861=CARTESIAN_POINT('',(0.00701428816484554,-0.000374556620132036,0.00532831176668243));
#862=CARTESIAN_POINT('',(0.0070364932004541,-0.000316622639030578,0.0053284113329904));
#863=CARTESIAN_POINT('',(0.00707331376046402,-0.000174132843507742,0.00532844578227081));
#864=CARTESIAN_POINT('',(0.00708270630588647,-8.68814391142711E-5,0.00532829051646621));
#865=CARTESIAN_POINT('',(0.00708267689098174,8.70670321326788E-5,0.00532828791100853));
#866=CARTESIAN_POINT('',(0.00707325486612824,0.000174316101129968,0.00532844051746842));
#867=CARTESIAN_POINT('',(0.00703638512228548,0.00031679699682285,0.00532840387406065));
#868=CARTESIAN_POINT('',(0.00701415976393982,0.00037472563350769,0.00532830413846587));
#869=CARTESIAN_POINT('',(0.00696915735084181,0.00044014484210834,0.00532736804919901));
#870=CARTESIAN_POINT('',(0.00695661041267924,0.000455493199057374,0.00532706536278386));
#871=CARTESIAN_POINT('',(0.00694232610993584,0.000469405982882144,0.00532665209634441));
#872=CARTESIAN_POINT('',(0.00700697098154435,-0.000534804024432817,0.00530388623308554));
#873=CARTESIAN_POINT('',(0.0070234015877196,-0.000518832186537612,0.00530441439888191));
#874=CARTESIAN_POINT('',(0.00703795728121952,-0.000501342658972189,0.00530479120417424));
#875=CARTESIAN_POINT('',(0.00709004896125564,-0.000426731738537878,0.00530589717683914));
#876=CARTESIAN_POINT('',(0.00711580384514011,-0.00036069164039879,0.00530602091450902));
#877=CARTESIAN_POINT('',(0.0071584037212819,-0.00019833818018433,0.00530604874619109));
#878=CARTESIAN_POINT('',(0.00716919539716206,-9.89595059809967E-5,0.00530584498616616));
#879=CARTESIAN_POINT('',(0.00716916199056461,9.91694589098222E-5,0.00530584169517565));
#880=CARTESIAN_POINT('',(0.00715833684596941,0.000198545613635064,0.00530604209335429));
#881=CARTESIAN_POINT('',(0.00711568100433117,0.000360889332952995,0.00530601149088646));
#882=CARTESIAN_POINT('',(0.00708990296509022,0.000426923585307383,0.00530588753076568));
#883=CARTESIAN_POINT('',(0.0070377830910034,0.000501522234445743,0.00530478469575866));
#884=CARTESIAN_POINT('',(0.00702322056377619,0.000519008292043721,0.00530440897908809));
#885=CARTESIAN_POINT('',(0.00700678342279655,0.000534976176185105,0.00530388227638977));
#886=CARTESIAN_POINT('',(0.00713483091015926,-0.0006647832927704,0.00524909965353565));
#887=CARTESIAN_POINT('',(0.00715567925037524,-0.000644636160021598,0.00524987696286899));
#888=CARTESIAN_POINT('',(0.00717423287605413,-0.000622706871542134,0.00525039985933647));
#889=CARTESIAN_POINT('',(0.00724065568759305,-0.000529233032689952,0.00525214521911523));
#890=CARTESIAN_POINT('',(0.00727393963285108,-0.000447195909945013,0.00525237609840626));
#891=CARTESIAN_POINT('',(0.00732889778461609,-0.000245760824645506,0.00525241339398182));
#892=CARTESIAN_POINT('',(0.00734278921522215,-0.000122631111276048,0.00525209534216192));
#893=CARTESIAN_POINT('',(0.00734274798492558,0.000122888405126774,0.00525209059754962));
#894=CARTESIAN_POINT('',(0.00732881526477322,0.000246015234030577,0.00525240379986353));
#895=CARTESIAN_POINT('',(0.00727378776574415,0.000447439062931865,0.00525236251569408));
#896=CARTESIAN_POINT('',(0.00724047501158132,0.000529469391292444,0.00525213133652486));
#897=CARTESIAN_POINT('',(0.00717401657121088,0.000622929166526741,0.00525039050298597));
#898=CARTESIAN_POINT('',(0.00715545430970775,0.000644854496936568,0.00524986915820715));
#899=CARTESIAN_POINT('',(0.00713459756502836,0.000664997079028253,0.00524909398136012));
#900=CARTESIAN_POINT('',(0.00719841075576227,-0.000729417004849071,0.00521691517151596));
#901=CARTESIAN_POINT('',(0.00722152491073171,-0.000707150023353224,0.0052178278789264));
#902=CARTESIAN_POINT('',(0.00724190345274902,-0.000682738029308339,0.00521858558918789));
#903=CARTESIAN_POINT('',(0.0073154979566755,-0.000579550890911918,0.00522084116162034));
#904=CARTESIAN_POINT('',(0.00735280761481923,-0.000489653825997103,0.00522112508261217));
#905=CARTESIAN_POINT('',(0.00741432331959129,-0.000268984649198192,0.00522117866177139));
#906=CARTESIAN_POINT('',(0.00742990843726499,-0.000134236156431158,0.00522079124431446));
#907=CARTESIAN_POINT('',(0.007429863369199,0.000134516427483921,0.00522078573032668));
#908=CARTESIAN_POINT('',(0.00741423313973191,0.000269261867892607,0.00522116750627742));
#909=CARTESIAN_POINT('',(0.00735264147640568,0.000489919100399971,0.00522110929778813));
#910=CARTESIAN_POINT('',(0.00731530022305854,0.000579808938449281,0.00522082503646419));
#911=CARTESIAN_POINT('',(0.00724166620858861,0.000682981281353056,0.00521857475723861));
#912=CARTESIAN_POINT('',(0.00722127799517373,0.000707389154116613,0.00521781885561349));
#913=CARTESIAN_POINT('',(0.00719815448503086,0.000729651333841983,0.00521690864087664));
#914=CARTESIAN_POINT('',(0.00738341160357609,-0.000917484330563724,0.00510838473006662));
#915=CARTESIAN_POINT('',(0.00741347506795775,-0.000888791759681021,0.00510971533791374));
#916=CARTESIAN_POINT('',(0.00744037519001262,-0.000857762527245292,0.00511078662316612));
#917=CARTESIAN_POINT('',(0.00753735494919812,-0.000726650525034755,0.00511418760172178));
#918=CARTESIAN_POINT('',(0.00758729499765959,-0.000613638598122095,0.00511456347099165));
#919=CARTESIAN_POINT('',(0.00766970699906313,-0.000336765692178794,0.00511454786033942));
#920=CARTESIAN_POINT('',(0.0076907173882811,-0.000168086419248733,0.00511394915877485));
#921=CARTESIAN_POINT('',(0.00769066106747635,0.000168433355865969,0.00511394133865722));
#922=CARTESIAN_POINT('',(0.00766959433858741,0.000337109114922546,0.00511453202757497));
#923=CARTESIAN_POINT('',(0.0075870869924411,0.000613968156596888,0.0051145410429945));
#924=CARTESIAN_POINT('',(0.00753710709795034,0.000726971658261272,0.00511416471113894));
#925=CARTESIAN_POINT('',(0.00744007660296096,0.000858066592770369,0.00511077145475393));
#926=CARTESIAN_POINT('',(0.00741316399558598,0.000889091009226777,0.00510970284085106));
#927=CARTESIAN_POINT('',(0.0073830883418769,0.000917778145269284,0.00510837582360536));
#928=CARTESIAN_POINT('',(0.00750042145862787,-0.00103643368015803,0.00501976042692904));
#929=CARTESIAN_POINT('',(0.00753535271753082,-0.00100334710227832,0.00502138358638586));
#930=CARTESIAN_POINT('',(0.00756688500412789,-0.000967967396330106,0.00502260591171925));
#931=CARTESIAN_POINT('',(0.00768119491086777,-0.000819285923774188,0.00502616253969095));
#932=CARTESIAN_POINT('',(0.00774058022544847,-0.000691762063258409,0.00502639045170378));
#933=CARTESIAN_POINT('',(0.00783846718335646,-0.000379361180752509,0.00502619953515601));
#934=CARTESIAN_POINT('',(0.00786359725381127,-0.000189365195180035,0.00502544419374607));
#935=CARTESIAN_POINT('',(0.00786353376989989,0.000189753541711525,0.00502543485829656));
#936=CARTESIAN_POINT('',(0.00783834021583652,0.00037974575339443,0.00502618061459491));
#937=CARTESIAN_POINT('',(0.00774034555405797,0.000692131708349361,0.00502636360942677));
#938=CARTESIAN_POINT('',(0.00768091523192817,0.000819646486424381,0.00502613506888475));
#939=CARTESIAN_POINT('',(0.00756654755521217,0.000968309538706917,0.00502258794080757));
#940=CARTESIAN_POINT('',(0.00753500104720808,0.00100368417048293,0.00502136882317177));
#941=CARTESIAN_POINT('',(0.00750005574862144,0.00103676503954084,0.0050197500041711));
#942=CARTESIAN_POINT('',(0.00766652906167503,-0.00120529459650036,0.00486262091830886));
#943=CARTESIAN_POINT('',(0.00770886829311695,-0.00116565723843811,0.00486463268203685));
#944=CARTESIAN_POINT('',(0.00774729898584138,-0.0011237571402558,0.00486595606660106));
#945=CARTESIAN_POINT('',(0.00788694770591835,-0.000948353458682225,0.00487007627212853));
#946=CARTESIAN_POINT('',(0.00796080143967544,-0.000800051093390796,0.00487036226456251));
#947=CARTESIAN_POINT('',(0.00808315973378797,-0.000437983775011376,0.00486995297046882));
#948=CARTESIAN_POINT('',(0.00811511154766297,-0.000218652840225214,0.00486898722528802));
#949=CARTESIAN_POINT('',(0.00811503794674141,0.00021909810888404,0.00486897612783678));
#950=CARTESIAN_POINT('',(0.00808301252222279,0.000438424894171758,0.00486993045886802));
#951=CARTESIAN_POINT('',(0.00796052898212133,0.00080047607688353,0.00487033017352063));
#952=CARTESIAN_POINT('',(0.00788662276101826,0.000948768636585427,0.00487004333315903));
#953=CARTESIAN_POINT('',(0.00774690637882873,0.00112415310718372,0.00486593430847607));
#954=CARTESIAN_POINT('',(0.00770845888699274,0.00116604777760626,0.00486461487807798));
#955=CARTESIAN_POINT('',(0.00766610301365002,0.00120567917483656,0.00486260843367871));
#956=CARTESIAN_POINT('',(0.00772045271084413,-0.00126011205605176,0.0048060230540352));
#957=CARTESIAN_POINT('',(0.00776527897992522,-0.0012182978096475,0.00480815598199634));
#958=CARTESIAN_POINT('',(0.00780599888968263,-0.00117418361814681,0.00480953941267997));
#959=CARTESIAN_POINT('',(0.00795392979424504,-0.000989728669639345,0.00481411948769393));
#960=CARTESIAN_POINT('',(0.00803270428698583,-0.000834708077274403,0.00481439546444991));
#961=CARTESIAN_POINT('',(0.00816341008223545,-0.000456658265836109,0.00481393688995445));
#962=CARTESIAN_POINT('',(0.00819774088244271,-0.00022799485554315,0.00481289452498169));
#963=CARTESIAN_POINT('',(0.00819766400866535,0.000228458236107396,0.00481288291928954));
#964=CARTESIAN_POINT('',(0.00816325633048897,0.000457117381803664,0.00481391334004279));
#965=CARTESIAN_POINT('',(0.00803241959602241,0.00083515071096859,0.00481436182967285));
#966=CARTESIAN_POINT('',(0.00795359018082045,0.000990161285720608,0.00481408493178891));
#967=CARTESIAN_POINT('',(0.00780558832570537,0.00117459692830002,0.00480951650334672));
#968=CARTESIAN_POINT('',(0.00776485106431339,0.0012187059265487,0.0048081369174664));
#969=CARTESIAN_POINT('',(0.00772000731481203,0.00126051415461134,0.00480600961080657));
#970=CARTESIAN_POINT('',(0.0078244440410707,-0.0013658270925196,0.00468505206852188));
#971=CARTESIAN_POINT('',(0.00787423879541369,-0.00131970675477256,0.00468739872554799));
#972=CARTESIAN_POINT('',(0.00791919156984271,-0.00127090153858421,0.00468939111660173));
#973=CARTESIAN_POINT('',(0.00808387885086932,-0.00106881391618409,0.00469487476616604));
#974=CARTESIAN_POINT('',(0.00817263408829415,-0.000900839664819452,0.00469509742101851));
#975=CARTESIAN_POINT('',(0.00832036726027557,-0.000492171653652303,0.00469452726817063));
#976=CARTESIAN_POINT('',(0.00835961403599918,-0.000245759766404039,0.00469334575698724));
#977=CARTESIAN_POINT('',(0.00835953084560004,0.000246257579079692,0.00469333334637808));
#978=CARTESIAN_POINT('',(0.00832020088543359,0.00049266499239887,0.00469450205684203));
#979=CARTESIAN_POINT('',(0.0081723257586391,0.000901315905769697,0.00469506126987316));
#980=CARTESIAN_POINT('',(0.00808351089782093,0.00106927978661373,0.00469483751965233));
#981=CARTESIAN_POINT('',(0.00791874610759984,0.00127134775072872,0.0046893665957695));
#982=CARTESIAN_POINT('',(0.00787377395328452,0.00132014749668757,0.00468737872066643));
#983=CARTESIAN_POINT('',(0.007823960118371,0.00136626174353854,0.00468503821145637));
#984=CARTESIAN_POINT('',(0.00787392954682826,-0.00141613284430095,0.00462138871661771));
#985=CARTESIAN_POINT('',(0.00792620574879399,-0.00136788330355316,0.00462382793847564));
#986=CARTESIAN_POINT('',(0.00797360928211919,-0.00131710489827993,0.00462577074530965));
#987=CARTESIAN_POINT('',(0.00814684160335415,-0.00110651922553364,0.00463159606842837));
#988=CARTESIAN_POINT('',(0.00824066450272015,-0.000932313741428663,0.00463176750909746));
#989=CARTESIAN_POINT('',(0.00839707770544125,-0.000509009997960721,0.0046311354175986));
#990=CARTESIAN_POINT('',(0.0084388625578846,-0.000254184784444359,0.00462988964671602));
#991=CARTESIAN_POINT('',(0.00843877632036799,0.000254698916725698,0.00462987694115224));
#992=CARTESIAN_POINT('',(0.0083969052524299,0.00050951956677309,0.00463110957948743));
#993=CARTESIAN_POINT('',(0.00824034476370391,0.00093280593375757,0.00463173038780769));
#994=CARTESIAN_POINT('',(0.00814645999258299,0.00110700092298988,0.00463155773897755));
#995=CARTESIAN_POINT('',(0.00797314693904909,0.00131756666918948,0.00462574573096801));
#996=CARTESIAN_POINT('',(0.00792572335838169,0.00136833957484818,0.00462380756306293));
#997=CARTESIAN_POINT('',(0.00787342731421467,0.00141658300965515,0.0046213747135632));
#998=CARTESIAN_POINT('',(0.00801509566063563,-0.00155963885424098,0.00442116901766009));
#999=CARTESIAN_POINT('',(0.00807474629504176,-0.0015051246453582,0.00442382524738113));
#1000=CARTESIAN_POINT('',(0.00812917722494056,-0.0014483006135809,0.00442581023839211));
#1001=CARTESIAN_POINT('',(0.00832860004639246,-0.00121368995347797,0.004431579524946));
#1002=CARTESIAN_POINT('',(0.00843769070166103,-0.00102158303651553,0.00443165579112133));
#1003=CARTESIAN_POINT('',(0.0086205280688153,-0.000556646209301253,0.00443076008327311));
#1004=CARTESIAN_POINT('',(0.00867009117721584,-0.000278005520641331,0.00442937215445869));
#1005=CARTESIAN_POINT('',(0.00866999619520435,0.00027856584995916,0.00442935892563221));
#1006=CARTESIAN_POINT('',(0.00862033812163832,0.000557201722458323,0.00443073312258014));
#1007=CARTESIAN_POINT('',(0.00843733822152508,0.00102212047639749,0.0044316167231362));
#1008=CARTESIAN_POINT('',(0.00832817910139338,0.00121421651014889,0.00443153895772306));
#1009=CARTESIAN_POINT('',(0.00812866694245241,0.00144880675963921,0.00442578408828429));
#1010=CARTESIAN_POINT('',(0.00807421385957466,0.00150562521835713,0.00442380406466745));
#1011=CARTESIAN_POINT('',(0.00801454124208245,0.00156013332407837,0.00442115472159437));
#1012=CARTESIAN_POINT('',(0.00809955468937119,-0.00164549783194004,0.00427547015866556));
#1013=CARTESIAN_POINT('',(0.00816402129029816,-0.00158697421532385,0.00427818428862707));
#1014=CARTESIAN_POINT('',(0.0082231719030639,-0.00152645866261915,0.0042797967222949));
#1015=CARTESIAN_POINT('',(0.00844007783408991,-0.00127709631619569,0.00428464747604451));
#1016=CARTESIAN_POINT('',(0.0085595828498607,-0.00107425829325023,0.0042846963504027));
#1017=CARTESIAN_POINT('',(0.0087604986668102,-0.000584537060918594,0.00428355815022334));
#1018=CARTESIAN_POINT('',(0.00881549877185845,-0.000291954628614724,0.00428212922290529));
#1019=CARTESIAN_POINT('',(0.00881539847217252,0.000292542067471779,0.00428211614864853));
#1020=CARTESIAN_POINT('',(0.00876029807888698,0.000585119551451168,0.00428353144766206));
#1021=CARTESIAN_POINT('',(0.00855921048033415,0.00107482240317511,0.00428465730562894));
#1022=CARTESIAN_POINT('',(0.00843963304703523,0.00127764939513672,0.0042846066672834));
#1023=CARTESIAN_POINT('',(0.00822263295350835,0.00152699139003691,0.00427977021733097));
#1024=CARTESIAN_POINT('',(0.00816345893738983,0.00158750129694584,0.00427816298418983));
#1025=CARTESIAN_POINT('',(0.00809896911311088,0.00164601887496156,0.00427545585969568));
#1026=CARTESIAN_POINT('',(0.00821144181026967,-0.00175923953560221,0.00403818328497385));
#1027=CARTESIAN_POINT('',(0.00828258910323548,-0.00169522134363715,0.00404084223614154));
#1028=CARTESIAN_POINT('',(0.0083479368494132,-0.0016292944225461,0.00404257140337189));
#1029=CARTESIAN_POINT('',(0.00858858682928461,-0.00135902966087981,0.00404802619827281));
#1030=CARTESIAN_POINT('',(0.00872346646830348,-0.00114215100260945,0.00404781833135474));
#1031=CARTESIAN_POINT('',(0.00895107274509686,-0.000620178387131526,0.00404653631752536));
#1032=CARTESIAN_POINT('',(0.0090142936284964,-0.000309796303357247,0.00404510543744153));
#1033=CARTESIAN_POINT('',(0.00901418629519072,0.000310418673933409,0.00404509340910466));
#1034=CARTESIAN_POINT('',(0.00895085807649783,0.000620795640777834,0.00404651169920225));
#1035=CARTESIAN_POINT('',(0.00872306782822883,0.00114274960243615,0.00404778165982207));
#1036=CARTESIAN_POINT('',(0.00858811058232105,0.00135961706437199,0.00404798741976228));
#1037=CARTESIAN_POINT('',(0.00834735972674878,0.00162986191036559,0.00404254587711209));
#1038=CARTESIAN_POINT('',(0.00828198706699277,0.00169578350003357,0.00404082127006486));
#1039=CARTESIAN_POINT('',(0.00821081496501807,0.0017597957887702,0.00403816914541846));
#1040=CARTESIAN_POINT('',(0.00824623657675746,-0.00179461104205503,0.0039558465141059));
#1041=CARTESIAN_POINT('',(0.00831952022411248,-0.00172884791434888,0.00395846340081656));
#1042=CARTESIAN_POINT('',(0.00838671052691329,-0.00166104157899876,0.00396068563131777));
#1043=CARTESIAN_POINT('',(0.00863501546339591,-0.00138416449278847,0.00396643633513568));
#1044=CARTESIAN_POINT('',(0.00877495499889709,-0.00116292402992993,0.00396614254802087));
#1045=CARTESIAN_POINT('',(0.00901139441758202,-0.000631032109533042,0.00396482766693468));
#1046=CARTESIAN_POINT('',(0.009077360172069,-0.000315229936398654,0.00396341413022928));
#1047=CARTESIAN_POINT('',(0.00907725064995745,0.000315862995902051,0.00396340258606579));
#1048=CARTESIAN_POINT('',(0.00901117536952505,0.000631660005253975,0.00396480401712624));
#1049=CARTESIAN_POINT('',(0.00877454819475341,0.00116353320164027,0.00396610705947445));
#1050=CARTESIAN_POINT('',(0.0086345294472338,0.0013847624422227,0.0039663985969226));
#1051=CARTESIAN_POINT('',(0.00838612149381343,0.00166161972455424,0.00396066078275619));
#1052=CARTESIAN_POINT('',(0.00831890559874875,0.0017294207267644,0.00395844318198951));
#1053=CARTESIAN_POINT('',(0.00824559665962286,0.00179517800278785,0.00395583300262227));
#1054=CARTESIAN_POINT('',(0.00830929109256334,-0.00185871071674289,0.00378849959143011));
#1055=CARTESIAN_POINT('',(0.00838660090026876,-0.00178967572625772,0.00379098302756655));
#1056=CARTESIAN_POINT('',(0.00845778741066268,-0.00171885419431884,0.00379298441943491));
#1057=CARTESIAN_POINT('',(0.00872103536641417,-0.00142992439857721,0.00379862294513853));
#1058=CARTESIAN_POINT('',(0.0088708409836229,-0.00120065596215303,0.00379815480543068));
#1059=CARTESIAN_POINT('',(0.00912456129717959,-0.000650662354765013,0.00379679420253209));
#1060=CARTESIAN_POINT('',(0.00919592630204858,-0.000325058806048499,0.00379546017972642));
#1061=CARTESIAN_POINT('',(0.00919581274065814,0.000325711314035236,0.0037954498406091));
#1062=CARTESIAN_POINT('',(0.00912433417251901,0.000651309620808318,0.00379677297376439));
#1063=CARTESIAN_POINT('',(0.00887041914322467,0.00120128439139011,0.00379812242912354));
#1064=CARTESIAN_POINT('',(0.00872053138153065,0.00143054159241277,0.00379858799666387));
#1065=CARTESIAN_POINT('',(0.0084571765448665,0.00171945169785537,0.00379296147842757));
#1066=CARTESIAN_POINT('',(0.00838596351334873,0.00179026788917047,0.00379096451467594));
#1067=CARTESIAN_POINT('',(0.00830862753897177,0.00185929713465261,0.00378848742494973));
#1068=CARTESIAN_POINT('',(0.00833777334681109,-0.00188766507803366,0.00370305148162124));
#1069=CARTESIAN_POINT('',(0.0084169729604777,-0.00181710316051054,0.00370544353164048));
#1070=CARTESIAN_POINT('',(0.00849007669895833,-0.00174490009036729,0.00370724807795934));
#1071=CARTESIAN_POINT('',(0.00876064269122672,-0.00145056651111696,0.00371235339904294));
#1072=CARTESIAN_POINT('',(0.00891523465258516,-0.00121760706895252,0.00371186033374494));
#1073=CARTESIAN_POINT('',(0.00917741348004944,-0.00065944390986603,0.00371045961632874));
#1074=CARTESIAN_POINT('',(0.00925142881533017,-0.000329450888781051,0.00370919982910513));
#1075=CARTESIAN_POINT('',(0.0092513134063348,0.000330112156591446,0.00370919020748301));
#1076=CARTESIAN_POINT('',(0.009177182653199,0.000660099902913488,0.00371043984712974));
#1077=CARTESIAN_POINT('',(0.00891480594780799,0.00121824418631278,0.00371182987812809));
#1078=CARTESIAN_POINT('',(0.00876013048633181,0.0014511923938917,0.00371232022874107));
#1079=CARTESIAN_POINT('',(0.00848945595117774,0.00174550632322173,0.00370722629282174));
#1080=CARTESIAN_POINT('',(0.00841632531457949,0.00181770408337196,0.0037054259427806));
#1081=CARTESIAN_POINT('',(0.00833709914210266,0.00188826031102597,0.00370303999741627));
#1082=CARTESIAN_POINT('',(0.00838874626325083,-0.00193948289504359,0.00352866332212924));
#1083=CARTESIAN_POINT('',(0.00847141347789793,-0.00186612996210045,0.0035308212996452));
#1084=CARTESIAN_POINT('',(0.00854805488652675,-0.00179137449363802,0.00353220007598795));
#1085=CARTESIAN_POINT('',(0.00883230802566142,-0.00148719587422033,0.00353602423464719));
#1086=CARTESIAN_POINT('',(0.00899610350864415,-0.00124765371608176,0.00353544104878145));
#1087=CARTESIAN_POINT('',(0.00927443426384202,-0.000674924491923817,0.00353403057309979));
#1088=CARTESIAN_POINT('',(0.00935353412185127,-0.0003372008895958,0.00353295409622579));
#1089=CARTESIAN_POINT('',(0.00935341538164876,0.000337877735882832,0.00353294606987125));
#1090=CARTESIAN_POINT('',(0.00927419676403382,0.000675596005063532,0.00353401407041644));
#1091=CARTESIAN_POINT('',(0.00899566246298546,0.00124830630716568,0.00353541504451015));
#1092=CARTESIAN_POINT('',(0.00883178107683804,0.00148783722804982,0.00353599529819474));
#1093=CARTESIAN_POINT('',(0.00854741649102698,0.0017919963643003,0.00353218079948337));
#1094=CARTESIAN_POINT('',(0.00847074749056173,0.00186674658219841,0.00353080568649904));
#1095=CARTESIAN_POINT('',(0.00838805302249303,0.0019400939298731,0.00352865320403079));
#1096=CARTESIAN_POINT('',(0.00841123687489949,-0.00196234629938164,0.0034397232429891));
#1097=CARTESIAN_POINT('',(0.00849548599946522,-0.0018877256271076,0.00344173988330492));
#1098=CARTESIAN_POINT('',(0.00857375337492799,-0.00181181055586367,0.00344286450946469));
#1099=CARTESIAN_POINT('',(0.00886437931998499,-0.00150319412642623,0.00344593089247899));
#1100=CARTESIAN_POINT('',(0.00903257888951069,-0.00126074589216291,0.00344532326440995));
#1101=CARTESIAN_POINT('',(0.00931860850186219,-0.000681625621623203,0.00344393105024184));
#1102=CARTESIAN_POINT('',(0.00940014058428698,-0.000340557131360895,0.00344297027734591));
#1103=CARTESIAN_POINT('',(0.00940002036061029,0.000341240796099638,0.00344296313053988));
#1104=CARTESIAN_POINT('',(0.00931836803095094,0.000682303928981898,0.00344391635254777));
#1105=CARTESIAN_POINT('',(0.00903213236745732,0.00126140526713224,0.00344529979712105));
#1106=CARTESIAN_POINT('',(0.00886384584649961,0.00150384226931619,0.00344590440409018));
#1107=CARTESIAN_POINT('',(0.00857310720220402,0.00181243932897776,0.0034428465984628));
#1108=CARTESIAN_POINT('',(0.00849481193097532,0.00188834918503261,0.00344172531828183));
#1109=CARTESIAN_POINT('',(0.00841053524934672,0.00196296432107081,0.00343971380879086));
#1110=CARTESIAN_POINT('',(0.00845015061746263,-0.00200190505591645,0.00325830691640574));
#1111=CARTESIAN_POINT('',(0.00853719118200454,-0.00192505304224507,0.00326000013659315));
#1112=CARTESIAN_POINT('',(0.00861834704629763,-0.00184706917303768,0.00326063076301318));
#1113=CARTESIAN_POINT('',(0.0089203448660395,-0.00153052384235516,0.00326281264935073));
#1114=CARTESIAN_POINT('',(0.00909669065324311,-0.00128306736109957,0.00326209748611841));
#1115=CARTESIAN_POINT('',(0.00939686616016791,-0.00069297886903721,0.00326089056885577));
#1116=CARTESIAN_POINT('',(0.00948287103741544,-0.000346250349652252,0.00326016251587388));
#1117=CARTESIAN_POINT('',(0.00948274823545884,0.000346945703203326,0.00326015716550815));
#1118=CARTESIAN_POINT('',(0.0093966205257711,0.000693668822178376,0.00326087958873707));
#1119=CARTESIAN_POINT('',(0.00909623464450212,0.00128373838122277,0.00326207942917984));
#1120=CARTESIAN_POINT('',(0.00891980011842791,0.00153118363902999,0.00326279165562695));
#1121=CARTESIAN_POINT('',(0.00861768741863508,0.00184770987167465,0.00326061581534078));
#1122=CARTESIAN_POINT('',(0.00853650313496929,0.00192568860775344,0.00325998775472743));
#1123=CARTESIAN_POINT('',(0.00844943449120438,0.00200253517338756,0.00325829883642281));
#1124=CARTESIAN_POINT('',(0.0084666240011714,-0.00201865149387167,0.00316544886040512));
#1125=CARTESIAN_POINT('',(0.00855487409577086,-0.00194083587813385,0.00316695999766427));
#1126=CARTESIAN_POINT('',(0.00863722645576309,-0.00186187498476528,0.00316774505748649));
#1127=CARTESIAN_POINT('',(0.0089442504808784,-0.00154186342516771,0.00316977018765837));
#1128=CARTESIAN_POINT('',(0.0091243277769518,-0.0012922930049574,0.00316899362399506));
#1129=CARTESIAN_POINT('',(0.00943095578918402,-0.000697632475063299,0.0031679470091617));
#1130=CARTESIAN_POINT('',(0.00951899929306214,-0.000348586057093514,0.00316733985733532));
#1131=CARTESIAN_POINT('',(0.0095188753951753,0.000349286280584749,0.00316733543370964));
#1132=CARTESIAN_POINT('',(0.0094307079638277,0.000698327282003881,0.00316793792547558));
#1133=CARTESIAN_POINT('',(0.00912386775530901,0.00129296888248645,0.00316897846702808));
#1134=CARTESIAN_POINT('',(0.00894370098905816,0.00154252809787162,0.00316975218767496));
#1135=CARTESIAN_POINT('',(0.00863656114071056,0.00186252068544396,0.00316773181089735));
#1136=CARTESIAN_POINT('',(0.00855418014877877,0.0019414765454588,0.00316694858979035));
#1137=CARTESIAN_POINT('',(0.00846590175643745,0.00201928675232534,0.00316544128969482));
#1138=CARTESIAN_POINT('',(0.00849299549349672,-0.00204546010634744,0.00297793243020817));
#1139=CARTESIAN_POINT('',(0.00858322366963235,-0.00196607002424741,0.0029790465120516));
#1140=CARTESIAN_POINT('',(0.00866767829080692,-0.00188559094203945,0.00297995484839618));
#1141=CARTESIAN_POINT('',(0.00898319487995197,-0.00155991137560693,0.00298153413073525));
#1142=CARTESIAN_POINT('',(0.00916968284570855,-0.00130692022356249,0.00298081166558225));
#1143=CARTESIAN_POINT('',(0.00948733422647488,-0.000704966875286793,0.00298014069339341));
#1144=CARTESIAN_POINT('',(0.00957884295657551,-0.000352271738358028,0.00297977006295966));
#1145=CARTESIAN_POINT('',(0.0095787172802511,0.000352979751559743,0.00297976736017166));
#1146=CARTESIAN_POINT('',(0.00948708284586913,0.000705669444718007,0.00298013516122548));
#1147=CARTESIAN_POINT('',(0.00916921633945966,0.00130760387682131,0.00298080212379006));
#1148=CARTESIAN_POINT('',(0.00898263772653538,0.00156058385551736,0.00298152235902764));
#1149=CARTESIAN_POINT('',(0.00866700381686647,0.00188624464821786,0.00297994537182676));
#1150=CARTESIAN_POINT('',(0.00858252012970508,0.0019667187015081,0.00297903832282404));
#1151=CARTESIAN_POINT('',(0.00849226330170585,0.00204610343987093,0.00297792706655189));
#1152=CARTESIAN_POINT('',(0.00850289534096852,-0.00205552404854556,0.0028836569433737));
#1153=CARTESIAN_POINT('',(0.00859390274820674,-0.0019755132129115,0.00288455849337777));
#1154=CARTESIAN_POINT('',(0.00867923569027665,-0.00189448494277625,0.00288512231942666));
#1155=CARTESIAN_POINT('',(0.0089982391326131,-0.00156662227085835,0.00288632486084847));
#1156=CARTESIAN_POINT('',(0.00918740375749693,-0.00131231785639704,0.00288573633097119));
#1157=CARTESIAN_POINT('',(0.0095096295872356,-0.000707648774772679,0.00288527789052418));
#1158=CARTESIAN_POINT('',(0.00960256338065778,-0.000353620613789924,0.00288502404079325));
#1159=CARTESIAN_POINT('',(0.00960243702004665,0.000354331546312263,0.00288502214168371));
#1160=CARTESIAN_POINT('',(0.00950937684448579,0.000708354255279238,0.00288527399685756));
#1161=CARTESIAN_POINT('',(0.0091869347759212,0.00131300442387959,0.00288572952660746));
#1162=CARTESIAN_POINT('',(0.00899767906915255,0.00156729769271089,0.00288631628464173));
#1163=CARTESIAN_POINT('',(0.00867855774274099,0.00189514164027819,0.00288511498634773));
#1164=CARTESIAN_POINT('',(0.00859319562038026,0.00197616490532084,0.00288455193559618));
#1165=CARTESIAN_POINT('',(0.0085021594222971,0.00205617042081257,0.0028836526712108));
#1166=CARTESIAN_POINT('',(0.00851610216283078,-0.00206894977982289,0.00269407383408018));
#1167=CARTESIAN_POINT('',(0.00860817211277912,-0.00198809165712316,0.00269453363006912));
#1168=CARTESIAN_POINT('',(0.00869467561270551,-0.00190631927937744,0.00269460999379157));
#1169=CARTESIAN_POINT('',(0.00901863727443334,-0.0015754607468293,0.00269490425409969));
#1170=CARTESIAN_POINT('',(0.00921159895816014,-0.00131943202875689,0.00269472274488257));
#1171=CARTESIAN_POINT('',(0.00954027331943022,-0.00071115627129572,0.00269458362549979));
#1172=CARTESIAN_POINT('',(0.00963519167648475,-0.000355395887858086,0.00269452248086603));
#1173=CARTESIAN_POINT('',(0.00963506438919809,0.000356110710700049,0.00269452183509846));
#1174=CARTESIAN_POINT('',(0.0095400187355319,0.000711865632299521,0.00269458234110925));
#1175=CARTESIAN_POINT('',(0.00921112664731221,0.00132012247796685,0.00269472036128284));
#1176=CARTESIAN_POINT('',(0.00901807328276174,0.00157614009076405,0.00269490125712734));
#1177=CARTESIAN_POINT('',(0.00869399304557498,0.00190697996661475,0.00269460677109905));
#1178=CARTESIAN_POINT('',(0.00860746020730812,0.0019887473784611,0.00269453034952545));
#1179=CARTESIAN_POINT('',(0.00851536127716251,0.00206960021080945,0.00269407171844299));
#1180=CARTESIAN_POINT('',(0.00851940913722124,-0.00207231156890207,0.00259876621162112));
#1181=CARTESIAN_POINT('',(0.0086115826529155,-0.00199138469460156,0.00259896502379261));
#1182=CARTESIAN_POINT('',(0.00869860806993206,-0.00190921687964897,0.00259876616784592));
#1183=CARTESIAN_POINT('',(0.0090239538318971,-0.00157761194180185,0.00259876608029551));
#1184=CARTESIAN_POINT('',(0.00921809419678144,-0.00132113813552649,0.00259876601463271));
#1185=CARTESIAN_POINT('',(0.00954862065330058,-0.000711986972694898,0.0025987658614195));
#1186=CARTESIAN_POINT('',(0.00964410687919275,-0.000355819339579157,0.00259876577386909));
#1187=CARTESIAN_POINT('',(0.00964397934683982,0.0003565351336729,0.00259876559876828));
#1188=CARTESIAN_POINT('',(0.0095483655930117,0.000712697301937111,0.00259876551121788));
#1189=CARTESIAN_POINT('',(0.0092176210280136,0.00132182955452099,0.00259876535800467));
#1190=CARTESIAN_POINT('',(0.00902338883082951,0.00157829225599318,0.00259876529234186));
#1191=CARTESIAN_POINT('',(0.00869792433870615,0.00190987858226502,0.00259876520479145));
#1192=CARTESIAN_POINT('',(0.00861086956685965,0.00199204136187691,0.00259896338514826));
#1193=CARTESIAN_POINT('',(0.00851866701143666,0.00207296301986469,0.00259876516101625));
#1194=CARTESIAN_POINT('',(0.00851940913722124,-0.00207231156890207,0.00250294372527347));
#1195=CARTESIAN_POINT('',(0.00861173063426413,-0.00199125476934525,0.00250294372527347));
#1196=CARTESIAN_POINT('',(0.00869860806993203,-0.001909216879649,0.00250294372527347));
#1197=CARTESIAN_POINT('',(0.00902395383189719,-0.00157761194180176,0.00250294372527347));
#1198=CARTESIAN_POINT('',(0.00921809419678156,-0.00132113813552633,0.00250294372527347));
#1199=CARTESIAN_POINT('',(0.0095486206533007,-0.000711986972694618,0.00250294372527347));
#1200=CARTESIAN_POINT('',(0.00964410687919281,-0.000355819339578842,0.00250294372527347));
#1201=CARTESIAN_POINT('',(0.00964397934683976,0.000356535133673216,0.00250294372527347));
#1202=CARTESIAN_POINT('',(0.00954836559301158,0.000712697301937392,0.00250294372527347));
#1203=CARTESIAN_POINT('',(0.00921762102801347,0.00132182955452115,0.00250294372527347));
#1204=CARTESIAN_POINT('',(0.00902338883082943,0.00157829225599327,0.00250294372527347));
#1205=CARTESIAN_POINT('',(0.00869792433870618,0.00190987858226499,0.00250294372527347));
#1206=CARTESIAN_POINT('',(0.00861101752990777,0.00199191150196978,0.00250294372527347));
#1207=CARTESIAN_POINT('',(0.00851866701143666,0.00207296301986469,0.00250294372527347));
#1208=CARTESIAN_POINT('',(0.00648088705091821,0.,0.0054));
#1209=CARTESIAN_POINT('',(0.00701838029812461,-0.000546402455914825,0.0054));
#1210=CARTESIAN_POINT('',(0.00807307511852184,-0.00161857934948681,0.004774535825903));
#1211=CARTESIAN_POINT('',(0.00851940913722124,-0.00207231156890207,0.00326952361605467));
#1212=CARTESIAN_POINT('',(0.00851940913722124,-0.00207231156890207,0.00250294372527347));
#1213=CARTESIAN_POINT('',(0.00648088705091821,0.,0.0054));
#1214=CARTESIAN_POINT('',(0.00701818949302133,0.000546579176624851,0.0054));
#1215=CARTESIAN_POINT('',(0.0080725023281122,0.00161909513068101,0.00477451182687266));
#1216=CARTESIAN_POINT('',(0.00851866701143666,0.00207296301986469,0.00326951521121571));
#1217=CARTESIAN_POINT('',(0.00851866701143666,0.00207296301986469,0.00250294372527347));
#1218=CARTESIAN_POINT('',(-0.0124342444997806,-0.000182343333804818,0.0054));
#1219=CARTESIAN_POINT('',(-0.0144655504018982,0.00188326345153855,0.0054));
#1220=CARTESIAN_POINT('',(-0.0144655504018982,0.00188326345153855,0.00250294372515228));
#1221=CARTESIAN_POINT('',(-0.0123604370859445,-0.000109761645274629,0.0054));
#1222=CARTESIAN_POINT('',(-0.0142669868966611,0.00207852907233751,0.00539999999999952));
#1223=CARTESIAN_POINT('',(-0.0142669871940787,0.00207852937477673,0.00250294372515201));
#1224=CARTESIAN_POINT('',(-0.0122016294121523,2.24442924554577E-5,0.00539999999999999));
#1225=CARTESIAN_POINT('',(-0.0139471284247896,0.00233779207819648,0.00540000000000021));
#1226=CARTESIAN_POINT('',(-0.0139471282902933,0.00233779194142933,0.0025029437251524));
#1227=CARTESIAN_POINT('',(-0.0118607070202034,0.000258956394792419,0.00540000000000001));
#1228=CARTESIAN_POINT('',(-0.0133676150560367,0.00273972160990571,0.00539999999999988));
#1229=CARTESIAN_POINT('',(-0.0133676151336831,0.00273972168886304,0.00250294372515222));
#1230=CARTESIAN_POINT('',(-0.0113988132033032,0.000517711841381389,0.0054));
#1231=CARTESIAN_POINT('',(-0.012700862004862,0.00310848713297447,0.00540000000000003));
#1232=CARTESIAN_POINT('',(-0.0127008619785264,0.00310848710619424,0.00250294372515231));
#1233=CARTESIAN_POINT('',(-0.0108274677034181,0.000779049181997821,0.00540000000000001));
#1234=CARTESIAN_POINT('',(-0.0119458138576311,0.00345360866882941,0.00539999999999999));
#1235=CARTESIAN_POINT('',(-0.0119458138645307,0.00345360867584547,0.00250294372515228));
#1236=CARTESIAN_POINT('',(-0.0100505891399567,0.00107859200159554,0.0054));
#1237=CARTESIAN_POINT('',(-0.0109742261228908,0.00382727102101379,0.00540000000000001));
#1238=CARTESIAN_POINT('',(-0.0109742261189074,0.00382727101696308,0.00250294372515229));
#1239=CARTESIAN_POINT('',(-0.00905658132957241,0.0013807897841009,0.0054));
#1240=CARTESIAN_POINT('',(-0.00979262161088598,0.00418523323290136,0.0054));
#1241=CARTESIAN_POINT('',(-0.00979262161223914,0.00418523323427744,0.00250294372515229));
#1242=CARTESIAN_POINT('',(-0.00783573898630622,0.00165845035275399,0.0054));
#1243=CARTESIAN_POINT('',(-0.00838980046938145,0.00450373379755287,0.0054));
#1244=CARTESIAN_POINT('',(-0.00838980046901956,0.00450373379718462,0.00250294372515228));
#1245=CARTESIAN_POINT('',(-0.00659588900775906,0.0018640015411652,0.00539999999999999));
#1246=CARTESIAN_POINT('',(-0.00699347151191593,0.00473491990049722,0.00539999999999999));
#1247=CARTESIAN_POINT('',(-0.00699347151201033,0.00473491990059413,0.00250294372515228));
#1248=CARTESIAN_POINT('',(-0.00494509335910109,0.00205104199252269,0.00540000000000001));
#1249=CARTESIAN_POINT('',(-0.00515632217719605,0.00494285590639316,0.00540000000000001));
#1250=CARTESIAN_POINT('',(-0.00515632217714363,0.004942855906335,0.00250294372515229));
#1251=CARTESIAN_POINT('',(-0.00287539463448683,0.00214051941326243,0.00539999999999999));
#1252=CARTESIAN_POINT('',(-0.00287579158151184,0.0050410441251118,0.00539999999999999));
#1253=CARTESIAN_POINT('',(-0.00287579158151165,0.00504104412515071,0.00250294372515228));
#1254=CARTESIAN_POINT('',(-0.000801883972911142,0.00205174043557289,0.00540000000000001));
#1255=CARTESIAN_POINT('',(-0.000591197796186008,0.00494363365666824,0.00540000000000001));
#1256=CARTESIAN_POINT('',(-0.000591197796238984,0.00494363365660968,0.00250294372515229));
#1257=CARTESIAN_POINT('',(0.000862477024449918,0.00186281084613831,0.0054));
#1258=CARTESIAN_POINT('',(0.00126111426778086,0.00473359371242724,0.0054));
#1259=CARTESIAN_POINT('',(0.00126111426787618,0.00473359371252488,0.00250294372515228));
#1260=CARTESIAN_POINT('',(0.0020974444155154,0.00165750476926089,0.0054));
#1261=CARTESIAN_POINT('',(0.00265212480004764,0.00450264886060246,0.0054));
#1262=CARTESIAN_POINT('',(0.00265212479968226,0.00450264886023142,0.00250294372515229));
#1263=CARTESIAN_POINT('',(0.00331863668320761,0.00137981930831141,0.0054));
#1264=CARTESIAN_POINT('',(0.00405530774400617,0.00418413789854537,0.00540000000000001));
#1265=CARTESIAN_POINT('',(0.00405530774537237,0.00418413789993191,0.00250294372515229));
#1266=CARTESIAN_POINT('',(0.00432166849253602,0.00107413247217685,0.0054));
#1267=CARTESIAN_POINT('',(0.00524808681612513,0.00382191659802447,0.00539999999999999));
#1268=CARTESIAN_POINT('',(0.00524808681210331,0.00382191659394295,0.00250294372515228));
#1269=CARTESIAN_POINT('',(0.00509960554887327,0.000772974934600736,0.0054));
#1270=CARTESIAN_POINT('',(0.00622199553600238,0.0034458808564313,0.00540000000000001));
#1271=CARTESIAN_POINT('',(0.00622199554296841,0.00344588086350074,0.00250294372515229));
#1272=CARTESIAN_POINT('',(0.00567121701795471,0.000510112823680397,0.00539999999999999));
#1273=CARTESIAN_POINT('',(0.00697892891525225,0.00309806054254379,0.00539999999999997));
#1274=CARTESIAN_POINT('',(0.00697892888866299,0.00309806051555981,0.00250294372515225));
#1275=CARTESIAN_POINT('',(0.00612642668637449,0.000253733187361516,0.00540000000000001));
#1276=CARTESIAN_POINT('',(0.0076380327948784,0.0027315850865135,0.00540000000000008));
#1277=CARTESIAN_POINT('',(0.00763803287327271,0.00273158516607159,0.00250294372515236));
#1278=CARTESIAN_POINT('',(0.00646321344186943,1.92783018980201E-5,0.0054));
#1279=CARTESIAN_POINT('',(0.00821232812058848,0.00233188239365061,0.00539999999999987));
#1280=CARTESIAN_POINT('',(0.00821232798479656,0.00233188225584284,0.00250294372515216));
#1281=CARTESIAN_POINT('',(0.0066200699942804,-0.000111679780397367,0.0054));
#1282=CARTESIAN_POINT('',(0.00852943317889526,0.00207408735306037,0.00540000000000029));
#1283=CARTESIAN_POINT('',(0.00852943347917789,0.00207408765780075,0.00250294372515255));
#1284=CARTESIAN_POINT('',(0.00669300399471612,-0.000183546717398419,0.0054));
#1285=CARTESIAN_POINT('',(0.00872638240594749,0.0018800199271209,0.0054));
#1286=CARTESIAN_POINT('',(0.00872638240594749,0.0018800199271209,0.00250294372515229));
#1287=CARTESIAN_POINT('',(-0.0122233500333322,0.,0.0054));
#1288=CARTESIAN_POINT('',(-0.0127593603479602,0.000547773525188874,0.0054));
#1289=CARTESIAN_POINT('',(-0.0138110871365782,0.00162258136902045,0.0047743512531085));
#1290=CARTESIAN_POINT('',(-0.0142561060664233,0.0020773666246852,0.00326945895055871));
#1291=CARTESIAN_POINT('',(-0.0142561060664233,0.0020773666246852,0.00250294372527347));
#1292=CARTESIAN_POINT('',(0.00669697158236587,0.000187469171193447,0.0054));
#1293=CARTESIAN_POINT('',(0.00873716296574898,-0.00186936192999202,0.0054));
#1294=CARTESIAN_POINT('',(0.00873716296574898,-0.00186936192999202,0.00250294372515228));
#1295=CARTESIAN_POINT('',(0.0066214034315316,0.000112512467653218,0.0054));
#1296=CARTESIAN_POINT('',(0.00853054503697041,-0.00207430767736,0.00539999999999964));
#1297=CARTESIAN_POINT('',(0.00853054536044368,-0.00207430800347184,0.00250294372515205));
#1298=CARTESIAN_POINT('',(0.00645653205381609,-2.47094661073765E-5,0.0054));
#1299=CARTESIAN_POINT('',(0.00819946835164004,-0.00234190321194819,0.00540000000000017));
#1300=CARTESIAN_POINT('',(0.008199468205361,-0.00234190306447595,0.00250294372515239));
#1301=CARTESIAN_POINT('',(0.00611198885081171,-0.000262703928721709,0.00539999999999999));
#1302=CARTESIAN_POINT('',(0.00761563607761284,-0.00274547462126018,0.0053999999999999));
#1303=CARTESIAN_POINT('',(0.0076156361620615,-0.00274547470639769,0.00250294372515222));
#1304=CARTESIAN_POINT('',(0.00565695542930529,-0.000517119148051785,0.00540000000000001));
#1305=CARTESIAN_POINT('',(0.00695963324767956,-0.00310743001406249,0.00540000000000004));
#1306=CARTESIAN_POINT('',(0.00695963321903682,-0.00310742998518611,0.00250294372515231));
#1307=CARTESIAN_POINT('',(0.00508854239597531,-0.00077765230229474,0.0054));
#1308=CARTESIAN_POINT('',(0.00620777056373403,-0.00345189558153531,0.00539999999999999));
#1309=CARTESIAN_POINT('',(0.00620777057123805,-0.00345189558910054,0.00250294372515228));
#1310=CARTESIAN_POINT('',(0.00430397004207362,-0.00108026216790609,0.0054));
#1311=CARTESIAN_POINT('',(0.00522653891126164,-0.00382934293949311,0.00540000000000001));
#1312=CARTESIAN_POINT('',(0.00522653890692922,-0.00382934293512534,0.00250294372515229));
#1313=CARTESIAN_POINT('',(0.00330417324427044,-0.00138335360062381,0.0054));
#1314=CARTESIAN_POINT('',(0.00403860833680234,-0.00418819779803645,0.0054));
#1315=CARTESIAN_POINT('',(0.00403860833827405,-0.00418819779952024,0.00250294372515228));
#1316=CARTESIAN_POINT('',(0.00209157161085246,-0.00165850016429547,0.0054));
#1317=CARTESIAN_POINT('',(0.00264550630746341,-0.00450376977831719,0.0054));
#1318=CARTESIAN_POINT('',(0.00264550630706981,-0.00450376977792012,0.00250294372515229));
#1319=CARTESIAN_POINT('',(0.00086564236672763,-0.00186213128465919,0.0054));
#1320=CARTESIAN_POINT('',(0.00126471192584068,-0.00473282701052381,0.0054));
#1321=CARTESIAN_POINT('',(0.00126471192594338,-0.00473282701062827,0.00250294372515229));
#1322=CARTESIAN_POINT('',(-0.000782410319568626,-0.00205012600577371,0.0054));
#1323=CARTESIAN_POINT('',(-0.000569639977159178,-0.00494185047628707,0.0054));
#1324=CARTESIAN_POINT('',(-0.000569639977216377,-0.00494185047622452,0.00250294372515228));
#1325=CARTESIAN_POINT('',(-0.00287361051757042,-0.00214106952642596,0.0054));
#1326=CARTESIAN_POINT('',(-0.00287386330026293,-0.00504165093675907,0.0054));
#1327=CARTESIAN_POINT('',(-0.00287386330026168,-0.00504165093679969,0.00250294372515228));
#1328=CARTESIAN_POINT('',(-0.0049449737710021,-0.00205100687831874,0.0054));
#1329=CARTESIAN_POINT('',(-0.00515617612224313,-0.00494281952841744,0.0054));
#1330=CARTESIAN_POINT('',(-0.00515617612218968,-0.00494281952835815,0.00250294372515229));
#1331=CARTESIAN_POINT('',(-0.00659281842882722,-0.00186428197755102,0.0054));
#1332=CARTESIAN_POINT('',(-0.00699007975394057,-0.00473522699670377,0.0054));
#1333=CARTESIAN_POINT('',(-0.00699007975403702,-0.00473522699680237,0.00250294372515228));
#1334=CARTESIAN_POINT('',(-0.00782199405973388,-0.0016610336732452,0.00540000000000001));
#1335=CARTESIAN_POINT('',(-0.00837422640237991,-0.00450665292846997,0.00540000000000001));
#1336=CARTESIAN_POINT('',(-0.00837422640201008,-0.00450665292809539,0.00250294372515229));
#1337=CARTESIAN_POINT('',(-0.00904805780803263,-0.00138323250812144,0.00539999999999999));
#1338=CARTESIAN_POINT('',(-0.00978258609805506,-0.00418810049976073,0.00539999999999999));
#1339=CARTESIAN_POINT('',(-0.00978258609943793,-0.00418810050116048,0.00250294372515228));
#1340=CARTESIAN_POINT('',(-0.0100476602131183,-0.00107967484516172,0.00540000000000001));
#1341=CARTESIAN_POINT('',(-0.0109706265799046,-0.00382858123689678,0.00540000000000001));
#1342=CARTESIAN_POINT('',(-0.0109706265758338,-0.00382858123277641,0.00250294372515229));
#1343=CARTESIAN_POINT('',(-0.0108284564392015,-0.000778753616098218,0.0054));
#1344=CARTESIAN_POINT('',(-0.0119469376951399,-0.00345331058961087,0.00539999999999998));
#1345=CARTESIAN_POINT('',(-0.0119469377021909,-0.00345331059674758,0.00250294372515228));
#1346=CARTESIAN_POINT('',(-0.0114009901946336,-0.00051639391914763,0.00540000000000001));
#1347=CARTESIAN_POINT('',(-0.0127041618669777,-0.0031065063240543,0.00540000000000007));
#1348=CARTESIAN_POINT('',(-0.0127041618400641,-0.00310650629681353,0.00250294372515232));
#1349=CARTESIAN_POINT('',(-0.011855916978523,-0.000261888259920027,0.0054));
#1350=CARTESIAN_POINT('',(-0.0133602810271331,-0.00274418331431886,0.0053999999999998));
#1351=CARTESIAN_POINT('',(-0.0133602811064836,-0.00274418339463402,0.00250294372515219));
#1352=CARTESIAN_POINT('',(-0.0122014321253023,-2.28461902972255E-5,0.0054));
#1353=CARTESIAN_POINT('',(-0.0139462242397763,-0.00233884235032029,0.00540000000000034));
#1354=CARTESIAN_POINT('',(-0.013946224102328,-0.00233884221120114,0.00250294372515245));
#1355=CARTESIAN_POINT('',(-0.0123631621831623,0.00011210800471771,0.0054));
#1356=CARTESIAN_POINT('',(-0.0142726096707899,-0.00207390473175753,0.00539999999999924));
#1357=CARTESIAN_POINT('',(-0.0142726099747354,-0.00207390503939781,0.00250294372515192));
#1358=CARTESIAN_POINT('',(-0.0124370726051374,0.000185130958153056,0.0054));
#1359=CARTESIAN_POINT('',(-0.0144731919970129,-0.00187573121134377,0.0054));
#1360=CARTESIAN_POINT('',(-0.0144731919970129,-0.00187573121134377,0.00250294372515228));
#1361=CARTESIAN_POINT('',(-0.0122233500333322,0.,0.0054));
#1362=CARTESIAN_POINT('',(-0.0127606789406631,-0.000546554670401282,0.0054));
#1363=CARTESIAN_POINT('',(-0.0138150447565326,-0.00161902360537397,0.004774515151183));
#1364=CARTESIAN_POINT('',(-0.0142612329249393,-0.00207287267992294,0.00326951637549971));
#1365=CARTESIAN_POINT('',(-0.0142612329249393,-0.00207287267992294,0.00250294372527347));
#1366=CARTESIAN_POINT('',(-0.0122233500333322,0.,0.0054));
#1367=CARTESIAN_POINT('',(-0.0122233500333322,0.,0.0054));
#1368=CARTESIAN_POINT('',(-0.0122233500333322,0.,0.0054));
#1369=CARTESIAN_POINT('',(-0.0122233500333322,0.,0.0054));
#1370=CARTESIAN_POINT('',(-0.0122233500333322,0.,0.0054));
#1371=CARTESIAN_POINT('',(-0.0122233500333322,0.,0.0054));
#1372=CARTESIAN_POINT('',(-0.0122233500333322,0.,0.0054));
#1373=CARTESIAN_POINT('',(-0.0122233500333322,0.,0.0054));
#1374=CARTESIAN_POINT('',(-0.0122233500333322,0.,0.0054));
#1375=CARTESIAN_POINT('',(-0.0122233500333322,0.,0.0054));
#1376=CARTESIAN_POINT('',(-0.0122233500333322,0.,0.0054));
#1377=CARTESIAN_POINT('',(-0.0122233500333322,0.,0.0054));
#1378=CARTESIAN_POINT('',(-0.0122233500333322,0.,0.0054));
#1379=CARTESIAN_POINT('',(-0.0122233500333322,0.,0.0054));
#1380=CARTESIAN_POINT('',(-0.0122903513226607,6.84716906486093E-5,0.0054));
#1381=CARTESIAN_POINT('',(-0.0122923779277519,6.64886060659513E-5,0.0054));
#1382=CARTESIAN_POINT('',(-0.0122942782081371,6.43432913139599E-5,0.0054));
#1383=CARTESIAN_POINT('',(-0.0123013739382307,5.51941563606597E-5,0.0054));
#1384=CARTESIAN_POINT('',(-0.0123055586050444,4.70545842686814E-5,0.0054));
#1385=CARTESIAN_POINT('',(-0.0123126680636978,2.63573552033742E-5,0.0054));
#1386=CARTESIAN_POINT('',(-0.0123147079342334,1.32314001687038E-5,0.0054));
#1387=CARTESIAN_POINT('',(-0.0123147393568333,-1.3025012471377E-5,0.0054));
#1388=CARTESIAN_POINT('',(-0.0123127309088975,-2.61554700767872E-5,0.0054));
#1389=CARTESIAN_POINT('',(-0.0123056712529008,-4.68684581396838E-5,0.0054));
#1390=CARTESIAN_POINT('',(-0.0123015062628671,-5.50173167838128E-5,0.0054));
#1391=CARTESIAN_POINT('',(-0.0122944328783105,-6.41822107347025E-5,0.0054));
#1392=CARTESIAN_POINT('',(-0.0122925378601288,-6.63317466467624E-5,0.0054));
#1393=CARTESIAN_POINT('',(-0.0122905161467486,-6.83193338001602E-5,0.0054));
#1394=CARTESIAN_POINT('',(-0.0123568047448211,0.00013638349070967,0.00539535299952694));
#1395=CARTESIAN_POINT('',(-0.0123608504868632,0.000132425020658158,0.00539538461852907));
#1396=CARTESIAN_POINT('',(-0.0123644740948163,0.000128062865491538,0.00539541352128803));
#1397=CARTESIAN_POINT('',(-0.0123774340838452,0.000109297565368096,0.00539550637827675));
#1398=CARTESIAN_POINT('',(-0.0123840615375568,9.25207700412205E-5,0.00539553205843323));
#1399=CARTESIAN_POINT('',(-0.012395517031962,5.117716041624E-5,0.00539555726986442));
#1400=CARTESIAN_POINT('',(-0.0123987420137176,2.56690750730294E-5,0.00539554882717501));
#1401=CARTESIAN_POINT('',(-0.0123988026548286,-2.52756595107151E-5,0.00539555036984943));
#1402=CARTESIAN_POINT('',(-0.0123956384458603,-5.07907812931884E-5,0.00539556039706692));
#1403=CARTESIAN_POINT('',(-0.012384282508825,-9.21588375963237E-5,0.00539553650652069));
#1404=CARTESIAN_POINT('',(-0.0123776958825264,-0.000108949572928246,0.00539551092406217));
#1405=CARTESIAN_POINT('',(-0.0123647821465824,-0.000127742848739835,0.00539541650202074));
#1406=CARTESIAN_POINT('',(-0.0123611693489027,-0.000132112887252708,0.00539538704996913));
#1407=CARTESIAN_POINT('',(-0.0123571333627207,-0.000136080345765016,0.00539535478948217));
#1408=CARTESIAN_POINT('',(-0.0124886295258851,0.000271101280759668,0.00537692883091676));
#1409=CARTESIAN_POINT('',(-0.0124967264354183,0.000263201388457463,0.00537706927022684));
#1410=CARTESIAN_POINT('',(-0.012503637470039,0.000254317489783264,0.00537717702622007));
#1411=CARTESIAN_POINT('',(-0.0125285919542625,0.000216517221116035,0.0053775310815733));
#1412=CARTESIAN_POINT('',(-0.0125412021893565,0.000183153256379013,0.00537760767581947));
#1413=CARTESIAN_POINT('',(-0.012562499467598,0.000101040140186949,0.0053776666165058));
#1414=CARTESIAN_POINT('',(-0.0125682097071053,5.06306203029738E-5,0.00537762615142181));
#1415=CARTESIAN_POINT('',(-0.0125683283087267,-4.98719916271854E-5,0.0053776324871266));
#1416=CARTESIAN_POINT('',(-0.0125627370926858,-0.000100293066402089,0.00537767941283148));
#1417=CARTESIAN_POINT('',(-0.0125416366703927,-0.000182447595762124,0.00537762570073743));
#1418=CARTESIAN_POINT('',(-0.0125291074064781,-0.000215836133548003,0.00537754941008285));
#1419=CARTESIAN_POINT('',(-0.0125042480751511,-0.000253685735936998,0.0053771895488943));
#1420=CARTESIAN_POINT('',(-0.0124973597260986,-0.000262583350462547,0.00537707984196454));
#1421=CARTESIAN_POINT('',(-0.0124892835730739,-0.000270499532370555,0.00537693659769253));
#1422=CARTESIAN_POINT('',(-0.0125540008847887,0.000337907270748603,0.00536315166277965));
#1423=CARTESIAN_POINT('',(-0.012564142663663,0.000328028629020996,0.00536336945474402));
#1424=CARTESIAN_POINT('',(-0.0125730238592878,0.000317084400640982,0.00536354882699956));
#1425=CARTESIAN_POINT('',(-0.0126045713771245,0.000270124931040493,0.00536409898235092));
#1426=CARTESIAN_POINT('',(-0.0126201170088186,0.000228377992226853,0.00536417918254859));
#1427=CARTESIAN_POINT('',(-0.0126463761091776,0.000125917948092281,0.00536422789333205));
#1428=CARTESIAN_POINT('',(-0.0126532701417201,6.31029674303861E-5,0.00536415651541882));
#1429=CARTESIAN_POINT('',(-0.0126534173293243,-6.21672857210443E-5,0.00536416631552741));
#1430=CARTESIAN_POINT('',(-0.0126466708523394,-0.000124995348826149,0.00536424769290661));
#1431=CARTESIAN_POINT('',(-0.0126206567341733,-0.000227504080089243,0.00536420719502128));
#1432=CARTESIAN_POINT('',(-0.012605212284827,-0.000269279663300358,0.00536412766836772));
#1433=CARTESIAN_POINT('',(-0.0125737844043015,-0.000316298558109882,0.0053635683214654));
#1434=CARTESIAN_POINT('',(-0.0125649317284121,-0.000327259627477456,0.00536338573826975));
#1435=CARTESIAN_POINT('',(-0.0125548165674549,-0.00033715770701124,0.00536316361642072));
#1436=CARTESIAN_POINT('',(-0.0126836752104183,0.0004704274117573,0.00532663099212345));
#1437=CARTESIAN_POINT('',(-0.012698011693885,0.000456525319460294,0.00532703684520719));
#1438=CARTESIAN_POINT('',(-0.0127106064429778,0.000441179109964042,0.00532733333101484));
#1439=CARTESIAN_POINT('',(-0.0127557889093045,0.000375746572624713,0.00532824849456407));
#1440=CARTESIAN_POINT('',(-0.0127781253010756,0.000317760254380891,0.00532834149278008));
#1441=CARTESIAN_POINT('',(-0.0128152295499204,0.000175113331529818,0.00532837293734241));
#1442=CARTESIAN_POINT('',(-0.0128247635738333,8.77422556874413E-5,0.00532822526053898));
#1443=CARTESIAN_POINT('',(-0.0128249668468206,-8.64612707263562E-5,0.00532824321788847));
#1444=CARTESIAN_POINT('',(-0.0128156365426765,-0.000173848515801803,0.00532840922475846));
#1445=CARTESIAN_POINT('',(-0.012778872179267,-0.000316557047491037,0.00532839286538631));
#1446=CARTESIAN_POINT('',(-0.012756676228719,-0.000374580357249227,0.00532830100594192));
#1447=CARTESIAN_POINT('',(-0.0127116634357903,-0.000440090088359298,0.00532736870187327));
#1448=CARTESIAN_POINT('',(-0.0126991095940233,-0.000455457946369116,0.00532706637053491));
#1449=CARTESIAN_POINT('',(-0.0126848119079233,-0.000469385025314897,0.0053266525334048));
#1450=CARTESIAN_POINT('',(-0.0127479763429433,0.000536139688322814,0.00530385581216436));
#1451=CARTESIAN_POINT('',(-0.0127644737855294,0.000520183037379717,0.00530437310826438));
#1452=CARTESIAN_POINT('',(-0.012779091658943,0.000502699249136255,0.00530474081283272));
#1453=CARTESIAN_POINT('',(-0.0128314183928406,0.000428083504975136,0.00530581705547869));
#1454=CARTESIAN_POINT('',(-0.0128573229565413,0.000361982627631685,0.00530593275359637));
#1455=CARTESIAN_POINT('',(-0.0129002449216986,0.000199448714877746,0.00530595687084694));
#1456=CARTESIAN_POINT('',(-0.0129111965528389,9.99336856773312E-5,0.00530576277093494));
#1457=CARTESIAN_POINT('',(-0.0129114274056208,-9.84845861685344E-5,0.00530578545503223));
#1458=CARTESIAN_POINT('',(-0.0129007070575697,-0.000198017057238786,0.00530600272920778));
#1459=CARTESIAN_POINT('',(-0.0128581718372104,-0.000360618398984308,0.00530599766394563));
#1460=CARTESIAN_POINT('',(-0.0128324272894763,-0.000426759739446913,0.00530588346329262));
#1461=CARTESIAN_POINT('',(-0.0127802953705156,-0.0005014604519964,0.00530478548542524));
#1462=CARTESIAN_POINT('',(-0.0127657247137396,-0.000518968268648451,0.0053044102449745));
#1463=CARTESIAN_POINT('',(-0.0127492724199749,-0.000534952303452359,0.00530388282444376));
#1464=CARTESIAN_POINT('',(-0.0128754804606534,0.000666441994319731,0.00524905604094575));
#1465=CARTESIAN_POINT('',(-0.0128964141565165,0.000646310944084486,0.00524981749950814));
#1466=CARTESIAN_POINT('',(-0.0129150465162798,0.00062438628642903,0.00525032741243148));
#1467=CARTESIAN_POINT('',(-0.0129817677179908,0.00053089869351161,0.00525203035237517));
#1468=CARTESIAN_POINT('',(-0.0130152400971296,0.000448785109702643,0.00525224940546846));
#1469=CARTESIAN_POINT('',(-0.0130705989744985,0.000247124047596702,0.00525228149392659));
#1470=CARTESIAN_POINT('',(-0.0130846872117192,0.000123825656683098,0.00525197755291733));
#1471=CARTESIAN_POINT('',(-0.0130849721186017,-0.000122049848265476,0.00525201026183603));
#1472=CARTESIAN_POINT('',(-0.0130711691981196,-0.000245368202956762,0.00525234763816575));
#1473=CARTESIAN_POINT('',(-0.0130162895239352,-0.000447107181806727,0.00525234298253884));
#1474=CARTESIAN_POINT('',(-0.0129830162218647,-0.000529267795677112,0.00525212594679299));
#1475=CARTESIAN_POINT('',(-0.0129165412218203,-0.000622852786302663,0.00525039164312209));
#1476=CARTESIAN_POINT('',(-0.0128979685367634,-0.000644804858850289,0.00524987098505163));
#1477=CARTESIAN_POINT('',(-0.0128770929128219,-0.000664967432706391,0.00524909476703565));
#1478=CARTESIAN_POINT('',(-0.0129388821628692,0.000731235101799058,0.00521686495788649));
#1479=CARTESIAN_POINT('',(-0.0129620911528896,0.000708984210917755,0.00521775913589497));
#1480=CARTESIAN_POINT('',(-0.0129825574742829,0.000684575206789131,0.00521850200607903));
#1481=CARTESIAN_POINT('',(-0.013056484355434,0.000581368963642463,0.00522070807884182));
#1482=CARTESIAN_POINT('',(-0.0130940023616628,0.000491387867604542,0.00522097814437693));
#1483=CARTESIAN_POINT('',(-0.0131559590210555,0.000270470559599534,0.00522102568012644));
#1484=CARTESIAN_POINT('',(-0.013171759268577,0.000135537665672336,0.00522065482022068));
#1485=CARTESIAN_POINT('',(-0.0131720706892727,-0.0001336032892755,0.00522069283615845));
#1486=CARTESIAN_POINT('',(-0.0131565821652619,-0.000268557306681331,0.00522110259505452));
#1487=CARTESIAN_POINT('',(-0.0130951503842241,-0.000489557290907917,0.00522108690395019));
#1488=CARTESIAN_POINT('',(-0.0130578507048189,-0.000579588411377531,0.00522081912756916));
#1489=CARTESIAN_POINT('',(-0.0129841968479906,-0.000682897128975562,0.00521857637413036));
#1490=CARTESIAN_POINT('',(-0.012963797359049,-0.000707334681728946,0.00521782097756294));
#1491=CARTESIAN_POINT('',(-0.0129406530125955,-0.000729618838779115,0.00521690954546237));
#1492=CARTESIAN_POINT('',(-0.013123362487964,0.000919764007395463,0.00510831624454621));
#1493=CARTESIAN_POINT('',(-0.0131535495451003,0.000891086248660256,0.00510962017281255));
#1494=CARTESIAN_POINT('',(-0.0131805645920475,0.000860058141743028,0.0051106696662637));
#1495=CARTESIAN_POINT('',(-0.0132779774333271,0.000728911239211014,0.00511399945075338));
#1496=CARTESIAN_POINT('',(-0.0133281867431198,0.000615792742985043,0.00511435546426153));
#1497=CARTESIAN_POINT('',(-0.0134111616124392,0.000338606964123101,0.00511433240504616));
#1498=CARTESIAN_POINT('',(-0.0134324425753395,0.000169698001159624,0.00511375776820958));
#1499=CARTESIAN_POINT('',(-0.0134328317348767,-0.000167303566088715,0.00511381169385199));
#1500=CARTESIAN_POINT('',(-0.0134119400620396,-0.000336236839568802,0.00511444159053598));
#1501=CARTESIAN_POINT('',(-0.0133296240003012,-0.000613518576380009,0.0051145100363772));
#1502=CARTESIAN_POINT('',(-0.0132796900135912,-0.000726695388875131,0.00511415714164376));
#1503=CARTESIAN_POINT('',(-0.0131826277585872,-0.00085796051308179,0.00511077384030562));
#1504=CARTESIAN_POINT('',(-0.0131556989842417,-0.000889021980867075,0.00510970584641196));
#1505=CARTESIAN_POINT('',(-0.0131255961609907,-0.000917737401050872,0.00510837705728604));
#1506=CARTESIAN_POINT('',(-0.0132400425237355,0.00103900468760155,0.00501968027746102));
#1507=CARTESIAN_POINT('',(-0.0132751170050191,0.0010059302984491,0.00502127122343078));
#1508=CARTESIAN_POINT('',(-0.0133067823380971,0.000970549183478507,0.00502246719064287));
#1509=CARTESIAN_POINT('',(-0.0134215942441298,0.000821823067239541,0.00502593585413907));
#1510=CARTESIAN_POINT('',(-0.0134812888547152,0.000694176908336513,0.00502614186693723));
#1511=CARTESIAN_POINT('',(-0.0135798220756872,0.00038142232168876,0.00502594363461491));
#1512=CARTESIAN_POINT('',(-0.0136052601186966,0.000191168924608312,0.00502521769374888));
#1513=CARTESIAN_POINT('',(-0.0136056987604798,-0.000188488730003627,0.00502528207711929));
#1514=CARTESIAN_POINT('',(-0.0135806993570067,-0.000378768232279826,0.00502607413209015));
#1515=CARTESIAN_POINT('',(-0.0134829103223836,-0.000691626130542773,0.0050263268950162));
#1516=CARTESIAN_POINT('',(-0.0134235266949848,-0.000819335150899082,0.00502612513758368));
#1517=CARTESIAN_POINT('',(-0.013309113970013,-0.000968188859150995,0.00502259064497438));
#1518=CARTESIAN_POINT('',(-0.0132775469131483,-0.00100360513401586,0.00502137245371771));
#1519=CARTESIAN_POINT('',(-0.01324256945524,-0.0010367190888252,0.00501975144789238));
#1520=CARTESIAN_POINT('',(-0.0134056813112993,0.00120827856180818,0.00486252490443364));
#1521=CARTESIAN_POINT('',(-0.0134481926895327,0.00116864760038517,0.00486449726934376));
#1522=CARTESIAN_POINT('',(-0.0134867838800755,0.00112674110302117,0.0048657879073122));
#1523=CARTESIAN_POINT('',(-0.01362703555596,0.000951266124765125,0.00486980525842367));
#1524=CARTESIAN_POINT('',(-0.0137012642588385,0.000802820782823583,0.00487006656971458));
#1525=CARTESIAN_POINT('',(-0.0138243986033995,0.000440344033780585,0.00486965138666723));
#1526=CARTESIAN_POINT('',(-0.0138567154685441,0.000220719271908997,0.00486872180123923));
#1527=CARTESIAN_POINT('',(-0.0138572239959128,-0.000217646294940495,0.00486879834740841));
#1528=CARTESIAN_POINT('',(-0.0138254157240919,-0.00043729975556743,0.00486980667642466));
#1529=CARTESIAN_POINT('',(-0.0137031467452071,-0.00079988817438821,0.00487028782774638));
#1530=CARTESIAN_POINT('',(-0.0136292806979951,-0.000948401387771978,0.00487003227767908));
#1531=CARTESIAN_POINT('',(-0.0134894965731972,-0.00112400946306825,0.0048659374075008));
#1532=CARTESIAN_POINT('',(-0.0134510214606143,-0.00116595356486584,0.00486461937836561));
#1533=CARTESIAN_POINT('',(-0.0134086250890328,-0.0012056258439945,0.00486261016302335));
#1534=CARTESIAN_POINT('',(-0.0134594546002365,0.00126323195214089,0.004805919671101));
#1535=CARTESIAN_POINT('',(-0.0135044625709081,0.0012214218621869,0.00480801099105544));
#1536=CARTESIAN_POINT('',(-0.0135453497440634,0.00117729660319456,0.00480936257018259));
#1537=CARTESIAN_POINT('',(-0.0136939177983835,0.000992760018331433,0.00481383587608601));
#1538=CARTESIAN_POINT('',(-0.013773089862314,0.000837590096661494,0.00481408614636242));
#1539=CARTESIAN_POINT('',(-0.0139046157485203,0.0004591131783239,0.00481362245137961));
#1540=CARTESIAN_POINT('',(-0.0139393307233858,0.00023014463940973,0.004812618316662));
#1541=CARTESIAN_POINT('',(-0.013939861858544,-0.000226946688274797,0.00481269837133834));
#1542=CARTESIAN_POINT('',(-0.0139056780455527,-0.000455944720457266,0.00481378491112642));
#1543=CARTESIAN_POINT('',(-0.0137750568527322,-0.000834535707172939,0.00481431806304583));
#1544=CARTESIAN_POINT('',(-0.0136962642622981,-0.000989774966663969,0.0048140740618014));
#1545=CARTESIAN_POINT('',(-0.0135481864914576,-0.00117444532186327,0.00480951998662588));
#1546=CARTESIAN_POINT('',(-0.013507419243547,-0.00121860658656803,0.00480814173885286));
#1547=CARTESIAN_POINT('',(-0.0134625320737932,-0.00126045839419996,0.00480601147292699));
#1548=CARTESIAN_POINT('',(-0.0135631466580703,0.00136919962198537,0.00468494549655873));
#1549=CARTESIAN_POINT('',(-0.0136131418491319,0.00132307847460907,0.00468724671007821));
#1550=CARTESIAN_POINT('',(-0.0136582825217089,0.00127425824844344,0.00468920279844945));
#1551=CARTESIAN_POINT('',(-0.0138236773396171,0.0010720704103858,0.00469457026611152));
#1552=CARTESIAN_POINT('',(-0.0139128750996463,0.000903933992408104,0.0046947663541634));
#1553=CARTESIAN_POINT('',(-0.0140615171498279,0.000494805542961425,0.00469419302797821));
#1554=CARTESIAN_POINT('',(-0.0141011862899332,0.000248067480238273,0.00469305345098435));
#1555=CARTESIAN_POINT('',(-0.0141017610573478,-0.000244631952656819,0.00469313906297982));
#1556=CARTESIAN_POINT('',(-0.0140626666414997,-0.000491400954646646,0.00469436696063053));
#1557=CARTESIAN_POINT('',(-0.0139150053726825,-0.000900647728519784,0.0046950156534376));
#1558=CARTESIAN_POINT('',(-0.0138262195570338,-0.00106885592709838,0.00469482704146439));
#1559=CARTESIAN_POINT('',(-0.0136613603187619,-0.00127117997137691,0.00468937132614303));
#1560=CARTESIAN_POINT('',(-0.0136163535551695,-0.00132003809947171,0.00468738394557172));
#1561=CARTESIAN_POINT('',(-0.0135664902207591,-0.00136620146883325,0.00468504013091535));
#1562=CARTESIAN_POINT('',(-0.0136124899308625,0.00141962577563222,0.00462128101848376));
#1563=CARTESIAN_POINT('',(-0.013664975749876,0.00137137269936458,0.00462367317052396));
#1564=CARTESIAN_POINT('',(-0.0137125753949771,0.00132057688012052,0.00462557871468172));
#1565=CARTESIAN_POINT('',(-0.0138865503105261,0.00110988205734434,0.00463128343186736));
#1566=CARTESIAN_POINT('',(-0.013980838264673,0.000935508117214951,0.0046314282169863));
#1567=CARTESIAN_POINT('',(-0.0141382050012263,0.000511728182557666,0.00463079426271006));
#1568=CARTESIAN_POINT('',(-0.0141804312948536,0.000256567102499987,0.00462959202299827));
#1569=CARTESIAN_POINT('',(-0.0141810271100301,-0.000253018976806577,0.00462967967172998));
#1570=CARTESIAN_POINT('',(-0.0141393964781464,-0.000508211615055185,0.00463097252394606));
#1571=CARTESIAN_POINT('',(-0.013983047345021,-0.000932111799391494,0.00463168422244824));
#1572=CARTESIAN_POINT('',(-0.0138891868654165,-0.00110655838093388,0.00463154769626055));
#1573=CARTESIAN_POINT('',(-0.013715769777974,-0.00131739125314285,0.00462575066028864));
#1574=CARTESIAN_POINT('',(-0.0136683086569743,-0.00136822518087699,0.00462381296605545));
#1575=CARTESIAN_POINT('',(-0.0136159599560795,-0.00141652058346486,0.0046213766532522));
#1576=CARTESIAN_POINT('',(-0.01375325065393,0.0015634756146718,0.00442105905561427));
#1577=CARTESIAN_POINT('',(-0.0138131375829756,0.00150894916397142,0.00442366452745321));
#1578=CARTESIAN_POINT('',(-0.0138677904972755,0.00145210054097738,0.00442560945451833));
#1579=CARTESIAN_POINT('',(-0.014068055633209,0.00121735322657259,0.00443124919483942));
#1580=CARTESIAN_POINT('',(-0.0141776786356263,0.00102505916109444,0.00443130097617747));
#1581=CARTESIAN_POINT('',(-0.014361602410782,0.000559601573727059,0.00443040826839807));
#1582=CARTESIAN_POINT('',(-0.0144116637501669,0.000280598246195118,0.00442906761793999));
#1583=CARTESIAN_POINT('',(-0.0144123199684322,-0.000276731395841534,0.00442915887907488));
#1584=CARTESIAN_POINT('',(-0.014362914728736,-0.000555768027325072,0.0044305942836459));
#1585=CARTESIAN_POINT('',(-0.0141801138695111,-0.00102135067911647,0.00443157044688659));
#1586=CARTESIAN_POINT('',(-0.01407096387471,-0.00121372006370429,0.00443152895750947));
#1587=CARTESIAN_POINT('',(-0.0138713159938234,-0.00144860876113563,0.00442578926876001));
#1588=CARTESIAN_POINT('',(-0.0138168161462825,-0.00150549599862886,0.00442380990959473));
#1589=CARTESIAN_POINT('',(-0.0137570811218418,-0.00156006475387439,0.00442115670189489));
#1590=CARTESIAN_POINT('',(-0.0138374676351096,0.00164954081043874,0.0042753601670442));
#1591=CARTESIAN_POINT('',(-0.0139021871865202,0.00159099847054497,0.00427802274378893));
#1592=CARTESIAN_POINT('',(-0.0139615764680964,0.0015304539861778,0.00427959245019722));
#1593=CARTESIAN_POINT('',(-0.0141793867344734,0.00128093477922472,0.00428431506977498));
#1594=CARTESIAN_POINT('',(-0.0142994681294353,0.00107789777325996,0.00428434355848929));
#1595=CARTESIAN_POINT('',(-0.0145015578273698,0.00058762950995815,0.00428321292652974));
#1596=CARTESIAN_POINT('',(-0.0145570932790771,0.000294669779039156,0.00428183240785621));
#1597=CARTESIAN_POINT('',(-0.0145577862296217,-0.00029061591399882,0.00428192260120757));
#1598=CARTESIAN_POINT('',(-0.0145029436478661,-0.000583609862901774,0.00428339715872967));
#1599=CARTESIAN_POINT('',(-0.0143020407464497,-0.00107400531152571,0.00428461288860719));
#1600=CARTESIAN_POINT('',(-0.0141824596648464,-0.0012771186589489,0.00428459652988603));
#1601=CARTESIAN_POINT('',(-0.013965299983687,-0.00152677883275222,0.0042797747287018));
#1602=CARTESIAN_POINT('',(-0.0139060723986207,-0.00158736242845952,0.00427816898348436));
#1603=CARTESIAN_POINT('',(-0.0138415133142868,-0.00164594661968042,0.0042754578404152));
#1604=CARTESIAN_POINT('',(-0.0139490341564906,0.00176355575575247,0.00403807450985383));
#1605=CARTESIAN_POINT('',(-0.0140204568857025,0.00169950920668885,0.00404068332765578));
#1606=CARTESIAN_POINT('',(-0.0140860644389532,0.00163354298331054,0.00404237572232945));
#1607=CARTESIAN_POINT('',(-0.0143277082026982,0.00136309020466319,0.00404771296727397));
#1608=CARTESIAN_POINT('',(-0.0144632282981346,0.00114599846506099,0.0040474893791879));
#1609=CARTESIAN_POINT('',(-0.0146921319774807,0.000623444973003361,0.00404622184314102));
#1610=CARTESIAN_POINT('',(-0.0147559398629762,0.000312668055642813,0.00404483753792453));
#1611=CARTESIAN_POINT('',(-0.0147566814023261,-0.000308373240597922,0.00404492050699662));
#1612=CARTESIAN_POINT('',(-0.0146936150671181,-0.000619185542219227,0.00404639168025202));
#1613=CARTESIAN_POINT('',(-0.0144659823831464,-0.00114186810408124,0.00404774234124993));
#1614=CARTESIAN_POINT('',(-0.0143309984398989,-0.00135903732495083,0.0040479804594336));
#1615=CARTESIAN_POINT('',(-0.0140900516259274,-0.00162962804060095,0.00404255128622049));
#1616=CARTESIAN_POINT('',(-0.0140246162089348,-0.00169563120011745,0.00404082725581995));
#1617=CARTESIAN_POINT('',(-0.0139533648900012,-0.0017597186506737,0.00403817110407811));
#1618=CARTESIAN_POINT('',(-0.013983727391636,0.00179901036398891,0.00395574257773751));
#1619=CARTESIAN_POINT('',(-0.0140572935541574,0.00173321568263872,0.00395831023984161));
#1620=CARTESIAN_POINT('',(-0.0141247518844246,0.00166536730085883,0.00396049607778899));
#1621=CARTESIAN_POINT('',(-0.0143740799857533,0.00138829267380907,0.00396613236130884));
#1622=CARTESIAN_POINT('',(-0.0145146806793688,0.00116683456508141,0.00396582508548543));
#1623=CARTESIAN_POINT('',(-0.0147524574435176,0.000634351567834531,0.00396452675712571));
#1624=CARTESIAN_POINT('',(-0.0148190267033213,0.000318149361604136,0.00396315871437491));
#1625=CARTESIAN_POINT('',(-0.0148197833634316,-0.000313780821956475,0.00396323833978996));
#1626=CARTESIAN_POINT('',(-0.0147539707878154,-0.000630018736937112,0.00396468990438283));
#1627=CARTESIAN_POINT('',(-0.014517491159524,-0.00116263128710389,0.00396606988518403));
#1628=CARTESIAN_POINT('',(-0.0143774377048159,-0.00138416705620193,0.00396639268456545));
#1629=CARTESIAN_POINT('',(-0.0141288213321062,-0.00166137883477736,0.00396066699301822));
#1630=CARTESIAN_POINT('',(-0.0140615398188316,-0.00172926415855768,0.00395844904649886));
#1631=CARTESIAN_POINT('',(-0.0139881483975714,-0.00179509937978778,0.003955834874263));
#1632=CARTESIAN_POINT('',(-0.0140465983217049,0.0018632610510669,0.00378840599735111));
#1633=CARTESIAN_POINT('',(-0.0141242038357197,0.00179418832734656,0.0037908429169821));
#1634=CARTESIAN_POINT('',(-0.0141956720567943,0.00172332023792905,0.00379280979839166));
#1635=CARTESIAN_POINT('',(-0.0144599978006309,0.00143417510479611,0.00379834277785076));
#1636=CARTESIAN_POINT('',(-0.0146105039742676,0.00120468043340491,0.00379786643757166));
#1637=CARTESIAN_POINT('',(-0.014865637416025,0.000654077264220754,0.00379652610114747));
#1638=CARTESIAN_POINT('',(-0.0149376370424077,0.000328064625213315,0.00379523422472114));
#1639=CARTESIAN_POINT('',(-0.0149384216079561,-0.000323561951810722,0.00379530552907165));
#1640=CARTESIAN_POINT('',(-0.0148672065582943,-0.000649610841358434,0.00379667252747324));
#1641=CARTESIAN_POINT('',(-0.0146134183233444,-0.00120034433837489,0.00379808975693833));
#1642=CARTESIAN_POINT('',(-0.0144634796422436,-0.00142991675864866,0.00379858386408206));
#1643=CARTESIAN_POINT('',(-0.0141998922913912,-0.00171919822734888,0.00379296761929362));
#1644=CARTESIAN_POINT('',(-0.0141286072923466,-0.00179010329831327,0.00379097004162736));
#1645=CARTESIAN_POINT('',(-0.0140511825551019,-0.00185921581335964,0.00378848911028705));
#1646=CARTESIAN_POINT('',(-0.0140749978454793,0.00189228382698563,0.00370296313401361));
#1647=CARTESIAN_POINT('',(-0.0141544992776781,0.00182168119318174,0.00370531046686935));
#1648=CARTESIAN_POINT('',(-0.0142278909803349,0.00174942932132575,0.00370708205368907));
#1649=CARTESIAN_POINT('',(-0.014499559860487,0.00145487216851271,0.00371208767944537));
#1650=CARTESIAN_POINT('',(-0.0146548711248978,0.00122168238219133,0.00371158959105058));
#1651=CARTESIAN_POINT('',(-0.0149184988838068,0.000662901418260411,0.00371021075351748));
#1652=CARTESIAN_POINT('',(-0.0149931634748697,0.000332495413997991,0.00370899084504821));
#1653=CARTESIAN_POINT('',(-0.014993960805291,-0.000327932329596225,0.00370905719531379));
#1654=CARTESIAN_POINT('',(-0.0149200936041975,-0.000658374812093694,0.00371034710020788));
#1655=CARTESIAN_POINT('',(-0.0146578328939389,-0.00121728637005487,0.00371179965137266));
#1656=CARTESIAN_POINT('',(-0.014503098484047,-0.001450553897187,0.00371231649950708));
#1657=CARTESIAN_POINT('',(-0.0142321794651566,-0.00174524709066495,0.00370723193554162));
#1658=CARTESIAN_POINT('',(-0.0141589735863633,-0.00181753572908504,0.00370543125819843));
#1659=CARTESIAN_POINT('',(-0.0140796556354608,-0.00188817776727384,0.00370304158824766));
#1660=CARTESIAN_POINT('',(-0.0141258229003984,0.0019442242817514,0.00352858547980206));
#1661=CARTESIAN_POINT('',(-0.0142088030572959,0.00187082506397963,0.00353070324905297));
#1662=CARTESIAN_POINT('',(-0.0142857440221771,0.00179601648785531,0.00353205276339326));
#1663=CARTESIAN_POINT('',(-0.0145711462508086,0.00149159868522281,0.00353579209392455));
#1664=CARTESIAN_POINT('',(-0.0147356955781184,0.00125181873452328,0.00353521053814526));
#1665=CARTESIAN_POINT('',(-0.0150155413384985,0.000678457131634308,0.00353382384912018));
#1666=CARTESIAN_POINT('',(-0.0150953172595456,0.000340313962212229,0.00353278169182972));
#1667=CARTESIAN_POINT('',(-0.0150961376060366,-0.000335643449458504,0.00353283702911086));
#1668=CARTESIAN_POINT('',(-0.0150171821641538,-0.000673823502514678,0.0035339376418186));
#1669=CARTESIAN_POINT('',(-0.0147387426026371,-0.00124731601491432,0.00353538986772062));
#1670=CARTESIAN_POINT('',(-0.0145747867249303,-0.00148717371920505,0.0035359916967963));
#1671=CARTESIAN_POINT('',(-0.0142901543969661,-0.00179172638329653,0.00353218539626607));
#1672=CARTESIAN_POINT('',(-0.0142134040419714,-0.00186657130713551,0.00353081048716566));
#1673=CARTESIAN_POINT('',(-0.0141306121560111,-0.00194000919475561,0.00352865460563398));
#1674=CARTESIAN_POINT('',(-0.0141482483820559,0.00196714191002524,0.00343965066000169));
#1675=CARTESIAN_POINT('',(-0.0142328154739472,0.00189247236520324,0.0034416297753565));
#1676=CARTESIAN_POINT('',(-0.014311387684771,0.00181650213064984,0.00344272725883744));
#1677=CARTESIAN_POINT('',(-0.0146031837801324,0.0015076391098446,0.00344571806834727));
#1678=CARTESIAN_POINT('',(-0.0147721530845192,0.00126494977300265,0.00344511536832026));
#1679=CARTESIAN_POINT('',(-0.0150597279487029,0.000685190792381975,0.00344374724199795));
#1680=CARTESIAN_POINT('',(-0.0151419482780256,0.000343700048220106,0.0034428174831257));
#1681=CARTESIAN_POINT('',(-0.015142778874791,-0.000338982519482674,0.0034428667494843));
#1682=CARTESIAN_POINT('',(-0.0150613893038842,-0.000680510315884925,0.00344384857354642));
#1683=CARTESIAN_POINT('',(-0.0147752379437154,-0.00126040027474242,0.00344527718300908));
#1684=CARTESIAN_POINT('',(-0.0146068693282865,-0.00150316732692613,0.00344590077107948));
#1685=CARTESIAN_POINT('',(-0.0143158517777605,-0.0018121644131352,0.00344285049568929));
#1686=CARTESIAN_POINT('',(-0.0142374722734278,-0.001888170747034,0.00344172981820236));
#1687=CARTESIAN_POINT('',(-0.0141530955457776,-0.00196287861703255,0.00343971511566219));
#1688=CARTESIAN_POINT('',(-0.0141870494875794,0.00200679453941284,0.00325824474804108));
#1689=CARTESIAN_POINT('',(-0.0142744168389788,0.00192988903334337,0.00325990653320669));
#1690=CARTESIAN_POINT('',(-0.0143558867891255,0.00185184603554564,0.003260515912087));
#1691=CARTESIAN_POINT('',(-0.014659092414747,0.00153504033579202,0.00326264377152825));
#1692=CARTESIAN_POINT('',(-0.0148362363653177,0.00128733726637391,0.00326193740600516));
#1693=CARTESIAN_POINT('',(-0.0151380106342957,0.000696599327414643,0.00326075339423375));
#1694=CARTESIAN_POINT('',(-0.0152247251605526,0.000349444237712312,0.00326004898576226));
#1695=CARTESIAN_POINT('',(-0.0152255735735085,-0.000344646114831446,0.00326008585474031));
#1696=CARTESIAN_POINT('',(-0.0151397076696766,-0.000691838556412529,0.00326082906853296));
#1697=CARTESIAN_POINT('',(-0.0148393867682819,-0.00128270747340026,0.00326206187223207));
#1698=CARTESIAN_POINT('',(-0.0146628558490253,-0.00153048819309068,0.00326278854417614));
#1699=CARTESIAN_POINT('',(-0.0143604438185476,-0.00184742605866384,0.00326061874325517));
#1700=CARTESIAN_POINT('',(-0.0142791701867013,-0.00192550458090484,0.00325999158007229));
#1701=CARTESIAN_POINT('',(-0.0141919967987845,-0.00200244779193701,0.00325829995571125));
#1702=CARTESIAN_POINT('',(-0.0142034753418842,0.0020235808733158,0.00316539061370851));
#1703=CARTESIAN_POINT('',(-0.0142920560177979,0.00194570973304909,0.00316687372258105));
#1704=CARTESIAN_POINT('',(-0.01437472634372,0.00186668735004968,0.00316764371211976));
#1705=CARTESIAN_POINT('',(-0.0146829749692946,0.001546409393757,0.00316962526495491));
#1706=CARTESIAN_POINT('',(-0.0148638628444629,0.00129659002325405,0.00316885902483175));
#1707=CARTESIAN_POINT('',(-0.0151721129304211,0.000701275722454244,0.00316783339494152));
#1708=CARTESIAN_POINT('',(-0.0152608752744489,0.000351801057507169,0.00316724603377651));
#1709=CARTESIAN_POINT('',(-0.0152617312609351,-0.000346969359343694,0.00316727650900901));
#1710=CARTESIAN_POINT('',(-0.015173825106901,-0.000696481488989408,0.00316789598356762));
#1711=CARTESIAN_POINT('',(-0.0148670409741708,-0.00129192674071253,0.00316896347563433));
#1712=CARTESIAN_POINT('',(-0.0146867711803633,-0.00154182363060642,0.0031697493678823));
#1713=CARTESIAN_POINT('',(-0.0143793226564578,-0.00186223287087569,0.00316773482881225));
#1714=CARTESIAN_POINT('',(-0.0142968501191088,-0.00194129008825395,0.00316695206360155));
#1715=CARTESIAN_POINT('',(-0.0142084649126154,-0.00201919865794131,0.00316544233842813));
#1716=CARTESIAN_POINT('',(-0.0142297695790983,0.00205045216033736,0.00297789116366383));
#1717=CARTESIAN_POINT('',(-0.0143203345377928,0.00197100320751476,0.00297898461934369));
#1718=CARTESIAN_POINT('',(-0.0144051143658426,0.00189046002423594,0.00297988296636848));
#1719=CARTESIAN_POINT('',(-0.014721883049112,0.0015645039096469,0.00298143894918607));
#1720=CARTESIAN_POINT('',(-0.0149092022826195,0.00131126016318217,0.00298072641501591));
#1721=CARTESIAN_POINT('',(-0.0152285139423608,0.000708646297364949,0.0029800709204557));
#1722=CARTESIAN_POINT('',(-0.0153207564880318,0.000355520407352894,0.00297971251334939));
#1723=CARTESIAN_POINT('',(-0.0153216247654579,-0.000350635006952705,0.00297973112055238));
#1724=CARTESIAN_POINT('',(-0.0152302506895656,-0.00070379855219737,0.00298010901237859));
#1725=CARTESIAN_POINT('',(-0.0149124252195085,-0.0013065432741656,0.00298079212486162));
#1726=CARTESIAN_POINT('',(-0.0147257321942097,-0.00155986431814892,0.00298152006128022));
#1727=CARTESIAN_POINT('',(-0.0144097739378925,-0.00188595032478355,0.00297994813217956));
#1728=CARTESIAN_POINT('',(-0.0143251948865477,-0.00196652830141848,0.00297904086552326));
#1729=CARTESIAN_POINT('',(-0.0142348278374489,-0.0020460142256441,0.00297792780955339));
#1730=CARTESIAN_POINT('',(-0.0142396404805813,0.00206053968730201,0.00288362407439099));
#1731=CARTESIAN_POINT('',(-0.014330987132979,0.00198046865863487,0.00288450894372675));
#1732=CARTESIAN_POINT('',(-0.0144166477760662,0.00189937516696223,0.00288506657280042));
#1733=CARTESIAN_POINT('',(-0.0147369141315698,0.00157123197190423,0.00288625528297139));
#1734=CARTESIAN_POINT('',(-0.014926918174133,0.00131667358005033,0.00288567506749547));
#1735=CARTESIAN_POINT('',(-0.015250819218844,0.000711341601711398,0.00288522830477388));
#1736=CARTESIAN_POINT('',(-0.0153444925833296,0.000356881834029424,0.00288498309206268));
#1737=CARTESIAN_POINT('',(-0.0153453655903379,-0.000351976309757761,0.00288499615950838));
#1738=CARTESIAN_POINT('',(-0.0152525653810431,-0.000706473790911286,0.00288525509915009));
#1739=CARTESIAN_POINT('',(-0.014930158216225,-0.00131193660233604,0.00288572189996984));
#1740=CARTESIAN_POINT('',(-0.0147407833839368,-0.00156657209848461,0.00288631434042994));
#1741=CARTESIAN_POINT('',(-0.014421331338332,-0.00189484483331317,0.00288511698896464));
#1742=CARTESIAN_POINT('',(-0.0143358722600897,-0.0019759729511711,0.00288455398735739));
#1743=CARTESIAN_POINT('',(-0.0142447244749257,-0.00205608078517666,0.00288365326301321));
#1744=CARTESIAN_POINT('',(-0.0142528087242438,0.00207399691947593,0.00269405755677613));
#1745=CARTESIAN_POINT('',(-0.0143452212964833,0.00199307680060976,0.00269450885446324));
#1746=CARTESIAN_POINT('',(-0.014432055946004,0.00191123755495561,0.00269458508146244));
#1747=CARTESIAN_POINT('',(-0.0147572949444225,0.0015800930843968,0.00269487939807833));
#1748=CARTESIAN_POINT('',(-0.0149511072598684,0.00132380856907696,0.00269470067645254));
#1749=CARTESIAN_POINT('',(-0.0152814770227222,0.000714866884253779,0.00269456638639692));
#1750=CARTESIAN_POINT('',(-0.0153771427105517,0.000358673806069271,0.0026945079345973));
#1751=CARTESIAN_POINT('',(-0.015378022122753,-0.000353741465793596,0.00269451236891363));
#1752=CARTESIAN_POINT('',(-0.0152832359115194,-0.00070997232699065,0.00269457520521653));
#1753=CARTESIAN_POINT('',(-0.0149543703093328,-0.00131904483565087,0.00269471704728251));
#1754=CARTESIAN_POINT('',(-0.0147611913405858,-0.00157540617209821,0.00269489998981411));
#1755=CARTESIAN_POINT('',(-0.0144367714143277,-0.00190667970194708,0.00269460721214517));
#1756=CARTESIAN_POINT('',(-0.0143501394189453,-0.0019885532981173,0.0026945313901936));
#1757=CARTESIAN_POINT('',(-0.0142579270186709,-0.00206951001231607,0.00269407201151239));
#1758=CARTESIAN_POINT('',(-0.0142561060664233,0.0020773666246852,0.00259875812843412));
#1759=CARTESIAN_POINT('',(-0.0143486228766405,0.00199637702235643,0.00259895259650539));
#1760=CARTESIAN_POINT('',(-0.0144359805625541,0.00191414213107209,0.00259875842752236));
#1761=CARTESIAN_POINT('',(-0.0147626073557173,0.00158224971160919,0.00259875902569882));
#1762=CARTESIAN_POINT('',(-0.0149576013840432,0.00132551971673721,0.00259875947433118));
#1763=CARTESIAN_POINT('',(-0.0152898285023158,0.000715701971071542,0.00259876052114));
#1764=CARTESIAN_POINT('',(-0.0153860640489472,0.00035910140264403,0.00259876111931647));
#1765=CARTESIAN_POINT('',(-0.0153869451553535,-0.000354162368418518,0.00259876231566941));
#1766=CARTESIAN_POINT('',(-0.0152915906844559,-0.000710800741440678,0.00259876291384587));
#1767=CARTESIAN_POINT('',(-0.0149608703634559,-0.00132074930007635,0.0025987639606547));
#1768=CARTESIAN_POINT('',(-0.0147665107268661,-0.0015775561124008,0.00259876440928705));
#1769=CARTESIAN_POINT('',(-0.0144407040732393,-0.00190957727351622,0.00259876500746351));
#1770=CARTESIAN_POINT('',(-0.0143535491456101,-0.00199184700022499,0.00259896384739555));
#1771=CARTESIAN_POINT('',(-0.0142612329249393,-0.00207287267992294,0.00259876530655175));
#1772=CARTESIAN_POINT('',(-0.0142561060664233,0.0020773666246852,0.00250294372527347));
#1773=CARTESIAN_POINT('',(-0.0143487709679804,0.00199624738257387,0.00250294372527347));
#1774=CARTESIAN_POINT('',(-0.0144359805625541,0.00191414213107206,0.00250294372527347));
#1775=CARTESIAN_POINT('',(-0.0147626073557173,0.00158224971160928,0.00250294372527347));
#1776=CARTESIAN_POINT('',(-0.0149576013840431,0.00132551971673733,0.00250294372527347));
#1777=CARTESIAN_POINT('',(-0.0152898285023156,0.000715701971071661,0.00250294372527347));
#1778=CARTESIAN_POINT('',(-0.015386064048947,0.000359101402644089,0.00250294372527347));
#1779=CARTESIAN_POINT('',(-0.0153869451553532,-0.000354162368418578,0.00250294372527347));
#1780=CARTESIAN_POINT('',(-0.0152915906844556,-0.000710800741440798,0.00250294372527347));
#1781=CARTESIAN_POINT('',(-0.0149608703634558,-0.00132074930007647,0.00250294372527347));
#1782=CARTESIAN_POINT('',(-0.014766510726866,-0.00157755611240089,0.00250294372527347));
#1783=CARTESIAN_POINT('',(-0.0144407040732394,-0.00190957727351619,0.00250294372527347));
#1784=CARTESIAN_POINT('',(-0.0143536973705404,-0.00199171690362969,0.00250294372527347));
#1785=CARTESIAN_POINT('',(-0.0142612329249393,-0.00207287267992294,0.00250294372527347));
#1786=CARTESIAN_POINT('',(-0.00383372811353282,0.00250653870035209,0.022));
#1787=CARTESIAN_POINT('',(-0.00343459117281297,0.000390633939694746,0.0190757041070885));
#1788=CARTESIAN_POINT('',(-0.00350764600175861,0.000390633939694746,0.156127286813254));
#1789=CARTESIAN_POINT('',(-0.0147736801023088,0.000390633939694746,0.0122107512130455));
#1790=CARTESIAN_POINT('',(0.0271305428646835,0.000390633939694746,0.0191013040628504));
#1791=CARTESIAN_POINT('',(-0.0147736801023088,0.000390633939694746,0.0259918569126552));
#1792=CARTESIAN_POINT('',(-0.00350764600175864,0.000390633939694746,-0.136917116213953));
#1793=CARTESIAN_POINT('',(0.00775838809879157,0.000390633939694746,0.0259918569126553));
#1794=CARTESIAN_POINT('',(-0.0253774894091723,0.000390633939694746,0.0191013040628504));
#1795=CARTESIAN_POINT('',(0.00775838809879159,0.000390633939694746,0.0122107512130455));
#1796=CARTESIAN_POINT('',(-0.00350764600175861,0.000390633939694746,0.156127286813254));
#1797=CARTESIAN_POINT('',(-0.0253774894091723,-0.00320936606030526,0.0191013040628504));
#1798=CARTESIAN_POINT('',(0.00787058631967598,-0.00320936606030526,0.0127742544243924));
#1799=CARTESIAN_POINT('',(0.00784451352672979,-0.00315517223374913,0.0126372442468417));
#1800=CARTESIAN_POINT('',(0.0078177004748137,-0.00309958750719099,0.0125009548654625));
#1801=CARTESIAN_POINT('',(0.00779016291139691,-0.00304266692844651,0.0123653604511073));
#1802=CARTESIAN_POINT('',(0.0077901629113969,-0.00304266692844648,0.0123653604511073));
#1803=CARTESIAN_POINT('',(0.0077901629113969,-0.00304266692844649,0.0123653604511073));
#1804=CARTESIAN_POINT('',(0.00777969251368062,-0.0030951062585111,0.0123138044210797));
#1805=CARTESIAN_POINT('',(0.00776910093486293,-0.00314754039493274,0.012262268011706));
#1806=CARTESIAN_POINT('',(0.00775838809879158,-0.00319996931255811,0.0122107512130455));
#1807=CARTESIAN_POINT('',(0.00775838809879159,-0.00319996931255811,0.0122107512130455));
#1808=CARTESIAN_POINT('',(0.00775838809879159,-0.00320936606030526,0.0122107512130455));
#1809=CARTESIAN_POINT('',(0.00775838809879157,-0.00320936606030526,0.0259918569126553));
#1810=CARTESIAN_POINT('',(0.00775838809879157,-0.00319193208155203,0.0259918569126553));
#1811=CARTESIAN_POINT('',(0.00775838809879157,-0.00319193208155203,0.0259918569126553));
#1812=CARTESIAN_POINT('',(0.00776841049924566,-0.00314297166079784,0.025943660339605));
#1813=CARTESIAN_POINT('',(0.00777832655018139,-0.00309400556932341,0.0258954476526019));
#1814=CARTESIAN_POINT('',(0.00778813632884834,-0.00304503383250815,0.025847218841758));
#1815=CARTESIAN_POINT('',(0.00778813632884834,-0.00304503383250815,0.0258472188417579));
#1816=CARTESIAN_POINT('',(0.00778813632884836,-0.00304503383250818,0.025847218841758));
#1817=CARTESIAN_POINT('',(0.00781533533108256,-0.00310112890879137,0.0257134976255683));
#1818=CARTESIAN_POINT('',(0.00784182974962218,-0.00315592391147792,0.0255791005364036));
#1819=CARTESIAN_POINT('',(0.00786760450161736,-0.00320936606030526,0.0254440028308447));
#1820=CARTESIAN_POINT('',(-0.00350764600175861,-0.00320936606030526,0.156127286813254));
#1821=CARTESIAN_POINT('',(0.00775838809879159,-0.00319996931255811,0.0122107512130455));
#1822=CARTESIAN_POINT('',(0.00774249681437346,-0.00320310722626476,0.0122095072159508));
#1823=CARTESIAN_POINT('',(0.00772660421498214,-0.00320623947678359,0.0122082657641239));
#1824=CARTESIAN_POINT('',(0.00771071029978527,-0.00320936606030522,0.0122070268586094));
#1825=CARTESIAN_POINT('',(-0.0147736801023088,-0.00320936606030526,0.0122107512130455));
#1826=CARTESIAN_POINT('',(0.0271305428646835,-0.00320936606030526,0.0191013040628504));
#1827=CARTESIAN_POINT('',(-0.0148897258445273,-0.00320936606030526,0.0252446450634036));
#1828=CARTESIAN_POINT('',(-0.0148618767127945,-0.0031712288302863,0.0254351322915462));
#1829=CARTESIAN_POINT('',(-0.0148327845316003,-0.0031313952540212,0.0256250734860319));
#1830=CARTESIAN_POINT('',(-0.0148024626065204,-0.00308988916921468,0.025814475682535));
#1831=CARTESIAN_POINT('',(-0.0148024626065204,-0.00308988916921468,0.025814475682535));
#1832=CARTESIAN_POINT('',(-0.0148024626065204,-0.00308988916921467,0.025814475682535));
#1833=CARTESIAN_POINT('',(-0.0147961534845462,-0.00312971670657956,0.0258538848413127));
#1834=CARTESIAN_POINT('',(-0.0147897885189416,-0.0031695423390911,0.0258932869044948));
#1835=CARTESIAN_POINT('',(-0.0147833676927826,-0.00320936606030526,0.0259326818758608));
#1836=CARTESIAN_POINT('',(-0.0147736801023088,-0.00320936606030526,0.0259918569126552));
#1837=CARTESIAN_POINT('',(-0.0148380006702776,-0.00320936606030526,0.0126140107445678));
#1838=CARTESIAN_POINT('',(-0.0148418213958711,-0.00318441589782944,0.0126387283394938));
#1839=CARTESIAN_POINT('',(-0.0148456201627276,-0.00315946495163943,0.0126634485178049));
#1840=CARTESIAN_POINT('',(-0.0148493969752003,-0.00313451322346201,0.0126881712805752));
#1841=CARTESIAN_POINT('',(-0.0148493969752003,-0.00313451322346201,0.0126881712805752));
#1842=CARTESIAN_POINT('',(-0.0148493969752003,-0.00313451322346201,0.0126881712805752));
#1843=CARTESIAN_POINT('',(-0.0148678525212053,-0.00316014756564017,0.0128089800548985));
#1844=CARTESIAN_POINT('',(-0.0148858072306705,-0.00318510053758206,0.0129300036015855));
#1845=CARTESIAN_POINT('',(-0.0149032577056066,-0.00320936606030528,0.0130512436779916));
#1846=CARTESIAN_POINT('',(-0.00350764600175864,-0.00320936606030526,-0.136917116213953));
#1847=CARTESIAN_POINT('',(0.00765502725815821,-0.00320936606030526,0.0259989719271912));
#1848=CARTESIAN_POINT('',(0.00768948583644231,-0.00320357982577871,0.0259966108967075));
#1849=CARTESIAN_POINT('',(0.00772393944813979,-0.00319776848962124,0.025994239222638));
#1850=CARTESIAN_POINT('',(0.00775838809879156,-0.00319193208155199,0.0259918569126553));
#1851=CARTESIAN_POINT('',(-0.00343459117281297,-0.00240936606030525,0.0190757041070885));
#1852=CARTESIAN_POINT('',(-0.00390496135813394,-0.00240936606030525,0.141319579992175));
#1853=CARTESIAN_POINT('',(0.0069864702258648,-0.00240936606030525,0.0251303791439109));
#1854=CARTESIAN_POINT('',(-0.0140790358950571,-0.00240936606030525,0.0250653676683873));
#1855=CARTESIAN_POINT('',(-0.124910524066994,-0.00240936606030525,0.0192700345533048));
#1856=CARTESIAN_POINT('',(-0.0140789011760046,-0.00240936606030525,0.0134772784156376));
#1857=CARTESIAN_POINT('',(-0.00556037214322398,-0.00240936606030525,-0.0982170038472376));
#1858=CARTESIAN_POINT('',(0.00698748954664439,-0.00240936606030525,0.0130966484785805));
#1859=CARTESIAN_POINT('',(0.0374746534759727,-0.00240936606030525,0.0191160962788175));
#1860=CARTESIAN_POINT('',(-0.00390496135813394,-0.00320936606030526,0.141319579992175));
#1861=CARTESIAN_POINT('',(-0.0148024626065205,-0.00308988916921467,0.0258144756825349));
#1862=CARTESIAN_POINT('',(-0.0145610089416161,-0.0028636927123934,0.0255644944333411));
#1863=CARTESIAN_POINT('',(-0.014319865890389,-0.00263684306358128,0.0253147905515201));
#1864=CARTESIAN_POINT('',(-0.0140790358950571,-0.00240936606030525,0.0250653676683873));
#1865=CARTESIAN_POINT('',(0.00778813632884833,-0.00304503383250817,0.0258472188417579));
#1866=CARTESIAN_POINT('',(0.0075188492580347,-0.0028351018929881,0.0256089444389898));
#1867=CARTESIAN_POINT('',(0.00725161114976415,-0.00262313116217374,0.0253699353452177));
#1868=CARTESIAN_POINT('',(0.00698647022586479,-0.00240936606030527,0.0251303791439109));
#1869=CARTESIAN_POINT('',(0.0374746534759727,-0.00320936606030526,0.0191160962788175));
#1870=CARTESIAN_POINT('',(0.00779016291139686,-0.00304266692844646,0.0123653604511073));
#1871=CARTESIAN_POINT('',(0.007520491100674,-0.00283362213447634,0.0126084805052625));
#1872=CARTESIAN_POINT('',(0.00725291580819881,-0.00262243601395369,0.012852308812338));
#1873=CARTESIAN_POINT('',(0.00698748954664434,-0.00240936606030522,0.0130966484785804));
#1874=CARTESIAN_POINT('',(-0.124910524066994,-0.00320936606030526,0.0192700345533048));
#1875=CARTESIAN_POINT('',(-0.0140789011760046,-0.0024093660603052,0.0134772784156376));
#1876=CARTESIAN_POINT('',(-0.0143353967171151,-0.00265180032342076,0.0132145780958628));
#1877=CARTESIAN_POINT('',(-0.0145922294354808,-0.00289352625224044,0.0129515414964314));
#1878=CARTESIAN_POINT('',(-0.0148493969752003,-0.00313451322346194,0.0126881712805751));
#1879=CARTESIAN_POINT('',(-0.00556037214322398,-0.00320936606030526,-0.0982170038472376));
#1880=MECHANICAL_DESIGN_GEOMETRIC_PRESENTATION_REPRESENTATION('',(#454),
#1881);
#1881=(
GEOMETRIC_REPRESENTATION_CONTEXT(3)
GLOBAL_UNCERTAINTY_ASSIGNED_CONTEXT((#1882))
GLOBAL_UNIT_ASSIGNED_CONTEXT((#1885,#1884,#1883))
REPRESENTATION_CONTEXT('Part 1','TOP_LEVEL_ASSEMBLY_PART')
);
#1882=UNCERTAINTY_MEASURE_WITH_UNIT(LENGTH_MEASURE(2.E-5),#1885,
'DISTANCE_ACCURACY_VALUE','Maximum Tolerance applied to model');
#1883=(
NAMED_UNIT(*)
SI_UNIT($,.STERADIAN.)
SOLID_ANGLE_UNIT()
);
#1884=(
NAMED_UNIT(*)
PLANE_ANGLE_UNIT()
SI_UNIT($,.RADIAN.)
);
#1885=(
LENGTH_UNIT()
NAMED_UNIT(*)
SI_UNIT($,.METRE.)
);
#1886=PRODUCT_DEFINITION_SHAPE('','',#1887);
#1887=PRODUCT_DEFINITION('','',#1889,#1888);
#1888=PRODUCT_DEFINITION_CONTEXT('',#1895,'design');
#1889=PRODUCT_DEFINITION_FORMATION_WITH_SPECIFIED_SOURCE('','',#1891,
 .NOT_KNOWN.);
#1890=PRODUCT_RELATED_PRODUCT_CATEGORY('','',(#1891));
#1891=PRODUCT('Part 1','Part 1','Part 1',(#1893));
#1892=PRODUCT_CATEGORY('','');
#1893=PRODUCT_CONTEXT('',#1895,'mechanical');
#1894=APPLICATION_PROTOCOL_DEFINITION('international standard',
'ap242_managed_model_based_3d_engineering',2020,#1895);
#1895=APPLICATION_CONTEXT('managed model based 3d engineering');
ENDSEC;
END-ISO-10303-21;
